h1_freq_sum,h1_freq_mean,h1_freq_median,h1_freq_std,h1_freq_min,h1_freq_max,h1_freq_first,h1_freq_last,h1_active_month_count,h1_zero_month_count,h1_nonzero_month_count,h1_freq_slope,h1_freq_log_slope,h1_freq_first_to_last_diff,h1_freq_first_to_last_ratio,h1_freq_last_to_max_ratio,h1_freq_early_mean,h1_freq_late_mean,h1_freq_late_to_early_ratio,h1_peak_value,h1_peak_month,h1_time_to_peak,h1_post_peak_slope,h1_post_peak_log_slope,h1_post_peak_decay_rate,h1_peak_sharpness,h1_peak_count,h1_longest_active_streak,h1_current_active_streak,h1_retention_ratio,h1_late_activity_ratio,h1_revival_count,h1_has_revival,h1_freq_entropy,h1_freq_gini,h1_freq_cv,h1_freq_burstiness,h1_freq_autocorr_lag1
1173.0,1173.0,1173.0,0.0,1173.0,1173.0,1173.0,1173.0,1.0,0.0,1.0,0.0,0.0,0.0,0.9999999999914749,0.9999999999914749,1173.0,0.0,0.0,1173.0,1.0,0.0,0.0,0.0,0.0,0.9999999999914749,0.0,1.0,1.0,0.9999999999914749,0.9999999999914749,0.0,0.0,0.0,-1.705013907837838e-11,0.0,0.0,0.0
300.0,300.0,300.0,0.0,300.0,300.0,300.0,300.0,1.0,0.0,1.0,0.0,0.0,0.0,0.9999999999666667,0.9999999999666667,300.0,0.0,0.0,300.0,1.0,0.0,0.0,0.0,0.0,0.9999999999666667,0.0,1.0,1.0,0.9999999999666667,0.9999999999666667,0.0,0.0,0.0,-6.66666721826914e-11,0.0,0.0,0.0
23574.0,23574.0,23574.0,0.0,23574.0,23574.0,23574.0,23574.0,1.0,0.0,1.0,0.0,0.0,0.0,0.9999999999995758,0.9999999999995758,23574.0,0.0,0.0,23574.0,1.0,0.0,0.0,0.0,0.0,0.9999999999995758,0.0,1.0,1.0,0.9999999999995758,0.9999999999995758,0.0,0.0,0.0,-8.484324354185446e-13,0.0,0.0,0.0
2335.0,2335.0,2335.0,0.0,2335.0,2335.0,2335.0,2335.0,1.0,0.0,1.0,0.0,0.0,0.0,0.9999999999957174,0.9999999999957174,2335.0,0.0,0.0,2335.0,1.0,0.0,0.0,0.0,0.0,0.9999999999957174,0.0,1.0,1.0,0.9999999999957174,0.9999999999957174,0.0,0.0,0.0,-8.565148590378158e-12,0.0,0.0,0.0
1384.0,1384.0,1384.0,0.0,1384.0,1384.0,1384.0,1384.0,1.0,0.0,1.0,0.0,0.0,0.0,0.9999999999927747,0.9999999999927747,1384.0,0.0,0.0,1384.0,1.0,0.0,0.0,0.0,0.0,0.9999999999927747,0.0,1.0,1.0,0.9999999999927747,0.9999999999927747,0.0,0.0,0.0,-1.4450662888521038e-11,0.0,0.0,0.0
1028.0,1028.0,1028.0,0.0,1028.0,1028.0,1028.0,1028.0,1.0,0.0,1.0,0.0,0.0,0.0,0.9999999999902724,0.9999999999902724,1028.0,0.0,0.0,1028.0,1.0,0.0,0.0,0.0,0.0,0.9999999999902724,0.0,1.0,1.0,0.9999999999902724,0.9999999999902724,0.0,0.0,0.0,-1.9455104194321393e-11,0.0,0.0,0.0
7094.0,7094.0,7094.0,0.0,7094.0,7094.0,7094.0,7094.0,1.0,0.0,1.0,0.0,0.0,0.0,0.9999999999985903,0.9999999999985903,7094.0,0.0,0.0,7094.0,1.0,0.0,0.0,0.0,0.0,0.9999999999985903,0.0,1.0,1.0,0.9999999999985903,0.9999999999985903,0.0,0.0,0.0,-2.8193003487331225e-12,0.0,0.0,0.0
70.0,70.0,70.0,0.0,70.0,70.0,70.0,70.0,1.0,0.0,1.0,0.0,0.0,0.0,0.9999999998571429,0.9999999998571429,70.0,0.0,0.0,70.0,1.0,0.0,0.0,0.0,0.0,0.9999999998571429,0.0,1.0,1.0,0.9999999998571429,0.9999999998571429,0.0,0.0,0.0,-2.8571411903044464e-10,0.0,0.0,0.0
285.0,285.0,285.0,0.0,285.0,285.0,285.0,285.0,1.0,0.0,1.0,0.0,0.0,0.0,0.9999999999649123,0.9999999999649123,285.0,0.0,0.0,285.0,1.0,0.0,0.0,0.0,0.0,0.9999999999649123,0.0,1.0,1.0,0.9999999999649123,0.9999999999649123,0.0,0.0,0.0,-7.017542102971674e-11,0.0,0.0,0.0
25805.0,25805.0,25805.0,0.0,25805.0,25805.0,25805.0,25805.0,1.0,0.0,1.0,0.0,0.0,0.0,0.9999999999996124,0.9999999999996124,25805.0,0.0,0.0,25805.0,1.0,0.0,0.0,0.0,0.0,0.9999999999996124,0.0,1.0,1.0,0.9999999999996124,0.9999999999996124,0.0,0.0,0.0,-7.751577157932843e-13,0.0,0.0,0.0
31292.0,31292.0,31292.0,0.0,31292.0,31292.0,31292.0,31292.0,1.0,0.0,1.0,0.0,0.0,0.0,0.9999999999996804,0.9999999999996804,31292.0,0.0,0.0,31292.0,1.0,0.0,0.0,0.0,0.0,0.9999999999996804,0.0,1.0,1.0,0.9999999999996804,0.9999999999996804,0.0,0.0,0.0,-6.392664175791651e-13,0.0,0.0,0.0
1142.0,1142.0,1142.0,0.0,1142.0,1142.0,1142.0,1142.0,1.0,0.0,1.0,0.0,0.0,0.0,0.9999999999912436,0.9999999999912436,1142.0,0.0,0.0,1142.0,1.0,0.0,0.0,0.0,0.0,0.9999999999912436,0.0,1.0,1.0,0.9999999999912436,0.9999999999912436,0.0,0.0,0.0,-1.7512880035042144e-11,0.0,0.0,0.0
29073.0,29073.0,29073.0,0.0,29073.0,29073.0,29073.0,29073.0,1.0,0.0,1.0,0.0,0.0,0.0,0.999999999999656,0.999999999999656,29073.0,0.0,0.0,29073.0,1.0,0.0,0.0,0.0,0.0,0.999999999999656,0.0,1.0,1.0,0.999999999999656,0.999999999999656,0.0,0.0,0.0,-6.87894186057747e-13,0.0,0.0,0.0
27114.0,27114.0,27114.0,0.0,27114.0,27114.0,27114.0,27114.0,1.0,0.0,1.0,0.0,0.0,0.0,0.9999999999996312,0.9999999999996312,27114.0,0.0,0.0,27114.0,1.0,0.0,0.0,0.0,0.0,0.9999999999996312,0.0,1.0,1.0,0.9999999999996312,0.9999999999996312,0.0,0.0,0.0,-7.37632177560954e-13,0.0,0.0,0.0
152.0,152.0,152.0,0.0,152.0,152.0,152.0,152.0,1.0,0.0,1.0,0.0,0.0,0.0,0.9999999999342105,0.9999999999342105,152.0,0.0,0.0,152.0,1.0,0.0,0.0,0.0,0.0,0.9999999999342105,0.0,1.0,1.0,0.9999999999342105,0.9999999999342105,0.0,0.0,0.0,-1.3157896994187013e-10,0.0,0.0,0.0
609.0,609.0,609.0,0.0,609.0,609.0,609.0,609.0,1.0,0.0,1.0,0.0,0.0,0.0,0.9999999999835796,0.9999999999835796,609.0,0.0,0.0,609.0,1.0,0.0,0.0,0.0,0.0,0.9999999999835796,0.0,1.0,1.0,0.9999999999835796,0.9999999999835796,0.0,0.0,0.0,-3.284084115762198e-11,0.0,0.0,0.0
133.0,133.0,133.0,0.0,133.0,133.0,133.0,133.0,1.0,0.0,1.0,0.0,0.0,0.0,0.9999999999248119,0.9999999999248119,133.0,0.0,0.0,133.0,1.0,0.0,0.0,0.0,0.0,0.9999999999248119,0.0,1.0,1.0,0.9999999999248119,0.9999999999248119,0.0,0.0,0.0,-1.5037615597179865e-10,0.0,0.0,0.0
91.0,91.0,91.0,0.0,91.0,91.0,91.0,91.0,1.0,0.0,1.0,0.0,0.0,0.0,0.99999999989011,0.99999999989011,91.0,0.0,0.0,91.0,1.0,0.0,0.0,0.0,0.0,0.99999999989011,0.0,1.0,1.0,0.99999999989011,0.99999999989011,0.0,0.0,0.0,-2.1977997199940091e-10,0.0,0.0,0.0
268.0,268.0,268.0,0.0,268.0,268.0,268.0,268.0,1.0,0.0,1.0,0.0,0.0,0.0,0.9999999999626865,0.9999999999626865,268.0,0.0,0.0,268.0,1.0,0.0,0.0,0.0,0.0,0.9999999999626865,0.0,1.0,1.0,0.9999999999626865,0.9999999999626865,0.0,0.0,0.0,-7.462697126925377e-11,0.0,0.0,0.0
1481.0,1481.0,1481.0,0.0,1481.0,1481.0,1481.0,1481.0,1.0,0.0,1.0,0.0,0.0,0.0,0.9999999999932478,0.9999999999932478,1481.0,0.0,0.0,1481.0,1.0,0.0,0.0,0.0,0.0,0.9999999999932478,0.0,1.0,1.0,0.9999999999932478,0.9999999999932478,0.0,0.0,0.0,-1.3504308782330554e-11,0.0,0.0,0.0
230.0,230.0,230.0,0.0,230.0,230.0,230.0,230.0,1.0,0.0,1.0,0.0,0.0,0.0,0.9999999999565217,0.9999999999565217,230.0,0.0,0.0,230.0,1.0,0.0,0.0,0.0,0.0,0.9999999999565217,0.0,1.0,1.0,0.9999999999565217,0.9999999999565217,0.0,0.0,0.0,-8.695666409153091e-11,0.0,0.0,0.0
48.0,48.0,48.0,0.0,48.0,48.0,48.0,48.0,1.0,0.0,1.0,0.0,0.0,0.0,0.9999999997916666,0.9999999997916666,48.0,0.0,0.0,48.0,1.0,0.0,0.0,0.0,0.0,0.9999999997916666,0.0,1.0,1.0,0.9999999997916666,0.9999999997916666,0.0,0.0,0.0,-4.1666670114182125e-10,0.0,0.0,0.0
12734.0,12734.0,12734.0,0.0,12734.0,12734.0,12734.0,12734.0,1.0,0.0,1.0,0.0,0.0,0.0,0.9999999999992146,0.9999999999992146,12734.0,0.0,0.0,12734.0,1.0,0.0,0.0,0.0,0.0,0.9999999999992146,0.0,1.0,1.0,0.9999999999992146,0.9999999999992146,0.0,0.0,0.0,-1.5707435352396715e-12,0.0,0.0,0.0
332.0,332.0,332.0,0.0,332.0,332.0,332.0,332.0,1.0,0.0,1.0,0.0,0.0,0.0,0.9999999999698795,0.9999999999698795,332.0,0.0,0.0,332.0,1.0,0.0,0.0,0.0,0.0,0.9999999999698795,0.0,1.0,1.0,0.9999999999698795,0.9999999999698795,0.0,0.0,0.0,-6.024092336076592e-11,0.0,0.0,0.0
12914.0,12914.0,12914.0,0.0,12914.0,12914.0,12914.0,12914.0,1.0,0.0,1.0,0.0,0.0,0.0,0.9999999999992256,0.9999999999992256,12914.0,0.0,0.0,12914.0,1.0,0.0,0.0,0.0,0.0,0.9999999999992256,0.0,1.0,1.0,0.9999999999992256,0.9999999999992256,0.0,0.0,0.0,-1.5487611193520934e-12,0.0,0.0,0.0
227.0,227.0,227.0,0.0,227.0,227.0,227.0,227.0,1.0,0.0,1.0,0.0,0.0,0.0,0.9999999999559471,0.9999999999559471,227.0,0.0,0.0,227.0,1.0,0.0,0.0,0.0,0.0,0.9999999999559471,0.0,1.0,1.0,0.9999999999559471,0.9999999999559471,0.0,0.0,0.0,-8.810574492201795e-11,0.0,0.0,0.0
1271.0,1271.0,1271.0,0.0,1271.0,1271.0,1271.0,1271.0,1.0,0.0,1.0,0.0,0.0,0.0,0.9999999999921323,0.9999999999921323,1271.0,0.0,0.0,1271.0,1.0,0.0,0.0,0.0,0.0,0.9999999999921323,0.0,1.0,1.0,0.9999999999921323,0.9999999999921323,0.0,0.0,0.0,-1.573541297261727e-11,0.0,0.0,0.0
93.0,93.0,93.0,0.0,93.0,93.0,93.0,93.0,1.0,0.0,1.0,0.0,0.0,0.0,0.9999999998924732,0.9999999998924732,93.0,0.0,0.0,93.0,1.0,0.0,0.0,0.0,0.0,0.9999999998924732,0.0,1.0,1.0,0.9999999998924732,0.9999999998924732,0.0,0.0,0.0,-2.150535305389667e-10,0.0,0.0,0.0
7808.0,7808.0,7808.0,0.0,7808.0,7808.0,7808.0,7808.0,1.0,0.0,1.0,0.0,0.0,0.0,0.9999999999987192,0.9999999999987192,7808.0,0.0,0.0,7808.0,1.0,0.0,0.0,0.0,0.0,0.9999999999987192,0.0,1.0,1.0,0.9999999999987192,0.9999999999987192,0.0,0.0,0.0,-2.561506562415161e-12,0.0,0.0,0.0
31806.0,31806.0,31806.0,0.0,31806.0,31806.0,31806.0,31806.0,1.0,0.0,1.0,0.0,0.0,0.0,0.9999999999996856,0.9999999999996856,31806.0,0.0,0.0,31806.0,1.0,0.0,0.0,0.0,0.0,0.9999999999996856,0.0,1.0,1.0,0.9999999999996856,0.9999999999996856,0.0,0.0,0.0,-6.288303211476887e-13,0.0,0.0,0.0
11325.0,11325.0,11325.0,0.0,11325.0,11325.0,11325.0,11325.0,1.0,0.0,1.0,0.0,0.0,0.0,0.9999999999991169,0.9999999999991169,11325.0,0.0,0.0,11325.0,1.0,0.0,0.0,0.0,0.0,0.9999999999991169,0.0,1.0,1.0,0.9999999999991169,0.9999999999991169,0.0,0.0,0.0,-1.766142787573699e-12,0.0,0.0,0.0
23343.0,23343.0,23343.0,0.0,23343.0,23343.0,23343.0,23343.0,1.0,0.0,1.0,0.0,0.0,0.0,0.9999999999995716,0.9999999999995716,23343.0,0.0,0.0,23343.0,1.0,0.0,0.0,0.0,0.0,0.9999999999995716,0.0,1.0,1.0,0.9999999999995716,0.9999999999995716,0.0,0.0,0.0,-8.568701304056958e-13,0.0,0.0,0.0
49487.0,49487.0,49487.0,0.0,49487.0,49487.0,49487.0,49487.0,1.0,0.0,1.0,0.0,0.0,0.0,0.9999999999997979,0.9999999999997979,49487.0,0.0,0.0,49487.0,1.0,0.0,0.0,0.0,0.0,0.9999999999997979,0.0,1.0,1.0,0.9999999999997979,0.9999999999997979,0.0,0.0,0.0,-4.04121180963557e-13,0.0,0.0,0.0
26.0,26.0,26.0,0.0,26.0,26.0,26.0,26.0,1.0,0.0,1.0,0.0,0.0,0.0,0.9999999996153845,0.9999999996153845,26.0,0.0,0.0,26.0,1.0,0.0,0.0,0.0,0.0,0.9999999996153845,0.0,1.0,1.0,0.9999999996153845,0.9999999996153845,0.0,0.0,0.0,-7.692309011986254e-10,0.0,0.0,0.0
13258.0,13258.0,13258.0,0.0,13258.0,13258.0,13258.0,13258.0,1.0,0.0,1.0,0.0,0.0,0.0,0.9999999999992457,0.9999999999992457,13258.0,0.0,0.0,13258.0,1.0,0.0,0.0,0.0,0.0,0.9999999999992457,0.0,1.0,1.0,0.9999999999992457,0.9999999999992457,0.0,0.0,0.0,-1.5085710458606627e-12,0.0,0.0,0.0
40240.0,40240.0,40240.0,0.0,40240.0,40240.0,40240.0,40240.0,1.0,0.0,1.0,0.0,0.0,0.0,0.9999999999997515,0.9999999999997515,40240.0,0.0,0.0,40240.0,1.0,0.0,0.0,0.0,0.0,0.9999999999997515,0.0,1.0,1.0,0.9999999999997515,0.9999999999997515,0.0,0.0,0.0,-4.969358258222201e-13,0.0,0.0,0.0
45794.0,45794.0,45794.0,0.0,45794.0,45794.0,45794.0,45794.0,1.0,0.0,1.0,0.0,0.0,0.0,0.9999999999997817,0.9999999999997817,45794.0,0.0,0.0,45794.0,1.0,0.0,0.0,0.0,0.0,0.9999999999997817,0.0,1.0,1.0,0.9999999999997817,0.9999999999997817,0.0,0.0,0.0,-4.3653969328261155e-13,0.0,0.0,0.0
3370.0,3370.0,3370.0,0.0,3370.0,3370.0,3370.0,3370.0,1.0,0.0,1.0,0.0,0.0,0.0,0.9999999999970327,0.9999999999970327,3370.0,0.0,0.0,3370.0,1.0,0.0,0.0,0.0,0.0,0.9999999999970327,0.0,1.0,1.0,0.9999999999970327,0.9999999999970327,0.0,0.0,0.0,-5.934586155831312e-12,0.0,0.0,0.0
20011.0,20011.0,20011.0,0.0,20011.0,20011.0,20011.0,20011.0,1.0,0.0,1.0,0.0,0.0,0.0,0.9999999999995003,0.9999999999995003,20011.0,0.0,0.0,20011.0,1.0,0.0,0.0,0.0,0.0,0.9999999999995003,0.0,1.0,1.0,0.9999999999995003,0.9999999999995003,0.0,0.0,0.0,-9.99422766767566e-13,0.0,0.0,0.0
20589.0,20589.0,20589.0,0.0,20589.0,20589.0,20589.0,20589.0,1.0,0.0,1.0,0.0,0.0,0.0,0.9999999999995143,0.9999999999995143,20589.0,0.0,0.0,20589.0,1.0,0.0,0.0,0.0,0.0,0.9999999999995143,0.0,1.0,1.0,0.9999999999995143,0.9999999999995143,0.0,0.0,0.0,-9.71445146547012e-13,0.0,0.0,0.0
2588.0,2588.0,2588.0,0.0,2588.0,2588.0,2588.0,2588.0,1.0,0.0,1.0,0.0,0.0,0.0,0.9999999999961361,0.9999999999961361,2588.0,0.0,0.0,2588.0,1.0,0.0,0.0,0.0,0.0,0.9999999999961361,0.0,1.0,1.0,0.9999999999961361,0.9999999999961361,0.0,0.0,0.0,-7.727818385205865e-12,0.0,0.0,0.0
305.0,305.0,305.0,0.0,305.0,305.0,305.0,305.0,1.0,0.0,1.0,0.0,0.0,0.0,0.9999999999672131,0.9999999999672131,305.0,0.0,0.0,305.0,1.0,0.0,0.0,0.0,0.0,0.9999999999672131,0.0,1.0,1.0,0.9999999999672131,0.9999999999672131,0.0,0.0,0.0,-6.55737686372504e-11,0.0,0.0,0.0
231.0,231.0,231.0,0.0,231.0,231.0,231.0,231.0,1.0,0.0,1.0,0.0,0.0,0.0,0.99999999995671,0.99999999995671,231.0,0.0,0.0,231.0,1.0,0.0,0.0,0.0,0.0,0.99999999995671,0.0,1.0,1.0,0.99999999995671,0.99999999995671,0.0,0.0,0.0,-8.658007644157806e-11,0.0,0.0,0.0
90.0,90.0,90.0,0.0,90.0,90.0,90.0,90.0,1.0,0.0,1.0,0.0,0.0,0.0,0.999999999888889,0.999999999888889,90.0,0.0,0.0,90.0,1.0,0.0,0.0,0.0,0.0,0.999999999888889,0.0,1.0,1.0,0.999999999888889,0.999999999888889,0.0,0.0,0.0,-2.222220185643664e-10,0.0,0.0,0.0
1412.0,1412.0,1412.0,0.0,1412.0,1412.0,1412.0,1412.0,1.0,0.0,1.0,0.0,0.0,0.0,0.9999999999929179,0.9999999999929179,1412.0,0.0,0.0,1412.0,1.0,0.0,0.0,0.0,0.0,0.9999999999929179,0.0,1.0,1.0,0.9999999999929179,0.9999999999929179,0.0,0.0,0.0,-1.4164225348167747e-11,0.0,0.0,0.0
251.0,251.0,251.0,0.0,251.0,251.0,251.0,251.0,1.0,0.0,1.0,0.0,0.0,0.0,0.9999999999601593,0.9999999999601593,251.0,0.0,0.0,251.0,1.0,0.0,0.0,0.0,0.0,0.9999999999601593,0.0,1.0,1.0,0.9999999999601593,0.9999999999601593,0.0,0.0,0.0,-7.968137261116226e-11,0.0,0.0,0.0
1178.0,1178.0,1178.0,0.0,1178.0,1178.0,1178.0,1178.0,1.0,0.0,1.0,0.0,0.0,0.0,0.9999999999915111,0.9999999999915111,1178.0,0.0,0.0,1178.0,1.0,0.0,0.0,0.0,0.0,0.9999999999915111,0.0,1.0,1.0,0.9999999999915111,0.9999999999915111,0.0,0.0,0.0,-1.697775253717282e-11,0.0,0.0,0.0
6350.0,6350.0,6350.0,0.0,6350.0,6350.0,6350.0,6350.0,1.0,0.0,1.0,0.0,0.0,0.0,0.9999999999984253,0.9999999999984253,6350.0,0.0,0.0,6350.0,1.0,0.0,0.0,0.0,0.0,0.9999999999984253,0.0,1.0,1.0,0.9999999999984253,0.9999999999984253,0.0,0.0,0.0,-3.149480676256644e-12,0.0,0.0,0.0
773.0,773.0,773.0,0.0,773.0,773.0,773.0,773.0,1.0,0.0,1.0,0.0,0.0,0.0,0.9999999999870633,0.9999999999870633,773.0,0.0,0.0,773.0,1.0,0.0,0.0,0.0,0.0,0.9999999999870633,0.0,1.0,1.0,0.9999999999870633,0.9999999999870633,0.0,0.0,0.0,-2.5873303499679423e-11,0.0,0.0,0.0
11763.0,11763.0,11763.0,0.0,11763.0,11763.0,11763.0,11763.0,1.0,0.0,1.0,0.0,0.0,0.0,0.9999999999991498,0.9999999999991498,11763.0,0.0,0.0,11763.0,1.0,0.0,0.0,0.0,0.0,0.9999999999991498,0.0,1.0,1.0,0.9999999999991498,0.9999999999991498,0.0,0.0,0.0,-1.7004175845158898e-12,0.0,0.0,0.0
13575.0,13575.0,13575.0,0.0,13575.0,13575.0,13575.0,13575.0,1.0,0.0,1.0,0.0,0.0,0.0,0.9999999999992633,0.9999999999992633,13575.0,0.0,0.0,13575.0,1.0,0.0,0.0,0.0,0.0,0.9999999999992633,0.0,1.0,1.0,0.9999999999992633,0.9999999999992633,0.0,0.0,0.0,-1.4734879982825078e-12,0.0,0.0,0.0
11327.0,11327.0,11327.0,0.0,11327.0,11327.0,11327.0,11327.0,1.0,0.0,1.0,0.0,0.0,0.0,0.999999999999117,0.999999999999117,11327.0,0.0,0.0,11327.0,1.0,0.0,0.0,0.0,0.0,0.999999999999117,0.0,1.0,1.0,0.999999999999117,0.999999999999117,0.0,0.0,0.0,-1.765920742968774e-12,0.0,0.0,0.0
691.0,691.0,691.0,0.0,691.0,691.0,691.0,691.0,1.0,0.0,1.0,0.0,0.0,0.0,0.9999999999855282,0.9999999999855282,691.0,0.0,0.0,691.0,1.0,0.0,0.0,0.0,0.0,0.9999999999855282,0.0,1.0,1.0,0.9999999999855282,0.9999999999855282,0.0,0.0,0.0,-2.894351425197783e-11,0.0,0.0,0.0
91.0,91.0,91.0,0.0,91.0,91.0,91.0,91.0,1.0,0.0,1.0,0.0,0.0,0.0,0.99999999989011,0.99999999989011,91.0,0.0,0.0,91.0,1.0,0.0,0.0,0.0,0.0,0.99999999989011,0.0,1.0,1.0,0.99999999989011,0.99999999989011,0.0,0.0,0.0,-2.1977997199940091e-10,0.0,0.0,0.0
1896.0,1896.0,1896.0,0.0,1896.0,1896.0,1896.0,1896.0,1.0,0.0,1.0,0.0,0.0,0.0,0.9999999999947258,0.9999999999947258,1896.0,0.0,0.0,1896.0,1.0,0.0,0.0,0.0,0.0,0.9999999999947258,0.0,1.0,1.0,0.9999999999947258,0.9999999999947258,0.0,0.0,0.0,-1.0548451001568537e-11,0.0,0.0,0.0
8320.0,8320.0,8320.0,0.0,8320.0,8320.0,8320.0,8320.0,1.0,0.0,1.0,0.0,0.0,0.0,0.999999999998798,0.999999999998798,8320.0,0.0,0.0,8320.0,1.0,0.0,0.0,0.0,0.0,0.999999999998798,0.0,1.0,1.0,0.999999999998798,0.999999999998798,0.0,0.0,0.0,-2.404076937523314e-12,0.0,0.0,0.0
324.0,324.0,324.0,0.0,324.0,324.0,324.0,324.0,1.0,0.0,1.0,0.0,0.0,0.0,0.9999999999691358,0.9999999999691358,324.0,0.0,0.0,324.0,1.0,0.0,0.0,0.0,0.0,0.9999999999691358,0.0,1.0,1.0,0.9999999999691358,0.9999999999691358,0.0,0.0,0.0,-6.17284001691587e-11,0.0,0.0,0.0
316.0,316.0,316.0,0.0,316.0,316.0,316.0,316.0,1.0,0.0,1.0,0.0,0.0,0.0,0.9999999999683544,0.9999999999683544,316.0,0.0,0.0,316.0,1.0,0.0,0.0,0.0,0.0,0.9999999999683544,0.0,1.0,1.0,0.9999999999683544,0.9999999999683544,0.0,0.0,0.0,-6.329115009862107e-11,0.0,0.0,0.0
2710.0,2710.0,2710.0,0.0,2710.0,2710.0,2710.0,2710.0,1.0,0.0,1.0,0.0,0.0,0.0,0.99999999999631,0.99999999999631,2710.0,0.0,0.0,2710.0,1.0,0.0,0.0,0.0,0.0,0.99999999999631,0.0,1.0,1.0,0.99999999999631,0.99999999999631,0.0,0.0,0.0,-7.380096533893266e-12,0.0,0.0,0.0
5978.0,5978.0,5978.0,0.0,5978.0,5978.0,5978.0,5978.0,1.0,0.0,1.0,0.0,0.0,0.0,0.9999999999983272,0.9999999999983272,5978.0,0.0,0.0,5978.0,1.0,0.0,0.0,0.0,0.0,0.9999999999983272,0.0,1.0,1.0,0.9999999999983272,0.9999999999983272,0.0,0.0,0.0,-3.3455460624054467e-12,0.0,0.0,0.0
987.0,987.0,987.0,0.0,987.0,987.0,987.0,987.0,1.0,0.0,1.0,0.0,0.0,0.0,0.9999999999898683,0.9999999999898683,987.0,0.0,0.0,987.0,1.0,0.0,0.0,0.0,0.0,0.9999999999898683,0.0,1.0,1.0,0.9999999999898683,0.9999999999898683,0.0,0.0,0.0,-2.0263346556248507e-11,0.0,0.0,0.0
32.0,32.0,32.0,0.0,32.0,32.0,32.0,32.0,1.0,0.0,1.0,0.0,0.0,0.0,0.9999999996875,0.9999999996875,32.0,0.0,0.0,32.0,1.0,0.0,0.0,0.0,0.0,0.9999999996875,0.0,1.0,1.0,0.9999999996875,0.9999999996875,0.0,0.0,0.0,-6.250000517127319e-10,0.0,0.0,0.0
72.0,72.0,72.0,0.0,72.0,72.0,72.0,72.0,1.0,0.0,1.0,0.0,0.0,0.0,0.9999999998611112,0.9999999998611112,72.0,0.0,0.0,72.0,1.0,0.0,0.0,0.0,0.0,0.9999999998611112,0.0,1.0,1.0,0.9999999998611112,0.9999999998611112,0.0,0.0,0.0,-2.7777757871660924e-10,0.0,0.0,0.0
22393.0,22393.0,22393.0,0.0,22393.0,22393.0,22393.0,22393.0,1.0,0.0,1.0,0.0,0.0,0.0,0.9999999999995534,0.9999999999995534,22393.0,0.0,0.0,22393.0,1.0,0.0,0.0,0.0,0.0,0.9999999999995534,0.0,1.0,1.0,0.9999999999995534,0.9999999999995534,0.0,0.0,0.0,-8.93285445613401e-13,0.0,0.0,0.0
62485.0,62485.0,62485.0,0.0,62485.0,62485.0,62485.0,62485.0,1.0,0.0,1.0,0.0,0.0,0.0,0.99999999999984,0.99999999999984,62485.0,0.0,0.0,62485.0,1.0,0.0,0.0,0.0,0.0,0.99999999999984,0.0,1.0,1.0,0.99999999999984,0.99999999999984,0.0,0.0,0.0,-3.199662756969701e-13,0.0,0.0,0.0
30302.0,30302.0,30302.0,0.0,30302.0,30302.0,30302.0,30302.0,1.0,0.0,1.0,0.0,0.0,0.0,0.9999999999996699,0.9999999999996699,30302.0,0.0,0.0,30302.0,1.0,0.0,0.0,0.0,0.0,0.9999999999996699,0.0,1.0,1.0,0.9999999999996699,0.9999999999996699,0.0,0.0,0.0,-6.601386104421181e-13,0.0,0.0,0.0
307.0,307.0,307.0,0.0,307.0,307.0,307.0,307.0,1.0,0.0,1.0,0.0,0.0,0.0,0.9999999999674267,0.9999999999674267,307.0,0.0,0.0,307.0,1.0,0.0,0.0,0.0,0.0,0.9999999999674267,0.0,1.0,1.0,0.9999999999674267,0.9999999999674267,0.0,0.0,0.0,-6.514655481737464e-11,0.0,0.0,0.0
5674.0,5674.0,5674.0,0.0,5674.0,5674.0,5674.0,5674.0,1.0,0.0,1.0,0.0,0.0,0.0,0.9999999999982376,0.9999999999982376,5674.0,0.0,0.0,5674.0,1.0,0.0,0.0,0.0,0.0,0.9999999999982376,0.0,1.0,1.0,0.9999999999982376,0.9999999999982376,0.0,0.0,0.0,-3.524736058579947e-12,0.0,0.0,0.0
148.0,148.0,148.0,0.0,148.0,148.0,148.0,148.0,1.0,0.0,1.0,0.0,0.0,0.0,0.9999999999324324,0.9999999999324324,148.0,0.0,0.0,148.0,1.0,0.0,0.0,0.0,0.0,0.9999999999324324,0.0,1.0,1.0,0.9999999999324324,0.9999999999324324,0.0,0.0,0.0,-1.3513523633434943e-10,0.0,0.0,0.0
51.0,51.0,51.0,0.0,51.0,51.0,51.0,51.0,1.0,0.0,1.0,0.0,0.0,0.0,0.9999999998039215,0.9999999998039215,51.0,0.0,0.0,51.0,1.0,0.0,0.0,0.0,0.0,0.9999999998039215,0.0,1.0,1.0,0.9999999998039215,0.9999999998039215,0.0,0.0,0.0,-3.9215697356098644e-10,0.0,0.0,0.0
10.0,10.0,10.0,0.0,10.0,10.0,10.0,10.0,1.0,0.0,1.0,0.0,0.0,0.0,0.9999999989999999,0.9999999989999999,10.0,0.0,0.0,10.0,1.0,0.0,0.0,0.0,0.0,0.9999999989999999,0.0,1.0,1.0,0.9999999989999999,0.9999999989999999,0.0,0.0,0.0,-2.000000165480742e-09,0.0,0.0,0.0
7285.0,7285.0,7285.0,0.0,7285.0,7285.0,7285.0,7285.0,1.0,0.0,1.0,0.0,0.0,0.0,0.9999999999986273,0.9999999999986273,7285.0,0.0,0.0,7285.0,1.0,0.0,0.0,0.0,0.0,0.9999999999986273,0.0,1.0,1.0,0.9999999999986273,0.9999999999986273,0.0,0.0,0.0,-2.745359495293087e-12,0.0,0.0,0.0
1041.0,1041.0,1041.0,0.0,1041.0,1041.0,1041.0,1041.0,1.0,0.0,1.0,0.0,0.0,0.0,0.9999999999903939,0.9999999999903939,1041.0,0.0,0.0,1041.0,1.0,0.0,0.0,0.0,0.0,0.9999999999903939,0.0,1.0,1.0,0.9999999999903939,0.9999999999903939,0.0,0.0,0.0,-1.921218739653341e-11,0.0,0.0,0.0
3800.0,3800.0,3800.0,0.0,3800.0,3800.0,3800.0,3800.0,1.0,0.0,1.0,0.0,0.0,0.0,0.9999999999973684,0.9999999999973684,3800.0,0.0,0.0,3800.0,1.0,0.0,0.0,0.0,0.0,0.9999999999973684,0.0,1.0,1.0,0.9999999999973684,0.9999999999973684,0.0,0.0,0.0,-5.263123270538017e-12,0.0,0.0,0.0
1048.0,1048.0,1048.0,0.0,1048.0,1048.0,1048.0,1048.0,1.0,0.0,1.0,0.0,0.0,0.0,0.9999999999904581,0.9999999999904581,1048.0,0.0,0.0,1048.0,1.0,0.0,0.0,0.0,0.0,0.9999999999904581,0.0,1.0,1.0,0.9999999999904581,0.9999999999904581,0.0,0.0,0.0,-1.908384561488674e-11,0.0,0.0,0.0
39.0,39.0,39.0,0.0,39.0,39.0,39.0,39.0,1.0,0.0,1.0,0.0,0.0,0.0,0.9999999997435898,0.9999999997435898,39.0,0.0,0.0,39.0,1.0,0.0,0.0,0.0,0.0,0.9999999997435898,0.0,1.0,1.0,0.9999999997435898,0.9999999997435898,0.0,0.0,0.0,-5.12820452769347e-10,0.0,0.0,0.0
33.0,33.0,33.0,0.0,33.0,33.0,33.0,33.0,1.0,0.0,1.0,0.0,0.0,0.0,0.9999999996969696,0.9999999996969696,33.0,0.0,0.0,33.0,1.0,0.0,0.0,0.0,0.0,0.9999999996969696,0.0,1.0,1.0,0.9999999996969696,0.9999999996969696,0.0,0.0,0.0,-6.060607571356513e-10,0.0,0.0,0.0
100.0,100.0,100.0,0.0,100.0,100.0,100.0,100.0,1.0,0.0,1.0,0.0,0.0,0.0,0.9999999999000001,0.9999999999000001,100.0,0.0,0.0,100.0,1.0,0.0,0.0,0.0,0.0,0.9999999999000001,0.0,1.0,1.0,0.9999999999000001,0.9999999999000001,0.0,0.0,0.0,-1.9999979450346927e-10,0.0,0.0,0.0
29503.0,29503.0,29503.0,0.0,29503.0,29503.0,29503.0,29503.0,1.0,0.0,1.0,0.0,0.0,0.0,0.999999999999661,0.999999999999661,29503.0,0.0,0.0,29503.0,1.0,0.0,0.0,0.0,0.0,0.999999999999661,0.0,1.0,1.0,0.999999999999661,0.999999999999661,0.0,0.0,0.0,-6.779021788361206e-13,0.0,0.0,0.0
22.0,22.0,22.0,0.0,22.0,22.0,22.0,22.0,1.0,0.0,1.0,0.0,0.0,0.0,0.9999999995454545,0.9999999995454545,22.0,0.0,0.0,22.0,1.0,0.0,0.0,0.0,0.0,0.9999999995454545,0.0,1.0,1.0,0.9999999995454545,0.9999999995454545,0.0,0.0,0.0,-9.090910246811745e-10,0.0,0.0,0.0
56.0,56.0,56.0,0.0,56.0,56.0,56.0,56.0,1.0,0.0,1.0,0.0,0.0,0.0,0.9999999998214285,0.9999999998214285,56.0,0.0,0.0,56.0,1.0,0.0,0.0,0.0,0.0,0.9999999998214285,0.0,1.0,1.0,0.9999999998214285,0.9999999998214285,0.0,0.0,0.0,-3.571429818549632e-10,0.0,0.0,0.0
5086.0,5086.0,5086.0,0.0,5086.0,5086.0,5086.0,5086.0,1.0,0.0,1.0,0.0,0.0,0.0,0.9999999999980338,0.9999999999980338,5086.0,0.0,0.0,5086.0,1.0,0.0,0.0,0.0,0.0,0.9999999999980338,0.0,1.0,1.0,0.9999999999980338,0.9999999999980338,0.0,0.0,0.0,-3.9324099532223045e-12,0.0,0.0,0.0
25121.0,25121.0,25121.0,0.0,25121.0,25121.0,25121.0,25121.0,1.0,0.0,1.0,0.0,0.0,0.0,0.9999999999996019,0.9999999999996019,25121.0,0.0,0.0,25121.0,1.0,0.0,0.0,0.0,0.0,0.9999999999996019,0.0,1.0,1.0,0.9999999999996019,0.9999999999996019,0.0,0.0,0.0,-7.962519532611623e-13,0.0,0.0,0.0
217.0,217.0,217.0,0.0,217.0,217.0,217.0,217.0,1.0,0.0,1.0,0.0,0.0,0.0,0.999999999953917,0.999999999953917,217.0,0.0,0.0,217.0,1.0,0.0,0.0,0.0,0.0,0.999999999953917,0.0,1.0,1.0,0.999999999953917,0.999999999953917,0.0,0.0,0.0,-9.216605256767707e-11,0.0,0.0,0.0
230.0,230.0,230.0,0.0,230.0,230.0,230.0,230.0,1.0,0.0,1.0,0.0,0.0,0.0,0.9999999999565217,0.9999999999565217,230.0,0.0,0.0,230.0,1.0,0.0,0.0,0.0,0.0,0.9999999999565217,0.0,1.0,1.0,0.9999999999565217,0.9999999999565217,0.0,0.0,0.0,-8.695666409153091e-11,0.0,0.0,0.0
29597.0,29597.0,29597.0,0.0,29597.0,29597.0,29597.0,29597.0,1.0,0.0,1.0,0.0,0.0,0.0,0.999999999999662,0.999999999999662,29597.0,0.0,0.0,29597.0,1.0,0.0,0.0,0.0,0.0,0.999999999999662,0.0,1.0,1.0,0.999999999999662,0.999999999999662,0.0,0.0,0.0,-6.759037773917953e-13,0.0,0.0,0.0
92.0,92.0,92.0,0.0,92.0,92.0,92.0,92.0,1.0,0.0,1.0,0.0,0.0,0.0,0.9999999998913044,0.9999999998913044,92.0,0.0,0.0,92.0,1.0,0.0,0.0,0.0,0.0,0.9999999998913044,0.0,1.0,1.0,0.9999999998913044,0.9999999998913044,0.0,0.0,0.0,-2.1739121613961743e-10,0.0,0.0,0.0
2895.0,2895.0,2895.0,0.0,2895.0,2895.0,2895.0,2895.0,1.0,0.0,1.0,0.0,0.0,0.0,0.9999999999965458,0.9999999999965458,2895.0,0.0,0.0,2895.0,1.0,0.0,0.0,0.0,0.0,0.9999999999965458,0.0,1.0,1.0,0.9999999999965458,0.9999999999965458,0.0,0.0,0.0,-6.908473793032499e-12,0.0,0.0,0.0
368.0,368.0,368.0,0.0,368.0,368.0,368.0,368.0,1.0,0.0,1.0,0.0,0.0,0.0,0.9999999999728261,0.9999999999728261,368.0,0.0,0.0,368.0,1.0,0.0,0.0,0.0,0.0,0.9999999999728261,0.0,1.0,1.0,0.9999999999728261,0.9999999999728261,0.0,0.0,0.0,-5.434785954605559e-11,0.0,0.0,0.0
444.0,444.0,444.0,0.0,444.0,444.0,444.0,444.0,1.0,0.0,1.0,0.0,0.0,0.0,0.9999999999774775,0.9999999999774775,444.0,0.0,0.0,444.0,1.0,0.0,0.0,0.0,0.0,0.9999999999774775,0.0,1.0,1.0,0.9999999999774775,0.9999999999774775,0.0,0.0,0.0,-4.5045078778116476e-11,0.0,0.0,0.0
17031.0,17031.0,17031.0,0.0,17031.0,17031.0,17031.0,17031.0,1.0,0.0,1.0,0.0,0.0,0.0,0.9999999999994128,0.9999999999994128,17031.0,0.0,0.0,17031.0,1.0,0.0,0.0,0.0,0.0,0.9999999999994128,0.0,1.0,1.0,0.9999999999994128,0.9999999999994128,0.0,0.0,0.0,-1.1743939154484906e-12,0.0,0.0,0.0
503.0,503.0,503.0,0.0,503.0,503.0,503.0,503.0,1.0,0.0,1.0,0.0,0.0,0.0,0.9999999999801192,0.9999999999801192,503.0,0.0,0.0,503.0,1.0,0.0,0.0,0.0,0.0,0.9999999999801192,0.0,1.0,1.0,0.9999999999801192,0.9999999999801192,0.0,0.0,0.0,-3.9761527403925356e-11,0.0,0.0,0.0
128.0,128.0,128.0,0.0,128.0,128.0,128.0,128.0,1.0,0.0,1.0,0.0,0.0,0.0,0.9999999999218749,0.9999999999218749,128.0,0.0,0.0,128.0,1.0,0.0,0.0,0.0,0.0,0.9999999999218749,0.0,1.0,1.0,0.9999999999218749,0.9999999999218749,0.0,0.0,0.0,-1.5625012395048543e-10,0.0,0.0,0.0
133.0,133.0,133.0,0.0,133.0,133.0,133.0,133.0,1.0,0.0,1.0,0.0,0.0,0.0,0.9999999999248119,0.9999999999248119,133.0,0.0,0.0,133.0,1.0,0.0,0.0,0.0,0.0,0.9999999999248119,0.0,1.0,1.0,0.9999999999248119,0.9999999999248119,0.0,0.0,0.0,-1.5037615597179865e-10,0.0,0.0,0.0
104.0,104.0,104.0,0.0,104.0,104.0,104.0,104.0,1.0,0.0,1.0,0.0,0.0,0.0,0.9999999999038462,0.9999999999038462,104.0,0.0,0.0,104.0,1.0,0.0,0.0,0.0,0.0,0.9999999999038462,0.0,1.0,1.0,0.9999999999038462,0.9999999999038462,0.0,0.0,0.0,-1.9230750325505142e-10,0.0,0.0,0.0
2224.0,2224.0,2224.0,0.0,2224.0,2224.0,2224.0,2224.0,1.0,0.0,1.0,0.0,0.0,0.0,0.9999999999955036,0.9999999999955036,2224.0,0.0,0.0,2224.0,1.0,0.0,0.0,0.0,0.0,0.9999999999955036,0.0,1.0,1.0,0.9999999999955036,0.9999999999955036,0.0,0.0,0.0,-8.992806499463768e-12,0.0,0.0,0.0
180.0,180.0,180.0,0.0,180.0,180.0,180.0,180.0,1.0,0.0,1.0,0.0,0.0,0.0,0.9999999999444444,0.9999999999444444,180.0,0.0,0.0,180.0,1.0,0.0,0.0,0.0,0.0,0.9999999999444444,0.0,1.0,1.0,0.9999999999444444,0.9999999999444444,0.0,0.0,0.0,-1.1111112030448567e-10,0.0,0.0,0.0
6552.0,6552.0,6552.0,0.0,6552.0,6552.0,6552.0,6552.0,1.0,0.0,1.0,0.0,0.0,0.0,0.9999999999984738,0.9999999999984738,6552.0,0.0,0.0,6552.0,1.0,0.0,0.0,0.0,0.0,0.9999999999984738,0.0,1.0,1.0,0.9999999999984738,0.9999999999984738,0.0,0.0,0.0,-3.0524471839044054e-12,0.0,0.0,0.0
4788.0,4788.0,4788.0,0.0,4788.0,4788.0,4788.0,4788.0,1.0,0.0,1.0,0.0,0.0,0.0,0.9999999999979114,0.9999999999979114,4788.0,0.0,0.0,4788.0,1.0,0.0,0.0,0.0,0.0,0.9999999999979114,0.0,1.0,1.0,0.9999999999979114,0.9999999999979114,0.0,0.0,0.0,-4.177103107849689e-12,0.0,0.0,0.0
1199.0,1199.0,1199.0,0.0,1199.0,1199.0,1199.0,1199.0,1.0,0.0,1.0,0.0,0.0,0.0,0.9999999999916598,0.9999999999916598,1199.0,0.0,0.0,1199.0,1.0,0.0,0.0,0.0,0.0,0.9999999999916598,0.0,1.0,1.0,0.9999999999916598,0.9999999999916598,0.0,0.0,0.0,-1.6680434811178202e-11,0.0,0.0,0.0
3030.0,3030.0,3030.0,0.0,3030.0,3030.0,3030.0,3030.0,1.0,0.0,1.0,0.0,0.0,0.0,0.9999999999966998,0.9999999999966998,3030.0,0.0,0.0,3030.0,1.0,0.0,0.0,0.0,0.0,0.9999999999966998,0.0,1.0,1.0,0.9999999999966998,0.9999999999966998,0.0,0.0,0.0,-6.600497926001481e-12,0.0,0.0,0.0
8093.0,8093.0,8093.0,0.0,8093.0,8093.0,8093.0,8093.0,1.0,0.0,1.0,0.0,0.0,0.0,0.9999999999987644,0.9999999999987644,8093.0,0.0,0.0,8093.0,1.0,0.0,0.0,0.0,0.0,0.9999999999987644,0.0,1.0,1.0,0.9999999999987644,0.9999999999987644,0.0,0.0,0.0,-2.4711344082106734e-12,0.0,0.0,0.0
975.0,975.0,975.0,0.0,975.0,975.0,975.0,975.0,1.0,0.0,1.0,0.0,0.0,0.0,0.9999999999897435,0.9999999999897435,975.0,0.0,0.0,975.0,1.0,0.0,0.0,0.0,0.0,0.9999999999897435,0.0,1.0,1.0,0.9999999999897435,0.9999999999897435,0.0,0.0,0.0,-2.0512924692184242e-11,0.0,0.0,0.0
15148.0,15148.0,15148.0,0.0,15148.0,15148.0,15148.0,15148.0,1.0,0.0,1.0,0.0,0.0,0.0,0.9999999999993398,0.9999999999993398,15148.0,0.0,0.0,15148.0,1.0,0.0,0.0,0.0,0.0,0.9999999999993398,0.0,1.0,1.0,0.9999999999993398,0.9999999999993398,0.0,0.0,0.0,-1.3204992654891612e-12,0.0,0.0,0.0
1204.0,1204.0,1204.0,0.0,1204.0,1204.0,1204.0,1204.0,1.0,0.0,1.0,0.0,0.0,0.0,0.9999999999916944,0.9999999999916944,1204.0,0.0,0.0,1204.0,1.0,0.0,0.0,0.0,0.0,0.9999999999916944,0.0,1.0,1.0,0.9999999999916944,0.9999999999916944,0.0,0.0,0.0,-1.6611156894441592e-11,0.0,0.0,0.0
1482.0,1482.0,1482.0,0.0,1482.0,1482.0,1482.0,1482.0,1.0,0.0,1.0,0.0,0.0,0.0,0.9999999999932524,0.9999999999932524,1482.0,0.0,0.0,1482.0,1.0,0.0,0.0,0.0,0.0,0.9999999999932524,0.0,1.0,1.0,0.9999999999932524,0.9999999999932524,0.0,0.0,0.0,-1.3495204953528628e-11,0.0,0.0,0.0
881.0,881.0,881.0,0.0,881.0,881.0,881.0,881.0,1.0,0.0,1.0,0.0,0.0,0.0,0.9999999999886493,0.9999999999886493,881.0,0.0,0.0,881.0,1.0,0.0,0.0,0.0,0.0,0.9999999999886493,0.0,1.0,1.0,0.9999999999886493,0.9999999999886493,0.0,0.0,0.0,-2.270139631832535e-11,0.0,0.0,0.0
1215.0,1215.0,1215.0,0.0,1215.0,1215.0,1215.0,1215.0,1.0,0.0,1.0,0.0,0.0,0.0,0.9999999999917696,0.9999999999917696,1215.0,0.0,0.0,1215.0,1.0,0.0,0.0,0.0,0.0,0.9999999999917696,0.0,1.0,1.0,0.9999999999917696,0.9999999999917696,0.0,0.0,0.0,-1.6460832696907346e-11,0.0,0.0,0.0
8798.0,8798.0,8798.0,0.0,8798.0,8798.0,8798.0,8798.0,1.0,0.0,1.0,0.0,0.0,0.0,0.9999999999988632,0.9999999999988632,8798.0,0.0,0.0,8798.0,1.0,0.0,0.0,0.0,0.0,0.9999999999988632,0.0,1.0,1.0,0.9999999999988632,0.9999999999988632,0.0,0.0,0.0,-2.2735147098273956e-12,0.0,0.0,0.0
5154.0,5154.0,5154.0,0.0,5154.0,5154.0,5154.0,5154.0,1.0,0.0,1.0,0.0,0.0,0.0,0.9999999999980598,0.9999999999980598,5154.0,0.0,0.0,5154.0,1.0,0.0,0.0,0.0,0.0,0.9999999999980598,0.0,1.0,1.0,0.9999999999980598,0.9999999999980598,0.0,0.0,0.0,-3.880451515669847e-12,0.0,0.0,0.0
316.0,316.0,316.0,0.0,316.0,316.0,316.0,316.0,1.0,0.0,1.0,0.0,0.0,0.0,0.9999999999683544,0.9999999999683544,316.0,0.0,0.0,316.0,1.0,0.0,0.0,0.0,0.0,0.9999999999683544,0.0,1.0,1.0,0.9999999999683544,0.9999999999683544,0.0,0.0,0.0,-6.329115009862107e-11,0.0,0.0,0.0
16.0,16.0,16.0,0.0,16.0,16.0,16.0,16.0,1.0,0.0,1.0,0.0,0.0,0.0,0.999999999375,0.999999999375,16.0,0.0,0.0,16.0,1.0,0.0,0.0,0.0,0.0,0.999999999375,0.0,1.0,1.0,0.999999999375,0.999999999375,0.0,0.0,0.0,-1.2500001034254637e-09,0.0,0.0,0.0
82.0,82.0,82.0,0.0,82.0,82.0,82.0,82.0,1.0,0.0,1.0,0.0,0.0,0.0,0.9999999998780489,0.9999999998780489,82.0,0.0,0.0,82.0,1.0,0.0,0.0,0.0,0.0,0.9999999998780489,0.0,1.0,1.0,0.9999999998780489,0.9999999998780489,0.0,0.0,0.0,-2.4390223174464154e-10,0.0,0.0,0.0
35.0,35.0,35.0,0.0,35.0,35.0,35.0,35.0,1.0,0.0,1.0,0.0,0.0,0.0,0.9999999997142857,0.9999999997142857,35.0,0.0,0.0,35.0,1.0,0.0,0.0,0.0,0.0,0.9999999997142857,0.0,1.0,1.0,0.9999999997142857,0.9999999997142857,0.0,0.0,0.0,-5.714286821500991e-10,0.0,0.0,0.0
14793.0,14793.0,14793.0,0.0,14793.0,14793.0,14793.0,14793.0,1.0,0.0,1.0,0.0,0.0,0.0,0.999999999999324,0.999999999999324,14793.0,0.0,0.0,14793.0,1.0,0.0,0.0,0.0,0.0,0.999999999999324,0.0,1.0,1.0,0.999999999999324,0.999999999999324,0.0,0.0,0.0,-1.3520295993885156e-12,0.0,0.0,0.0
27.0,27.0,27.0,0.0,27.0,27.0,27.0,27.0,1.0,0.0,1.0,0.0,0.0,0.0,0.9999999996296296,0.9999999996296296,27.0,0.0,0.0,27.0,1.0,0.0,0.0,0.0,0.0,0.9999999996296296,0.0,1.0,1.0,0.9999999996296296,0.9999999996296296,0.0,0.0,0.0,-7.407408020299044e-10,0.0,0.0,0.0
50.0,50.0,50.0,0.0,50.0,50.0,50.0,50.0,1.0,0.0,1.0,0.0,0.0,0.0,0.9999999998,0.9999999998,50.0,0.0,0.0,50.0,1.0,0.0,0.0,0.0,0.0,0.9999999998,0.0,1.0,1.0,0.9999999998,0.9999999998,0.0,0.0,0.0,-4.000000330961484e-10,0.0,0.0,0.0
34.0,34.0,34.0,0.0,34.0,34.0,34.0,34.0,1.0,0.0,1.0,0.0,0.0,0.0,0.9999999997058824,0.9999999997058824,34.0,0.0,0.0,34.0,1.0,0.0,0.0,0.0,0.0,0.9999999997058824,0.0,1.0,1.0,0.9999999997058824,0.9999999997058824,0.0,0.0,0.0,-5.882352382968747e-10,0.0,0.0,0.0
259.0,259.0,259.0,0.0,259.0,259.0,259.0,259.0,1.0,0.0,1.0,0.0,0.0,0.0,0.9999999999613899,0.9999999999613899,259.0,0.0,0.0,259.0,1.0,0.0,0.0,0.0,0.0,0.9999999999613899,0.0,1.0,1.0,0.9999999999613899,0.9999999999613899,0.0,0.0,0.0,-7.722023021017321e-11,0.0,0.0,0.0
28.0,28.0,28.0,0.0,28.0,28.0,28.0,28.0,1.0,0.0,1.0,0.0,0.0,0.0,0.9999999996428571,0.9999999996428571,28.0,0.0,0.0,28.0,1.0,0.0,0.0,0.0,0.0,0.9999999996428571,0.0,1.0,1.0,0.9999999996428571,0.9999999996428571,0.0,0.0,0.0,-7.142857416653214e-10,0.0,0.0,0.0
19.0,19.0,19.0,0.0,19.0,19.0,19.0,19.0,1.0,0.0,1.0,0.0,0.0,0.0,0.9999999994736841,0.9999999994736841,19.0,0.0,0.0,19.0,1.0,0.0,0.0,0.0,0.0,0.9999999994736841,0.0,1.0,1.0,0.9999999994736841,0.9999999994736841,0.0,0.0,0.0,-1.052631759534961e-09,0.0,0.0,0.0
12096.0,12096.0,12096.0,0.0,12096.0,12096.0,12096.0,12096.0,1.0,0.0,1.0,0.0,0.0,0.0,0.9999999999991732,0.9999999999991732,12096.0,0.0,0.0,12096.0,1.0,0.0,0.0,0.0,0.0,0.9999999999991732,0.0,1.0,1.0,0.9999999999991732,0.9999999999991732,0.0,0.0,0.0,-1.6535661728767082e-12,0.0,0.0,0.0
1657.0,1657.0,1657.0,0.0,1657.0,1657.0,1657.0,1657.0,1.0,0.0,1.0,0.0,0.0,0.0,0.999999999993965,0.999999999993965,1657.0,0.0,0.0,1657.0,1.0,0.0,0.0,0.0,0.0,0.999999999993965,0.0,1.0,1.0,0.999999999993965,0.999999999993965,0.0,0.0,0.0,-1.2069900634514852e-11,0.0,0.0,0.0
488.0,488.0,488.0,0.0,488.0,488.0,488.0,488.0,1.0,0.0,1.0,0.0,0.0,0.0,0.9999999999795082,0.9999999999795082,488.0,0.0,0.0,488.0,1.0,0.0,0.0,0.0,0.0,0.9999999999795082,0.0,1.0,1.0,0.9999999999795082,0.9999999999795082,0.0,0.0,0.0,-4.098366090943273e-11,0.0,0.0,0.0
20425.0,20425.0,20425.0,0.0,20425.0,20425.0,20425.0,20425.0,1.0,0.0,1.0,0.0,0.0,0.0,0.9999999999995104,0.9999999999995104,20425.0,0.0,0.0,20425.0,1.0,0.0,0.0,0.0,0.0,0.9999999999995104,0.0,1.0,1.0,0.9999999999995104,0.9999999999995104,0.0,0.0,0.0,-9.79216707719388e-13,0.0,0.0,0.0
694.0,694.0,694.0,0.0,694.0,694.0,694.0,694.0,1.0,0.0,1.0,0.0,0.0,0.0,0.9999999999855907,0.9999999999855907,694.0,0.0,0.0,694.0,1.0,0.0,0.0,0.0,0.0,0.9999999999855907,0.0,1.0,1.0,0.9999999999855907,0.9999999999855907,0.0,0.0,0.0,-2.8818503139405038e-11,0.0,0.0,0.0
64.0,64.0,64.0,0.0,64.0,64.0,64.0,64.0,1.0,0.0,1.0,0.0,0.0,0.0,0.9999999998437501,0.9999999998437501,64.0,0.0,0.0,64.0,1.0,0.0,0.0,0.0,0.0,0.9999999998437501,0.0,1.0,1.0,0.9999999998437501,0.9999999998437501,0.0,0.0,0.0,-3.12499803811761e-10,0.0,0.0,0.0
3524.0,3524.0,3524.0,0.0,3524.0,3524.0,3524.0,3524.0,1.0,0.0,1.0,0.0,0.0,0.0,0.9999999999971624,0.9999999999971624,3524.0,0.0,0.0,3524.0,1.0,0.0,0.0,0.0,0.0,0.9999999999971624,0.0,1.0,1.0,0.9999999999971624,0.9999999999971624,0.0,0.0,0.0,-5.675238057278875e-12,0.0,0.0,0.0
302.0,302.0,302.0,0.0,302.0,302.0,302.0,302.0,1.0,0.0,1.0,0.0,0.0,0.0,0.9999999999668874,0.9999999999668874,302.0,0.0,0.0,302.0,1.0,0.0,0.0,0.0,0.0,0.9999999999668874,0.0,1.0,1.0,0.9999999999668874,0.9999999999668874,0.0,0.0,0.0,-6.622524750810044e-11,0.0,0.0,0.0
613.0,613.0,613.0,0.0,613.0,613.0,613.0,613.0,1.0,0.0,1.0,0.0,0.0,0.0,0.9999999999836868,0.9999999999836868,613.0,0.0,0.0,613.0,1.0,0.0,0.0,0.0,0.0,0.9999999999836868,0.0,1.0,1.0,0.9999999999836868,0.9999999999836868,0.0,0.0,0.0,-3.26263460692644e-11,0.0,0.0,0.0
330.0,330.0,330.0,0.0,330.0,330.0,330.0,330.0,1.0,0.0,1.0,0.0,0.0,0.0,0.9999999999696969,0.9999999999696969,330.0,0.0,0.0,330.0,1.0,0.0,0.0,0.0,0.0,0.9999999999696969,0.0,1.0,1.0,0.9999999999696969,0.9999999999696969,0.0,0.0,0.0,-6.06061867358676e-11,0.0,0.0,0.0
38551.0,38551.0,38551.0,0.0,38551.0,38551.0,38551.0,38551.0,1.0,0.0,1.0,0.0,0.0,0.0,0.9999999999997407,0.9999999999997407,38551.0,0.0,0.0,38551.0,1.0,0.0,0.0,0.0,0.0,0.9999999999997407,0.0,1.0,1.0,0.9999999999997407,0.9999999999997407,0.0,0.0,0.0,-5.186961971048731e-13,0.0,0.0,0.0
43.0,43.0,43.0,0.0,43.0,43.0,43.0,43.0,1.0,0.0,1.0,0.0,0.0,0.0,0.9999999997674418,0.9999999997674418,43.0,0.0,0.0,43.0,1.0,0.0,0.0,0.0,0.0,0.9999999997674418,0.0,1.0,1.0,0.9999999997674418,0.9999999997674418,0.0,0.0,0.0,-4.6511638984725323e-10,0.0,0.0,0.0
383.0,383.0,383.0,0.0,383.0,383.0,383.0,383.0,1.0,0.0,1.0,0.0,0.0,0.0,0.9999999999738903,0.9999999999738903,383.0,0.0,0.0,383.0,1.0,0.0,0.0,0.0,0.0,0.9999999999738903,0.0,1.0,1.0,0.9999999999738903,0.9999999999738903,0.0,0.0,0.0,-5.221933996324424e-11,0.0,0.0,0.0
13281.0,13281.0,13281.0,0.0,13281.0,13281.0,13281.0,13281.0,1.0,0.0,1.0,0.0,0.0,0.0,0.9999999999992469,0.9999999999992469,13281.0,0.0,0.0,13281.0,1.0,0.0,0.0,0.0,0.0,0.9999999999992469,0.0,1.0,1.0,0.9999999999992469,0.9999999999992469,0.0,0.0,0.0,-1.5061285552064874e-12,0.0,0.0,0.0
17879.0,17879.0,17879.0,0.0,17879.0,17879.0,17879.0,17879.0,1.0,0.0,1.0,0.0,0.0,0.0,0.9999999999994407,0.9999999999994407,17879.0,0.0,0.0,17879.0,1.0,0.0,0.0,0.0,0.0,0.9999999999994407,0.0,1.0,1.0,0.9999999999994407,0.9999999999994407,0.0,0.0,0.0,-1.1186607196123077e-12,0.0,0.0,0.0
256.0,256.0,256.0,0.0,256.0,256.0,256.0,256.0,1.0,0.0,1.0,0.0,0.0,0.0,0.9999999999609375,0.9999999999609375,256.0,0.0,0.0,256.0,1.0,0.0,0.0,0.0,0.0,0.9999999999609375,0.0,1.0,1.0,0.9999999999609375,0.9999999999609375,0.0,0.0,0.0,-7.812506197524272e-11,0.0,0.0,0.0
211.0,211.0,211.0,0.0,211.0,211.0,211.0,211.0,1.0,0.0,1.0,0.0,0.0,0.0,0.9999999999526066,0.9999999999526066,211.0,0.0,0.0,211.0,1.0,0.0,0.0,0.0,0.0,0.9999999999526066,0.0,1.0,1.0,0.9999999999526066,0.9999999999526066,0.0,0.0,0.0,-9.478684503960721e-11,0.0,0.0,0.0
205.0,205.0,205.0,0.0,205.0,205.0,205.0,205.0,1.0,0.0,1.0,0.0,0.0,0.0,0.9999999999512195,0.9999999999512195,205.0,0.0,0.0,205.0,1.0,0.0,0.0,0.0,0.0,0.9999999999512195,0.0,1.0,1.0,0.9999999999512195,0.9999999999512195,0.0,0.0,0.0,-9.756107033354056e-11,0.0,0.0,0.0
27.0,27.0,27.0,0.0,27.0,27.0,27.0,27.0,1.0,0.0,1.0,0.0,0.0,0.0,0.9999999996296296,0.9999999996296296,27.0,0.0,0.0,27.0,1.0,0.0,0.0,0.0,0.0,0.9999999996296296,0.0,1.0,1.0,0.9999999996296296,0.9999999996296296,0.0,0.0,0.0,-7.407408020299044e-10,0.0,0.0,0.0
17.0,17.0,17.0,0.0,17.0,17.0,17.0,17.0,1.0,0.0,1.0,0.0,0.0,0.0,0.9999999994117647,0.9999999994117647,17.0,0.0,0.0,17.0,1.0,0.0,0.0,0.0,0.0,0.9999999994117647,0.0,1.0,1.0,0.9999999994117647,0.9999999994117647,0.0,0.0,0.0,-1.1764706986383544e-09,0.0,0.0,0.0
130.0,130.0,130.0,0.0,130.0,130.0,130.0,130.0,1.0,0.0,1.0,0.0,0.0,0.0,0.9999999999230769,0.9999999999230769,130.0,0.0,0.0,130.0,1.0,0.0,0.0,0.0,0.0,0.9999999999230769,0.0,1.0,1.0,0.9999999999230769,0.9999999999230769,0.0,0.0,0.0,-1.5384626905756704e-10,0.0,0.0,0.0
36307.0,36307.0,36307.0,0.0,36307.0,36307.0,36307.0,36307.0,1.0,0.0,1.0,0.0,0.0,0.0,0.9999999999997247,0.9999999999997247,36307.0,0.0,0.0,36307.0,1.0,0.0,0.0,0.0,0.0,0.9999999999997247,0.0,1.0,1.0,0.9999999999997247,0.9999999999997247,0.0,0.0,0.0,-5.506706202140776e-13,0.0,0.0,0.0
790.0,790.0,790.0,0.0,790.0,790.0,790.0,790.0,1.0,0.0,1.0,0.0,0.0,0.0,0.9999999999873418,0.9999999999873418,790.0,0.0,0.0,790.0,1.0,0.0,0.0,0.0,0.0,0.9999999999873418,0.0,1.0,1.0,0.9999999999873418,0.9999999999873418,0.0,0.0,0.0,-2.5316415630527445e-11,0.0,0.0,0.0
158.0,158.0,158.0,0.0,158.0,158.0,158.0,158.0,1.0,0.0,1.0,0.0,0.0,0.0,0.9999999999367088,0.9999999999367088,158.0,0.0,0.0,158.0,1.0,0.0,0.0,0.0,0.0,0.9999999999367088,0.0,1.0,1.0,0.9999999999367088,0.9999999999367088,0.0,0.0,0.0,-1.2658230019724215e-10,0.0,0.0,0.0
14.0,14.0,14.0,0.0,14.0,14.0,14.0,14.0,1.0,0.0,1.0,0.0,0.0,0.0,0.9999999992857143,0.9999999992857143,14.0,0.0,0.0,14.0,1.0,0.0,0.0,0.0,0.0,0.9999999992857143,0.0,1.0,1.0,0.9999999992857143,0.9999999992857143,0.0,0.0,0.0,-1.4285714833306429e-09,0.0,0.0,0.0
793.0,793.0,793.0,0.0,793.0,793.0,793.0,793.0,1.0,0.0,1.0,0.0,0.0,0.0,0.9999999999873896,0.9999999999873896,793.0,0.0,0.0,793.0,1.0,0.0,0.0,0.0,0.0,0.9999999999873896,0.0,1.0,1.0,0.9999999999873896,0.9999999999873896,0.0,0.0,0.0,-2.5220714405804756e-11,0.0,0.0,0.0
296.0,296.0,296.0,0.0,296.0,296.0,296.0,296.0,1.0,0.0,1.0,0.0,0.0,0.0,0.9999999999662161,0.9999999999662161,296.0,0.0,0.0,296.0,1.0,0.0,0.0,0.0,0.0,0.9999999999662161,0.0,1.0,1.0,0.9999999999662161,0.9999999999662161,0.0,0.0,0.0,-6.756772918947718e-11,0.0,0.0,0.0
353.0,353.0,353.0,0.0,353.0,353.0,353.0,353.0,1.0,0.0,1.0,0.0,0.0,0.0,0.9999999999716713,0.9999999999716713,353.0,0.0,0.0,353.0,1.0,0.0,0.0,0.0,0.0,0.9999999999716713,0.0,1.0,1.0,0.9999999999716713,0.9999999999716713,0.0,0.0,0.0,-5.665734548188084e-11,0.0,0.0,0.0
51908.0,51908.0,51908.0,0.0,51908.0,51908.0,51908.0,51908.0,1.0,0.0,1.0,0.0,0.0,0.0,0.9999999999998074,0.9999999999998074,51908.0,0.0,0.0,51908.0,1.0,0.0,0.0,0.0,0.0,0.9999999999998074,0.0,1.0,1.0,0.9999999999998074,0.9999999999998074,0.0,0.0,0.0,-3.852473895449293e-13,0.0,0.0,0.0
23072.0,23072.0,23072.0,0.0,23072.0,23072.0,23072.0,23072.0,1.0,0.0,1.0,0.0,0.0,0.0,0.9999999999995666,0.9999999999995666,23072.0,0.0,0.0,23072.0,1.0,0.0,0.0,0.0,0.0,0.9999999999995666,0.0,1.0,1.0,0.9999999999995666,0.9999999999995666,0.0,0.0,0.0,-8.668621376273222e-13,0.0,0.0,0.0
148.0,148.0,148.0,0.0,148.0,148.0,148.0,148.0,1.0,0.0,1.0,0.0,0.0,0.0,0.9999999999324324,0.9999999999324324,148.0,0.0,0.0,148.0,1.0,0.0,0.0,0.0,0.0,0.9999999999324324,0.0,1.0,1.0,0.9999999999324324,0.9999999999324324,0.0,0.0,0.0,-1.3513523633434943e-10,0.0,0.0,0.0
36.0,36.0,36.0,0.0,36.0,36.0,36.0,36.0,1.0,0.0,1.0,0.0,0.0,0.0,0.9999999997222222,0.9999999997222222,36.0,0.0,0.0,36.0,1.0,0.0,0.0,0.0,0.0,0.9999999997222222,0.0,1.0,1.0,0.9999999997222222,0.9999999997222222,0.0,0.0,0.0,-5.555556015224283e-10,0.0,0.0,0.0
43.0,43.0,43.0,0.0,43.0,43.0,43.0,43.0,1.0,0.0,1.0,0.0,0.0,0.0,0.9999999997674418,0.9999999997674418,43.0,0.0,0.0,43.0,1.0,0.0,0.0,0.0,0.0,0.9999999997674418,0.0,1.0,1.0,0.9999999997674418,0.9999999997674418,0.0,0.0,0.0,-4.6511638984725323e-10,0.0,0.0,0.0
89.0,89.0,89.0,0.0,89.0,89.0,89.0,89.0,1.0,0.0,1.0,0.0,0.0,0.0,0.9999999998876405,0.9999999998876405,89.0,0.0,0.0,89.0,1.0,0.0,0.0,0.0,0.0,0.9999999998876405,0.0,1.0,1.0,0.9999999998876405,0.9999999998876405,0.0,0.0,0.0,-2.2471891014674839e-10,0.0,0.0,0.0
1639.0,1639.0,1639.0,0.0,1639.0,1639.0,1639.0,1639.0,1.0,0.0,1.0,0.0,0.0,0.0,0.9999999999938988,0.9999999999938988,1639.0,0.0,0.0,1639.0,1.0,0.0,0.0,0.0,0.0,0.9999999999938988,0.0,1.0,1.0,0.9999999999938988,0.9999999999938988,0.0,0.0,0.0,-1.2202461263655096e-11,0.0,0.0,0.0
3246.0,3246.0,3246.0,0.0,3246.0,3246.0,3246.0,3246.0,1.0,0.0,1.0,0.0,0.0,0.0,0.9999999999969194,0.9999999999969194,3246.0,0.0,0.0,3246.0,1.0,0.0,0.0,0.0,0.0,0.9999999999969194,0.0,1.0,1.0,0.9999999999969194,0.9999999999969194,0.0,0.0,0.0,-6.161293697459769e-12,0.0,0.0,0.0
1317.0,1317.0,1317.0,0.0,1317.0,1317.0,1317.0,1317.0,1.0,0.0,1.0,0.0,0.0,0.0,0.9999999999924071,0.9999999999924071,1317.0,0.0,0.0,1317.0,1.0,0.0,0.0,0.0,0.0,0.9999999999924071,0.0,1.0,1.0,0.9999999999924071,0.9999999999924071,0.0,0.0,0.0,-1.5185852575427816e-11,0.0,0.0,0.0
24.0,24.0,24.0,0.0,24.0,24.0,24.0,24.0,1.0,0.0,1.0,0.0,0.0,0.0,0.9999999995833333,0.9999999995833333,24.0,0.0,0.0,24.0,1.0,0.0,0.0,0.0,0.0,0.9999999995833333,0.0,1.0,1.0,0.9999999995833333,0.9999999995833333,0.0,0.0,0.0,-8.333334022836425e-10,0.0,0.0,0.0
32.0,32.0,32.0,0.0,32.0,32.0,32.0,32.0,1.0,0.0,1.0,0.0,0.0,0.0,0.9999999996875,0.9999999996875,32.0,0.0,0.0,32.0,1.0,0.0,0.0,0.0,0.0,0.9999999996875,0.0,1.0,1.0,0.9999999996875,0.9999999996875,0.0,0.0,0.0,-6.250000517127319e-10,0.0,0.0,0.0
92.0,92.0,92.0,0.0,92.0,92.0,92.0,92.0,1.0,0.0,1.0,0.0,0.0,0.0,0.9999999998913044,0.9999999998913044,92.0,0.0,0.0,92.0,1.0,0.0,0.0,0.0,0.0,0.9999999998913044,0.0,1.0,1.0,0.9999999998913044,0.9999999998913044,0.0,0.0,0.0,-2.1739121613961743e-10,0.0,0.0,0.0
82.0,82.0,82.0,0.0,82.0,82.0,82.0,82.0,1.0,0.0,1.0,0.0,0.0,0.0,0.9999999998780489,0.9999999998780489,82.0,0.0,0.0,82.0,1.0,0.0,0.0,0.0,0.0,0.9999999998780489,0.0,1.0,1.0,0.9999999998780489,0.9999999998780489,0.0,0.0,0.0,-2.4390223174464154e-10,0.0,0.0,0.0
10.0,10.0,10.0,0.0,10.0,10.0,10.0,10.0,1.0,0.0,1.0,0.0,0.0,0.0,0.9999999989999999,0.9999999989999999,10.0,0.0,0.0,10.0,1.0,0.0,0.0,0.0,0.0,0.9999999989999999,0.0,1.0,1.0,0.9999999989999999,0.9999999989999999,0.0,0.0,0.0,-2.000000165480742e-09,0.0,0.0,0.0
33.0,33.0,33.0,0.0,33.0,33.0,33.0,33.0,1.0,0.0,1.0,0.0,0.0,0.0,0.9999999996969696,0.9999999996969696,33.0,0.0,0.0,33.0,1.0,0.0,0.0,0.0,0.0,0.9999999996969696,0.0,1.0,1.0,0.9999999996969696,0.9999999996969696,0.0,0.0,0.0,-6.060607571356513e-10,0.0,0.0,0.0
55.0,55.0,55.0,0.0,55.0,55.0,55.0,55.0,1.0,0.0,1.0,0.0,0.0,0.0,0.9999999998181818,0.9999999998181818,55.0,0.0,0.0,55.0,1.0,0.0,0.0,0.0,0.0,0.9999999998181818,0.0,1.0,1.0,0.9999999998181818,0.9999999998181818,0.0,0.0,0.0,-3.636364542813908e-10,0.0,0.0,0.0
35.0,35.0,35.0,0.0,35.0,35.0,35.0,35.0,1.0,0.0,1.0,0.0,0.0,0.0,0.9999999997142857,0.9999999997142857,35.0,0.0,0.0,35.0,1.0,0.0,0.0,0.0,0.0,0.9999999997142857,0.0,1.0,1.0,0.9999999997142857,0.9999999997142857,0.0,0.0,0.0,-5.714286821500991e-10,0.0,0.0,0.0
54.0,54.0,54.0,0.0,54.0,54.0,54.0,54.0,1.0,0.0,1.0,0.0,0.0,0.0,0.9999999998148148,0.9999999998148148,54.0,0.0,0.0,54.0,1.0,0.0,0.0,0.0,0.0,0.9999999998148148,0.0,1.0,1.0,0.9999999998148148,0.9999999998148148,0.0,0.0,0.0,-3.703704010149522e-10,0.0,0.0,0.0
16.0,16.0,16.0,0.0,16.0,16.0,16.0,16.0,1.0,0.0,1.0,0.0,0.0,0.0,0.999999999375,0.999999999375,16.0,0.0,0.0,16.0,1.0,0.0,0.0,0.0,0.0,0.999999999375,0.0,1.0,1.0,0.999999999375,0.999999999375,0.0,0.0,0.0,-1.2500001034254637e-09,0.0,0.0,0.0
137.0,137.0,137.0,0.0,137.0,137.0,137.0,137.0,1.0,0.0,1.0,0.0,0.0,0.0,0.9999999999270073,0.9999999999270073,137.0,0.0,0.0,137.0,1.0,0.0,0.0,0.0,0.0,0.9999999999270073,0.0,1.0,1.0,0.9999999999270073,0.9999999999270073,0.0,0.0,0.0,-1.4598544595401108e-10,0.0,0.0,0.0
8.0,8.0,8.0,0.0,8.0,8.0,8.0,8.0,1.0,0.0,1.0,0.0,0.0,0.0,0.9999999987499999,0.9999999987499999,8.0,0.0,0.0,8.0,1.0,0.0,0.0,0.0,0.0,0.9999999987499999,0.0,1.0,1.0,0.9999999987499999,0.9999999987499999,0.0,0.0,0.0,-2.5000002068509275e-09,0.0,0.0,0.0
144.0,144.0,144.0,0.0,144.0,144.0,144.0,144.0,1.0,0.0,1.0,0.0,0.0,0.0,0.9999999999305555,0.9999999999305555,144.0,0.0,0.0,144.0,1.0,0.0,0.0,0.0,0.0,0.9999999999305555,0.0,1.0,1.0,0.9999999999305555,0.9999999999305555,0.0,0.0,0.0,-1.3888890038060708e-10,0.0,0.0,0.0
488.0,488.0,488.0,0.0,488.0,488.0,488.0,488.0,1.0,0.0,1.0,0.0,0.0,0.0,0.9999999999795082,0.9999999999795082,488.0,0.0,0.0,488.0,1.0,0.0,0.0,0.0,0.0,0.9999999999795082,0.0,1.0,1.0,0.9999999999795082,0.9999999999795082,0.0,0.0,0.0,-4.098366090943273e-11,0.0,0.0,0.0
2844.0,2844.0,2844.0,0.0,2844.0,2844.0,2844.0,2844.0,1.0,0.0,1.0,0.0,0.0,0.0,0.9999999999964838,0.9999999999964838,2844.0,0.0,0.0,2844.0,1.0,0.0,0.0,0.0,0.0,0.9999999999964838,0.0,1.0,1.0,0.9999999999964838,0.9999999999964838,0.0,0.0,0.0,-7.0323746825806666e-12,0.0,0.0,0.0
8808.0,8808.0,8808.0,0.0,8808.0,8808.0,8808.0,8808.0,1.0,0.0,1.0,0.0,0.0,0.0,0.9999999999988646,0.9999999999988646,8808.0,0.0,0.0,8808.0,1.0,0.0,0.0,0.0,0.0,0.9999999999988646,0.0,1.0,1.0,0.9999999999988646,0.9999999999988646,0.0,0.0,0.0,-2.270850174568295e-12,0.0,0.0,0.0
947.0,947.0,947.0,0.0,947.0,947.0,947.0,947.0,1.0,0.0,1.0,0.0,0.0,0.0,0.9999999999894403,0.9999999999894403,947.0,0.0,0.0,947.0,1.0,0.0,0.0,0.0,0.0,0.9999999999894403,0.0,1.0,1.0,0.9999999999894403,0.9999999999894403,0.0,0.0,0.0,-2.1119328508234503e-11,0.0,0.0,0.0
13.0,13.0,13.0,0.0,13.0,13.0,13.0,13.0,1.0,0.0,1.0,0.0,0.0,0.0,0.9999999992307692,0.9999999992307692,13.0,0.0,0.0,13.0,1.0,0.0,0.0,0.0,0.0,0.9999999992307692,0.0,1.0,1.0,0.9999999992307692,0.9999999992307692,0.0,0.0,0.0,-1.5384615803526458e-09,0.0,0.0,0.0
76.0,76.0,76.0,0.0,76.0,76.0,76.0,76.0,1.0,0.0,1.0,0.0,0.0,0.0,0.9999999998684211,0.9999999998684211,76.0,0.0,0.0,76.0,1.0,0.0,0.0,0.0,0.0,0.9999999998684211,0.0,1.0,1.0,0.9999999998684211,0.9999999998684211,0.0,0.0,0.0,-2.6315771783913533e-10,0.0,0.0,0.0
200.0,200.0,200.0,0.0,200.0,200.0,200.0,200.0,1.0,0.0,1.0,0.0,0.0,0.0,0.99999999995,0.99999999995,200.0,0.0,0.0,200.0,1.0,0.0,0.0,0.0,0.0,0.99999999995,0.0,1.0,1.0,0.99999999995,0.99999999995,0.0,0.0,0.0,-1.000000082740371e-10,0.0,0.0,0.0
109.0,109.0,109.0,0.0,109.0,109.0,109.0,109.0,1.0,0.0,1.0,0.0,0.0,0.0,0.9999999999082569,0.9999999999082569,109.0,0.0,0.0,109.0,1.0,0.0,0.0,0.0,0.0,0.9999999999082569,0.0,1.0,1.0,0.9999999999082569,0.9999999999082569,0.0,0.0,0.0,-1.8348611519058977e-10,0.0,0.0,0.0
54.0,54.0,54.0,0.0,54.0,54.0,54.0,54.0,1.0,0.0,1.0,0.0,0.0,0.0,0.9999999998148148,0.9999999998148148,54.0,0.0,0.0,54.0,1.0,0.0,0.0,0.0,0.0,0.9999999998148148,0.0,1.0,1.0,0.9999999998148148,0.9999999998148148,0.0,0.0,0.0,-3.703704010149522e-10,0.0,0.0,0.0
1244.0,1244.0,1244.0,0.0,1244.0,1244.0,1244.0,1244.0,1.0,0.0,1.0,0.0,0.0,0.0,0.9999999999919615,0.9999999999919615,1244.0,0.0,0.0,1244.0,1.0,0.0,0.0,0.0,0.0,0.9999999999919615,0.0,1.0,1.0,0.9999999999919615,0.9999999999919615,0.0,0.0,0.0,-1.6076917574991967e-11,0.0,0.0,0.0
5202.0,5202.0,5202.0,0.0,5202.0,5202.0,5202.0,5202.0,1.0,0.0,1.0,0.0,0.0,0.0,0.9999999999980776,0.9999999999980776,5202.0,0.0,0.0,5202.0,1.0,0.0,0.0,0.0,0.0,0.9999999999980776,0.0,1.0,1.0,0.9999999999980776,0.9999999999980776,0.0,0.0,0.0,-3.844702334276917e-12,0.0,0.0,0.0
18989.0,18989.0,18989.0,0.0,18989.0,18989.0,18989.0,18989.0,1.0,0.0,1.0,0.0,0.0,0.0,0.9999999999994733,0.9999999999994733,18989.0,0.0,0.0,18989.0,1.0,0.0,0.0,0.0,0.0,0.9999999999994733,0.0,1.0,1.0,0.9999999999994733,0.9999999999994733,0.0,0.0,0.0,-1.0533796057643485e-12,0.0,0.0,0.0
47.0,47.0,47.0,0.0,47.0,47.0,47.0,47.0,1.0,0.0,1.0,0.0,0.0,0.0,0.999999999787234,0.999999999787234,47.0,0.0,0.0,47.0,1.0,0.0,0.0,0.0,0.0,0.999999999787234,0.0,1.0,1.0,0.999999999787234,0.999999999787234,0.0,0.0,0.0,-4.2553205403805805e-10,0.0,0.0,0.0
23.0,23.0,23.0,0.0,23.0,23.0,23.0,23.0,1.0,0.0,1.0,0.0,0.0,0.0,0.9999999995652173,0.9999999995652173,23.0,0.0,0.0,23.0,1.0,0.0,0.0,0.0,0.0,0.9999999995652173,0.0,1.0,1.0,0.9999999995652173,0.9999999995652173,0.0,0.0,0.0,-8.695653086476796e-10,0.0,0.0,0.0
12.0,12.0,12.0,0.0,12.0,12.0,12.0,12.0,1.0,0.0,1.0,0.0,0.0,0.0,0.9999999991666666,0.9999999991666666,12.0,0.0,0.0,12.0,1.0,0.0,0.0,0.0,0.0,0.9999999991666666,0.0,1.0,1.0,0.9999999991666666,0.9999999991666666,0.0,0.0,0.0,-1.666666804567285e-09,0.0,0.0,0.0
2538.0,2538.0,2538.0,0.0,2538.0,2538.0,2538.0,2538.0,1.0,0.0,1.0,0.0,0.0,0.0,0.9999999999960599,0.9999999999960599,2538.0,0.0,0.0,2538.0,1.0,0.0,0.0,0.0,0.0,0.9999999999960599,0.0,1.0,1.0,0.9999999999960599,0.9999999999960599,0.0,0.0,0.0,-7.880140984184436e-12,0.0,0.0,0.0
65.0,65.0,65.0,0.0,65.0,65.0,65.0,65.0,1.0,0.0,1.0,0.0,0.0,0.0,0.999999999846154,0.999999999846154,65.0,0.0,0.0,65.0,1.0,0.0,0.0,0.0,0.0,0.999999999846154,0.0,1.0,1.0,0.999999999846154,0.999999999846154,0.0,0.0,0.0,-3.0769209402592423e-10,0.0,0.0,0.0
57.0,57.0,57.0,0.0,57.0,57.0,57.0,57.0,1.0,0.0,1.0,0.0,0.0,0.0,0.9999999998245613,0.9999999998245613,57.0,0.0,0.0,57.0,1.0,0.0,0.0,0.0,0.0,0.9999999998245613,0.0,1.0,1.0,0.9999999998245613,0.9999999998245613,0.0,0.0,0.0,-3.5087732719318865e-10,0.0,0.0,0.0
3193.0,3193.0,3193.0,0.0,3193.0,3193.0,3193.0,3193.0,1.0,0.0,1.0,0.0,0.0,0.0,0.9999999999968682,0.9999999999968682,3193.0,0.0,0.0,3193.0,1.0,0.0,0.0,0.0,0.0,0.9999999999968682,0.0,1.0,1.0,0.9999999999968682,0.9999999999968682,0.0,0.0,0.0,-6.263656260330208e-12,0.0,0.0,0.0
65.0,65.0,65.0,0.0,65.0,65.0,65.0,65.0,1.0,0.0,1.0,0.0,0.0,0.0,0.999999999846154,0.999999999846154,65.0,0.0,0.0,65.0,1.0,0.0,0.0,0.0,0.0,0.999999999846154,0.0,1.0,1.0,0.999999999846154,0.999999999846154,0.0,0.0,0.0,-3.0769209402592423e-10,0.0,0.0,0.0
4087.0,4087.0,4087.0,0.0,4087.0,4087.0,4087.0,4087.0,1.0,0.0,1.0,0.0,0.0,0.0,0.9999999999975533,0.9999999999975533,4087.0,0.0,0.0,4087.0,1.0,0.0,0.0,0.0,0.0,0.9999999999975533,0.0,1.0,1.0,0.9999999999975533,0.9999999999975533,0.0,0.0,0.0,-4.89341900333784e-12,0.0,0.0,0.0
61.0,61.0,61.0,0.0,61.0,61.0,61.0,61.0,1.0,0.0,1.0,0.0,0.0,0.0,0.9999999998360656,0.9999999998360656,61.0,0.0,0.0,61.0,1.0,0.0,0.0,0.0,0.0,0.9999999998360656,0.0,1.0,1.0,0.9999999998360656,0.9999999998360656,0.0,0.0,0.0,-3.27868843186252e-10,0.0,0.0,0.0
14757.0,14757.0,14757.0,0.0,14757.0,14757.0,14757.0,14757.0,1.0,0.0,1.0,0.0,0.0,0.0,0.9999999999993223,0.9999999999993223,14757.0,0.0,0.0,14757.0,1.0,0.0,0.0,0.0,0.0,0.9999999999993223,0.0,1.0,1.0,0.9999999999993223,0.9999999999993223,0.0,0.0,0.0,-1.3553602684623911e-12,0.0,0.0,0.0
34.0,34.0,34.0,0.0,34.0,34.0,34.0,34.0,1.0,0.0,1.0,0.0,0.0,0.0,0.9999999997058824,0.9999999997058824,34.0,0.0,0.0,34.0,1.0,0.0,0.0,0.0,0.0,0.9999999997058824,0.0,1.0,1.0,0.9999999997058824,0.9999999997058824,0.0,0.0,0.0,-5.882352382968747e-10,0.0,0.0,0.0
62.0,62.0,62.0,0.0,62.0,62.0,62.0,62.0,1.0,0.0,1.0,0.0,0.0,0.0,0.9999999998387097,0.9999999998387097,62.0,0.0,0.0,62.0,1.0,0.0,0.0,0.0,0.0,0.9999999998387097,0.0,1.0,1.0,0.9999999998387097,0.9999999998387097,0.0,0.0,0.0,-3.2258062887535743e-10,0.0,0.0,0.0
55.0,55.0,55.0,0.0,55.0,55.0,55.0,55.0,1.0,0.0,1.0,0.0,0.0,0.0,0.9999999998181818,0.9999999998181818,55.0,0.0,0.0,55.0,1.0,0.0,0.0,0.0,0.0,0.9999999998181818,0.0,1.0,1.0,0.9999999998181818,0.9999999998181818,0.0,0.0,0.0,-3.636364542813908e-10,0.0,0.0,0.0
2243.0,2243.0,2243.0,0.0,2243.0,2243.0,2243.0,2243.0,1.0,0.0,1.0,0.0,0.0,0.0,0.9999999999955417,0.9999999999955417,2243.0,0.0,0.0,2243.0,1.0,0.0,0.0,0.0,0.0,0.9999999999955417,0.0,1.0,1.0,0.9999999999955417,0.9999999999955417,0.0,0.0,0.0,-8.916645199974482e-12,0.0,0.0,0.0
52.0,52.0,52.0,0.0,52.0,52.0,52.0,52.0,1.0,0.0,1.0,0.0,0.0,0.0,0.9999999998076923,0.9999999998076923,52.0,0.0,0.0,52.0,1.0,0.0,0.0,0.0,0.0,0.9999999998076923,0.0,1.0,1.0,0.9999999998076923,0.9999999998076923,0.0,0.0,0.0,-3.846154505993127e-10,0.0,0.0,0.0
100.0,100.0,100.0,0.0,100.0,100.0,100.0,100.0,1.0,0.0,1.0,0.0,0.0,0.0,0.9999999999000001,0.9999999999000001,100.0,0.0,0.0,100.0,1.0,0.0,0.0,0.0,0.0,0.9999999999000001,0.0,1.0,1.0,0.9999999999000001,0.9999999999000001,0.0,0.0,0.0,-1.9999979450346927e-10,0.0,0.0,0.0
111.0,111.0,111.0,0.0,111.0,111.0,111.0,111.0,1.0,0.0,1.0,0.0,0.0,0.0,0.99999999990991,0.99999999990991,111.0,0.0,0.0,111.0,1.0,0.0,0.0,0.0,0.0,0.99999999990991,0.0,1.0,1.0,0.99999999990991,0.99999999990991,0.0,0.0,0.0,-1.8018009306786098e-10,0.0,0.0,0.0
8750.0,8750.0,8750.0,0.0,8750.0,8750.0,8750.0,8750.0,1.0,0.0,1.0,0.0,0.0,0.0,0.999999999998857,0.999999999998857,8750.0,0.0,0.0,8750.0,1.0,0.0,0.0,0.0,0.0,0.999999999998857,0.0,1.0,1.0,0.999999999998857,0.999999999998857,0.0,0.0,0.0,-2.2859492077031973e-12,0.0,0.0,0.0
5282.0,5282.0,5282.0,0.0,5282.0,5282.0,5282.0,5282.0,1.0,0.0,1.0,0.0,0.0,0.0,0.9999999999981068,0.9999999999981068,5282.0,0.0,0.0,5282.0,1.0,0.0,0.0,0.0,0.0,0.9999999999981068,0.0,1.0,1.0,0.9999999999981068,0.9999999999981068,0.0,0.0,0.0,-3.786304603181634e-12,0.0,0.0,0.0
37.0,37.0,37.0,0.0,37.0,37.0,37.0,37.0,1.0,0.0,1.0,0.0,0.0,0.0,0.9999999997297297,0.9999999997297297,37.0,0.0,0.0,37.0,1.0,0.0,0.0,0.0,0.0,0.9999999997297297,0.0,1.0,1.0,0.9999999997297297,0.9999999997297297,0.0,0.0,0.0,-5.405405012481879e-10,0.0,0.0,0.0
8151.0,8151.0,8151.0,0.0,8151.0,8151.0,8151.0,8151.0,1.0,0.0,1.0,0.0,0.0,0.0,0.9999999999987732,0.9999999999987732,8151.0,0.0,0.0,8151.0,1.0,0.0,0.0,0.0,0.0,0.9999999999987732,0.0,1.0,1.0,0.9999999999987732,0.9999999999987732,0.0,0.0,0.0,-2.453592884421596e-12,0.0,0.0,0.0
9664.0,9664.0,9664.0,0.0,9664.0,9664.0,9664.0,9664.0,1.0,0.0,1.0,0.0,0.0,0.0,0.9999999999989652,0.9999999999989652,9664.0,0.0,0.0,9664.0,1.0,0.0,0.0,0.0,0.0,0.9999999999989652,0.0,1.0,1.0,0.9999999999989652,0.9999999999989652,0.0,0.0,0.0,-2.069677762506217e-12,0.0,0.0,0.0
375.0,375.0,375.0,0.0,375.0,375.0,375.0,375.0,1.0,0.0,1.0,0.0,0.0,0.0,0.9999999999733333,0.9999999999733333,375.0,0.0,0.0,375.0,1.0,0.0,0.0,0.0,0.0,0.9999999999733333,0.0,1.0,1.0,0.9999999999733333,0.9999999999733333,0.0,0.0,0.0,-5.333333774615312e-11,0.0,0.0,0.0
1576.0,1576.0,1576.0,0.0,1576.0,1576.0,1576.0,1576.0,1.0,0.0,1.0,0.0,0.0,0.0,0.9999999999936549,0.9999999999936549,1576.0,0.0,0.0,1576.0,1.0,0.0,0.0,0.0,0.0,0.9999999999936549,0.0,1.0,1.0,0.9999999999936549,0.9999999999936549,0.0,0.0,0.0,-1.269029326067539e-11,0.0,0.0,0.0
15.0,15.0,15.0,0.0,15.0,15.0,15.0,15.0,1.0,0.0,1.0,0.0,0.0,0.0,0.9999999993333333,0.9999999993333333,15.0,0.0,0.0,15.0,1.0,0.0,0.0,0.0,0.0,0.9999999993333333,0.0,1.0,1.0,0.9999999993333333,0.9999999993333333,0.0,0.0,0.0,-1.333333443653828e-09,0.0,0.0,0.0
158.0,158.0,158.0,0.0,158.0,158.0,158.0,158.0,1.0,0.0,1.0,0.0,0.0,0.0,0.9999999999367088,0.9999999999367088,158.0,0.0,0.0,158.0,1.0,0.0,0.0,0.0,0.0,0.9999999999367088,0.0,1.0,1.0,0.9999999999367088,0.9999999999367088,0.0,0.0,0.0,-1.2658230019724215e-10,0.0,0.0,0.0
495.0,495.0,495.0,0.0,495.0,495.0,495.0,495.0,1.0,0.0,1.0,0.0,0.0,0.0,0.9999999999797979,0.9999999999797979,495.0,0.0,0.0,495.0,1.0,0.0,0.0,0.0,0.0,0.9999999999797979,0.0,1.0,1.0,0.9999999999797979,0.9999999999797979,0.0,0.0,0.0,-4.04041244905784e-11,0.0,0.0,0.0
25.0,25.0,25.0,0.0,25.0,25.0,25.0,25.0,1.0,0.0,1.0,0.0,0.0,0.0,0.9999999996,0.9999999996,25.0,0.0,0.0,25.0,1.0,0.0,0.0,0.0,0.0,0.9999999996,0.0,1.0,1.0,0.9999999996,0.9999999996,0.0,0.0,0.0,-8.000000661922968e-10,0.0,0.0,0.0
39.0,39.0,39.0,0.0,39.0,39.0,39.0,39.0,1.0,0.0,1.0,0.0,0.0,0.0,0.9999999997435898,0.9999999997435898,39.0,0.0,0.0,39.0,1.0,0.0,0.0,0.0,0.0,0.9999999997435898,0.0,1.0,1.0,0.9999999997435898,0.9999999997435898,0.0,0.0,0.0,-5.12820452769347e-10,0.0,0.0,0.0
110.0,110.0,110.0,0.0,110.0,110.0,110.0,110.0,1.0,0.0,1.0,0.0,0.0,0.0,0.9999999999090909,0.9999999999090909,110.0,0.0,0.0,110.0,1.0,0.0,0.0,0.0,0.0,0.9999999999090909,0.0,1.0,1.0,0.9999999999090909,0.9999999999090909,0.0,0.0,0.0,-1.8181811611839294e-10,0.0,0.0,0.0
967.0,967.0,967.0,0.0,967.0,967.0,967.0,967.0,1.0,0.0,1.0,0.0,0.0,0.0,0.9999999999896587,0.9999999999896587,967.0,0.0,0.0,967.0,1.0,0.0,0.0,0.0,0.0,0.9999999999896587,0.0,1.0,1.0,0.9999999999896587,0.9999999999896587,0.0,0.0,0.0,-2.0682566770346966e-11,0.0,0.0,0.0
20.0,20.0,20.0,0.0,20.0,20.0,20.0,20.0,1.0,0.0,1.0,0.0,0.0,0.0,0.9999999995,0.9999999995,20.0,0.0,0.0,20.0,1.0,0.0,0.0,0.0,0.0,0.9999999995,0.0,1.0,1.0,0.9999999995,0.9999999995,0.0,0.0,0.0,-1.000000082740371e-09,0.0,0.0,0.0
7905.0,7905.0,7905.0,0.0,7905.0,7905.0,7905.0,7905.0,1.0,0.0,1.0,0.0,0.0,0.0,0.999999999998735,0.999999999998735,7905.0,0.0,0.0,7905.0,1.0,0.0,0.0,0.0,0.0,0.999999999998735,0.0,1.0,1.0,0.999999999998735,0.999999999998735,0.0,0.0,0.0,-2.5299762285158067e-12,0.0,0.0,0.0
36.0,36.0,36.0,0.0,36.0,36.0,36.0,36.0,1.0,0.0,1.0,0.0,0.0,0.0,0.9999999997222222,0.9999999997222222,36.0,0.0,0.0,36.0,1.0,0.0,0.0,0.0,0.0,0.9999999997222222,0.0,1.0,1.0,0.9999999997222222,0.9999999997222222,0.0,0.0,0.0,-5.555556015224283e-10,0.0,0.0,0.0
37.0,37.0,37.0,0.0,37.0,37.0,37.0,37.0,1.0,0.0,1.0,0.0,0.0,0.0,0.9999999997297297,0.9999999997297297,37.0,0.0,0.0,37.0,1.0,0.0,0.0,0.0,0.0,0.9999999997297297,0.0,1.0,1.0,0.9999999997297297,0.9999999997297297,0.0,0.0,0.0,-5.405405012481879e-10,0.0,0.0,0.0
43.0,43.0,43.0,0.0,43.0,43.0,43.0,43.0,1.0,0.0,1.0,0.0,0.0,0.0,0.9999999997674418,0.9999999997674418,43.0,0.0,0.0,43.0,1.0,0.0,0.0,0.0,0.0,0.9999999997674418,0.0,1.0,1.0,0.9999999997674418,0.9999999997674418,0.0,0.0,0.0,-4.6511638984725323e-10,0.0,0.0,0.0
255.0,255.0,255.0,0.0,255.0,255.0,255.0,255.0,1.0,0.0,1.0,0.0,0.0,0.0,0.9999999999607843,0.9999999999607843,255.0,0.0,0.0,255.0,1.0,0.0,0.0,0.0,0.0,0.9999999999607843,0.0,1.0,1.0,0.9999999999607843,0.9999999999607843,0.0,0.0,0.0,-7.843148353003926e-11,0.0,0.0,0.0
523.0,523.0,523.0,0.0,523.0,523.0,523.0,523.0,1.0,0.0,1.0,0.0,0.0,0.0,0.9999999999808795,0.9999999999808795,523.0,0.0,0.0,523.0,1.0,0.0,0.0,0.0,0.0,0.9999999999808795,0.0,1.0,1.0,0.9999999999808795,0.9999999999808795,0.0,0.0,0.0,-3.824096594939874e-11,0.0,0.0,0.0
323.0,323.0,323.0,0.0,323.0,323.0,323.0,323.0,1.0,0.0,1.0,0.0,0.0,0.0,0.9999999999690402,0.9999999999690402,323.0,0.0,0.0,323.0,1.0,0.0,0.0,0.0,0.0,0.9999999999690402,0.0,1.0,1.0,0.9999999999690402,0.9999999999690402,0.0,0.0,0.0,-6.191958057399916e-11,0.0,0.0,0.0
20494.0,20494.0,20494.0,0.0,20494.0,20494.0,20494.0,20494.0,1.0,0.0,1.0,0.0,0.0,0.0,0.9999999999995121,0.9999999999995121,20494.0,0.0,0.0,20494.0,1.0,0.0,0.0,0.0,0.0,0.9999999999995121,0.0,1.0,1.0,0.9999999999995121,0.9999999999995121,0.0,0.0,0.0,-9.758860386455126e-13,0.0,0.0,0.0
33371.0,33371.0,33371.0,0.0,33371.0,33371.0,33371.0,33371.0,1.0,0.0,1.0,0.0,0.0,0.0,0.9999999999997005,0.9999999999997005,33371.0,0.0,0.0,33371.0,1.0,0.0,0.0,0.0,0.0,0.9999999999997005,0.0,1.0,1.0,0.9999999999997005,0.9999999999997005,0.0,0.0,0.0,-5.990763440877345e-13,0.0,0.0,0.0
1239.0,1239.0,1239.0,0.0,1239.0,1239.0,1239.0,1239.0,1.0,0.0,1.0,0.0,0.0,0.0,0.999999999991929,0.999999999991929,1239.0,0.0,0.0,1239.0,1.0,0.0,0.0,0.0,0.0,0.999999999991929,0.0,1.0,1.0,0.999999999991929,0.999999999991929,0.0,0.0,0.0,-1.6141976644235e-11,0.0,0.0,0.0
60.0,60.0,60.0,0.0,60.0,60.0,60.0,60.0,1.0,0.0,1.0,0.0,0.0,0.0,0.9999999998333333,0.9999999998333333,60.0,0.0,0.0,60.0,1.0,0.0,0.0,0.0,0.0,0.9999999998333333,0.0,1.0,1.0,0.9999999998333333,0.9999999998333333,0.0,0.0,0.0,-3.33333360913457e-10,0.0,0.0,0.0
4126.0,4126.0,4126.0,0.0,4126.0,4126.0,4126.0,4126.0,1.0,0.0,1.0,0.0,0.0,0.0,0.9999999999975764,0.9999999999975764,4126.0,0.0,0.0,4126.0,1.0,0.0,0.0,0.0,0.0,0.9999999999975764,0.0,1.0,1.0,0.9999999999975764,0.9999999999975764,0.0,0.0,0.0,-4.8472337255134335e-12,0.0,0.0,0.0
6702.0,6702.0,6702.0,0.0,6702.0,6702.0,6702.0,6702.0,1.0,0.0,1.0,0.0,0.0,0.0,0.999999999998508,0.999999999998508,6702.0,0.0,0.0,6702.0,1.0,0.0,0.0,0.0,0.0,0.999999999998508,0.0,1.0,1.0,0.999999999998508,0.999999999998508,0.0,0.0,0.0,-2.9840574455874957e-12,0.0,0.0,0.0
39.0,39.0,39.0,0.0,39.0,39.0,39.0,39.0,1.0,0.0,1.0,0.0,0.0,0.0,0.9999999997435898,0.9999999997435898,39.0,0.0,0.0,39.0,1.0,0.0,0.0,0.0,0.0,0.9999999997435898,0.0,1.0,1.0,0.9999999997435898,0.9999999997435898,0.0,0.0,0.0,-5.12820452769347e-10,0.0,0.0,0.0
182.0,182.0,182.0,0.0,182.0,182.0,182.0,182.0,1.0,0.0,1.0,0.0,0.0,0.0,0.999999999945055,0.999999999945055,182.0,0.0,0.0,182.0,1.0,0.0,0.0,0.0,0.0,0.999999999945055,0.0,1.0,1.0,0.999999999945055,0.999999999945055,0.0,0.0,0.0,-1.0989009702200292e-10,0.0,0.0,0.0
35107.0,35107.0,35107.0,0.0,35107.0,35107.0,35107.0,35107.0,1.0,0.0,1.0,0.0,0.0,0.0,0.9999999999997152,0.9999999999997152,35107.0,0.0,0.0,35107.0,1.0,0.0,0.0,0.0,0.0,0.9999999999997152,0.0,1.0,1.0,0.9999999999997152,0.9999999999997152,0.0,0.0,0.0,-5.695444116327053e-13,0.0,0.0,0.0
21.0,21.0,21.0,0.0,21.0,21.0,21.0,21.0,1.0,0.0,1.0,0.0,0.0,0.0,0.9999999995238095,0.9999999995238095,21.0,0.0,0.0,21.0,1.0,0.0,0.0,0.0,0.0,0.9999999995238095,0.0,1.0,1.0,0.9999999995238095,0.9999999995238095,0.0,0.0,0.0,-9.523810629019636e-10,0.0,0.0,0.0
674.0,674.0,674.0,0.0,674.0,674.0,674.0,674.0,1.0,0.0,1.0,0.0,0.0,0.0,0.9999999999851632,0.9999999999851632,674.0,0.0,0.0,674.0,1.0,0.0,0.0,0.0,0.0,0.9999999999851632,0.0,1.0,1.0,0.9999999999851632,0.9999999999851632,0.0,0.0,0.0,-2.9673596912971334e-11,0.0,0.0,0.0
3684.0,3684.0,3684.0,0.0,3684.0,3684.0,3684.0,3684.0,1.0,0.0,1.0,0.0,0.0,0.0,0.9999999999972856,0.9999999999972856,3684.0,0.0,0.0,3684.0,1.0,0.0,0.0,0.0,0.0,0.9999999999972856,0.0,1.0,1.0,0.9999999999972856,0.9999999999972856,0.0,0.0,0.0,-5.4287685458120905e-12,0.0,0.0,0.0
1271.0,1271.0,1271.0,0.0,1271.0,1271.0,1271.0,1271.0,1.0,0.0,1.0,0.0,0.0,0.0,0.9999999999921323,0.9999999999921323,1271.0,0.0,0.0,1271.0,1.0,0.0,0.0,0.0,0.0,0.9999999999921323,0.0,1.0,1.0,0.9999999999921323,0.9999999999921323,0.0,0.0,0.0,-1.573541297261727e-11,0.0,0.0,0.0
1143.0,1143.0,1143.0,0.0,1143.0,1143.0,1143.0,1143.0,1.0,0.0,1.0,0.0,0.0,0.0,0.9999999999912512,0.9999999999912512,1143.0,0.0,0.0,1143.0,1.0,0.0,0.0,0.0,0.0,0.9999999999912512,0.0,1.0,1.0,0.9999999999912512,0.9999999999912512,0.0,0.0,0.0,-1.7497558957302317e-11,0.0,0.0,0.0
2544.0,2544.0,2544.0,0.0,2544.0,2544.0,2544.0,2544.0,1.0,0.0,1.0,0.0,0.0,0.0,0.9999999999960693,0.9999999999960693,2544.0,0.0,0.0,2544.0,1.0,0.0,0.0,0.0,0.0,0.9999999999960693,0.0,1.0,1.0,0.9999999999960693,0.9999999999960693,0.0,0.0,0.0,-7.861489237370733e-12,0.0,0.0,0.0
37.0,37.0,37.0,0.0,37.0,37.0,37.0,37.0,1.0,0.0,1.0,0.0,0.0,0.0,0.9999999997297297,0.9999999997297297,37.0,0.0,0.0,37.0,1.0,0.0,0.0,0.0,0.0,0.9999999997297297,0.0,1.0,1.0,0.9999999997297297,0.9999999997297297,0.0,0.0,0.0,-5.405405012481879e-10,0.0,0.0,0.0
10585.0,10585.0,10585.0,0.0,10585.0,10585.0,10585.0,10585.0,1.0,0.0,1.0,0.0,0.0,0.0,0.9999999999990552,0.9999999999990552,10585.0,0.0,0.0,10585.0,1.0,0.0,0.0,0.0,0.0,0.9999999999990552,0.0,1.0,1.0,0.9999999999990552,0.9999999999990552,0.0,0.0,0.0,-1.8895995879120164e-12,0.0,0.0,0.0
2845.0,2845.0,2845.0,0.0,2845.0,2845.0,2845.0,2845.0,1.0,0.0,1.0,0.0,0.0,0.0,0.9999999999964851,0.9999999999964851,2845.0,0.0,0.0,2845.0,1.0,0.0,0.0,0.0,0.0,0.9999999999964851,0.0,1.0,1.0,0.9999999999964851,0.9999999999964851,0.0,0.0,0.0,-7.029710147321566e-12,0.0,0.0,0.0
611.0,611.0,611.0,0.0,611.0,611.0,611.0,611.0,1.0,0.0,1.0,0.0,0.0,0.0,0.9999999999836334,0.9999999999836334,611.0,0.0,0.0,611.0,1.0,0.0,0.0,0.0,0.0,0.9999999999836334,0.0,1.0,1.0,0.9999999999836334,0.9999999999836334,0.0,0.0,0.0,-3.273314952423334e-11,0.0,0.0,0.0
235.0,235.0,235.0,0.0,235.0,235.0,235.0,235.0,1.0,0.0,1.0,0.0,0.0,0.0,0.9999999999574468,0.9999999999574468,235.0,0.0,0.0,235.0,1.0,0.0,0.0,0.0,0.0,0.9999999999574468,0.0,1.0,1.0,0.9999999999574468,0.9999999999574468,0.0,0.0,0.0,-8.510636639869062e-11,0.0,0.0,0.0
1457.0,1457.0,1457.0,0.0,1457.0,1457.0,1457.0,1457.0,1.0,0.0,1.0,0.0,0.0,0.0,0.9999999999931366,0.9999999999931366,1457.0,0.0,0.0,1457.0,1.0,0.0,0.0,0.0,0.0,0.9999999999931366,0.0,1.0,1.0,0.9999999999931366,0.9999999999931366,0.0,0.0,0.0,-1.3726797476465435e-11,0.0,0.0,0.0
46.0,46.0,46.0,0.0,46.0,46.0,46.0,46.0,1.0,0.0,1.0,0.0,0.0,0.0,0.9999999997826087,0.9999999997826087,46.0,0.0,0.0,46.0,1.0,0.0,0.0,0.0,0.0,0.9999999997826087,0.0,1.0,1.0,0.9999999997826087,0.9999999997826087,0.0,0.0,0.0,-4.347826543238398e-10,0.0,0.0,0.0
47.0,47.0,47.0,0.0,47.0,47.0,47.0,47.0,1.0,0.0,1.0,0.0,0.0,0.0,0.999999999787234,0.999999999787234,47.0,0.0,0.0,47.0,1.0,0.0,0.0,0.0,0.0,0.999999999787234,0.0,1.0,1.0,0.999999999787234,0.999999999787234,0.0,0.0,0.0,-4.2553205403805805e-10,0.0,0.0,0.0
10062.0,10062.0,10062.0,0.0,10062.0,10062.0,10062.0,10062.0,1.0,0.0,1.0,0.0,0.0,0.0,0.9999999999990061,0.9999999999990061,10062.0,0.0,0.0,10062.0,1.0,0.0,0.0,0.0,0.0,0.9999999999990061,0.0,1.0,1.0,0.9999999999990061,0.9999999999990061,0.0,0.0,0.0,-1.9877433032888803e-12,0.0,0.0,0.0
38.0,38.0,38.0,0.0,38.0,38.0,38.0,38.0,1.0,0.0,1.0,0.0,0.0,0.0,0.9999999997368421,0.9999999997368421,38.0,0.0,0.0,38.0,1.0,0.0,0.0,0.0,0.0,0.9999999997368421,0.0,1.0,1.0,0.9999999997368421,0.9999999997368421,0.0,0.0,0.0,-5.263158797674805e-10,0.0,0.0,0.0
41.0,41.0,41.0,0.0,41.0,41.0,41.0,41.0,1.0,0.0,1.0,0.0,0.0,0.0,0.9999999997560975,0.9999999997560975,41.0,0.0,0.0,41.0,1.0,0.0,0.0,0.0,0.0,0.9999999997560975,0.0,1.0,1.0,0.9999999997560975,0.9999999997560975,0.0,0.0,0.0,-4.878049075784929e-10,0.0,0.0,0.0
18.0,18.0,18.0,0.0,18.0,18.0,18.0,18.0,1.0,0.0,1.0,0.0,0.0,0.0,0.9999999994444444,0.9999999994444444,18.0,0.0,0.0,18.0,1.0,0.0,0.0,0.0,0.0,0.9999999994444444,0.0,1.0,1.0,0.9999999994444444,0.9999999994444444,0.0,0.0,0.0,-1.1111112030448567e-09,0.0,0.0,0.0
10.0,10.0,10.0,0.0,10.0,10.0,10.0,10.0,1.0,0.0,1.0,0.0,0.0,0.0,0.9999999989999999,0.9999999989999999,10.0,0.0,0.0,10.0,1.0,0.0,0.0,0.0,0.0,0.9999999989999999,0.0,1.0,1.0,0.9999999989999999,0.9999999989999999,0.0,0.0,0.0,-2.000000165480742e-09,0.0,0.0,0.0
319.0,319.0,319.0,0.0,319.0,319.0,319.0,319.0,1.0,0.0,1.0,0.0,0.0,0.0,0.999999999968652,0.999999999968652,319.0,0.0,0.0,319.0,1.0,0.0,0.0,0.0,0.0,0.999999999968652,0.0,1.0,1.0,0.999999999968652,0.999999999968652,0.0,0.0,0.0,-6.269607055742199e-11,0.0,0.0,0.0
167.0,167.0,167.0,0.0,167.0,167.0,167.0,167.0,1.0,0.0,1.0,0.0,0.0,0.0,0.9999999999401197,0.9999999999401197,167.0,0.0,0.0,167.0,1.0,0.0,0.0,0.0,0.0,0.9999999999401197,0.0,1.0,1.0,0.9999999999401197,0.9999999999401197,0.0,0.0,0.0,-1.1976064584473534e-10,0.0,0.0,0.0
211.0,211.0,211.0,0.0,211.0,211.0,211.0,211.0,1.0,0.0,1.0,0.0,0.0,0.0,0.9999999999526066,0.9999999999526066,211.0,0.0,0.0,211.0,1.0,0.0,0.0,0.0,0.0,0.9999999999526066,0.0,1.0,1.0,0.9999999999526066,0.9999999999526066,0.0,0.0,0.0,-9.478684503960721e-11,0.0,0.0,0.0
0.0,0.0,0.0,0.0,0.0,0.0,0.0,0.0,0.0,1.0,0.0,0.0,0.0,0.0,0.0,0.0,0.0,0.0,0.0,0.0,1.0,0.0,0.0,0.0,0.0,0.0,0.0,0.0,0.0,0.0,0.0,0.0,0.0,0.0,-2.0,0.0,0.0,0.0
67.0,67.0,67.0,0.0,67.0,67.0,67.0,67.0,1.0,0.0,1.0,0.0,0.0,0.0,0.9999999998507464,0.9999999998507464,67.0,0.0,0.0,67.0,1.0,0.0,0.0,0.0,0.0,0.9999999998507464,0.0,1.0,1.0,0.9999999998507464,0.9999999998507464,0.0,0.0,0.0,-2.985072189432003e-10,0.0,0.0,0.0
1741.0,1741.0,1741.0,0.0,1741.0,1741.0,1741.0,1741.0,1.0,0.0,1.0,0.0,0.0,0.0,0.9999999999942563,0.9999999999942563,1741.0,0.0,0.0,1741.0,1.0,0.0,0.0,0.0,0.0,0.9999999999942563,0.0,1.0,1.0,0.9999999999942563,0.9999999999942563,0.0,0.0,0.0,-1.1487477635796495e-11,0.0,0.0,0.0
260.0,260.0,260.0,0.0,260.0,260.0,260.0,260.0,1.0,0.0,1.0,0.0,0.0,0.0,0.9999999999615384,0.9999999999615384,260.0,0.0,0.0,260.0,1.0,0.0,0.0,0.0,0.0,0.9999999999615384,0.0,1.0,1.0,0.9999999999615384,0.9999999999615384,0.0,0.0,0.0,-7.692313452878352e-11,0.0,0.0,0.0
149.0,149.0,149.0,0.0,149.0,149.0,149.0,149.0,1.0,0.0,1.0,0.0,0.0,0.0,0.9999999999328859,0.9999999999328859,149.0,0.0,0.0,149.0,1.0,0.0,0.0,0.0,0.0,0.9999999999328859,0.0,1.0,1.0,0.9999999999328859,0.9999999999328859,0.0,0.0,0.0,-1.3422818412323068e-10,0.0,0.0,0.0
41.0,41.0,41.0,0.0,41.0,41.0,41.0,41.0,1.0,0.0,1.0,0.0,0.0,0.0,0.9999999997560975,0.9999999997560975,41.0,0.0,0.0,41.0,1.0,0.0,0.0,0.0,0.0,0.9999999997560975,0.0,1.0,1.0,0.9999999997560975,0.9999999997560975,0.0,0.0,0.0,-4.878049075784929e-10,0.0,0.0,0.0
71.0,71.0,71.0,0.0,71.0,71.0,71.0,71.0,1.0,0.0,1.0,0.0,0.0,0.0,0.999999999859155,0.999999999859155,71.0,0.0,0.0,71.0,1.0,0.0,0.0,0.0,0.0,0.999999999859155,0.0,1.0,1.0,0.999999999859155,0.999999999859155,0.0,0.0,0.0,-2.816900046553883e-10,0.0,0.0,0.0
14362.0,14362.0,14362.0,0.0,14362.0,14362.0,14362.0,14362.0,1.0,0.0,1.0,0.0,0.0,0.0,0.9999999999993037,0.9999999999993037,14362.0,0.0,0.0,14362.0,1.0,0.0,0.0,0.0,0.0,0.9999999999993037,0.0,1.0,1.0,0.9999999999993037,0.9999999999993037,0.0,0.0,0.0,-1.3926637620897964e-12,0.0,0.0,0.0
36.0,36.0,36.0,0.0,36.0,36.0,36.0,36.0,1.0,0.0,1.0,0.0,0.0,0.0,0.9999999997222222,0.9999999997222222,36.0,0.0,0.0,36.0,1.0,0.0,0.0,0.0,0.0,0.9999999997222222,0.0,1.0,1.0,0.9999999997222222,0.9999999997222222,0.0,0.0,0.0,-5.555556015224283e-10,0.0,0.0,0.0
15845.0,15845.0,15845.0,0.0,15845.0,15845.0,15845.0,15845.0,1.0,0.0,1.0,0.0,0.0,0.0,0.9999999999993688,0.9999999999993688,15845.0,0.0,0.0,15845.0,1.0,0.0,0.0,0.0,0.0,0.9999999999993688,0.0,1.0,1.0,0.9999999999993688,0.9999999999993688,0.0,0.0,0.0,-1.262323578998803e-12,0.0,0.0,0.0
1102.0,1102.0,1102.0,0.0,1102.0,1102.0,1102.0,1102.0,1.0,0.0,1.0,0.0,0.0,0.0,0.9999999999909257,0.9999999999909257,1102.0,0.0,0.0,1102.0,1.0,0.0,0.0,0.0,0.0,0.9999999999909257,0.0,1.0,1.0,0.9999999999909257,0.9999999999909257,0.0,0.0,0.0,-1.814859373894251e-11,0.0,0.0,0.0
220.0,220.0,220.0,0.0,220.0,220.0,220.0,220.0,1.0,0.0,1.0,0.0,0.0,0.0,0.9999999999545455,0.9999999999545455,220.0,0.0,0.0,220.0,1.0,0.0,0.0,0.0,0.0,0.9999999999545455,0.0,1.0,1.0,0.9999999999545455,0.9999999999545455,0.0,0.0,0.0,-9.090905805919647e-11,0.0,0.0,0.0
32058.0,32058.0,32058.0,0.0,32058.0,32058.0,32058.0,32058.0,1.0,0.0,1.0,0.0,0.0,0.0,0.999999999999688,0.999999999999688,32058.0,0.0,0.0,32058.0,1.0,0.0,0.0,0.0,0.0,0.999999999999688,0.0,1.0,1.0,0.999999999999688,0.999999999999688,0.0,0.0,0.0,-6.23945339839338e-13,0.0,0.0,0.0
288.0,288.0,288.0,0.0,288.0,288.0,288.0,288.0,1.0,0.0,1.0,0.0,0.0,0.0,0.9999999999652778,0.9999999999652778,288.0,0.0,0.0,288.0,1.0,0.0,0.0,0.0,0.0,0.9999999999652778,0.0,1.0,1.0,0.9999999999652778,0.9999999999652778,0.0,0.0,0.0,-6.944445019030354e-11,0.0,0.0,0.0
53801.0,53801.0,53801.0,0.0,53801.0,53801.0,53801.0,53801.0,1.0,0.0,1.0,0.0,0.0,0.0,0.9999999999998141,0.9999999999998141,53801.0,0.0,0.0,53801.0,1.0,0.0,0.0,0.0,0.0,0.9999999999998141,0.0,1.0,1.0,0.9999999999998141,0.9999999999998141,0.0,0.0,0.0,-3.717026686445024e-13,0.0,0.0,0.0
6610.0,6610.0,6610.0,0.0,6610.0,6610.0,6610.0,6610.0,1.0,0.0,1.0,0.0,0.0,0.0,0.9999999999984872,0.9999999999984872,6610.0,0.0,0.0,6610.0,1.0,0.0,0.0,0.0,0.0,0.9999999999984872,0.0,1.0,1.0,0.9999999999984872,0.9999999999984872,0.0,0.0,0.0,-3.0255797867084766e-12,0.0,0.0,0.0
324.0,324.0,324.0,0.0,324.0,324.0,324.0,324.0,1.0,0.0,1.0,0.0,0.0,0.0,0.9999999999691358,0.9999999999691358,324.0,0.0,0.0,324.0,1.0,0.0,0.0,0.0,0.0,0.9999999999691358,0.0,1.0,1.0,0.9999999999691358,0.9999999999691358,0.0,0.0,0.0,-6.17284001691587e-11,0.0,0.0,0.0
53.0,53.0,53.0,0.0,53.0,53.0,53.0,53.0,1.0,0.0,1.0,0.0,0.0,0.0,0.9999999998113207,0.9999999998113207,53.0,0.0,0.0,53.0,1.0,0.0,0.0,0.0,0.0,0.9999999998113207,0.0,1.0,1.0,0.9999999998113207,0.9999999998113207,0.0,0.0,0.0,-3.773585888211528e-10,0.0,0.0,0.0
8015.0,8015.0,8015.0,0.0,8015.0,8015.0,8015.0,8015.0,1.0,0.0,1.0,0.0,0.0,0.0,0.9999999999987523,0.9999999999987523,8015.0,0.0,0.0,8015.0,1.0,0.0,0.0,0.0,0.0,0.9999999999987523,0.0,1.0,1.0,0.9999999999987523,0.9999999999987523,0.0,0.0,0.0,-2.495337270147502e-12,0.0,0.0,0.0
253.0,253.0,253.0,0.0,253.0,253.0,253.0,253.0,1.0,0.0,1.0,0.0,0.0,0.0,0.9999999999604743,0.9999999999604743,253.0,0.0,0.0,253.0,1.0,0.0,0.0,0.0,0.0,0.9999999999604743,0.0,1.0,1.0,0.9999999999604743,0.9999999999604743,0.0,0.0,0.0,-7.905143206698995e-11,0.0,0.0,0.0
284.0,284.0,284.0,0.0,284.0,284.0,284.0,284.0,1.0,0.0,1.0,0.0,0.0,0.0,0.9999999999647887,0.9999999999647887,284.0,0.0,0.0,284.0,1.0,0.0,0.0,0.0,0.0,0.9999999999647887,0.0,1.0,1.0,0.9999999999647887,0.9999999999647887,0.0,0.0,0.0,-7.04225566749983e-11,0.0,0.0,0.0
7879.0,7879.0,7879.0,0.0,7879.0,7879.0,7879.0,7879.0,1.0,0.0,1.0,0.0,0.0,0.0,0.9999999999987308,0.9999999999987308,7879.0,0.0,0.0,7879.0,1.0,0.0,0.0,0.0,0.0,0.9999999999987308,0.0,1.0,1.0,0.9999999999987308,0.9999999999987308,0.0,0.0,0.0,-2.538413923502958e-12,0.0,0.0,0.0
28476.0,28476.0,28476.0,0.0,28476.0,28476.0,28476.0,28476.0,1.0,0.0,1.0,0.0,0.0,0.0,0.9999999999996488,0.9999999999996488,28476.0,0.0,0.0,28476.0,1.0,0.0,0.0,0.0,0.0,0.9999999999996488,0.0,1.0,1.0,0.9999999999996488,0.9999999999996488,0.0,0.0,0.0,-7.02327085377874e-13,0.0,0.0,0.0
26893.0,26893.0,26893.0,0.0,26893.0,26893.0,26893.0,26893.0,1.0,0.0,1.0,0.0,0.0,0.0,0.9999999999996281,0.9999999999996281,26893.0,0.0,0.0,26893.0,1.0,0.0,0.0,0.0,0.0,0.9999999999996281,0.0,1.0,1.0,0.9999999999996281,0.9999999999996281,0.0,0.0,0.0,-7.438494264988549e-13,0.0,0.0,0.0
370.0,370.0,370.0,0.0,370.0,370.0,370.0,370.0,1.0,0.0,1.0,0.0,0.0,0.0,0.999999999972973,0.999999999972973,370.0,0.0,0.0,370.0,1.0,0.0,0.0,0.0,0.0,0.999999999972973,0.0,1.0,1.0,0.999999999972973,0.999999999972973,0.0,0.0,0.0,-5.405409453373977e-11,0.0,0.0,0.0
6431.0,6431.0,6431.0,0.0,6431.0,6431.0,6431.0,6431.0,1.0,0.0,1.0,0.0,0.0,0.0,0.999999999998445,0.999999999998445,6431.0,0.0,0.0,6431.0,1.0,0.0,0.0,0.0,0.0,0.999999999998445,0.0,1.0,1.0,0.999999999998445,0.999999999998445,0.0,0.0,0.0,-3.1099567365799885e-12,0.0,0.0,0.0
503.0,503.0,503.0,0.0,503.0,503.0,503.0,503.0,1.0,0.0,1.0,0.0,0.0,0.0,0.9999999999801192,0.9999999999801192,503.0,0.0,0.0,503.0,1.0,0.0,0.0,0.0,0.0,0.9999999999801192,0.0,1.0,1.0,0.9999999999801192,0.9999999999801192,0.0,0.0,0.0,-3.9761527403925356e-11,0.0,0.0,0.0
8246.0,8246.0,8246.0,0.0,8246.0,8246.0,8246.0,8246.0,1.0,0.0,1.0,0.0,0.0,0.0,0.9999999999987872,0.9999999999987872,8246.0,0.0,0.0,8246.0,1.0,0.0,0.0,0.0,0.0,0.9999999999987872,0.0,1.0,1.0,0.9999999999987872,0.9999999999987872,0.0,0.0,0.0,-2.425615264201042e-12,0.0,0.0,0.0
17285.0,17285.0,17285.0,0.0,17285.0,17285.0,17285.0,17285.0,1.0,0.0,1.0,0.0,0.0,0.0,0.9999999999994215,0.9999999999994215,17285.0,0.0,0.0,17285.0,1.0,0.0,0.0,0.0,0.0,0.9999999999994215,0.0,1.0,1.0,0.9999999999994215,0.9999999999994215,0.0,0.0,0.0,-1.1570744362643381e-12,0.0,0.0,0.0
3406.0,3406.0,3406.0,0.0,3406.0,3406.0,3406.0,3406.0,1.0,0.0,1.0,0.0,0.0,0.0,0.999999999997064,0.999999999997064,3406.0,0.0,0.0,3406.0,1.0,0.0,0.0,0.0,0.0,0.999999999997064,0.0,1.0,1.0,0.999999999997064,0.999999999997064,0.0,0.0,0.0,-5.871969577242453e-12,0.0,0.0,0.0
3895.0,3895.0,3895.0,0.0,3895.0,3895.0,3895.0,3895.0,1.0,0.0,1.0,0.0,0.0,0.0,0.9999999999974326,0.9999999999974326,3895.0,0.0,0.0,3895.0,1.0,0.0,0.0,0.0,0.0,0.9999999999974326,0.0,1.0,1.0,0.9999999999974326,0.9999999999974326,0.0,0.0,0.0,-5.134781488891349e-12,0.0,0.0,0.0
261.0,261.0,261.0,0.0,261.0,261.0,261.0,261.0,1.0,0.0,1.0,0.0,0.0,0.0,0.9999999999616858,0.9999999999616858,261.0,0.0,0.0,261.0,1.0,0.0,0.0,0.0,0.0,0.9999999999616858,0.0,1.0,1.0,0.9999999999616858,0.9999999999616858,0.0,0.0,0.0,-7.6628481338048e-11,0.0,0.0,0.0
19.0,19.0,19.0,0.0,19.0,19.0,19.0,19.0,1.0,0.0,1.0,0.0,0.0,0.0,0.9999999994736841,0.9999999994736841,19.0,0.0,0.0,19.0,1.0,0.0,0.0,0.0,0.0,0.9999999994736841,0.0,1.0,1.0,0.9999999994736841,0.9999999994736841,0.0,0.0,0.0,-1.052631759534961e-09,0.0,0.0,0.0
1424.0,1424.0,1424.0,0.0,1424.0,1424.0,1424.0,1424.0,1.0,0.0,1.0,0.0,0.0,0.0,0.9999999999929776,0.9999999999929776,1424.0,0.0,0.0,1424.0,1.0,0.0,0.0,0.0,0.0,0.9999999999929776,0.0,1.0,1.0,0.9999999999929776,0.9999999999929776,0.0,0.0,0.0,-1.404476535071808e-11,0.0,0.0,0.0
47569.0,47569.0,47569.0,0.0,47569.0,47569.0,47569.0,47569.0,1.0,0.0,1.0,0.0,0.0,0.0,0.9999999999997898,0.9999999999997898,47569.0,0.0,0.0,47569.0,1.0,0.0,0.0,0.0,0.0,0.9999999999997898,0.0,1.0,1.0,0.9999999999997898,0.9999999999997898,0.0,0.0,0.0,-4.2033043712308427e-13,0.0,0.0,0.0
17494.0,17494.0,17494.0,0.0,17494.0,17494.0,17494.0,17494.0,1.0,0.0,1.0,0.0,0.0,0.0,0.9999999999994283,0.9999999999994283,17494.0,0.0,0.0,17494.0,1.0,0.0,0.0,0.0,0.0,0.9999999999994283,0.0,1.0,1.0,0.9999999999994283,0.9999999999994283,0.0,0.0,0.0,-1.1433076707589862e-12,0.0,0.0,0.0
103.0,103.0,103.0,0.0,103.0,103.0,103.0,103.0,1.0,0.0,1.0,0.0,0.0,0.0,0.9999999999029127,0.9999999999029127,103.0,0.0,0.0,103.0,1.0,0.0,0.0,0.0,0.0,0.9999999999029127,0.0,1.0,1.0,0.9999999999029127,0.9999999999029127,0.0,0.0,0.0,-1.94174676337866e-10,0.0,0.0,0.0
889.0,889.0,889.0,0.0,889.0,889.0,889.0,889.0,1.0,0.0,1.0,0.0,0.0,0.0,0.9999999999887514,0.9999999999887514,889.0,0.0,0.0,889.0,1.0,0.0,0.0,0.0,0.0,0.9999999999887514,0.0,1.0,1.0,0.9999999999887514,0.9999999999887514,0.0,0.0,0.0,-2.2497115281794322e-11,0.0,0.0,0.0
601.0,601.0,601.0,0.0,601.0,601.0,601.0,601.0,1.0,0.0,1.0,0.0,0.0,0.0,0.9999999999833611,0.9999999999833611,601.0,0.0,0.0,601.0,1.0,0.0,0.0,0.0,0.0,0.9999999999833611,0.0,1.0,1.0,0.9999999999833611,0.9999999999833611,0.0,0.0,0.0,-3.327782494011444e-11,0.0,0.0,0.0
682.0,682.0,682.0,0.0,682.0,682.0,682.0,682.0,1.0,0.0,1.0,0.0,0.0,0.0,0.9999999999853373,0.9999999999853373,682.0,0.0,0.0,682.0,1.0,0.0,0.0,0.0,0.0,0.9999999999853373,0.0,1.0,1.0,0.9999999999853373,0.9999999999853373,0.0,0.0,0.0,-2.9325430972448885e-11,0.0,0.0,0.0
20555.0,20555.0,20555.0,0.0,20555.0,20555.0,20555.0,20555.0,1.0,0.0,1.0,0.0,0.0,0.0,0.9999999999995135,0.9999999999995135,20555.0,0.0,0.0,20555.0,1.0,0.0,0.0,0.0,0.0,0.9999999999995135,0.0,1.0,1.0,0.9999999999995135,0.9999999999995135,0.0,0.0,0.0,-9.729994587814872e-13,0.0,0.0,0.0
849.0,849.0,849.0,0.0,849.0,849.0,849.0,849.0,1.0,0.0,1.0,0.0,0.0,0.0,0.9999999999882214,0.9999999999882214,849.0,0.0,0.0,849.0,1.0,0.0,0.0,0.0,0.0,0.9999999999882214,0.0,1.0,1.0,0.9999999999882214,0.9999999999882214,0.0,0.0,0.0,-2.355715622570642e-11,0.0,0.0,0.0
46006.0,46006.0,46006.0,0.0,46006.0,46006.0,46006.0,46006.0,1.0,0.0,1.0,0.0,0.0,0.0,0.9999999999997827,0.9999999999997827,46006.0,0.0,0.0,46006.0,1.0,0.0,0.0,0.0,0.0,0.9999999999997827,0.0,1.0,1.0,0.9999999999997827,0.9999999999997827,0.0,0.0,0.0,-4.3454129183828627e-13,0.0,0.0,0.0
6724.0,6724.0,6724.0,0.0,6724.0,6724.0,6724.0,6724.0,1.0,0.0,1.0,0.0,0.0,0.0,0.9999999999985129,0.9999999999985129,6724.0,0.0,0.0,6724.0,1.0,0.0,0.0,0.0,0.0,0.9999999999985129,0.0,1.0,1.0,0.9999999999985129,0.9999999999985129,0.0,0.0,0.0,-2.9742874829707944e-12,0.0,0.0,0.0
624.0,624.0,624.0,0.0,624.0,624.0,624.0,624.0,1.0,0.0,1.0,0.0,0.0,0.0,0.9999999999839744,0.9999999999839744,624.0,0.0,0.0,624.0,1.0,0.0,0.0,0.0,0.0,0.9999999999839744,0.0,1.0,1.0,0.9999999999839744,0.9999999999839744,0.0,0.0,0.0,-3.205125054250857e-11,0.0,0.0,0.0
1234.0,1234.0,1234.0,0.0,1234.0,1234.0,1234.0,1234.0,1.0,0.0,1.0,0.0,0.0,0.0,0.9999999999918964,0.9999999999918964,1234.0,0.0,0.0,1234.0,1.0,0.0,0.0,0.0,0.0,0.9999999999918964,0.0,1.0,1.0,0.9999999999918964,0.9999999999918964,0.0,0.0,0.0,-1.620725775808296e-11,0.0,0.0,0.0
23197.0,23197.0,23197.0,0.0,23197.0,23197.0,23197.0,23197.0,1.0,0.0,1.0,0.0,0.0,0.0,0.9999999999995689,0.9999999999995689,23197.0,0.0,0.0,23197.0,1.0,0.0,0.0,0.0,0.0,0.9999999999995689,0.0,1.0,1.0,0.9999999999995689,0.9999999999995689,0.0,0.0,0.0,-8.621992009238966e-13,0.0,0.0,0.0
10168.0,10168.0,10168.0,0.0,10168.0,10168.0,10168.0,10168.0,1.0,0.0,1.0,0.0,0.0,0.0,0.9999999999990165,0.9999999999990165,10168.0,0.0,0.0,10168.0,1.0,0.0,0.0,0.0,0.0,0.9999999999990165,0.0,1.0,1.0,0.9999999999990165,0.9999999999990165,0.0,0.0,0.0,-1.9670931550308524e-12,0.0,0.0,0.0
3908.0,3908.0,3908.0,0.0,3908.0,3908.0,3908.0,3908.0,1.0,0.0,1.0,0.0,0.0,0.0,0.9999999999974412,0.9999999999974412,3908.0,0.0,0.0,3908.0,1.0,0.0,0.0,0.0,0.0,0.9999999999974412,0.0,1.0,1.0,0.9999999999974412,0.9999999999974412,0.0,0.0,0.0,-5.1176840543121216e-12,0.0,0.0,0.0
21.0,21.0,21.0,0.0,21.0,21.0,21.0,21.0,1.0,0.0,1.0,0.0,0.0,0.0,0.9999999995238095,0.9999999995238095,21.0,0.0,0.0,21.0,1.0,0.0,0.0,0.0,0.0,0.9999999995238095,0.0,1.0,1.0,0.9999999995238095,0.9999999995238095,0.0,0.0,0.0,-9.523810629019636e-10,0.0,0.0,0.0
179.0,179.0,179.0,0.0,179.0,179.0,179.0,179.0,1.0,0.0,1.0,0.0,0.0,0.0,0.999999999944134,0.999999999944134,179.0,0.0,0.0,179.0,1.0,0.0,0.0,0.0,0.0,0.999999999944134,0.0,1.0,1.0,0.999999999944134,0.999999999944134,0.0,0.0,0.0,-1.1173195701985605e-10,0.0,0.0,0.0
96.0,96.0,96.0,0.0,96.0,96.0,96.0,96.0,1.0,0.0,1.0,0.0,0.0,0.0,0.9999999998958334,0.9999999998958334,96.0,0.0,0.0,96.0,1.0,0.0,0.0,0.0,0.0,0.9999999998958334,0.0,1.0,1.0,0.9999999998958334,0.9999999998958334,0.0,0.0,0.0,-2.083331285263057e-10,0.0,0.0,0.0
26592.0,26592.0,26592.0,0.0,26592.0,26592.0,26592.0,26592.0,1.0,0.0,1.0,0.0,0.0,0.0,0.999999999999624,0.999999999999624,26592.0,0.0,0.0,26592.0,1.0,0.0,0.0,0.0,0.0,0.999999999999624,0.0,1.0,1.0,0.999999999999624,0.999999999999624,0.0,0.0,0.0,-7.52065076881081e-13,0.0,0.0,0.0
4907.0,4907.0,4907.0,0.0,4907.0,4907.0,4907.0,4907.0,1.0,0.0,1.0,0.0,0.0,0.0,0.9999999999979621,0.9999999999979621,4907.0,0.0,0.0,4907.0,1.0,0.0,0.0,0.0,0.0,0.9999999999979621,0.0,1.0,1.0,0.9999999999979621,0.9999999999979621,0.0,0.0,0.0,-4.075850768003875e-12,0.0,0.0,0.0
122.0,122.0,122.0,0.0,122.0,122.0,122.0,122.0,1.0,0.0,1.0,0.0,0.0,0.0,0.9999999999180328,0.9999999999180328,122.0,0.0,0.0,122.0,1.0,0.0,0.0,0.0,0.0,0.9999999999180328,0.0,1.0,1.0,0.9999999999180328,0.9999999999180328,0.0,0.0,0.0,-1.63934421593126e-10,0.0,0.0,0.0
487.0,487.0,487.0,0.0,487.0,487.0,487.0,487.0,1.0,0.0,1.0,0.0,0.0,0.0,0.9999999999794661,0.9999999999794661,487.0,0.0,0.0,487.0,1.0,0.0,0.0,0.0,0.0,0.9999999999794661,0.0,1.0,1.0,0.9999999999794661,0.9999999999794661,0.0,0.0,0.0,-4.1067815814699316e-11,0.0,0.0,0.0
420.0,420.0,420.0,0.0,420.0,420.0,420.0,420.0,1.0,0.0,1.0,0.0,0.0,0.0,0.9999999999761905,0.9999999999761905,420.0,0.0,0.0,420.0,1.0,0.0,0.0,0.0,0.0,0.9999999999761905,0.0,1.0,1.0,0.9999999999761905,0.9999999999761905,0.0,0.0,0.0,-4.761901983840744e-11,0.0,0.0,0.0
957.0,957.0,957.0,0.0,957.0,957.0,957.0,957.0,1.0,0.0,1.0,0.0,0.0,0.0,0.9999999999895507,0.9999999999895507,957.0,0.0,0.0,957.0,1.0,0.0,0.0,0.0,0.0,0.9999999999895507,0.0,1.0,1.0,0.9999999999895507,0.9999999999895507,0.0,0.0,0.0,-2.0898616170939022e-11,0.0,0.0,0.0
62.0,62.0,62.0,0.0,62.0,62.0,62.0,62.0,1.0,0.0,1.0,0.0,0.0,0.0,0.9999999998387097,0.9999999998387097,62.0,0.0,0.0,62.0,1.0,0.0,0.0,0.0,0.0,0.9999999998387097,0.0,1.0,1.0,0.9999999998387097,0.9999999998387097,0.0,0.0,0.0,-3.2258062887535743e-10,0.0,0.0,0.0
75.0,75.0,75.0,0.0,75.0,75.0,75.0,75.0,1.0,0.0,1.0,0.0,0.0,0.0,0.9999999998666668,0.9999999998666668,75.0,0.0,0.0,75.0,1.0,0.0,0.0,0.0,0.0,0.9999999998666668,0.0,1.0,1.0,0.9999999998666668,0.9999999998666668,0.0,0.0,0.0,-2.666664666861607e-10,0.0,0.0,0.0
2472.0,2472.0,2472.0,0.0,2472.0,2472.0,2472.0,2472.0,1.0,0.0,1.0,0.0,0.0,0.0,0.9999999999959547,0.9999999999959547,2472.0,0.0,0.0,2472.0,1.0,0.0,0.0,0.0,0.0,0.9999999999959547,0.0,1.0,1.0,0.9999999999959547,0.9999999999959547,0.0,0.0,0.0,-8.090639269653366e-12,0.0,0.0,0.0
14322.0,14322.0,14322.0,0.0,14322.0,14322.0,14322.0,14322.0,1.0,0.0,1.0,0.0,0.0,0.0,0.9999999999993017,0.9999999999993017,14322.0,0.0,0.0,14322.0,1.0,0.0,0.0,0.0,0.0,0.9999999999993017,0.0,1.0,1.0,0.9999999999993017,0.9999999999993017,0.0,0.0,0.0,-1.396660564978447e-12,0.0,0.0,0.0
1689.0,1689.0,1689.0,0.0,1689.0,1689.0,1689.0,1689.0,1.0,0.0,1.0,0.0,0.0,0.0,0.9999999999940794,0.9999999999940794,1689.0,0.0,0.0,1689.0,1.0,0.0,0.0,0.0,0.0,0.9999999999940794,0.0,1.0,1.0,0.9999999999940794,0.9999999999940794,0.0,0.0,0.0,-1.184119469144207e-11,0.0,0.0,0.0
15630.0,15630.0,15630.0,0.0,15630.0,15630.0,15630.0,15630.0,1.0,0.0,1.0,0.0,0.0,0.0,0.9999999999993602,0.9999999999993602,15630.0,0.0,0.0,15630.0,1.0,0.0,0.0,0.0,0.0,0.9999999999993602,0.0,1.0,1.0,0.9999999999993602,0.9999999999993602,0.0,0.0,0.0,-1.2796430581829554e-12,0.0,0.0,0.0
118.0,118.0,118.0,0.0,118.0,118.0,118.0,118.0,1.0,0.0,1.0,0.0,0.0,0.0,0.9999999999152543,0.9999999999152543,118.0,0.0,0.0,118.0,1.0,0.0,0.0,0.0,0.0,0.9999999999152543,0.0,1.0,1.0,0.9999999999152543,0.9999999999152543,0.0,0.0,0.0,-1.6949130987597982e-10,0.0,0.0,0.0
1037.0,1037.0,1037.0,0.0,1037.0,1037.0,1037.0,1037.0,1.0,0.0,1.0,0.0,0.0,0.0,0.9999999999903569,0.9999999999903569,1037.0,0.0,0.0,1037.0,1.0,0.0,0.0,0.0,0.0,0.9999999999903569,0.0,1.0,1.0,0.9999999999903569,0.9999999999903569,0.0,0.0,0.0,-1.9286128249973444e-11,0.0,0.0,0.0
1431.0,1431.0,1431.0,0.0,1431.0,1431.0,1431.0,1431.0,1.0,0.0,1.0,0.0,0.0,0.0,0.9999999999930119,0.9999999999930119,1431.0,0.0,0.0,1431.0,1.0,0.0,0.0,0.0,0.0,0.9999999999930119,0.0,1.0,1.0,0.9999999999930119,0.9999999999930119,0.0,0.0,0.0,-1.3976153567796246e-11,0.0,0.0,0.0
1600.0,1600.0,1600.0,0.0,1600.0,1600.0,1600.0,1600.0,1.0,0.0,1.0,0.0,0.0,0.0,0.9999999999937501,0.9999999999937501,1600.0,0.0,0.0,1600.0,1.0,0.0,0.0,0.0,0.0,0.9999999999937501,0.0,1.0,1.0,0.9999999999937501,0.9999999999937501,0.0,0.0,0.0,-1.2499778989649712e-11,0.0,0.0,0.0
1843.0,1843.0,1843.0,0.0,1843.0,1843.0,1843.0,1843.0,1.0,0.0,1.0,0.0,0.0,0.0,0.9999999999945741,0.9999999999945741,1843.0,0.0,0.0,1843.0,1.0,0.0,0.0,0.0,0.0,0.9999999999945741,0.0,1.0,1.0,0.9999999999945741,0.9999999999945741,0.0,0.0,0.0,-1.085176393189613e-11,0.0,0.0,0.0
305.0,305.0,305.0,0.0,305.0,305.0,305.0,305.0,1.0,0.0,1.0,0.0,0.0,0.0,0.9999999999672131,0.9999999999672131,305.0,0.0,0.0,305.0,1.0,0.0,0.0,0.0,0.0,0.9999999999672131,0.0,1.0,1.0,0.9999999999672131,0.9999999999672131,0.0,0.0,0.0,-6.55737686372504e-11,0.0,0.0,0.0
1400.0,1400.0,1400.0,0.0,1400.0,1400.0,1400.0,1400.0,1.0,0.0,1.0,0.0,0.0,0.0,0.9999999999928573,0.9999999999928573,1400.0,0.0,0.0,1400.0,1.0,0.0,0.0,0.0,0.0,0.9999999999928573,0.0,1.0,1.0,0.9999999999928573,0.9999999999928573,0.0,0.0,0.0,-1.4285461702456814e-11,0.0,0.0,0.0
79.0,79.0,79.0,0.0,79.0,79.0,79.0,79.0,1.0,0.0,1.0,0.0,0.0,0.0,0.9999999998734178,0.9999999998734178,79.0,0.0,0.0,79.0,1.0,0.0,0.0,0.0,0.0,0.9999999998734178,0.0,1.0,1.0,0.9999999998734178,0.9999999998734178,0.0,0.0,0.0,-2.5316437834987937e-10,0.0,0.0,0.0
5727.0,5727.0,5727.0,0.0,5727.0,5727.0,5727.0,5727.0,1.0,0.0,1.0,0.0,0.0,0.0,0.999999999998254,0.999999999998254,5727.0,0.0,0.0,5727.0,1.0,0.0,0.0,0.0,0.0,0.999999999998254,0.0,1.0,1.0,0.999999999998254,0.999999999998254,0.0,0.0,0.0,-3.4920955016559674e-12,0.0,0.0,0.0
34746.0,34746.0,34746.0,0.0,34746.0,34746.0,34746.0,34746.0,1.0,0.0,1.0,0.0,0.0,0.0,0.9999999999997122,0.9999999999997122,34746.0,0.0,0.0,34746.0,1.0,0.0,0.0,0.0,0.0,0.9999999999997122,0.0,1.0,1.0,0.9999999999997122,0.9999999999997122,0.0,0.0,0.0,-5.755396159656812e-13,0.0,0.0,0.0
14894.0,14894.0,14894.0,0.0,14894.0,14894.0,14894.0,14894.0,1.0,0.0,1.0,0.0,0.0,0.0,0.9999999999993285,0.9999999999993285,14894.0,0.0,0.0,14894.0,1.0,0.0,0.0,0.0,0.0,0.9999999999993285,0.0,1.0,1.0,0.9999999999993285,0.9999999999993285,0.0,0.0,0.0,-1.3429257705865894e-12,0.0,0.0,0.0
30.0,30.0,30.0,0.0,30.0,30.0,30.0,30.0,1.0,0.0,1.0,0.0,0.0,0.0,0.9999999996666666,0.9999999996666666,30.0,0.0,0.0,30.0,1.0,0.0,0.0,0.0,0.0,0.9999999996666666,0.0,1.0,1.0,0.9999999996666666,0.9999999996666666,0.0,0.0,0.0,-6.66666721826914e-10,0.0,0.0,0.0
125.0,125.0,125.0,0.0,125.0,125.0,125.0,125.0,1.0,0.0,1.0,0.0,0.0,0.0,0.9999999999200001,0.9999999999200001,125.0,0.0,0.0,125.0,1.0,0.0,0.0,0.0,0.0,0.9999999999200001,0.0,1.0,1.0,0.9999999999200001,0.9999999999200001,0.0,0.0,0.0,-1.5999979119385443e-10,0.0,0.0,0.0
388.0,388.0,388.0,0.0,388.0,388.0,388.0,388.0,1.0,0.0,1.0,0.0,0.0,0.0,0.9999999999742268,0.9999999999742268,388.0,0.0,0.0,388.0,1.0,0.0,0.0,0.0,0.0,0.9999999999742268,0.0,1.0,1.0,0.9999999999742268,0.9999999999742268,0.0,0.0,0.0,-5.154632276571647e-11,0.0,0.0,0.0
110.0,110.0,110.0,0.0,110.0,110.0,110.0,110.0,1.0,0.0,1.0,0.0,0.0,0.0,0.9999999999090909,0.9999999999090909,110.0,0.0,0.0,110.0,1.0,0.0,0.0,0.0,0.0,0.9999999999090909,0.0,1.0,1.0,0.9999999999090909,0.9999999999090909,0.0,0.0,0.0,-1.8181811611839294e-10,0.0,0.0,0.0
20.0,20.0,20.0,0.0,20.0,20.0,20.0,20.0,1.0,0.0,1.0,0.0,0.0,0.0,0.9999999995,0.9999999995,20.0,0.0,0.0,20.0,1.0,0.0,0.0,0.0,0.0,0.9999999995,0.0,1.0,1.0,0.9999999995,0.9999999995,0.0,0.0,0.0,-1.000000082740371e-09,0.0,0.0,0.0
10229.0,10229.0,10229.0,0.0,10229.0,10229.0,10229.0,10229.0,1.0,0.0,1.0,0.0,0.0,0.0,0.9999999999990223,0.9999999999990223,10229.0,0.0,0.0,10229.0,1.0,0.0,0.0,0.0,0.0,0.9999999999990223,0.0,1.0,1.0,0.9999999999990223,0.9999999999990223,0.0,0.0,0.0,-1.9553247909698257e-12,0.0,0.0,0.0
9.0,9.0,9.0,0.0,9.0,9.0,9.0,9.0,1.0,0.0,1.0,0.0,0.0,0.0,0.9999999988888888,0.9999999988888888,9.0,0.0,0.0,9.0,1.0,0.0,0.0,0.0,0.0,0.9999999988888888,0.0,1.0,1.0,0.9999999988888888,0.9999999988888888,0.0,0.0,0.0,-2.2222224060897133e-09,0.0,0.0,0.0
234.0,234.0,234.0,0.0,234.0,234.0,234.0,234.0,1.0,0.0,1.0,0.0,0.0,0.0,0.999999999957265,0.999999999957265,234.0,0.0,0.0,234.0,1.0,0.0,0.0,0.0,0.0,0.999999999957265,0.0,1.0,1.0,0.999999999957265,0.999999999957265,0.0,0.0,0.0,-8.547007546155783e-11,0.0,0.0,0.0
459.0,459.0,459.0,0.0,459.0,459.0,459.0,459.0,1.0,0.0,1.0,0.0,0.0,0.0,0.9999999999782135,0.9999999999782135,459.0,0.0,0.0,459.0,1.0,0.0,0.0,0.0,0.0,0.9999999999782135,0.0,1.0,1.0,0.9999999999782135,0.9999999999782135,0.0,0.0,0.0,-4.357292304746352e-11,0.0,0.0,0.0
64.0,64.0,64.0,0.0,64.0,64.0,64.0,64.0,1.0,0.0,1.0,0.0,0.0,0.0,0.9999999998437501,0.9999999998437501,64.0,0.0,0.0,64.0,1.0,0.0,0.0,0.0,0.0,0.9999999998437501,0.0,1.0,1.0,0.9999999998437501,0.9999999998437501,0.0,0.0,0.0,-3.12499803811761e-10,0.0,0.0,0.0
4206.0,4206.0,4206.0,0.0,4206.0,4206.0,4206.0,4206.0,1.0,0.0,1.0,0.0,0.0,0.0,0.9999999999976225,0.9999999999976225,4206.0,0.0,0.0,4206.0,1.0,0.0,0.0,0.0,0.0,0.9999999999976225,0.0,1.0,1.0,0.9999999999976225,0.9999999999976225,0.0,0.0,0.0,-4.7550852144695455e-12,0.0,0.0,0.0
50.0,50.0,50.0,0.0,50.0,50.0,50.0,50.0,1.0,0.0,1.0,0.0,0.0,0.0,0.9999999998,0.9999999998,50.0,0.0,0.0,50.0,1.0,0.0,0.0,0.0,0.0,0.9999999998,0.0,1.0,1.0,0.9999999998,0.9999999998,0.0,0.0,0.0,-4.000000330961484e-10,0.0,0.0,0.0
117.0,117.0,117.0,0.0,117.0,117.0,117.0,117.0,1.0,0.0,1.0,0.0,0.0,0.0,0.9999999999145299,0.9999999999145299,117.0,0.0,0.0,117.0,1.0,0.0,0.0,0.0,0.0,0.9999999999145299,0.0,1.0,1.0,0.9999999999145299,0.9999999999145299,0.0,0.0,0.0,-1.7094015092311565e-10,0.0,0.0,0.0
69.0,69.0,69.0,0.0,69.0,69.0,69.0,69.0,1.0,0.0,1.0,0.0,0.0,0.0,0.9999999998550726,0.9999999998550726,69.0,0.0,0.0,69.0,1.0,0.0,0.0,0.0,0.0,0.9999999998550726,0.0,1.0,1.0,0.9999999998550726,0.9999999998550726,0.0,0.0,0.0,-2.898548068230866e-10,0.0,0.0,0.0
23190.0,23190.0,23190.0,0.0,23190.0,23190.0,23190.0,23190.0,1.0,0.0,1.0,0.0,0.0,0.0,0.9999999999995688,0.9999999999995688,23190.0,0.0,0.0,23190.0,1.0,0.0,0.0,0.0,0.0,0.9999999999995688,0.0,1.0,1.0,0.9999999999995688,0.9999999999995688,0.0,0.0,0.0,-8.624212455288216e-13,0.0,0.0,0.0
1124.0,1124.0,1124.0,0.0,1124.0,1124.0,1124.0,1124.0,1.0,0.0,1.0,0.0,0.0,0.0,0.9999999999911033,0.9999999999911033,1124.0,0.0,0.0,1124.0,1.0,0.0,0.0,0.0,0.0,0.9999999999911033,0.0,1.0,1.0,0.9999999999911033,0.9999999999911033,0.0,0.0,0.0,-1.779332237106246e-11,0.0,0.0,0.0
43.0,43.0,43.0,0.0,43.0,43.0,43.0,43.0,1.0,0.0,1.0,0.0,0.0,0.0,0.9999999997674418,0.9999999997674418,43.0,0.0,0.0,43.0,1.0,0.0,0.0,0.0,0.0,0.9999999997674418,0.0,1.0,1.0,0.9999999997674418,0.9999999997674418,0.0,0.0,0.0,-4.6511638984725323e-10,0.0,0.0,0.0
607.0,607.0,607.0,0.0,607.0,607.0,607.0,607.0,1.0,0.0,1.0,0.0,0.0,0.0,0.9999999999835255,0.9999999999835255,607.0,0.0,0.0,607.0,1.0,0.0,0.0,0.0,0.0,0.9999999999835255,0.0,1.0,1.0,0.9999999999835255,0.9999999999835255,0.0,0.0,0.0,-3.294897688022047e-11,0.0,0.0,0.0
7289.0,7289.0,7289.0,0.0,7289.0,7289.0,7289.0,7289.0,1.0,0.0,1.0,0.0,0.0,0.0,0.9999999999986281,0.9999999999986281,7289.0,0.0,0.0,7289.0,1.0,0.0,0.0,0.0,0.0,0.9999999999986281,0.0,1.0,1.0,0.9999999999986281,0.9999999999986281,0.0,0.0,0.0,-2.743805183058612e-12,0.0,0.0,0.0
29.0,29.0,29.0,0.0,29.0,29.0,29.0,29.0,1.0,0.0,1.0,0.0,0.0,0.0,0.9999999996551724,0.9999999996551724,29.0,0.0,0.0,29.0,1.0,0.0,0.0,0.0,0.0,0.9999999996551724,0.0,1.0,1.0,0.9999999996551724,0.9999999996551724,0.0,0.0,0.0,-6.896552218194074e-10,0.0,0.0,0.0
3161.0,3161.0,3161.0,0.0,3161.0,3161.0,3161.0,3161.0,1.0,0.0,1.0,0.0,0.0,0.0,0.9999999999968365,0.9999999999968365,3161.0,0.0,0.0,3161.0,1.0,0.0,0.0,0.0,0.0,0.9999999999968365,0.0,1.0,1.0,0.9999999999968365,0.9999999999968365,0.0,0.0,0.0,-6.326938972733842e-12,0.0,0.0,0.0
1365.0,1365.0,1365.0,0.0,1365.0,1365.0,1365.0,1365.0,1.0,0.0,1.0,0.0,0.0,0.0,0.9999999999926741,0.9999999999926741,1365.0,0.0,0.0,1365.0,1.0,0.0,0.0,0.0,0.0,0.9999999999926741,0.0,1.0,1.0,0.9999999999926741,0.9999999999926741,0.0,0.0,0.0,-1.4651835300583116e-11,0.0,0.0,0.0
20580.0,20580.0,20580.0,0.0,20580.0,20580.0,20580.0,20580.0,1.0,0.0,1.0,0.0,0.0,0.0,0.999999999999514,0.999999999999514,20580.0,0.0,0.0,20580.0,1.0,0.0,0.0,0.0,0.0,0.999999999999514,0.0,1.0,1.0,0.999999999999514,0.999999999999514,0.0,0.0,0.0,-9.71889235756862e-13,0.0,0.0,0.0
737.0,737.0,737.0,0.0,737.0,737.0,737.0,737.0,1.0,0.0,1.0,0.0,0.0,0.0,0.9999999999864315,0.9999999999864315,737.0,0.0,0.0,737.0,1.0,0.0,0.0,0.0,0.0,0.9999999999864315,0.0,1.0,1.0,0.9999999999864315,0.9999999999864315,0.0,0.0,0.0,-2.7136959346307776e-11,0.0,0.0,0.0
3933.0,3933.0,3933.0,0.0,3933.0,3933.0,3933.0,3933.0,1.0,0.0,1.0,0.0,0.0,0.0,0.9999999999974575,0.9999999999974575,3933.0,0.0,0.0,3933.0,1.0,0.0,0.0,0.0,0.0,0.9999999999974575,0.0,1.0,1.0,0.9999999999974575,0.9999999999974575,0.0,0.0,0.0,-5.085043497388142e-12,0.0,0.0,0.0
1377.0,1377.0,1377.0,0.0,1377.0,1377.0,1377.0,1377.0,1.0,0.0,1.0,0.0,0.0,0.0,0.9999999999927379,0.9999999999927379,1377.0,0.0,0.0,1377.0,1.0,0.0,0.0,0.0,0.0,0.9999999999927379,0.0,1.0,1.0,0.9999999999927379,0.9999999999927379,0.0,0.0,0.0,-1.4524159652751223e-11,0.0,0.0,0.0
202.0,202.0,202.0,0.0,202.0,202.0,202.0,202.0,1.0,0.0,1.0,0.0,0.0,0.0,0.999999999950495,0.999999999950495,202.0,0.0,0.0,202.0,1.0,0.0,0.0,0.0,0.0,0.999999999950495,0.0,1.0,1.0,0.999999999950495,0.999999999950495,0.0,0.0,0.0,-9.900991138067639e-11,0.0,0.0,0.0
1740.0,1740.0,1740.0,0.0,1740.0,1740.0,1740.0,1740.0,1.0,0.0,1.0,0.0,0.0,0.0,0.9999999999942529,0.9999999999942529,1740.0,0.0,0.0,1740.0,1.0,0.0,0.0,0.0,0.0,0.9999999999942529,0.0,1.0,1.0,0.9999999999942529,0.9999999999942529,0.0,0.0,0.0,-1.1494138973944246e-11,0.0,0.0,0.0
164.0,164.0,164.0,0.0,164.0,164.0,164.0,164.0,1.0,0.0,1.0,0.0,0.0,0.0,0.9999999999390243,0.9999999999390243,164.0,0.0,0.0,164.0,1.0,0.0,0.0,0.0,0.0,0.9999999999390243,0.0,1.0,1.0,0.9999999999390243,0.9999999999390243,0.0,0.0,0.0,-1.219513379169257e-10,0.0,0.0,0.0
1774.0,1774.0,1774.0,0.0,1774.0,1774.0,1774.0,1774.0,1.0,0.0,1.0,0.0,0.0,0.0,0.9999999999943631,0.9999999999943631,1774.0,0.0,0.0,1774.0,1.0,0.0,0.0,0.0,0.0,0.9999999999943631,0.0,1.0,1.0,0.9999999999943631,0.9999999999943631,0.0,0.0,0.0,-1.1273870725858615e-11,0.0,0.0,0.0
273.0,273.0,273.0,0.0,273.0,273.0,273.0,273.0,1.0,0.0,1.0,0.0,0.0,0.0,0.99999999996337,0.99999999996337,273.0,0.0,0.0,273.0,1.0,0.0,0.0,0.0,0.0,0.99999999996337,0.0,1.0,1.0,0.99999999996337,0.99999999996337,0.0,0.0,0.0,-7.326006468133528e-11,0.0,0.0,0.0
3179.0,3179.0,3179.0,0.0,3179.0,3179.0,3179.0,3179.0,1.0,0.0,1.0,0.0,0.0,0.0,0.9999999999968544,0.9999999999968544,3179.0,0.0,0.0,3179.0,1.0,0.0,0.0,0.0,0.0,0.9999999999968544,0.0,1.0,1.0,0.9999999999968544,0.9999999999968544,0.0,0.0,0.0,-6.291189791340912e-12,0.0,0.0,0.0
43.0,43.0,43.0,0.0,43.0,43.0,43.0,43.0,1.0,0.0,1.0,0.0,0.0,0.0,0.9999999997674418,0.9999999997674418,43.0,0.0,0.0,43.0,1.0,0.0,0.0,0.0,0.0,0.9999999997674418,0.0,1.0,1.0,0.9999999997674418,0.9999999997674418,0.0,0.0,0.0,-4.6511638984725323e-10,0.0,0.0,0.0
444.0,444.0,444.0,0.0,444.0,444.0,444.0,444.0,1.0,0.0,1.0,0.0,0.0,0.0,0.9999999999774775,0.9999999999774775,444.0,0.0,0.0,444.0,1.0,0.0,0.0,0.0,0.0,0.9999999999774775,0.0,1.0,1.0,0.9999999999774775,0.9999999999774775,0.0,0.0,0.0,-4.5045078778116476e-11,0.0,0.0,0.0
221.0,221.0,221.0,0.0,221.0,221.0,221.0,221.0,1.0,0.0,1.0,0.0,0.0,0.0,0.9999999999547511,0.9999999999547511,221.0,0.0,0.0,221.0,1.0,0.0,0.0,0.0,0.0,0.9999999999547511,0.0,1.0,1.0,0.9999999999547511,0.9999999999547511,0.0,0.0,0.0,-9.049783145087531e-11,0.0,0.0,0.0
1698.0,1698.0,1698.0,0.0,1698.0,1698.0,1698.0,1698.0,1.0,0.0,1.0,0.0,0.0,0.0,0.9999999999941108,0.9999999999941108,1698.0,0.0,0.0,1698.0,1.0,0.0,0.0,0.0,0.0,0.9999999999941108,0.0,1.0,1.0,0.9999999999941108,0.9999999999941108,0.0,0.0,0.0,-1.1778356068248286e-11,0.0,0.0,0.0
24046.0,24046.0,24046.0,0.0,24046.0,24046.0,24046.0,24046.0,1.0,0.0,1.0,0.0,0.0,0.0,0.9999999999995841,0.9999999999995841,24046.0,0.0,0.0,24046.0,1.0,0.0,0.0,0.0,0.0,0.9999999999995841,0.0,1.0,1.0,0.9999999999995841,0.9999999999995841,0.0,0.0,0.0,-8.317790900491673e-13,0.0,0.0,0.0
3901.0,3901.0,3901.0,0.0,3901.0,3901.0,3901.0,3901.0,1.0,0.0,1.0,0.0,0.0,0.0,0.9999999999974366,0.9999999999974366,3901.0,0.0,0.0,3901.0,1.0,0.0,0.0,0.0,0.0,0.9999999999974366,0.0,1.0,1.0,0.9999999999974366,0.9999999999974366,0.0,0.0,0.0,-5.126787883114048e-12,0.0,0.0,0.0
5092.0,5092.0,5092.0,0.0,5092.0,5092.0,5092.0,5092.0,1.0,0.0,1.0,0.0,0.0,0.0,0.9999999999980361,0.9999999999980361,5092.0,0.0,0.0,5092.0,1.0,0.0,0.0,0.0,0.0,0.9999999999980361,0.0,1.0,1.0,0.9999999999980361,0.9999999999980361,0.0,0.0,0.0,-3.927747016518879e-12,0.0,0.0,0.0
9253.0,9253.0,9253.0,0.0,9253.0,9253.0,9253.0,9253.0,1.0,0.0,1.0,0.0,0.0,0.0,0.9999999999989192,0.9999999999989192,9253.0,0.0,0.0,9253.0,1.0,0.0,0.0,0.0,0.0,0.9999999999989192,0.0,1.0,1.0,0.9999999999989192,0.9999999999989192,0.0,0.0,0.0,-2.1616042289451798e-12,0.0,0.0,0.0
4070.0,4070.0,4070.0,0.0,4070.0,4070.0,4070.0,4070.0,1.0,0.0,1.0,0.0,0.0,0.0,0.9999999999975431,0.9999999999975431,4070.0,0.0,0.0,4070.0,1.0,0.0,0.0,0.0,0.0,0.9999999999975431,0.0,1.0,1.0,0.9999999999975431,0.9999999999975431,0.0,0.0,0.0,-4.913847106990943e-12,0.0,0.0,0.0
34400.0,34400.0,34400.0,0.0,34400.0,34400.0,34400.0,34400.0,1.0,0.0,1.0,0.0,0.0,0.0,0.9999999999997093,0.9999999999997093,34400.0,0.0,0.0,34400.0,1.0,0.0,0.0,0.0,0.0,0.9999999999997093,0.0,1.0,1.0,0.9999999999997093,0.9999999999997093,0.0,0.0,0.0,-5.81312775693732e-13,0.0,0.0,0.0
416.0,416.0,416.0,0.0,416.0,416.0,416.0,416.0,1.0,0.0,1.0,0.0,0.0,0.0,0.9999999999759616,0.9999999999759616,416.0,0.0,0.0,416.0,1.0,0.0,0.0,0.0,0.0,0.9999999999759616,0.0,1.0,1.0,0.9999999999759616,0.9999999999759616,0.0,0.0,0.0,-4.8076875813762854e-11,0.0,0.0,0.0
41.0,41.0,41.0,0.0,41.0,41.0,41.0,41.0,1.0,0.0,1.0,0.0,0.0,0.0,0.9999999997560975,0.9999999997560975,41.0,0.0,0.0,41.0,1.0,0.0,0.0,0.0,0.0,0.9999999997560975,0.0,1.0,1.0,0.9999999997560975,0.9999999997560975,0.0,0.0,0.0,-4.878049075784929e-10,0.0,0.0,0.0
60852.0,60852.0,60852.0,0.0,60852.0,60852.0,60852.0,60852.0,1.0,0.0,1.0,0.0,0.0,0.0,0.9999999999998357,0.9999999999998357,60852.0,0.0,0.0,60852.0,1.0,0.0,0.0,0.0,0.0,0.9999999999998357,0.0,1.0,1.0,0.9999999999998357,0.9999999999998357,0.0,0.0,0.0,-3.2862601528904634e-13,0.0,0.0,0.0
48.0,48.0,48.0,0.0,48.0,48.0,48.0,48.0,1.0,0.0,1.0,0.0,0.0,0.0,0.9999999997916666,0.9999999997916666,48.0,0.0,0.0,48.0,1.0,0.0,0.0,0.0,0.0,0.9999999997916666,0.0,1.0,1.0,0.9999999997916666,0.9999999997916666,0.0,0.0,0.0,-4.1666670114182125e-10,0.0,0.0,0.0
3376.0,3376.0,3376.0,0.0,3376.0,3376.0,3376.0,3376.0,1.0,0.0,1.0,0.0,0.0,0.0,0.9999999999970379,0.9999999999970379,3376.0,0.0,0.0,3376.0,1.0,0.0,0.0,0.0,0.0,0.9999999999970379,0.0,1.0,1.0,0.9999999999970379,0.9999999999970379,0.0,0.0,0.0,-5.924150059399835e-12,0.0,0.0,0.0
1283.0,1283.0,1283.0,0.0,1283.0,1283.0,1283.0,1283.0,1.0,0.0,1.0,0.0,0.0,0.0,0.9999999999922059,0.9999999999922059,1283.0,0.0,0.0,1283.0,1.0,0.0,0.0,0.0,0.0,0.9999999999922059,0.0,1.0,1.0,0.9999999999922059,0.9999999999922059,0.0,0.0,0.0,-1.5588197399551973e-11,0.0,0.0,0.0
3086.0,3086.0,3086.0,0.0,3086.0,3086.0,3086.0,3086.0,1.0,0.0,1.0,0.0,0.0,0.0,0.9999999999967596,0.9999999999967596,3086.0,0.0,0.0,3086.0,1.0,0.0,0.0,0.0,0.0,0.9999999999967596,0.0,1.0,1.0,0.9999999999967596,0.9999999999967596,0.0,0.0,0.0,-6.480815883946889e-12,0.0,0.0,0.0
6245.0,6245.0,6245.0,0.0,6245.0,6245.0,6245.0,6245.0,1.0,0.0,1.0,0.0,0.0,0.0,0.9999999999983987,0.9999999999983987,6245.0,0.0,0.0,6245.0,1.0,0.0,0.0,0.0,0.0,0.9999999999983987,0.0,1.0,1.0,0.9999999999983987,0.9999999999983987,0.0,0.0,0.0,-3.2025493368337266e-12,0.0,0.0,0.0
496.0,496.0,496.0,0.0,496.0,496.0,496.0,496.0,1.0,0.0,1.0,0.0,0.0,0.0,0.9999999999798387,0.9999999999798387,496.0,0.0,0.0,496.0,1.0,0.0,0.0,0.0,0.0,0.9999999999798387,0.0,1.0,1.0,0.9999999999798387,0.9999999999798387,0.0,0.0,0.0,-4.032263412057091e-11,0.0,0.0,0.0
22783.0,22783.0,22783.0,0.0,22783.0,22783.0,22783.0,22783.0,1.0,0.0,1.0,0.0,0.0,0.0,0.999999999999561,0.999999999999561,22783.0,0.0,0.0,22783.0,1.0,0.0,0.0,0.0,0.0,0.999999999999561,0.0,1.0,1.0,0.999999999999561,0.999999999999561,0.0,0.0,0.0,-8.779643678735738e-13,0.0,0.0,0.0
11217.0,11217.0,11217.0,0.0,11217.0,11217.0,11217.0,11217.0,1.0,0.0,1.0,0.0,0.0,0.0,0.9999999999991084,0.9999999999991084,11217.0,0.0,0.0,11217.0,1.0,0.0,0.0,0.0,0.0,0.9999999999991084,0.0,1.0,1.0,0.9999999999991084,0.9999999999991084,0.0,0.0,0.0,-1.7832402221529264e-12,0.0,0.0,0.0
957.0,957.0,957.0,0.0,957.0,957.0,957.0,957.0,1.0,0.0,1.0,0.0,0.0,0.0,0.9999999999895507,0.9999999999895507,957.0,0.0,0.0,957.0,1.0,0.0,0.0,0.0,0.0,0.9999999999895507,0.0,1.0,1.0,0.9999999999895507,0.9999999999895507,0.0,0.0,0.0,-2.0898616170939022e-11,0.0,0.0,0.0
43.0,43.0,43.0,0.0,43.0,43.0,43.0,43.0,1.0,0.0,1.0,0.0,0.0,0.0,0.9999999997674418,0.9999999997674418,43.0,0.0,0.0,43.0,1.0,0.0,0.0,0.0,0.0,0.9999999997674418,0.0,1.0,1.0,0.9999999997674418,0.9999999997674418,0.0,0.0,0.0,-4.6511638984725323e-10,0.0,0.0,0.0
90.0,90.0,90.0,0.0,90.0,90.0,90.0,90.0,1.0,0.0,1.0,0.0,0.0,0.0,0.999999999888889,0.999999999888889,90.0,0.0,0.0,90.0,1.0,0.0,0.0,0.0,0.0,0.999999999888889,0.0,1.0,1.0,0.999999999888889,0.999999999888889,0.0,0.0,0.0,-2.222220185643664e-10,0.0,0.0,0.0
6374.0,6374.0,6374.0,0.0,6374.0,6374.0,6374.0,6374.0,1.0,0.0,1.0,0.0,0.0,0.0,0.9999999999984311,0.9999999999984311,6374.0,0.0,0.0,6374.0,1.0,0.0,0.0,0.0,0.0,0.9999999999984311,0.0,1.0,1.0,0.9999999999984311,0.9999999999984311,0.0,0.0,0.0,-3.1377123121956174e-12,0.0,0.0,0.0
1565.0,1565.0,1565.0,0.0,1565.0,1565.0,1565.0,1565.0,1.0,0.0,1.0,0.0,0.0,0.0,0.9999999999936103,0.9999999999936103,1565.0,0.0,0.0,1565.0,1.0,0.0,0.0,0.0,0.0,0.9999999999936103,0.0,1.0,1.0,0.9999999999936103,0.9999999999936103,0.0,0.0,0.0,-1.2779333147250327e-11,0.0,0.0,0.0
73.0,73.0,73.0,0.0,73.0,73.0,73.0,73.0,1.0,0.0,1.0,0.0,0.0,0.0,0.9999999998630138,0.9999999998630138,73.0,0.0,0.0,73.0,1.0,0.0,0.0,0.0,0.0,0.9999999998630138,0.0,1.0,1.0,0.9999999998630138,0.9999999998630138,0.0,0.0,0.0,-2.73972400322009e-10,0.0,0.0,0.0
1180.0,1180.0,1180.0,0.0,1180.0,1180.0,1180.0,1180.0,1.0,0.0,1.0,0.0,0.0,0.0,0.9999999999915256,0.9999999999915256,1180.0,0.0,0.0,1180.0,1.0,0.0,0.0,0.0,0.0,0.9999999999915256,0.0,1.0,1.0,0.9999999999915256,0.9999999999915256,0.0,0.0,0.0,-1.6948886738532565e-11,0.0,0.0,0.0
2255.0,2255.0,2255.0,0.0,2255.0,2255.0,2255.0,2255.0,1.0,0.0,1.0,0.0,0.0,0.0,0.9999999999955654,0.9999999999955654,2255.0,0.0,0.0,2255.0,1.0,0.0,0.0,0.0,0.0,0.9999999999955654,0.0,1.0,1.0,0.9999999999955654,0.9999999999955654,0.0,0.0,0.0,-8.869127654520526e-12,0.0,0.0,0.0
171.0,171.0,171.0,0.0,171.0,171.0,171.0,171.0,1.0,0.0,1.0,0.0,0.0,0.0,0.9999999999415204,0.9999999999415204,171.0,0.0,0.0,171.0,1.0,0.0,0.0,0.0,0.0,0.9999999999415204,0.0,1.0,1.0,0.9999999999415204,0.9999999999415204,0.0,0.0,0.0,-1.1695910906439622e-10,0.0,0.0,0.0
1682.0,1682.0,1682.0,0.0,1682.0,1682.0,1682.0,1682.0,1.0,0.0,1.0,0.0,0.0,0.0,0.9999999999940548,0.9999999999940548,1682.0,0.0,0.0,1682.0,1.0,0.0,0.0,0.0,0.0,0.9999999999940548,0.0,1.0,1.0,0.9999999999940548,0.9999999999940548,0.0,0.0,0.0,-1.1890488593735427e-11,0.0,0.0,0.0
20066.0,20066.0,20066.0,0.0,20066.0,20066.0,20066.0,20066.0,1.0,0.0,1.0,0.0,0.0,0.0,0.9999999999995016,0.9999999999995016,20066.0,0.0,0.0,20066.0,1.0,0.0,0.0,0.0,0.0,0.9999999999995016,0.0,1.0,1.0,0.9999999999995016,0.9999999999995016,0.0,0.0,0.0,-9.967582315084655e-13,0.0,0.0,0.0
368.0,368.0,368.0,0.0,368.0,368.0,368.0,368.0,1.0,0.0,1.0,0.0,0.0,0.0,0.9999999999728261,0.9999999999728261,368.0,0.0,0.0,368.0,1.0,0.0,0.0,0.0,0.0,0.9999999999728261,0.0,1.0,1.0,0.9999999999728261,0.9999999999728261,0.0,0.0,0.0,-5.434785954605559e-11,0.0,0.0,0.0
41.0,41.0,41.0,0.0,41.0,41.0,41.0,41.0,1.0,0.0,1.0,0.0,0.0,0.0,0.9999999997560975,0.9999999997560975,41.0,0.0,0.0,41.0,1.0,0.0,0.0,0.0,0.0,0.9999999997560975,0.0,1.0,1.0,0.9999999997560975,0.9999999997560975,0.0,0.0,0.0,-4.878049075784929e-10,0.0,0.0,0.0
61.0,61.0,61.0,0.0,61.0,61.0,61.0,61.0,1.0,0.0,1.0,0.0,0.0,0.0,0.9999999998360656,0.9999999998360656,61.0,0.0,0.0,61.0,1.0,0.0,0.0,0.0,0.0,0.9999999998360656,0.0,1.0,1.0,0.9999999998360656,0.9999999998360656,0.0,0.0,0.0,-3.27868843186252e-10,0.0,0.0,0.0
745.0,745.0,745.0,0.0,745.0,745.0,745.0,745.0,1.0,0.0,1.0,0.0,0.0,0.0,0.9999999999865772,0.9999999999865772,745.0,0.0,0.0,745.0,1.0,0.0,0.0,0.0,0.0,0.9999999999865772,0.0,1.0,1.0,0.9999999999865772,0.9999999999865772,0.0,0.0,0.0,-2.6845636824646135e-11,0.0,0.0,0.0
392.0,392.0,392.0,0.0,392.0,392.0,392.0,392.0,1.0,0.0,1.0,0.0,0.0,0.0,0.9999999999744897,0.9999999999744897,392.0,0.0,0.0,392.0,1.0,0.0,0.0,0.0,0.0,0.9999999999744897,0.0,1.0,1.0,0.9999999999744897,0.9999999999744897,0.0,0.0,0.0,-5.1020521141253994e-11,0.0,0.0,0.0
801.0,801.0,801.0,0.0,801.0,801.0,801.0,801.0,1.0,0.0,1.0,0.0,0.0,0.0,0.9999999999875155,0.9999999999875155,801.0,0.0,0.0,801.0,1.0,0.0,0.0,0.0,0.0,0.9999999999875155,0.0,1.0,1.0,0.9999999999875155,0.9999999999875155,0.0,0.0,0.0,-2.496891582381977e-11,0.0,0.0,0.0
120.0,120.0,120.0,0.0,120.0,120.0,120.0,120.0,1.0,0.0,1.0,0.0,0.0,0.0,0.9999999999166668,0.9999999999166668,120.0,0.0,0.0,120.0,1.0,0.0,0.0,0.0,0.0,0.9999999999166668,0.0,1.0,1.0,0.9999999999166668,0.9999999999166668,0.0,0.0,0.0,-1.6666645841212357e-10,0.0,0.0,0.0
53.0,53.0,53.0,0.0,53.0,53.0,53.0,53.0,1.0,0.0,1.0,0.0,0.0,0.0,0.9999999998113207,0.9999999998113207,53.0,0.0,0.0,53.0,1.0,0.0,0.0,0.0,0.0,0.9999999998113207,0.0,1.0,1.0,0.9999999998113207,0.9999999998113207,0.0,0.0,0.0,-3.773585888211528e-10,0.0,0.0,0.0
34.0,34.0,34.0,0.0,34.0,34.0,34.0,34.0,1.0,0.0,1.0,0.0,0.0,0.0,0.9999999997058824,0.9999999997058824,34.0,0.0,0.0,34.0,1.0,0.0,0.0,0.0,0.0,0.9999999997058824,0.0,1.0,1.0,0.9999999997058824,0.9999999997058824,0.0,0.0,0.0,-5.882352382968747e-10,0.0,0.0,0.0
106.0,106.0,106.0,0.0,106.0,106.0,106.0,106.0,1.0,0.0,1.0,0.0,0.0,0.0,0.9999999999056605,0.9999999999056605,106.0,0.0,0.0,106.0,1.0,0.0,0.0,0.0,0.0,0.9999999999056605,0.0,1.0,1.0,0.9999999999056605,0.9999999999056605,0.0,0.0,0.0,-1.8867907236597148e-10,0.0,0.0,0.0
4461.0,4461.0,4461.0,0.0,4461.0,4461.0,4461.0,4461.0,1.0,0.0,1.0,0.0,0.0,0.0,0.9999999999977583,0.9999999999977583,4461.0,0.0,0.0,4461.0,1.0,0.0,0.0,0.0,0.0,0.9999999999977583,0.0,1.0,1.0,0.9999999999977583,0.9999999999977583,0.0,0.0,0.0,-4.483302618041307e-12,0.0,0.0,0.0
26.0,26.0,26.0,0.0,26.0,26.0,26.0,26.0,1.0,0.0,1.0,0.0,0.0,0.0,0.9999999996153845,0.9999999996153845,26.0,0.0,0.0,26.0,1.0,0.0,0.0,0.0,0.0,0.9999999996153845,0.0,1.0,1.0,0.9999999996153845,0.9999999996153845,0.0,0.0,0.0,-7.692309011986254e-10,0.0,0.0,0.0
774.0,774.0,774.0,0.0,774.0,774.0,774.0,774.0,1.0,0.0,1.0,0.0,0.0,0.0,0.9999999999870801,0.9999999999870801,774.0,0.0,0.0,774.0,1.0,0.0,0.0,0.0,0.0,0.9999999999870801,0.0,1.0,1.0,0.9999999999870801,0.9999999999870801,0.0,0.0,0.0,-2.5839774764335743e-11,0.0,0.0,0.0
399.0,399.0,399.0,0.0,399.0,399.0,399.0,399.0,1.0,0.0,1.0,0.0,0.0,0.0,0.9999999999749373,0.9999999999749373,399.0,0.0,0.0,399.0,1.0,0.0,0.0,0.0,0.0,0.9999999999749373,0.0,1.0,1.0,0.9999999999749373,0.9999999999749373,0.0,0.0,0.0,-5.012545933880119e-11,0.0,0.0,0.0
7820.0,7820.0,7820.0,0.0,7820.0,7820.0,7820.0,7820.0,1.0,0.0,1.0,0.0,0.0,0.0,0.9999999999987212,0.9999999999987212,7820.0,0.0,0.0,7820.0,1.0,0.0,0.0,0.0,0.0,0.9999999999987212,0.0,1.0,1.0,0.9999999999987212,0.9999999999987212,0.0,0.0,0.0,-2.5575097595265106e-12,0.0,0.0,0.0
7753.0,7753.0,7753.0,0.0,7753.0,7753.0,7753.0,7753.0,1.0,0.0,1.0,0.0,0.0,0.0,0.9999999999987101,0.9999999999987101,7753.0,0.0,0.0,7753.0,1.0,0.0,0.0,0.0,0.0,0.9999999999987101,0.0,1.0,1.0,0.9999999999987101,0.9999999999987101,0.0,0.0,0.0,-2.5797142200190137e-12,0.0,0.0,0.0
3593.0,3593.0,3593.0,0.0,3593.0,3593.0,3593.0,3593.0,1.0,0.0,1.0,0.0,0.0,0.0,0.9999999999972169,0.9999999999972169,3593.0,0.0,0.0,3593.0,1.0,0.0,0.0,0.0,0.0,0.9999999999972169,0.0,1.0,1.0,0.9999999999972169,0.9999999999972169,0.0,0.0,0.0,-5.566214156260685e-12,0.0,0.0,0.0
99.0,99.0,99.0,0.0,99.0,99.0,99.0,99.0,1.0,0.0,1.0,0.0,0.0,0.0,0.9999999998989899,0.9999999998989899,99.0,0.0,0.0,99.0,1.0,0.0,0.0,0.0,0.0,0.9999999998989899,0.0,1.0,1.0,0.9999999998989899,0.9999999998989899,0.0,0.0,0.0,-2.0202017836368213e-10,0.0,0.0,0.0
6.0,6.0,6.0,0.0,6.0,6.0,6.0,6.0,1.0,0.0,1.0,0.0,0.0,0.0,0.9999999983333333,0.9999999983333333,6.0,0.0,0.0,6.0,1.0,0.0,0.0,0.0,0.0,0.9999999983333333,0.0,1.0,1.0,0.9999999983333333,0.9999999983333333,0.0,0.0,0.0,-3.333333387089965e-09,0.0,0.0,0.0
427.0,427.0,427.0,0.0,427.0,427.0,427.0,427.0,1.0,0.0,1.0,0.0,0.0,0.0,0.9999999999765807,0.9999999999765807,427.0,0.0,0.0,427.0,1.0,0.0,0.0,0.0,0.0,0.9999999999765807,0.0,1.0,1.0,0.9999999999765807,0.9999999999765807,0.0,0.0,0.0,-4.6838533052095954e-11,0.0,0.0,0.0
115.0,115.0,115.0,0.0,115.0,115.0,115.0,115.0,1.0,0.0,1.0,0.0,0.0,0.0,0.9999999999130436,0.9999999999130436,115.0,0.0,0.0,115.0,1.0,0.0,0.0,0.0,0.0,0.9999999999130436,0.0,1.0,1.0,0.9999999999130436,0.9999999999130436,0.0,0.0,0.0,-1.7391288409385197e-10,0.0,0.0,0.0
146.0,146.0,146.0,0.0,146.0,146.0,146.0,146.0,1.0,0.0,1.0,0.0,0.0,0.0,0.9999999999315068,0.9999999999315068,146.0,0.0,0.0,146.0,1.0,0.0,0.0,0.0,0.0,0.9999999999315068,0.0,1.0,1.0,0.9999999999315068,0.9999999999315068,0.0,0.0,0.0,-1.3698642220560941e-10,0.0,0.0,0.0
138.0,138.0,138.0,0.0,138.0,138.0,138.0,138.0,1.0,0.0,1.0,0.0,0.0,0.0,0.9999999999275362,0.9999999999275362,138.0,0.0,0.0,138.0,1.0,0.0,0.0,0.0,0.0,0.9999999999275362,0.0,1.0,1.0,0.9999999999275362,0.9999999999275362,0.0,0.0,0.0,-1.4492762545614823e-10,0.0,0.0,0.0
176.0,176.0,176.0,0.0,176.0,176.0,176.0,176.0,1.0,0.0,1.0,0.0,0.0,0.0,0.9999999999431818,0.9999999999431818,176.0,0.0,0.0,176.0,1.0,0.0,0.0,0.0,0.0,0.9999999999431818,0.0,1.0,1.0,0.9999999999431818,0.9999999999431818,0.0,0.0,0.0,-1.1363643359629805e-10,0.0,0.0,0.0
11590.0,11590.0,11590.0,0.0,11590.0,11590.0,11590.0,11590.0,1.0,0.0,1.0,0.0,0.0,0.0,0.9999999999991371,0.9999999999991371,11590.0,0.0,0.0,11590.0,1.0,0.0,0.0,0.0,0.0,0.9999999999991371,0.0,1.0,1.0,0.9999999999991371,0.9999999999991371,0.0,0.0,0.0,-1.7257306694773433e-12,0.0,0.0,0.0
6857.0,6857.0,6857.0,0.0,6857.0,6857.0,6857.0,6857.0,1.0,0.0,1.0,0.0,0.0,0.0,0.9999999999985416,0.9999999999985416,6857.0,0.0,0.0,6857.0,1.0,0.0,0.0,0.0,0.0,0.9999999999985416,0.0,1.0,1.0,0.9999999999985416,0.9999999999985416,0.0,0.0,0.0,-2.9167779302952113e-12,0.0,0.0,0.0
2871.0,2871.0,2871.0,0.0,2871.0,2871.0,2871.0,2871.0,1.0,0.0,1.0,0.0,0.0,0.0,0.9999999999965169,0.9999999999965169,2871.0,0.0,0.0,2871.0,1.0,0.0,0.0,0.0,0.0,0.9999999999965169,0.0,1.0,1.0,0.9999999999965169,0.9999999999965169,0.0,0.0,0.0,-6.966205390313007e-12,0.0,0.0,0.0
195.0,195.0,195.0,0.0,195.0,195.0,195.0,195.0,1.0,0.0,1.0,0.0,0.0,0.0,0.9999999999487179,0.9999999999487179,195.0,0.0,0.0,195.0,1.0,0.0,0.0,0.0,0.0,0.9999999999487179,0.0,1.0,1.0,0.9999999999487179,0.9999999999487179,0.0,0.0,0.0,-1.0256417937171136e-10,0.0,0.0,0.0
2467.0,2467.0,2467.0,0.0,2467.0,2467.0,2467.0,2467.0,1.0,0.0,1.0,0.0,0.0,0.0,0.9999999999959466,0.9999999999959466,2467.0,0.0,0.0,2467.0,1.0,0.0,0.0,0.0,0.0,0.9999999999959466,0.0,1.0,1.0,0.9999999999959466,0.9999999999959466,0.0,0.0,0.0,-8.106848525812893e-12,0.0,0.0,0.0
688.0,688.0,688.0,0.0,688.0,688.0,688.0,688.0,1.0,0.0,1.0,0.0,0.0,0.0,0.9999999999854651,0.9999999999854651,688.0,0.0,0.0,688.0,1.0,0.0,0.0,0.0,0.0,0.9999999999854651,0.0,1.0,1.0,0.9999999999854651,0.9999999999854651,0.0,0.0,0.0,-2.9069857632180174e-11,0.0,0.0,0.0
76.0,76.0,76.0,0.0,76.0,76.0,76.0,76.0,1.0,0.0,1.0,0.0,0.0,0.0,0.9999999998684211,0.9999999998684211,76.0,0.0,0.0,76.0,1.0,0.0,0.0,0.0,0.0,0.9999999998684211,0.0,1.0,1.0,0.9999999998684211,0.9999999998684211,0.0,0.0,0.0,-2.6315771783913533e-10,0.0,0.0,0.0
9974.0,9974.0,9974.0,0.0,9974.0,9974.0,9974.0,9974.0,1.0,0.0,1.0,0.0,0.0,0.0,0.9999999999989974,0.9999999999989974,9974.0,0.0,0.0,9974.0,1.0,0.0,0.0,0.0,0.0,0.9999999999989974,0.0,1.0,1.0,0.9999999999989974,0.9999999999989974,0.0,0.0,0.0,-2.0052848270779577e-12,0.0,0.0,0.0
20.0,20.0,20.0,0.0,20.0,20.0,20.0,20.0,1.0,0.0,1.0,0.0,0.0,0.0,0.9999999995,0.9999999995,20.0,0.0,0.0,20.0,1.0,0.0,0.0,0.0,0.0,0.9999999995,0.0,1.0,1.0,0.9999999995,0.9999999995,0.0,0.0,0.0,-1.000000082740371e-09,0.0,0.0,0.0
72.0,72.0,72.0,0.0,72.0,72.0,72.0,72.0,1.0,0.0,1.0,0.0,0.0,0.0,0.9999999998611112,0.9999999998611112,72.0,0.0,0.0,72.0,1.0,0.0,0.0,0.0,0.0,0.9999999998611112,0.0,1.0,1.0,0.9999999998611112,0.9999999998611112,0.0,0.0,0.0,-2.7777757871660924e-10,0.0,0.0,0.0
128.0,128.0,128.0,0.0,128.0,128.0,128.0,128.0,1.0,0.0,1.0,0.0,0.0,0.0,0.9999999999218749,0.9999999999218749,128.0,0.0,0.0,128.0,1.0,0.0,0.0,0.0,0.0,0.9999999999218749,0.0,1.0,1.0,0.9999999999218749,0.9999999999218749,0.0,0.0,0.0,-1.5625012395048543e-10,0.0,0.0,0.0
1839.0,1839.0,1839.0,0.0,1839.0,1839.0,1839.0,1839.0,1.0,0.0,1.0,0.0,0.0,0.0,0.9999999999945623,0.9999999999945623,1839.0,0.0,0.0,1839.0,1.0,0.0,0.0,0.0,0.0,0.9999999999945623,0.0,1.0,1.0,0.9999999999945623,0.9999999999945623,0.0,0.0,0.0,-1.0875300660018183e-11,0.0,0.0,0.0
530.0,530.0,530.0,0.0,530.0,530.0,530.0,530.0,1.0,0.0,1.0,0.0,0.0,0.0,0.9999999999811321,0.9999999999811321,530.0,0.0,0.0,530.0,1.0,0.0,0.0,0.0,0.0,0.9999999999811321,0.0,1.0,1.0,0.9999999999811321,0.9999999999811321,0.0,0.0,0.0,-3.7735814473194296e-11,0.0,0.0,0.0
16.0,16.0,16.0,0.0,16.0,16.0,16.0,16.0,1.0,0.0,1.0,0.0,0.0,0.0,0.999999999375,0.999999999375,16.0,0.0,0.0,16.0,1.0,0.0,0.0,0.0,0.0,0.999999999375,0.0,1.0,1.0,0.999999999375,0.999999999375,0.0,0.0,0.0,-1.2500001034254637e-09,0.0,0.0,0.0
85.0,85.0,85.0,0.0,85.0,85.0,85.0,85.0,1.0,0.0,1.0,0.0,0.0,0.0,0.999999999882353,0.999999999882353,85.0,0.0,0.0,85.0,1.0,0.0,0.0,0.0,0.0,0.999999999882353,0.0,1.0,1.0,0.999999999882353,0.999999999882353,0.0,0.0,0.0,-2.3529400650090793e-10,0.0,0.0,0.0
105.0,105.0,105.0,0.0,105.0,105.0,105.0,105.0,1.0,0.0,1.0,0.0,0.0,0.0,0.999999999904762,0.999999999904762,105.0,0.0,0.0,105.0,1.0,0.0,0.0,0.0,0.0,0.999999999904762,0.0,1.0,1.0,0.999999999904762,0.999999999904762,0.0,0.0,0.0,-1.9047607935362976e-10,0.0,0.0,0.0
12711.0,12711.0,12711.0,0.0,12711.0,12711.0,12711.0,12711.0,1.0,0.0,1.0,0.0,0.0,0.0,0.9999999999992132,0.9999999999992132,12711.0,0.0,0.0,12711.0,1.0,0.0,0.0,0.0,0.0,0.9999999999992132,0.0,1.0,1.0,0.9999999999992132,0.9999999999992132,0.0,0.0,0.0,-1.5736301151036969e-12,0.0,0.0,0.0
2717.0,2717.0,2717.0,0.0,2717.0,2717.0,2717.0,2717.0,1.0,0.0,1.0,0.0,0.0,0.0,0.9999999999963195,0.9999999999963195,2717.0,0.0,0.0,2717.0,1.0,0.0,0.0,0.0,0.0,0.9999999999963195,0.0,1.0,1.0,0.9999999999963195,0.9999999999963195,0.0,0.0,0.0,-7.361000697869713e-12,0.0,0.0,0.0
2003.0,2003.0,2003.0,0.0,2003.0,2003.0,2003.0,2003.0,1.0,0.0,1.0,0.0,0.0,0.0,0.9999999999950075,0.9999999999950075,2003.0,0.0,0.0,2003.0,1.0,0.0,0.0,0.0,0.0,0.9999999999950075,0.0,1.0,1.0,0.9999999999950075,0.9999999999950075,0.0,0.0,0.0,-9.984901794268808e-12,0.0,0.0,0.0
9973.0,9973.0,9973.0,0.0,9973.0,9973.0,9973.0,9973.0,1.0,0.0,1.0,0.0,0.0,0.0,0.9999999999989972,0.9999999999989972,9973.0,0.0,0.0,9973.0,1.0,0.0,0.0,0.0,0.0,0.9999999999989972,0.0,1.0,1.0,0.9999999999989972,0.9999999999989972,0.0,0.0,0.0,-2.0055068716828828e-12,0.0,0.0,0.0
4855.0,4855.0,4855.0,0.0,4855.0,4855.0,4855.0,4855.0,1.0,0.0,1.0,0.0,0.0,0.0,0.9999999999979403,0.9999999999979403,4855.0,0.0,0.0,4855.0,1.0,0.0,0.0,0.0,0.0,0.9999999999979403,0.0,1.0,1.0,0.9999999999979403,0.9999999999979403,0.0,0.0,0.0,-4.119371510569181e-12,0.0,0.0,0.0
11225.0,11225.0,11225.0,0.0,11225.0,11225.0,11225.0,11225.0,1.0,0.0,1.0,0.0,0.0,0.0,0.999999999999109,0.999999999999109,11225.0,0.0,0.0,11225.0,1.0,0.0,0.0,0.0,0.0,0.999999999999109,0.0,1.0,1.0,0.999999999999109,0.999999999999109,0.0,0.0,0.0,-1.7819079545233762e-12,0.0,0.0,0.0
537.0,537.0,537.0,0.0,537.0,537.0,537.0,537.0,1.0,0.0,1.0,0.0,0.0,0.0,0.999999999981378,0.999999999981378,537.0,0.0,0.0,537.0,1.0,0.0,0.0,0.0,0.0,0.999999999981378,0.0,1.0,1.0,0.999999999981378,0.999999999981378,0.0,0.0,0.0,-3.724398567328535e-11,0.0,0.0,0.0
864.0,864.0,864.0,0.0,864.0,864.0,864.0,864.0,1.0,0.0,1.0,0.0,0.0,0.0,0.9999999999884259,0.9999999999884259,864.0,0.0,0.0,864.0,1.0,0.0,0.0,0.0,0.0,0.9999999999884259,0.0,1.0,1.0,0.9999999999884259,0.9999999999884259,0.0,0.0,0.0,-2.3148150063434514e-11,0.0,0.0,0.0
22712.0,22712.0,22712.0,0.0,22712.0,22712.0,22712.0,22712.0,1.0,0.0,1.0,0.0,0.0,0.0,0.9999999999995597,0.9999999999995597,22712.0,0.0,0.0,22712.0,1.0,0.0,0.0,0.0,0.0,0.9999999999995597,0.0,1.0,1.0,0.9999999999995597,0.9999999999995597,0.0,0.0,0.0,-8.806289031326742e-13,0.0,0.0,0.0
614.0,614.0,614.0,0.0,614.0,614.0,614.0,614.0,1.0,0.0,1.0,0.0,0.0,0.0,0.9999999999837134,0.9999999999837134,614.0,0.0,0.0,614.0,1.0,0.0,0.0,0.0,0.0,0.9999999999837134,0.0,1.0,1.0,0.9999999999837134,0.9999999999837134,0.0,0.0,0.0,-3.257327740868732e-11,0.0,0.0,0.0
18.0,18.0,18.0,0.0,18.0,18.0,18.0,18.0,1.0,0.0,1.0,0.0,0.0,0.0,0.9999999994444444,0.9999999994444444,18.0,0.0,0.0,18.0,1.0,0.0,0.0,0.0,0.0,0.9999999994444444,0.0,1.0,1.0,0.9999999994444444,0.9999999994444444,0.0,0.0,0.0,-1.1111112030448567e-09,0.0,0.0,0.0
19566.0,19566.0,19566.0,0.0,19566.0,19566.0,19566.0,19566.0,1.0,0.0,1.0,0.0,0.0,0.0,0.9999999999994889,0.9999999999994889,19566.0,0.0,0.0,19566.0,1.0,0.0,0.0,0.0,0.0,0.9999999999994889,0.0,1.0,1.0,0.9999999999994889,0.9999999999994889,0.0,0.0,0.0,-1.0222933610748441e-12,0.0,0.0,0.0
285.0,285.0,285.0,0.0,285.0,285.0,285.0,285.0,1.0,0.0,1.0,0.0,0.0,0.0,0.9999999999649123,0.9999999999649123,285.0,0.0,0.0,285.0,1.0,0.0,0.0,0.0,0.0,0.9999999999649123,0.0,1.0,1.0,0.9999999999649123,0.9999999999649123,0.0,0.0,0.0,-7.017542102971674e-11,0.0,0.0,0.0
13135.0,13135.0,13135.0,0.0,13135.0,13135.0,13135.0,13135.0,1.0,0.0,1.0,0.0,0.0,0.0,0.9999999999992386,0.9999999999992386,13135.0,0.0,0.0,13135.0,1.0,0.0,0.0,0.0,0.0,0.9999999999992386,0.0,1.0,1.0,0.9999999999992386,0.9999999999992386,0.0,0.0,0.0,-1.5227819005758647e-12,0.0,0.0,0.0
128.0,128.0,128.0,0.0,128.0,128.0,128.0,128.0,1.0,0.0,1.0,0.0,0.0,0.0,0.9999999999218749,0.9999999999218749,128.0,0.0,0.0,128.0,1.0,0.0,0.0,0.0,0.0,0.9999999999218749,0.0,1.0,1.0,0.9999999999218749,0.9999999999218749,0.0,0.0,0.0,-1.5625012395048543e-10,0.0,0.0,0.0
58.0,58.0,58.0,0.0,58.0,58.0,58.0,58.0,1.0,0.0,1.0,0.0,0.0,0.0,0.9999999998275861,0.9999999998275861,58.0,0.0,0.0,58.0,1.0,0.0,0.0,0.0,0.0,0.9999999998275861,0.0,1.0,1.0,0.9999999998275861,0.9999999998275861,0.0,0.0,0.0,-3.4482772193200617e-10,0.0,0.0,0.0
33.0,33.0,33.0,0.0,33.0,33.0,33.0,33.0,1.0,0.0,1.0,0.0,0.0,0.0,0.9999999996969696,0.9999999996969696,33.0,0.0,0.0,33.0,1.0,0.0,0.0,0.0,0.0,0.9999999996969696,0.0,1.0,1.0,0.9999999996969696,0.9999999996969696,0.0,0.0,0.0,-6.060607571356513e-10,0.0,0.0,0.0
29.0,29.0,29.0,0.0,29.0,29.0,29.0,29.0,1.0,0.0,1.0,0.0,0.0,0.0,0.9999999996551724,0.9999999996551724,29.0,0.0,0.0,29.0,1.0,0.0,0.0,0.0,0.0,0.9999999996551724,0.0,1.0,1.0,0.9999999996551724,0.9999999996551724,0.0,0.0,0.0,-6.896552218194074e-10,0.0,0.0,0.0
50.0,50.0,50.0,0.0,50.0,50.0,50.0,50.0,1.0,0.0,1.0,0.0,0.0,0.0,0.9999999998,0.9999999998,50.0,0.0,0.0,50.0,1.0,0.0,0.0,0.0,0.0,0.9999999998,0.0,1.0,1.0,0.9999999998,0.9999999998,0.0,0.0,0.0,-4.000000330961484e-10,0.0,0.0,0.0
38.0,38.0,38.0,0.0,38.0,38.0,38.0,38.0,1.0,0.0,1.0,0.0,0.0,0.0,0.9999999997368421,0.9999999997368421,38.0,0.0,0.0,38.0,1.0,0.0,0.0,0.0,0.0,0.9999999997368421,0.0,1.0,1.0,0.9999999997368421,0.9999999997368421,0.0,0.0,0.0,-5.263158797674805e-10,0.0,0.0,0.0
267.0,267.0,267.0,0.0,267.0,267.0,267.0,267.0,1.0,0.0,1.0,0.0,0.0,0.0,0.9999999999625467,0.9999999999625467,267.0,0.0,0.0,267.0,1.0,0.0,0.0,0.0,0.0,0.9999999999625467,0.0,1.0,1.0,0.9999999999625467,0.9999999999625467,0.0,0.0,0.0,-7.490652542685439e-11,0.0,0.0,0.0
73.0,73.0,73.0,0.0,73.0,73.0,73.0,73.0,1.0,0.0,1.0,0.0,0.0,0.0,0.9999999998630138,0.9999999998630138,73.0,0.0,0.0,73.0,1.0,0.0,0.0,0.0,0.0,0.9999999998630138,0.0,1.0,1.0,0.9999999998630138,0.9999999998630138,0.0,0.0,0.0,-2.73972400322009e-10,0.0,0.0,0.0
12.0,12.0,12.0,0.0,12.0,12.0,12.0,12.0,1.0,0.0,1.0,0.0,0.0,0.0,0.9999999991666666,0.9999999991666666,12.0,0.0,0.0,12.0,1.0,0.0,0.0,0.0,0.0,0.9999999991666666,0.0,1.0,1.0,0.9999999991666666,0.9999999991666666,0.0,0.0,0.0,-1.666666804567285e-09,0.0,0.0,0.0
144.0,144.0,144.0,0.0,144.0,144.0,144.0,144.0,1.0,0.0,1.0,0.0,0.0,0.0,0.9999999999305555,0.9999999999305555,144.0,0.0,0.0,144.0,1.0,0.0,0.0,0.0,0.0,0.9999999999305555,0.0,1.0,1.0,0.9999999999305555,0.9999999999305555,0.0,0.0,0.0,-1.3888890038060708e-10,0.0,0.0,0.0
54.0,54.0,54.0,0.0,54.0,54.0,54.0,54.0,1.0,0.0,1.0,0.0,0.0,0.0,0.9999999998148148,0.9999999998148148,54.0,0.0,0.0,54.0,1.0,0.0,0.0,0.0,0.0,0.9999999998148148,0.0,1.0,1.0,0.9999999998148148,0.9999999998148148,0.0,0.0,0.0,-3.703704010149522e-10,0.0,0.0,0.0
1382.0,1382.0,1382.0,0.0,1382.0,1382.0,1382.0,1382.0,1.0,0.0,1.0,0.0,0.0,0.0,0.9999999999927642,0.9999999999927642,1382.0,0.0,0.0,1382.0,1.0,0.0,0.0,0.0,0.0,0.9999999999927642,0.0,1.0,1.0,0.9999999999927642,0.9999999999927642,0.0,0.0,0.0,-1.447153508138399e-11,0.0,0.0,0.0
63.0,63.0,63.0,0.0,63.0,63.0,63.0,63.0,1.0,0.0,1.0,0.0,0.0,0.0,0.9999999998412699,0.9999999998412699,63.0,0.0,0.0,63.0,1.0,0.0,0.0,0.0,0.0,0.9999999998412699,0.0,1.0,1.0,0.9999999998412699,0.9999999998412699,0.0,0.0,0.0,-3.174602802857862e-10,0.0,0.0,0.0
18.0,18.0,18.0,0.0,18.0,18.0,18.0,18.0,1.0,0.0,1.0,0.0,0.0,0.0,0.9999999994444444,0.9999999994444444,18.0,0.0,0.0,18.0,1.0,0.0,0.0,0.0,0.0,0.9999999994444444,0.0,1.0,1.0,0.9999999994444444,0.9999999994444444,0.0,0.0,0.0,-1.1111112030448567e-09,0.0,0.0,0.0
131.0,131.0,131.0,0.0,131.0,131.0,131.0,131.0,1.0,0.0,1.0,0.0,0.0,0.0,0.9999999999236641,0.9999999999236641,131.0,0.0,0.0,131.0,1.0,0.0,0.0,0.0,0.0,0.9999999999236641,0.0,1.0,1.0,0.9999999999236641,0.9999999999236641,0.0,0.0,0.0,-1.5267187514211855e-10,0.0,0.0,0.0
71.0,71.0,71.0,0.0,71.0,71.0,71.0,71.0,1.0,0.0,1.0,0.0,0.0,0.0,0.999999999859155,0.999999999859155,71.0,0.0,0.0,71.0,1.0,0.0,0.0,0.0,0.0,0.999999999859155,0.0,1.0,1.0,0.999999999859155,0.999999999859155,0.0,0.0,0.0,-2.816900046553883e-10,0.0,0.0,0.0
44.0,44.0,44.0,0.0,44.0,44.0,44.0,44.0,1.0,0.0,1.0,0.0,0.0,0.0,0.9999999997727272,0.9999999997727272,44.0,0.0,0.0,44.0,1.0,0.0,0.0,0.0,0.0,0.9999999997727272,0.0,1.0,1.0,0.9999999997727272,0.9999999997727272,0.0,0.0,0.0,-4.5454551234058727e-10,0.0,0.0,0.0
772.0,772.0,772.0,0.0,772.0,772.0,772.0,772.0,1.0,0.0,1.0,0.0,0.0,0.0,0.9999999999870466,0.9999999999870466,772.0,0.0,0.0,772.0,1.0,0.0,0.0,0.0,0.0,0.9999999999870466,0.0,1.0,1.0,0.9999999999870466,0.9999999999870466,0.0,0.0,0.0,-2.5906832235023103e-11,0.0,0.0,0.0
36.0,36.0,36.0,0.0,36.0,36.0,36.0,36.0,1.0,0.0,1.0,0.0,0.0,0.0,0.9999999997222222,0.9999999997222222,36.0,0.0,0.0,36.0,1.0,0.0,0.0,0.0,0.0,0.9999999997222222,0.0,1.0,1.0,0.9999999997222222,0.9999999997222222,0.0,0.0,0.0,-5.555556015224283e-10,0.0,0.0,0.0
54.0,54.0,54.0,0.0,54.0,54.0,54.0,54.0,1.0,0.0,1.0,0.0,0.0,0.0,0.9999999998148148,0.9999999998148148,54.0,0.0,0.0,54.0,1.0,0.0,0.0,0.0,0.0,0.9999999998148148,0.0,1.0,1.0,0.9999999998148148,0.9999999998148148,0.0,0.0,0.0,-3.703704010149522e-10,0.0,0.0,0.0
9.0,9.0,9.0,0.0,9.0,9.0,9.0,9.0,1.0,0.0,1.0,0.0,0.0,0.0,0.9999999988888888,0.9999999988888888,9.0,0.0,0.0,9.0,1.0,0.0,0.0,0.0,0.0,0.9999999988888888,0.0,1.0,1.0,0.9999999988888888,0.9999999988888888,0.0,0.0,0.0,-2.2222224060897133e-09,0.0,0.0,0.0
3989.0,3989.0,3989.0,0.0,3989.0,3989.0,3989.0,3989.0,1.0,0.0,1.0,0.0,0.0,0.0,0.9999999999974931,0.9999999999974931,3989.0,0.0,0.0,3989.0,1.0,0.0,0.0,0.0,0.0,0.9999999999974931,0.0,1.0,1.0,0.9999999999974931,0.9999999999974931,0.0,0.0,0.0,-5.013767179207207e-12,0.0,0.0,0.0
45700.0,45700.0,45700.0,0.0,45700.0,45700.0,45700.0,45700.0,1.0,0.0,1.0,0.0,0.0,0.0,0.9999999999997813,0.9999999999997813,45700.0,0.0,0.0,45700.0,1.0,0.0,0.0,0.0,0.0,0.9999999999997813,0.0,1.0,1.0,0.9999999999997813,0.9999999999997813,0.0,0.0,0.0,-4.374278717023117e-13,0.0,0.0,0.0
569.0,569.0,569.0,0.0,569.0,569.0,569.0,569.0,1.0,0.0,1.0,0.0,0.0,0.0,0.9999999999824253,0.9999999999824253,569.0,0.0,0.0,569.0,1.0,0.0,0.0,0.0,0.0,0.9999999999824253,0.0,1.0,1.0,0.9999999999824253,0.9999999999824253,0.0,0.0,0.0,-3.514943891502753e-11,0.0,0.0,0.0
121.0,121.0,121.0,0.0,121.0,121.0,121.0,121.0,1.0,0.0,1.0,0.0,0.0,0.0,0.9999999999173554,0.9999999999173554,121.0,0.0,0.0,121.0,1.0,0.0,0.0,0.0,0.0,0.9999999999173554,0.0,1.0,1.0,0.9999999999173554,0.9999999999173554,0.0,0.0,0.0,-1.652891157277736e-10,0.0,0.0,0.0
3389.0,3389.0,3389.0,0.0,3389.0,3389.0,3389.0,3389.0,1.0,0.0,1.0,0.0,0.0,0.0,0.9999999999970494,0.9999999999970494,3389.0,0.0,0.0,3389.0,1.0,0.0,0.0,0.0,0.0,0.9999999999970494,0.0,1.0,1.0,0.9999999999970494,0.9999999999970494,0.0,0.0,0.0,-5.901279465092557e-12,0.0,0.0,0.0
27356.0,27356.0,27356.0,0.0,27356.0,27356.0,27356.0,27356.0,1.0,0.0,1.0,0.0,0.0,0.0,0.9999999999996344,0.9999999999996344,27356.0,0.0,0.0,27356.0,1.0,0.0,0.0,0.0,0.0,0.9999999999996344,0.0,1.0,1.0,0.9999999999996344,0.9999999999996344,0.0,0.0,0.0,-7.311928840181281e-13,0.0,0.0,0.0
416.0,416.0,416.0,0.0,416.0,416.0,416.0,416.0,1.0,0.0,1.0,0.0,0.0,0.0,0.9999999999759616,0.9999999999759616,416.0,0.0,0.0,416.0,1.0,0.0,0.0,0.0,0.0,0.9999999999759616,0.0,1.0,1.0,0.9999999999759616,0.9999999999759616,0.0,0.0,0.0,-4.8076875813762854e-11,0.0,0.0,0.0
1292.0,1292.0,1292.0,0.0,1292.0,1292.0,1292.0,1292.0,1.0,0.0,1.0,0.0,0.0,0.0,0.9999999999922602,0.9999999999922602,1292.0,0.0,0.0,1292.0,1.0,0.0,0.0,0.0,0.0,0.9999999999922602,0.0,1.0,1.0,0.9999999999922602,0.9999999999922602,0.0,0.0,0.0,-1.5479617587743633e-11,0.0,0.0,0.0
742.0,742.0,742.0,0.0,742.0,742.0,742.0,742.0,1.0,0.0,1.0,0.0,0.0,0.0,0.9999999999865229,0.9999999999865229,742.0,0.0,0.0,742.0,1.0,0.0,0.0,0.0,0.0,0.9999999999865229,0.0,1.0,1.0,0.9999999999865229,0.9999999999865229,0.0,0.0,0.0,-2.6954216636454476e-11,0.0,0.0,0.0
496.0,496.0,496.0,0.0,496.0,496.0,496.0,496.0,1.0,0.0,1.0,0.0,0.0,0.0,0.9999999999798387,0.9999999999798387,496.0,0.0,0.0,496.0,1.0,0.0,0.0,0.0,0.0,0.9999999999798387,0.0,1.0,1.0,0.9999999999798387,0.9999999999798387,0.0,0.0,0.0,-4.032263412057091e-11,0.0,0.0,0.0
4863.0,4863.0,4863.0,0.0,4863.0,4863.0,4863.0,4863.0,1.0,0.0,1.0,0.0,0.0,0.0,0.9999999999979436,0.9999999999979436,4863.0,0.0,0.0,4863.0,1.0,0.0,0.0,0.0,0.0,0.9999999999979436,0.0,1.0,1.0,0.9999999999979436,0.9999999999979436,0.0,0.0,0.0,-4.11271017242143e-12,0.0,0.0,0.0
54816.0,54816.0,54816.0,0.0,54816.0,54816.0,54816.0,54816.0,1.0,0.0,1.0,0.0,0.0,0.0,0.9999999999998176,0.9999999999998176,54816.0,0.0,0.0,54816.0,1.0,0.0,0.0,0.0,0.0,0.9999999999998176,0.0,1.0,1.0,0.9999999999998176,0.9999999999998176,0.0,0.0,0.0,-3.6481928589182644e-13,0.0,0.0,0.0
9549.0,9549.0,9549.0,0.0,9549.0,9549.0,9549.0,9549.0,1.0,0.0,1.0,0.0,0.0,0.0,0.9999999999989527,0.9999999999989527,9549.0,0.0,0.0,9549.0,1.0,0.0,0.0,0.0,0.0,0.9999999999989527,0.0,1.0,1.0,0.9999999999989527,0.9999999999989527,0.0,0.0,0.0,-2.0945467582578203e-12,0.0,0.0,0.0
3502.0,3502.0,3502.0,0.0,3502.0,3502.0,3502.0,3502.0,1.0,0.0,1.0,0.0,0.0,0.0,0.9999999999971445,0.9999999999971445,3502.0,0.0,0.0,3502.0,1.0,0.0,0.0,0.0,0.0,0.9999999999971445,0.0,1.0,1.0,0.9999999999971445,0.9999999999971445,0.0,0.0,0.0,-5.710987238671805e-12,0.0,0.0,0.0
621.0,621.0,621.0,0.0,621.0,621.0,621.0,621.0,1.0,0.0,1.0,0.0,0.0,0.0,0.9999999999838969,0.9999999999838969,621.0,0.0,0.0,621.0,1.0,0.0,0.0,0.0,0.0,0.9999999999838969,0.0,1.0,1.0,0.9999999999838969,0.9999999999838969,0.0,0.0,0.0,-3.220623767674624e-11,0.0,0.0,0.0
1542.0,1542.0,1542.0,0.0,1542.0,1542.0,1542.0,1542.0,1.0,0.0,1.0,0.0,0.0,0.0,0.999999999993515,0.999999999993515,1542.0,0.0,0.0,1542.0,1.0,0.0,0.0,0.0,0.0,0.999999999993515,0.0,1.0,1.0,0.999999999993515,0.999999999993515,0.0,0.0,0.0,-1.2970069462880929e-11,0.0,0.0,0.0
191.0,191.0,191.0,0.0,191.0,191.0,191.0,191.0,1.0,0.0,1.0,0.0,0.0,0.0,0.999999999947644,0.999999999947644,191.0,0.0,0.0,191.0,1.0,0.0,0.0,0.0,0.0,0.999999999947644,0.0,1.0,1.0,0.999999999947644,0.999999999947644,0.0,0.0,0.0,-1.0471201683515119e-10,0.0,0.0,0.0
373.0,373.0,373.0,0.0,373.0,373.0,373.0,373.0,1.0,0.0,1.0,0.0,0.0,0.0,0.9999999999731903,0.9999999999731903,373.0,0.0,0.0,373.0,1.0,0.0,0.0,0.0,0.0,0.9999999999731903,0.0,1.0,1.0,0.9999999999731903,0.9999999999731903,0.0,0.0,0.0,-5.361933119729656e-11,0.0,0.0,0.0
146.0,146.0,146.0,0.0,146.0,146.0,146.0,146.0,1.0,0.0,1.0,0.0,0.0,0.0,0.9999999999315068,0.9999999999315068,146.0,0.0,0.0,146.0,1.0,0.0,0.0,0.0,0.0,0.9999999999315068,0.0,1.0,1.0,0.9999999999315068,0.9999999999315068,0.0,0.0,0.0,-1.3698642220560941e-10,0.0,0.0,0.0
16.0,16.0,16.0,0.0,16.0,16.0,16.0,16.0,1.0,0.0,1.0,0.0,0.0,0.0,0.999999999375,0.999999999375,16.0,0.0,0.0,16.0,1.0,0.0,0.0,0.0,0.0,0.999999999375,0.0,1.0,1.0,0.999999999375,0.999999999375,0.0,0.0,0.0,-1.2500001034254637e-09,0.0,0.0,0.0
329.0,329.0,329.0,0.0,329.0,329.0,329.0,329.0,1.0,0.0,1.0,0.0,0.0,0.0,0.9999999999696049,0.9999999999696049,329.0,0.0,0.0,329.0,1.0,0.0,0.0,0.0,0.0,0.9999999999696049,0.0,1.0,1.0,0.9999999999696049,0.9999999999696049,0.0,0.0,0.0,-6.079026171335045e-11,0.0,0.0,0.0
72.0,72.0,72.0,0.0,72.0,72.0,72.0,72.0,1.0,0.0,1.0,0.0,0.0,0.0,0.9999999998611112,0.9999999998611112,72.0,0.0,0.0,72.0,1.0,0.0,0.0,0.0,0.0,0.9999999998611112,0.0,1.0,1.0,0.9999999998611112,0.9999999998611112,0.0,0.0,0.0,-2.7777757871660924e-10,0.0,0.0,0.0
819.0,819.0,819.0,0.0,819.0,819.0,819.0,819.0,1.0,0.0,1.0,0.0,0.0,0.0,0.99999999998779,0.99999999998779,819.0,0.0,0.0,819.0,1.0,0.0,0.0,0.0,0.0,0.99999999998779,0.0,1.0,1.0,0.99999999998779,0.99999999998779,0.0,0.0,0.0,-2.4420021560445093e-11,0.0,0.0,0.0
1101.0,1101.0,1101.0,0.0,1101.0,1101.0,1101.0,1101.0,1.0,0.0,1.0,0.0,0.0,0.0,0.9999999999909175,0.9999999999909175,1101.0,0.0,0.0,1101.0,1.0,0.0,0.0,0.0,0.0,0.9999999999909175,0.0,1.0,1.0,0.9999999999909175,0.9999999999909175,0.0,0.0,0.0,-1.816502503970696e-11,0.0,0.0,0.0
2071.0,2071.0,2071.0,0.0,2071.0,2071.0,2071.0,2071.0,1.0,0.0,1.0,0.0,0.0,0.0,0.9999999999951714,0.9999999999951714,2071.0,0.0,0.0,2071.0,1.0,0.0,0.0,0.0,0.0,0.9999999999951714,0.0,1.0,1.0,0.9999999999951714,0.9999999999951714,0.0,0.0,0.0,-9.657163957399462e-12,0.0,0.0,0.0
59.0,59.0,59.0,0.0,59.0,59.0,59.0,59.0,1.0,0.0,1.0,0.0,0.0,0.0,0.9999999998305085,0.9999999998305085,59.0,0.0,0.0,59.0,1.0,0.0,0.0,0.0,0.0,0.9999999998305085,0.0,1.0,1.0,0.9999999998305085,0.9999999998305085,0.0,0.0,0.0,-3.389830638411695e-10,0.0,0.0,0.0
904.0,904.0,904.0,0.0,904.0,904.0,904.0,904.0,1.0,0.0,1.0,0.0,0.0,0.0,0.9999999999889381,0.9999999999889381,904.0,0.0,0.0,904.0,1.0,0.0,0.0,0.0,0.0,0.9999999999889381,0.0,1.0,1.0,0.9999999999889381,0.9999999999889381,0.0,0.0,0.0,-2.2123858300915344e-11,0.0,0.0,0.0
10589.0,10589.0,10589.0,0.0,10589.0,10589.0,10589.0,10589.0,1.0,0.0,1.0,0.0,0.0,0.0,0.9999999999990555,0.9999999999990555,10589.0,0.0,0.0,10589.0,1.0,0.0,0.0,0.0,0.0,0.9999999999990555,0.0,1.0,1.0,0.9999999999990555,0.9999999999990555,0.0,0.0,0.0,-1.8889334540972413e-12,0.0,0.0,0.0
5029.0,5029.0,5029.0,0.0,5029.0,5029.0,5029.0,5029.0,1.0,0.0,1.0,0.0,0.0,0.0,0.9999999999980116,0.9999999999980116,5029.0,0.0,0.0,5029.0,1.0,0.0,0.0,0.0,0.0,0.9999999999980116,0.0,1.0,1.0,0.9999999999980116,0.9999999999980116,0.0,0.0,0.0,-3.976818874207311e-12,0.0,0.0,0.0
32.0,32.0,32.0,0.0,32.0,32.0,32.0,32.0,1.0,0.0,1.0,0.0,0.0,0.0,0.9999999996875,0.9999999996875,32.0,0.0,0.0,32.0,1.0,0.0,0.0,0.0,0.0,0.9999999996875,0.0,1.0,1.0,0.9999999996875,0.9999999996875,0.0,0.0,0.0,-6.250000517127319e-10,0.0,0.0,0.0
23088.0,23088.0,23088.0,0.0,23088.0,23088.0,23088.0,23088.0,1.0,0.0,1.0,0.0,0.0,0.0,0.9999999999995668,0.9999999999995668,23088.0,0.0,0.0,23088.0,1.0,0.0,0.0,0.0,0.0,0.9999999999995668,0.0,1.0,1.0,0.9999999999995668,0.9999999999995668,0.0,0.0,0.0,-8.664180484174722e-13,0.0,0.0,0.0
101.0,101.0,101.0,0.0,101.0,101.0,101.0,101.0,1.0,0.0,1.0,0.0,0.0,0.0,0.9999999999009902,0.9999999999009902,101.0,0.0,0.0,101.0,1.0,0.0,0.0,0.0,0.0,0.9999999999009902,0.0,1.0,1.0,0.9999999999009902,0.9999999999009902,0.0,0.0,0.0,-1.9801960071674785e-10,0.0,0.0,0.0
24.0,24.0,24.0,0.0,24.0,24.0,24.0,24.0,1.0,0.0,1.0,0.0,0.0,0.0,0.9999999995833333,0.9999999995833333,24.0,0.0,0.0,24.0,1.0,0.0,0.0,0.0,0.0,0.9999999995833333,0.0,1.0,1.0,0.9999999995833333,0.9999999995833333,0.0,0.0,0.0,-8.333334022836425e-10,0.0,0.0,0.0
756.0,756.0,756.0,0.0,756.0,756.0,756.0,756.0,1.0,0.0,1.0,0.0,0.0,0.0,0.9999999999867725,0.9999999999867725,756.0,0.0,0.0,756.0,1.0,0.0,0.0,0.0,0.0,0.9999999999867725,0.0,1.0,1.0,0.9999999999867725,0.9999999999867725,0.0,0.0,0.0,-2.6455060364583005e-11,0.0,0.0,0.0
3584.0,3584.0,3584.0,0.0,3584.0,3584.0,3584.0,3584.0,1.0,0.0,1.0,0.0,0.0,0.0,0.9999999999972099,0.9999999999972099,3584.0,0.0,0.0,3584.0,1.0,0.0,0.0,0.0,0.0,0.9999999999972099,0.0,1.0,1.0,0.9999999999972099,0.9999999999972099,0.0,0.0,0.0,-5.580202966370962e-12,0.0,0.0,0.0
85.0,85.0,85.0,0.0,85.0,85.0,85.0,85.0,1.0,0.0,1.0,0.0,0.0,0.0,0.999999999882353,0.999999999882353,85.0,0.0,0.0,85.0,1.0,0.0,0.0,0.0,0.0,0.999999999882353,0.0,1.0,1.0,0.999999999882353,0.999999999882353,0.0,0.0,0.0,-2.3529400650090793e-10,0.0,0.0,0.0
2492.0,2492.0,2492.0,0.0,2492.0,2492.0,2492.0,2492.0,1.0,0.0,1.0,0.0,0.0,0.0,0.9999999999959872,0.9999999999959872,2492.0,0.0,0.0,2492.0,1.0,0.0,0.0,0.0,0.0,0.9999999999959872,0.0,1.0,1.0,0.9999999999959872,0.9999999999959872,0.0,0.0,0.0,-8.025580200410332e-12,0.0,0.0,0.0
88.0,88.0,88.0,0.0,88.0,88.0,88.0,88.0,1.0,0.0,1.0,0.0,0.0,0.0,0.9999999998863637,0.9999999998863637,88.0,0.0,0.0,88.0,1.0,0.0,0.0,0.0,0.0,0.9999999998863637,0.0,1.0,1.0,0.9999999998863637,0.9999999998863637,0.0,0.0,0.0,-2.2727264514799117e-10,0.0,0.0,0.0
2204.0,2204.0,2204.0,0.0,2204.0,2204.0,2204.0,2204.0,1.0,0.0,1.0,0.0,0.0,0.0,0.9999999999954629,0.9999999999954629,2204.0,0.0,0.0,2204.0,1.0,0.0,0.0,0.0,0.0,0.9999999999954629,0.0,1.0,1.0,0.9999999999954629,0.9999999999954629,0.0,0.0,0.0,-9.074296869471254e-12,0.0,0.0,0.0
22130.0,22130.0,22130.0,0.0,22130.0,22130.0,22130.0,22130.0,1.0,0.0,1.0,0.0,0.0,0.0,0.9999999999995481,0.9999999999995481,22130.0,0.0,0.0,22130.0,1.0,0.0,0.0,0.0,0.0,0.9999999999995481,0.0,1.0,1.0,0.9999999999995481,0.9999999999995481,0.0,0.0,0.0,-9.037215420448774e-13,0.0,0.0,0.0
256.0,256.0,256.0,0.0,256.0,256.0,256.0,256.0,1.0,0.0,1.0,0.0,0.0,0.0,0.9999999999609375,0.9999999999609375,256.0,0.0,0.0,256.0,1.0,0.0,0.0,0.0,0.0,0.9999999999609375,0.0,1.0,1.0,0.9999999999609375,0.9999999999609375,0.0,0.0,0.0,-7.812506197524272e-11,0.0,0.0,0.0
81.0,81.0,81.0,0.0,81.0,81.0,81.0,81.0,1.0,0.0,1.0,0.0,0.0,0.0,0.9999999998765433,0.9999999998765433,81.0,0.0,0.0,81.0,1.0,0.0,0.0,0.0,0.0,0.9999999998765433,0.0,1.0,1.0,0.9999999998765433,0.9999999998765433,0.0,0.0,0.0,-2.469133786320299e-10,0.0,0.0,0.0
105.0,105.0,105.0,0.0,105.0,105.0,105.0,105.0,1.0,0.0,1.0,0.0,0.0,0.0,0.999999999904762,0.999999999904762,105.0,0.0,0.0,105.0,1.0,0.0,0.0,0.0,0.0,0.999999999904762,0.0,1.0,1.0,0.999999999904762,0.999999999904762,0.0,0.0,0.0,-1.9047607935362976e-10,0.0,0.0,0.0
38.0,38.0,38.0,0.0,38.0,38.0,38.0,38.0,1.0,0.0,1.0,0.0,0.0,0.0,0.9999999997368421,0.9999999997368421,38.0,0.0,0.0,38.0,1.0,0.0,0.0,0.0,0.0,0.9999999997368421,0.0,1.0,1.0,0.9999999997368421,0.9999999997368421,0.0,0.0,0.0,-5.263158797674805e-10,0.0,0.0,0.0
5616.0,5616.0,5616.0,0.0,5616.0,5616.0,5616.0,5616.0,1.0,0.0,1.0,0.0,0.0,0.0,0.9999999999982194,0.9999999999982194,5616.0,0.0,0.0,5616.0,1.0,0.0,0.0,0.0,0.0,0.9999999999982194,0.0,1.0,1.0,0.9999999999982194,0.9999999999982194,0.0,0.0,0.0,-3.561151373787652e-12,0.0,0.0,0.0
74.0,74.0,74.0,0.0,74.0,74.0,74.0,74.0,1.0,0.0,1.0,0.0,0.0,0.0,0.999999999864865,0.999999999864865,74.0,0.0,0.0,74.0,1.0,0.0,0.0,0.0,0.0,0.999999999864865,0.0,1.0,1.0,0.999999999864865,0.999999999864865,0.0,0.0,0.0,-2.70270028579489e-10,0.0,0.0,0.0
1025.0,1025.0,1025.0,0.0,1025.0,1025.0,1025.0,1025.0,1.0,0.0,1.0,0.0,0.0,0.0,0.999999999990244,0.999999999990244,1025.0,0.0,0.0,1025.0,1.0,0.0,0.0,0.0,0.0,0.999999999990244,0.0,1.0,1.0,0.999999999990244,0.999999999990244,0.0,0.0,0.0,-1.95119476131822e-11,0.0,0.0,0.0
34.0,34.0,34.0,0.0,34.0,34.0,34.0,34.0,1.0,0.0,1.0,0.0,0.0,0.0,0.9999999997058824,0.9999999997058824,34.0,0.0,0.0,34.0,1.0,0.0,0.0,0.0,0.0,0.9999999997058824,0.0,1.0,1.0,0.9999999997058824,0.9999999997058824,0.0,0.0,0.0,-5.882352382968747e-10,0.0,0.0,0.0
97.0,97.0,97.0,0.0,97.0,97.0,97.0,97.0,1.0,0.0,1.0,0.0,0.0,0.0,0.9999999998969072,0.9999999998969072,97.0,0.0,0.0,97.0,1.0,0.0,0.0,0.0,0.0,0.9999999998969072,0.0,1.0,1.0,0.9999999998969072,0.9999999998969072,0.0,0.0,0.0,-2.061855131074708e-10,0.0,0.0,0.0
361.0,361.0,361.0,0.0,361.0,361.0,361.0,361.0,1.0,0.0,1.0,0.0,0.0,0.0,0.9999999999722992,0.9999999999722992,361.0,0.0,0.0,361.0,1.0,0.0,0.0,0.0,0.0,0.9999999999722992,0.0,1.0,1.0,0.9999999999722992,0.9999999999722992,0.0,0.0,0.0,-5.5401683241029787e-11,0.0,0.0,0.0
8527.0,8527.0,8527.0,0.0,8527.0,8527.0,8527.0,8527.0,1.0,0.0,1.0,0.0,0.0,0.0,0.9999999999988272,0.9999999999988272,8527.0,0.0,0.0,8527.0,1.0,0.0,0.0,0.0,0.0,0.9999999999988272,0.0,1.0,1.0,0.9999999999988272,0.9999999999988272,0.0,0.0,0.0,-2.3456792064280307e-12,0.0,0.0,0.0
1165.0,1165.0,1165.0,0.0,1165.0,1165.0,1165.0,1165.0,1.0,0.0,1.0,0.0,0.0,0.0,0.9999999999914164,0.9999999999914164,1165.0,0.0,0.0,1165.0,1.0,0.0,0.0,0.0,0.0,0.9999999999914164,0.0,1.0,1.0,0.9999999999914164,0.9999999999914164,0.0,0.0,0.0,-1.716715658517387e-11,0.0,0.0,0.0
28719.0,28719.0,28719.0,0.0,28719.0,28719.0,28719.0,28719.0,1.0,0.0,1.0,0.0,0.0,0.0,0.9999999999996517,0.9999999999996517,28719.0,0.0,0.0,28719.0,1.0,0.0,0.0,0.0,0.0,0.9999999999996517,0.0,1.0,1.0,0.9999999999996517,0.9999999999996517,0.0,0.0,0.0,-6.965539256498232e-13,0.0,0.0,0.0
1037.0,1037.0,1037.0,0.0,1037.0,1037.0,1037.0,1037.0,1.0,0.0,1.0,0.0,0.0,0.0,0.9999999999903569,0.9999999999903569,1037.0,0.0,0.0,1037.0,1.0,0.0,0.0,0.0,0.0,0.9999999999903569,0.0,1.0,1.0,0.9999999999903569,0.9999999999903569,0.0,0.0,0.0,-1.9286128249973444e-11,0.0,0.0,0.0
35.0,35.0,35.0,0.0,35.0,35.0,35.0,35.0,1.0,0.0,1.0,0.0,0.0,0.0,0.9999999997142857,0.9999999997142857,35.0,0.0,0.0,35.0,1.0,0.0,0.0,0.0,0.0,0.9999999997142857,0.0,1.0,1.0,0.9999999997142857,0.9999999997142857,0.0,0.0,0.0,-5.714286821500991e-10,0.0,0.0,0.0
1130.0,1130.0,1130.0,0.0,1130.0,1130.0,1130.0,1130.0,1.0,0.0,1.0,0.0,0.0,0.0,0.9999999999911505,0.9999999999911505,1130.0,0.0,0.0,1130.0,1.0,0.0,0.0,0.0,0.0,0.9999999999911505,0.0,1.0,1.0,0.9999999999911505,0.9999999999911505,0.0,0.0,0.0,-1.769895341396932e-11,0.0,0.0,0.0
27.0,27.0,27.0,0.0,27.0,27.0,27.0,27.0,1.0,0.0,1.0,0.0,0.0,0.0,0.9999999996296296,0.9999999996296296,27.0,0.0,0.0,27.0,1.0,0.0,0.0,0.0,0.0,0.9999999996296296,0.0,1.0,1.0,0.9999999996296296,0.9999999996296296,0.0,0.0,0.0,-7.407408020299044e-10,0.0,0.0,0.0
5562.0,5562.0,5562.0,0.0,5562.0,5562.0,5562.0,5562.0,1.0,0.0,1.0,0.0,0.0,0.0,0.9999999999982021,0.9999999999982021,5562.0,0.0,0.0,5562.0,1.0,0.0,0.0,0.0,0.0,0.9999999999982021,0.0,1.0,1.0,0.9999999999982021,0.9999999999982021,0.0,0.0,0.0,-3.595790332155957e-12,0.0,0.0,0.0
519.0,519.0,519.0,0.0,519.0,519.0,519.0,519.0,1.0,0.0,1.0,0.0,0.0,0.0,0.9999999999807322,0.9999999999807322,519.0,0.0,0.0,519.0,1.0,0.0,0.0,0.0,0.0,0.9999999999807322,0.0,1.0,1.0,0.9999999999807322,0.9999999999807322,0.0,0.0,0.0,-3.853561914013426e-11,0.0,0.0,0.0
47.0,47.0,47.0,0.0,47.0,47.0,47.0,47.0,1.0,0.0,1.0,0.0,0.0,0.0,0.999999999787234,0.999999999787234,47.0,0.0,0.0,47.0,1.0,0.0,0.0,0.0,0.0,0.999999999787234,0.0,1.0,1.0,0.999999999787234,0.999999999787234,0.0,0.0,0.0,-4.2553205403805805e-10,0.0,0.0,0.0
328.0,328.0,328.0,0.0,328.0,328.0,328.0,328.0,1.0,0.0,1.0,0.0,0.0,0.0,0.9999999999695122,0.9999999999695122,328.0,0.0,0.0,328.0,1.0,0.0,0.0,0.0,0.0,0.9999999999695122,0.0,1.0,1.0,0.9999999999695122,0.9999999999695122,0.0,0.0,0.0,-6.097566895846285e-11,0.0,0.0,0.0
2849.0,2849.0,2849.0,0.0,2849.0,2849.0,2849.0,2849.0,1.0,0.0,1.0,0.0,0.0,0.0,0.99999999999649,0.99999999999649,2849.0,0.0,0.0,2849.0,1.0,0.0,0.0,0.0,0.0,0.99999999999649,0.0,1.0,1.0,0.99999999999649,0.99999999999649,0.0,0.0,0.0,-7.019940184704865e-12,0.0,0.0,0.0
370.0,370.0,370.0,0.0,370.0,370.0,370.0,370.0,1.0,0.0,1.0,0.0,0.0,0.0,0.999999999972973,0.999999999972973,370.0,0.0,0.0,370.0,1.0,0.0,0.0,0.0,0.0,0.999999999972973,0.0,1.0,1.0,0.999999999972973,0.999999999972973,0.0,0.0,0.0,-5.405409453373977e-11,0.0,0.0,0.0
821.0,821.0,821.0,0.0,821.0,821.0,821.0,821.0,1.0,0.0,1.0,0.0,0.0,0.0,0.9999999999878197,0.9999999999878197,821.0,0.0,0.0,821.0,1.0,0.0,0.0,0.0,0.0,0.9999999999878197,0.0,1.0,1.0,0.9999999999878197,0.9999999999878197,0.0,0.0,0.0,-2.4360513606325185e-11,0.0,0.0,0.0
27.0,27.0,27.0,0.0,27.0,27.0,27.0,27.0,1.0,0.0,1.0,0.0,0.0,0.0,0.9999999996296296,0.9999999996296296,27.0,0.0,0.0,27.0,1.0,0.0,0.0,0.0,0.0,0.9999999996296296,0.0,1.0,1.0,0.9999999996296296,0.9999999996296296,0.0,0.0,0.0,-7.407408020299044e-10,0.0,0.0,0.0
5509.0,5509.0,5509.0,0.0,5509.0,5509.0,5509.0,5509.0,1.0,0.0,1.0,0.0,0.0,0.0,0.9999999999981848,0.9999999999981848,5509.0,0.0,0.0,5509.0,1.0,0.0,0.0,0.0,0.0,0.9999999999981848,0.0,1.0,1.0,0.9999999999981848,0.9999999999981848,0.0,0.0,0.0,-3.630429290524262e-12,0.0,0.0,0.0
200.0,200.0,200.0,0.0,200.0,200.0,200.0,200.0,1.0,0.0,1.0,0.0,0.0,0.0,0.99999999995,0.99999999995,200.0,0.0,0.0,200.0,1.0,0.0,0.0,0.0,0.0,0.99999999995,0.0,1.0,1.0,0.99999999995,0.99999999995,0.0,0.0,0.0,-1.000000082740371e-10,0.0,0.0,0.0
19.0,19.0,19.0,0.0,19.0,19.0,19.0,19.0,1.0,0.0,1.0,0.0,0.0,0.0,0.9999999994736841,0.9999999994736841,19.0,0.0,0.0,19.0,1.0,0.0,0.0,0.0,0.0,0.9999999994736841,0.0,1.0,1.0,0.9999999994736841,0.9999999994736841,0.0,0.0,0.0,-1.052631759534961e-09,0.0,0.0,0.0
20600.0,20600.0,20600.0,0.0,20600.0,20600.0,20600.0,20600.0,1.0,0.0,1.0,0.0,0.0,0.0,0.9999999999995145,0.9999999999995145,20600.0,0.0,0.0,20600.0,1.0,0.0,0.0,0.0,0.0,0.9999999999995145,0.0,1.0,1.0,0.9999999999995145,0.9999999999995145,0.0,0.0,0.0,-9.71001057337162e-13,0.0,0.0,0.0
745.0,745.0,745.0,0.0,745.0,745.0,745.0,745.0,1.0,0.0,1.0,0.0,0.0,0.0,0.9999999999865772,0.9999999999865772,745.0,0.0,0.0,745.0,1.0,0.0,0.0,0.0,0.0,0.9999999999865772,0.0,1.0,1.0,0.9999999999865772,0.9999999999865772,0.0,0.0,0.0,-2.6845636824646135e-11,0.0,0.0,0.0
26.0,26.0,26.0,0.0,26.0,26.0,26.0,26.0,1.0,0.0,1.0,0.0,0.0,0.0,0.9999999996153845,0.9999999996153845,26.0,0.0,0.0,26.0,1.0,0.0,0.0,0.0,0.0,0.9999999996153845,0.0,1.0,1.0,0.9999999996153845,0.9999999996153845,0.0,0.0,0.0,-7.692309011986254e-10,0.0,0.0,0.0
44.0,44.0,44.0,0.0,44.0,44.0,44.0,44.0,1.0,0.0,1.0,0.0,0.0,0.0,0.9999999997727272,0.9999999997727272,44.0,0.0,0.0,44.0,1.0,0.0,0.0,0.0,0.0,0.9999999997727272,0.0,1.0,1.0,0.9999999997727272,0.9999999997727272,0.0,0.0,0.0,-4.5454551234058727e-10,0.0,0.0,0.0
2437.0,2437.0,2437.0,0.0,2437.0,2437.0,2437.0,2437.0,1.0,0.0,1.0,0.0,0.0,0.0,0.9999999999958966,0.9999999999958966,2437.0,0.0,0.0,2437.0,1.0,0.0,0.0,0.0,0.0,0.9999999999958966,0.0,1.0,1.0,0.9999999999958966,0.9999999999958966,0.0,0.0,0.0,-8.206768598029157e-12,0.0,0.0,0.0
2503.0,2503.0,2503.0,0.0,2503.0,2503.0,2503.0,2503.0,1.0,0.0,1.0,0.0,0.0,0.0,0.9999999999960049,0.9999999999960049,2503.0,0.0,0.0,2503.0,1.0,0.0,0.0,0.0,0.0,0.9999999999960049,0.0,1.0,1.0,0.9999999999960049,0.9999999999960049,0.0,0.0,0.0,-7.990275108227252e-12,0.0,0.0,0.0
38.0,38.0,38.0,0.0,38.0,38.0,38.0,38.0,1.0,0.0,1.0,0.0,0.0,0.0,0.9999999997368421,0.9999999997368421,38.0,0.0,0.0,38.0,1.0,0.0,0.0,0.0,0.0,0.9999999997368421,0.0,1.0,1.0,0.9999999997368421,0.9999999997368421,0.0,0.0,0.0,-5.263158797674805e-10,0.0,0.0,0.0
90.0,90.0,90.0,0.0,90.0,90.0,90.0,90.0,1.0,0.0,1.0,0.0,0.0,0.0,0.999999999888889,0.999999999888889,90.0,0.0,0.0,90.0,1.0,0.0,0.0,0.0,0.0,0.999999999888889,0.0,1.0,1.0,0.999999999888889,0.999999999888889,0.0,0.0,0.0,-2.222220185643664e-10,0.0,0.0,0.0
3049.0,3049.0,3049.0,0.0,3049.0,3049.0,3049.0,3049.0,1.0,0.0,1.0,0.0,0.0,0.0,0.9999999999967203,0.9999999999967203,3049.0,0.0,0.0,3049.0,1.0,0.0,0.0,0.0,0.0,0.9999999999967203,0.0,1.0,1.0,0.9999999999967203,0.9999999999967203,0.0,0.0,0.0,-6.55941967409035e-12,0.0,0.0,0.0
12559.0,12559.0,12559.0,0.0,12559.0,12559.0,12559.0,12559.0,1.0,0.0,1.0,0.0,0.0,0.0,0.9999999999992037,0.9999999999992037,12559.0,0.0,0.0,12559.0,1.0,0.0,0.0,0.0,0.0,0.9999999999992037,0.0,1.0,1.0,0.9999999999992037,0.9999999999992037,0.0,0.0,0.0,-1.5925039065223245e-12,0.0,0.0,0.0
60981.0,60981.0,60981.0,0.0,60981.0,60981.0,60981.0,60981.0,1.0,0.0,1.0,0.0,0.0,0.0,0.999999999999836,0.999999999999836,60981.0,0.0,0.0,60981.0,1.0,0.0,0.0,0.0,0.0,0.999999999999836,0.0,1.0,1.0,0.999999999999836,0.999999999999836,0.0,0.0,0.0,-3.2795988147427124e-13,0.0,0.0,0.0
71.0,71.0,71.0,0.0,71.0,71.0,71.0,71.0,1.0,0.0,1.0,0.0,0.0,0.0,0.999999999859155,0.999999999859155,71.0,0.0,0.0,71.0,1.0,0.0,0.0,0.0,0.0,0.999999999859155,0.0,1.0,1.0,0.999999999859155,0.999999999859155,0.0,0.0,0.0,-2.816900046553883e-10,0.0,0.0,0.0
462.0,462.0,462.0,0.0,462.0,462.0,462.0,462.0,1.0,0.0,1.0,0.0,0.0,0.0,0.999999999978355,0.999999999978355,462.0,0.0,0.0,462.0,1.0,0.0,0.0,0.0,0.0,0.999999999978355,0.0,1.0,1.0,0.999999999978355,0.999999999978355,0.0,0.0,0.0,-4.329003822078903e-11,0.0,0.0,0.0
15247.0,15247.0,15247.0,0.0,15247.0,15247.0,15247.0,15247.0,1.0,0.0,1.0,0.0,0.0,0.0,0.9999999999993441,0.9999999999993441,15247.0,0.0,0.0,15247.0,1.0,0.0,0.0,0.0,0.0,0.9999999999993441,0.0,1.0,1.0,0.9999999999993441,0.9999999999993441,0.0,0.0,0.0,-1.311839525897085e-12,0.0,0.0,0.0
34477.0,34477.0,34477.0,0.0,34477.0,34477.0,34477.0,34477.0,1.0,0.0,1.0,0.0,0.0,0.0,0.99999999999971,0.99999999999971,34477.0,0.0,0.0,34477.0,1.0,0.0,0.0,0.0,0.0,0.99999999999971,0.0,1.0,1.0,0.99999999999971,0.99999999999971,0.0,0.0,0.0,-5.799805080641818e-13,0.0,0.0,0.0
43203.0,43203.0,43203.0,0.0,43203.0,43203.0,43203.0,43203.0,1.0,0.0,1.0,0.0,0.0,0.0,0.9999999999997686,0.9999999999997686,43203.0,0.0,0.0,43203.0,1.0,0.0,0.0,0.0,0.0,0.9999999999997686,0.0,1.0,1.0,0.9999999999997686,0.9999999999997686,0.0,0.0,0.0,-4.627409566637652e-13,0.0,0.0,0.0
3319.0,3319.0,3319.0,0.0,3319.0,3319.0,3319.0,3319.0,1.0,0.0,1.0,0.0,0.0,0.0,0.9999999999969871,0.9999999999969871,3319.0,0.0,0.0,3319.0,1.0,0.0,0.0,0.0,0.0,0.9999999999969871,0.0,1.0,1.0,0.9999999999969871,0.9999999999969871,0.0,0.0,0.0,-6.0258464884555e-12,0.0,0.0,0.0
37207.0,37207.0,37207.0,0.0,37207.0,37207.0,37207.0,37207.0,1.0,0.0,1.0,0.0,0.0,0.0,0.9999999999997313,0.9999999999997313,37207.0,0.0,0.0,37207.0,1.0,0.0,0.0,0.0,0.0,0.9999999999997313,0.0,1.0,1.0,0.9999999999997313,0.9999999999997313,0.0,0.0,0.0,-5.373479439185758e-13,0.0,0.0,0.0
2209.0,2209.0,2209.0,0.0,2209.0,2209.0,2209.0,2209.0,1.0,0.0,1.0,0.0,0.0,0.0,0.9999999999954731,0.9999999999954731,2209.0,0.0,0.0,2209.0,1.0,0.0,0.0,0.0,0.0,0.9999999999954731,0.0,1.0,1.0,0.9999999999954731,0.9999999999954731,0.0,0.0,0.0,-9.053868765818152e-12,0.0,0.0,0.0
7580.0,7580.0,7580.0,0.0,7580.0,7580.0,7580.0,7580.0,1.0,0.0,1.0,0.0,0.0,0.0,0.9999999999986807,0.9999999999986807,7580.0,0.0,0.0,7580.0,1.0,0.0,0.0,0.0,0.0,0.9999999999986807,0.0,1.0,1.0,0.9999999999986807,0.9999999999986807,0.0,0.0,0.0,-2.638556040324147e-12,0.0,0.0,0.0
14.0,14.0,14.0,0.0,14.0,14.0,14.0,14.0,1.0,0.0,1.0,0.0,0.0,0.0,0.9999999992857143,0.9999999992857143,14.0,0.0,0.0,14.0,1.0,0.0,0.0,0.0,0.0,0.9999999992857143,0.0,1.0,1.0,0.9999999992857143,0.9999999992857143,0.0,0.0,0.0,-1.4285714833306429e-09,0.0,0.0,0.0
95.0,95.0,95.0,0.0,95.0,95.0,95.0,95.0,1.0,0.0,1.0,0.0,0.0,0.0,0.9999999998947369,0.9999999998947369,95.0,0.0,0.0,95.0,1.0,0.0,0.0,0.0,0.0,0.9999999998947369,0.0,1.0,1.0,0.9999999998947369,0.9999999998947369,0.0,0.0,0.0,-2.1052626308915023e-10,0.0,0.0,0.0
1238.0,1238.0,1238.0,0.0,1238.0,1238.0,1238.0,1238.0,1.0,0.0,1.0,0.0,0.0,0.0,0.9999999999919226,0.9999999999919226,1238.0,0.0,0.0,1238.0,1.0,0.0,0.0,0.0,0.0,0.9999999999919226,0.0,1.0,1.0,0.9999999999919226,0.9999999999919226,0.0,0.0,0.0,-1.6154855231320653e-11,0.0,0.0,0.0
745.0,745.0,745.0,0.0,745.0,745.0,745.0,745.0,1.0,0.0,1.0,0.0,0.0,0.0,0.9999999999865772,0.9999999999865772,745.0,0.0,0.0,745.0,1.0,0.0,0.0,0.0,0.0,0.9999999999865772,0.0,1.0,1.0,0.9999999999865772,0.9999999999865772,0.0,0.0,0.0,-2.6845636824646135e-11,0.0,0.0,0.0
399.0,399.0,399.0,0.0,399.0,399.0,399.0,399.0,1.0,0.0,1.0,0.0,0.0,0.0,0.9999999999749373,0.9999999999749373,399.0,0.0,0.0,399.0,1.0,0.0,0.0,0.0,0.0,0.9999999999749373,0.0,1.0,1.0,0.9999999999749373,0.9999999999749373,0.0,0.0,0.0,-5.012545933880119e-11,0.0,0.0,0.0
14.0,14.0,14.0,0.0,14.0,14.0,14.0,14.0,1.0,0.0,1.0,0.0,0.0,0.0,0.9999999992857143,0.9999999992857143,14.0,0.0,0.0,14.0,1.0,0.0,0.0,0.0,0.0,0.9999999992857143,0.0,1.0,1.0,0.9999999992857143,0.9999999992857143,0.0,0.0,0.0,-1.4285714833306429e-09,0.0,0.0,0.0
1302.0,1302.0,1302.0,0.0,1302.0,1302.0,1302.0,1302.0,1.0,0.0,1.0,0.0,0.0,0.0,0.9999999999923196,0.9999999999923196,1302.0,0.0,0.0,1302.0,1.0,0.0,0.0,0.0,0.0,0.9999999999923196,0.0,1.0,1.0,0.9999999999923196,0.9999999999923196,0.0,0.0,0.0,-1.536082372410874e-11,0.0,0.0,0.0
8425.0,8425.0,8425.0,0.0,8425.0,8425.0,8425.0,8425.0,1.0,0.0,1.0,0.0,0.0,0.0,0.999999999998813,0.999999999998813,8425.0,0.0,0.0,8425.0,1.0,0.0,0.0,0.0,0.0,0.999999999998813,0.0,1.0,1.0,0.999999999998813,0.999999999998813,0.0,0.0,0.0,-2.3741009158584347e-12,0.0,0.0,0.0
404.0,404.0,404.0,0.0,404.0,404.0,404.0,404.0,1.0,0.0,1.0,0.0,0.0,0.0,0.9999999999752475,0.9999999999752475,404.0,0.0,0.0,404.0,1.0,0.0,0.0,0.0,0.0,0.9999999999752475,0.0,1.0,1.0,0.9999999999752475,0.9999999999752475,0.0,0.0,0.0,-4.9505066712640655e-11,0.0,0.0,0.0
39.0,39.0,39.0,0.0,39.0,39.0,39.0,39.0,1.0,0.0,1.0,0.0,0.0,0.0,0.9999999997435898,0.9999999997435898,39.0,0.0,0.0,39.0,1.0,0.0,0.0,0.0,0.0,0.9999999997435898,0.0,1.0,1.0,0.9999999997435898,0.9999999997435898,0.0,0.0,0.0,-5.12820452769347e-10,0.0,0.0,0.0
14297.0,14297.0,14297.0,0.0,14297.0,14297.0,14297.0,14297.0,1.0,0.0,1.0,0.0,0.0,0.0,0.9999999999993004,0.9999999999993004,14297.0,0.0,0.0,14297.0,1.0,0.0,0.0,0.0,0.0,0.9999999999993004,0.0,1.0,1.0,0.9999999999993004,0.9999999999993004,0.0,0.0,0.0,-1.3991030556326223e-12,0.0,0.0,0.0
107.0,107.0,107.0,0.0,107.0,107.0,107.0,107.0,1.0,0.0,1.0,0.0,0.0,0.0,0.9999999999065421,0.9999999999065421,107.0,0.0,0.0,107.0,1.0,0.0,0.0,0.0,0.0,0.9999999999065421,0.0,1.0,1.0,0.9999999999065421,0.9999999999065421,0.0,0.0,0.0,-1.869158161582618e-10,0.0,0.0,0.0
29.0,29.0,29.0,0.0,29.0,29.0,29.0,29.0,1.0,0.0,1.0,0.0,0.0,0.0,0.9999999996551724,0.9999999996551724,29.0,0.0,0.0,29.0,1.0,0.0,0.0,0.0,0.0,0.9999999996551724,0.0,1.0,1.0,0.9999999996551724,0.9999999996551724,0.0,0.0,0.0,-6.896552218194074e-10,0.0,0.0,0.0
16.0,16.0,16.0,0.0,16.0,16.0,16.0,16.0,1.0,0.0,1.0,0.0,0.0,0.0,0.999999999375,0.999999999375,16.0,0.0,0.0,16.0,1.0,0.0,0.0,0.0,0.0,0.999999999375,0.0,1.0,1.0,0.999999999375,0.999999999375,0.0,0.0,0.0,-1.2500001034254637e-09,0.0,0.0,0.0
255.0,255.0,255.0,0.0,255.0,255.0,255.0,255.0,1.0,0.0,1.0,0.0,0.0,0.0,0.9999999999607843,0.9999999999607843,255.0,0.0,0.0,255.0,1.0,0.0,0.0,0.0,0.0,0.9999999999607843,0.0,1.0,1.0,0.9999999999607843,0.9999999999607843,0.0,0.0,0.0,-7.843148353003926e-11,0.0,0.0,0.0
125.0,125.0,125.0,0.0,125.0,125.0,125.0,125.0,1.0,0.0,1.0,0.0,0.0,0.0,0.9999999999200001,0.9999999999200001,125.0,0.0,0.0,125.0,1.0,0.0,0.0,0.0,0.0,0.9999999999200001,0.0,1.0,1.0,0.9999999999200001,0.9999999999200001,0.0,0.0,0.0,-1.5999979119385443e-10,0.0,0.0,0.0
24.0,24.0,24.0,0.0,24.0,24.0,24.0,24.0,1.0,0.0,1.0,0.0,0.0,0.0,0.9999999995833333,0.9999999995833333,24.0,0.0,0.0,24.0,1.0,0.0,0.0,0.0,0.0,0.9999999995833333,0.0,1.0,1.0,0.9999999995833333,0.9999999995833333,0.0,0.0,0.0,-8.333334022836425e-10,0.0,0.0,0.0
213.0,213.0,213.0,0.0,213.0,213.0,213.0,213.0,1.0,0.0,1.0,0.0,0.0,0.0,0.9999999999530516,0.9999999999530516,213.0,0.0,0.0,213.0,1.0,0.0,0.0,0.0,0.0,0.9999999999530516,0.0,1.0,1.0,0.9999999999530516,0.9999999999530516,0.0,0.0,0.0,-9.389689026306769e-11,0.0,0.0,0.0
224.0,224.0,224.0,0.0,224.0,224.0,224.0,224.0,1.0,0.0,1.0,0.0,0.0,0.0,0.9999999999553572,0.9999999999553572,224.0,0.0,0.0,224.0,1.0,0.0,0.0,0.0,0.0,0.9999999999553572,0.0,1.0,1.0,0.9999999999553572,0.9999999999553572,0.0,0.0,0.0,-8.928568995258956e-11,0.0,0.0,0.0
866.0,866.0,866.0,0.0,866.0,866.0,866.0,866.0,1.0,0.0,1.0,0.0,0.0,0.0,0.9999999999884527,0.9999999999884527,866.0,0.0,0.0,866.0,1.0,0.0,0.0,0.0,0.0,0.9999999999884527,0.0,1.0,1.0,0.9999999999884527,0.9999999999884527,0.0,0.0,0.0,-2.309463731364758e-11,0.0,0.0,0.0
36673.0,36673.0,36673.0,0.0,36673.0,36673.0,36673.0,36673.0,1.0,0.0,1.0,0.0,0.0,0.0,0.9999999999997274,0.9999999999997274,36673.0,0.0,0.0,36673.0,1.0,0.0,0.0,0.0,0.0,0.9999999999997274,0.0,1.0,1.0,0.9999999999997274,0.9999999999997274,0.0,0.0,0.0,-5.451195050909519e-13,0.0,0.0,0.0
1036.0,1036.0,1036.0,0.0,1036.0,1036.0,1036.0,1036.0,1.0,0.0,1.0,0.0,0.0,0.0,0.9999999999903476,0.9999999999903476,1036.0,0.0,0.0,1036.0,1.0,0.0,0.0,0.0,0.0,0.9999999999903476,0.0,1.0,1.0,0.9999999999903476,0.9999999999903476,0.0,0.0,0.0,-1.9304779996787147e-11,0.0,0.0,0.0
250.0,250.0,250.0,0.0,250.0,250.0,250.0,250.0,1.0,0.0,1.0,0.0,0.0,0.0,0.99999999996,0.99999999996,250.0,0.0,0.0,250.0,1.0,0.0,0.0,0.0,0.0,0.99999999996,0.0,1.0,1.0,0.99999999996,0.99999999996,0.0,0.0,0.0,-8.000000661922968e-11,0.0,0.0,0.0
16348.0,16348.0,16348.0,0.0,16348.0,16348.0,16348.0,16348.0,1.0,0.0,1.0,0.0,0.0,0.0,0.9999999999993883,0.9999999999993883,16348.0,0.0,0.0,16348.0,1.0,0.0,0.0,0.0,0.0,0.9999999999993883,0.0,1.0,1.0,0.9999999999993883,0.9999999999993883,0.0,0.0,0.0,-1.2234657731369225e-12,0.0,0.0,0.0
1045.0,1045.0,1045.0,0.0,1045.0,1045.0,1045.0,1045.0,1.0,0.0,1.0,0.0,0.0,0.0,0.9999999999904308,0.9999999999904308,1045.0,0.0,0.0,1045.0,1.0,0.0,0.0,0.0,0.0,0.9999999999904308,0.0,1.0,1.0,0.9999999999904308,0.9999999999904308,0.0,0.0,0.0,-1.91384685876983e-11,0.0,0.0,0.0
59.0,59.0,59.0,0.0,59.0,59.0,59.0,59.0,1.0,0.0,1.0,0.0,0.0,0.0,0.9999999998305085,0.9999999998305085,59.0,0.0,0.0,59.0,1.0,0.0,0.0,0.0,0.0,0.9999999998305085,0.0,1.0,1.0,0.9999999998305085,0.9999999998305085,0.0,0.0,0.0,-3.389830638411695e-10,0.0,0.0,0.0
128.0,128.0,128.0,0.0,128.0,128.0,128.0,128.0,1.0,0.0,1.0,0.0,0.0,0.0,0.9999999999218749,0.9999999999218749,128.0,0.0,0.0,128.0,1.0,0.0,0.0,0.0,0.0,0.9999999999218749,0.0,1.0,1.0,0.9999999999218749,0.9999999999218749,0.0,0.0,0.0,-1.5625012395048543e-10,0.0,0.0,0.0
81.0,81.0,81.0,0.0,81.0,81.0,81.0,81.0,1.0,0.0,1.0,0.0,0.0,0.0,0.9999999998765433,0.9999999998765433,81.0,0.0,0.0,81.0,1.0,0.0,0.0,0.0,0.0,0.9999999998765433,0.0,1.0,1.0,0.9999999998765433,0.9999999998765433,0.0,0.0,0.0,-2.469133786320299e-10,0.0,0.0,0.0
98.0,98.0,98.0,0.0,98.0,98.0,98.0,98.0,1.0,0.0,1.0,0.0,0.0,0.0,0.9999999998979593,0.9999999998979593,98.0,0.0,0.0,98.0,1.0,0.0,0.0,0.0,0.0,0.9999999998979593,0.0,1.0,1.0,0.9999999998979593,0.9999999998979593,0.0,0.0,0.0,-2.040814184312012e-10,0.0,0.0,0.0
383.0,383.0,383.0,0.0,383.0,383.0,383.0,383.0,1.0,0.0,1.0,0.0,0.0,0.0,0.9999999999738903,0.9999999999738903,383.0,0.0,0.0,383.0,1.0,0.0,0.0,0.0,0.0,0.9999999999738903,0.0,1.0,1.0,0.9999999999738903,0.9999999999738903,0.0,0.0,0.0,-5.221933996324424e-11,0.0,0.0,0.0
92.0,92.0,92.0,0.0,92.0,92.0,92.0,92.0,1.0,0.0,1.0,0.0,0.0,0.0,0.9999999998913044,0.9999999998913044,92.0,0.0,0.0,92.0,1.0,0.0,0.0,0.0,0.0,0.9999999998913044,0.0,1.0,1.0,0.9999999998913044,0.9999999998913044,0.0,0.0,0.0,-2.1739121613961743e-10,0.0,0.0,0.0
1629.0,1629.0,1629.0,0.0,1629.0,1629.0,1629.0,1629.0,1.0,0.0,1.0,0.0,0.0,0.0,0.9999999999938614,0.9999999999938614,1629.0,0.0,0.0,1629.0,1.0,0.0,0.0,0.0,0.0,0.9999999999938614,0.0,1.0,1.0,0.9999999999938614,0.9999999999938614,0.0,0.0,0.0,-1.2277290295514831e-11,0.0,0.0,0.0
596.0,596.0,596.0,0.0,596.0,596.0,596.0,596.0,1.0,0.0,1.0,0.0,0.0,0.0,0.9999999999832214,0.9999999999832214,596.0,0.0,0.0,596.0,1.0,0.0,0.0,0.0,0.0,0.9999999999832214,0.0,1.0,1.0,0.9999999999832214,0.9999999999832214,0.0,0.0,0.0,-3.355715705311013e-11,0.0,0.0,0.0
1898.0,1898.0,1898.0,0.0,1898.0,1898.0,1898.0,1898.0,1.0,0.0,1.0,0.0,0.0,0.0,0.9999999999947313,0.9999999999947313,1898.0,0.0,0.0,1898.0,1.0,0.0,0.0,0.0,0.0,0.9999999999947313,0.0,1.0,1.0,0.9999999999947313,0.9999999999947313,0.0,0.0,0.0,-1.0537348771322286e-11,0.0,0.0,0.0
989.0,989.0,989.0,0.0,989.0,989.0,989.0,989.0,1.0,0.0,1.0,0.0,0.0,0.0,0.9999999999898888,0.9999999999898888,989.0,0.0,0.0,989.0,1.0,0.0,0.0,0.0,0.0,0.9999999999898888,0.0,1.0,1.0,0.9999999999898888,0.9999999999898888,0.0,0.0,0.0,-2.02224903489423e-11,0.0,0.0,0.0
102.0,102.0,102.0,0.0,102.0,102.0,102.0,102.0,1.0,0.0,1.0,0.0,0.0,0.0,0.9999999999019609,0.9999999999019609,102.0,0.0,0.0,102.0,1.0,0.0,0.0,0.0,0.0,0.9999999999019609,0.0,1.0,1.0,0.9999999999019609,0.9999999999019609,0.0,0.0,0.0,-1.960782647358883e-10,0.0,0.0,0.0
7829.0,7829.0,7829.0,0.0,7829.0,7829.0,7829.0,7829.0,1.0,0.0,1.0,0.0,0.0,0.0,0.9999999999987227,0.9999999999987227,7829.0,0.0,0.0,7829.0,1.0,0.0,0.0,0.0,0.0,0.9999999999987227,0.0,1.0,1.0,0.9999999999987227,0.9999999999987227,0.0,0.0,0.0,-2.554623179662485e-12,0.0,0.0,0.0
2568.0,2568.0,2568.0,0.0,2568.0,2568.0,2568.0,2568.0,1.0,0.0,1.0,0.0,0.0,0.0,0.999999999996106,0.999999999996106,2568.0,0.0,0.0,2568.0,1.0,0.0,0.0,0.0,0.0,0.999999999996106,0.0,1.0,1.0,0.999999999996106,0.999999999996106,0.0,0.0,0.0,-7.787992473140548e-12,0.0,0.0,0.0
63.0,63.0,63.0,0.0,63.0,63.0,63.0,63.0,1.0,0.0,1.0,0.0,0.0,0.0,0.9999999998412699,0.9999999998412699,63.0,0.0,0.0,63.0,1.0,0.0,0.0,0.0,0.0,0.9999999998412699,0.0,1.0,1.0,0.9999999998412699,0.9999999998412699,0.0,0.0,0.0,-3.174602802857862e-10,0.0,0.0,0.0
1584.0,1584.0,1584.0,0.0,1584.0,1584.0,1584.0,1584.0,1.0,0.0,1.0,0.0,0.0,0.0,0.9999999999936869,0.9999999999936869,1584.0,0.0,0.0,1584.0,1.0,0.0,0.0,0.0,0.0,0.9999999999936869,0.0,1.0,1.0,0.9999999999936869,0.9999999999936869,0.0,0.0,0.0,-1.2626122369852055e-11,0.0,0.0,0.0
372.0,372.0,372.0,0.0,372.0,372.0,372.0,372.0,1.0,0.0,1.0,0.0,0.0,0.0,0.9999999999731183,0.9999999999731183,372.0,0.0,0.0,372.0,1.0,0.0,0.0,0.0,0.0,0.9999999999731183,0.0,1.0,1.0,0.9999999999731183,0.9999999999731183,0.0,0.0,0.0,-5.3763438145892906e-11,0.0,0.0,0.0
10688.0,10688.0,10688.0,0.0,10688.0,10688.0,10688.0,10688.0,1.0,0.0,1.0,0.0,0.0,0.0,0.9999999999990643,0.9999999999990643,10688.0,0.0,0.0,10688.0,1.0,0.0,0.0,0.0,0.0,0.9999999999990643,0.0,1.0,1.0,0.9999999999990643,0.9999999999990643,0.0,0.0,0.0,-1.871391930308164e-12,0.0,0.0,0.0
849.0,849.0,849.0,0.0,849.0,849.0,849.0,849.0,1.0,0.0,1.0,0.0,0.0,0.0,0.9999999999882214,0.9999999999882214,849.0,0.0,0.0,849.0,1.0,0.0,0.0,0.0,0.0,0.9999999999882214,0.0,1.0,1.0,0.9999999999882214,0.9999999999882214,0.0,0.0,0.0,-2.355715622570642e-11,0.0,0.0,0.0
55.0,55.0,55.0,0.0,55.0,55.0,55.0,55.0,1.0,0.0,1.0,0.0,0.0,0.0,0.9999999998181818,0.9999999998181818,55.0,0.0,0.0,55.0,1.0,0.0,0.0,0.0,0.0,0.9999999998181818,0.0,1.0,1.0,0.9999999998181818,0.9999999998181818,0.0,0.0,0.0,-3.636364542813908e-10,0.0,0.0,0.0
162.0,162.0,162.0,0.0,162.0,162.0,162.0,162.0,1.0,0.0,1.0,0.0,0.0,0.0,0.9999999999382716,0.9999999999382716,162.0,0.0,0.0,162.0,1.0,0.0,0.0,0.0,0.0,0.9999999999382716,0.0,1.0,1.0,0.9999999999382716,0.9999999999382716,0.0,0.0,0.0,-1.234568003383174e-10,0.0,0.0,0.0
561.0,561.0,561.0,0.0,561.0,561.0,561.0,561.0,1.0,0.0,1.0,0.0,0.0,0.0,0.9999999999821747,0.9999999999821747,561.0,0.0,0.0,561.0,1.0,0.0,0.0,0.0,0.0,0.9999999999821747,0.0,1.0,1.0,0.9999999999821747,0.9999999999821747,0.0,0.0,0.0,-3.5650593588343327e-11,0.0,0.0,0.0
6175.0,6175.0,6175.0,0.0,6175.0,6175.0,6175.0,6175.0,1.0,0.0,1.0,0.0,0.0,0.0,0.9999999999983806,0.9999999999983806,6175.0,0.0,0.0,6175.0,1.0,0.0,0.0,0.0,0.0,0.9999999999983806,0.0,1.0,1.0,0.9999999999983806,0.9999999999983806,0.0,0.0,0.0,-3.2387426074365067e-12,0.0,0.0,0.0
42.0,42.0,42.0,0.0,42.0,42.0,42.0,42.0,1.0,0.0,1.0,0.0,0.0,0.0,0.9999999997619048,0.9999999997619048,42.0,0.0,0.0,42.0,1.0,0.0,0.0,0.0,0.0,0.9999999997619048,0.0,1.0,1.0,0.9999999997619048,0.9999999997619048,0.0,0.0,0.0,-4.761904204286793e-10,0.0,0.0,0.0
853.0,853.0,853.0,0.0,853.0,853.0,853.0,853.0,1.0,0.0,1.0,0.0,0.0,0.0,0.9999999999882767,0.9999999999882767,853.0,0.0,0.0,853.0,1.0,0.0,0.0,0.0,0.0,0.9999999999882767,0.0,1.0,1.0,0.9999999999882767,0.9999999999882767,0.0,0.0,0.0,-2.3446578012453756e-11,0.0,0.0,0.0
68.0,68.0,68.0,0.0,68.0,68.0,68.0,68.0,1.0,0.0,1.0,0.0,0.0,0.0,0.9999999998529413,0.9999999998529413,68.0,0.0,0.0,68.0,1.0,0.0,0.0,0.0,0.0,0.9999999998529413,0.0,1.0,1.0,0.9999999998529413,0.9999999998529413,0.0,0.0,0.0,-2.9411739710383245e-10,0.0,0.0,0.0
2863.0,2863.0,2863.0,0.0,2863.0,2863.0,2863.0,2863.0,1.0,0.0,1.0,0.0,0.0,0.0,0.9999999999965072,0.9999999999965072,2863.0,0.0,0.0,2863.0,1.0,0.0,0.0,0.0,0.0,0.9999999999965072,0.0,1.0,1.0,0.9999999999965072,0.9999999999965072,0.0,0.0,0.0,-6.985523270941485e-12,0.0,0.0,0.0
18.0,18.0,18.0,0.0,18.0,18.0,18.0,18.0,1.0,0.0,1.0,0.0,0.0,0.0,0.9999999994444444,0.9999999994444444,18.0,0.0,0.0,18.0,1.0,0.0,0.0,0.0,0.0,0.9999999994444444,0.0,1.0,1.0,0.9999999994444444,0.9999999994444444,0.0,0.0,0.0,-1.1111112030448567e-09,0.0,0.0,0.0
43.0,43.0,43.0,0.0,43.0,43.0,43.0,43.0,1.0,0.0,1.0,0.0,0.0,0.0,0.9999999997674418,0.9999999997674418,43.0,0.0,0.0,43.0,1.0,0.0,0.0,0.0,0.0,0.9999999997674418,0.0,1.0,1.0,0.9999999997674418,0.9999999997674418,0.0,0.0,0.0,-4.6511638984725323e-10,0.0,0.0,0.0
294.0,294.0,294.0,0.0,294.0,294.0,294.0,294.0,1.0,0.0,1.0,0.0,0.0,0.0,0.9999999999659863,0.9999999999659863,294.0,0.0,0.0,294.0,1.0,0.0,0.0,0.0,0.0,0.9999999999659863,0.0,1.0,1.0,0.9999999999659863,0.9999999999659863,0.0,0.0,0.0,-6.802736152167199e-11,0.0,0.0,0.0
27861.0,27861.0,27861.0,0.0,27861.0,27861.0,27861.0,27861.0,1.0,0.0,1.0,0.0,0.0,0.0,0.9999999999996411,0.9999999999996411,27861.0,0.0,0.0,27861.0,1.0,0.0,0.0,0.0,0.0,0.9999999999996411,0.0,1.0,1.0,0.9999999999996411,0.9999999999996411,0.0,0.0,0.0,-7.178702077226262e-13,0.0,0.0,0.0
2204.0,2204.0,2204.0,0.0,2204.0,2204.0,2204.0,2204.0,1.0,0.0,1.0,0.0,0.0,0.0,0.9999999999954629,0.9999999999954629,2204.0,0.0,0.0,2204.0,1.0,0.0,0.0,0.0,0.0,0.9999999999954629,0.0,1.0,1.0,0.9999999999954629,0.9999999999954629,0.0,0.0,0.0,-9.074296869471254e-12,0.0,0.0,0.0
529.0,529.0,529.0,0.0,529.0,529.0,529.0,529.0,1.0,0.0,1.0,0.0,0.0,0.0,0.9999999999810963,0.9999999999810963,529.0,0.0,0.0,529.0,1.0,0.0,0.0,0.0,0.0,0.9999999999810963,0.0,1.0,1.0,0.9999999999810963,0.9999999999810963,0.0,0.0,0.0,-3.7807312835980156e-11,0.0,0.0,0.0
7934.0,7934.0,7934.0,0.0,7934.0,7934.0,7934.0,7934.0,1.0,0.0,1.0,0.0,0.0,0.0,0.9999999999987396,0.9999999999987396,7934.0,0.0,0.0,7934.0,1.0,0.0,0.0,0.0,0.0,0.9999999999987396,0.0,1.0,1.0,0.9999999999987396,0.9999999999987396,0.0,0.0,0.0,-2.5208723997138804e-12,0.0,0.0,0.0
2680.0,2680.0,2680.0,0.0,2680.0,2680.0,2680.0,2680.0,1.0,0.0,1.0,0.0,0.0,0.0,0.9999999999962687,0.9999999999962687,2680.0,0.0,0.0,2680.0,1.0,0.0,0.0,0.0,0.0,0.9999999999962687,0.0,1.0,1.0,0.9999999999962687,0.9999999999962687,0.0,0.0,0.0,-7.462697126925377e-12,0.0,0.0,0.0
5682.0,5682.0,5682.0,0.0,5682.0,5682.0,5682.0,5682.0,1.0,0.0,1.0,0.0,0.0,0.0,0.9999999999982401,0.9999999999982401,5682.0,0.0,0.0,5682.0,1.0,0.0,0.0,0.0,0.0,0.9999999999982401,0.0,1.0,1.0,0.9999999999982401,0.9999999999982401,0.0,0.0,0.0,-3.5198510772715963e-12,0.0,0.0,0.0
157.0,157.0,157.0,0.0,157.0,157.0,157.0,157.0,1.0,0.0,1.0,0.0,0.0,0.0,0.9999999999363057,0.9999999999363057,157.0,0.0,0.0,157.0,1.0,0.0,0.0,0.0,0.0,0.9999999999363057,0.0,1.0,1.0,0.9999999999363057,0.9999999999363057,0.0,0.0,0.0,-1.2738854415772494e-10,0.0,0.0,0.0
56620.0,56620.0,56620.0,0.0,56620.0,56620.0,56620.0,56620.0,1.0,0.0,1.0,0.0,0.0,0.0,0.9999999999998235,0.9999999999998235,56620.0,0.0,0.0,56620.0,1.0,0.0,0.0,0.0,0.0,0.9999999999998235,0.0,1.0,1.0,0.9999999999998235,0.9999999999998235,0.0,0.0,0.0,-3.530509218307998e-13,0.0,0.0,0.0
505.0,505.0,505.0,0.0,505.0,505.0,505.0,505.0,1.0,0.0,1.0,0.0,0.0,0.0,0.999999999980198,0.999999999980198,505.0,0.0,0.0,505.0,1.0,0.0,0.0,0.0,0.0,0.999999999980198,0.0,1.0,1.0,0.999999999980198,0.999999999980198,0.0,0.0,0.0,-3.960409777903351e-11,0.0,0.0,0.0
52.0,52.0,52.0,0.0,52.0,52.0,52.0,52.0,1.0,0.0,1.0,0.0,0.0,0.0,0.9999999998076923,0.9999999998076923,52.0,0.0,0.0,52.0,1.0,0.0,0.0,0.0,0.0,0.9999999998076923,0.0,1.0,1.0,0.9999999998076923,0.9999999998076923,0.0,0.0,0.0,-3.846154505993127e-10,0.0,0.0,0.0
6864.0,6864.0,6864.0,0.0,6864.0,6864.0,6864.0,6864.0,1.0,0.0,1.0,0.0,0.0,0.0,0.9999999999985432,0.9999999999985432,6864.0,0.0,0.0,6864.0,1.0,0.0,0.0,0.0,0.0,0.9999999999985432,0.0,1.0,1.0,0.9999999999985432,0.9999999999985432,0.0,0.0,0.0,-2.913669305826261e-12,0.0,0.0,0.0
3740.0,3740.0,3740.0,0.0,3740.0,3740.0,3740.0,3740.0,1.0,0.0,1.0,0.0,0.0,0.0,0.9999999999973262,0.9999999999973262,3740.0,0.0,0.0,3740.0,1.0,0.0,0.0,0.0,0.0,0.9999999999973262,0.0,1.0,1.0,0.9999999999973262,0.9999999999973262,0.0,0.0,0.0,-5.347500220409529e-12,0.0,0.0,0.0
2413.0,2413.0,2413.0,0.0,2413.0,2413.0,2413.0,2413.0,1.0,0.0,1.0,0.0,0.0,0.0,0.9999999999958559,0.9999999999958559,2413.0,0.0,0.0,2413.0,1.0,0.0,0.0,0.0,0.0,0.9999999999958559,0.0,1.0,1.0,0.9999999999958559,0.9999999999958559,0.0,0.0,0.0,-8.288258968036644e-12,0.0,0.0,0.0
294.0,294.0,294.0,0.0,294.0,294.0,294.0,294.0,1.0,0.0,1.0,0.0,0.0,0.0,0.9999999999659863,0.9999999999659863,294.0,0.0,0.0,294.0,1.0,0.0,0.0,0.0,0.0,0.9999999999659863,0.0,1.0,1.0,0.9999999999659863,0.9999999999659863,0.0,0.0,0.0,-6.802736152167199e-11,0.0,0.0,0.0
7393.0,7393.0,7393.0,0.0,7393.0,7393.0,7393.0,7393.0,1.0,0.0,1.0,0.0,0.0,0.0,0.9999999999986474,0.9999999999986474,7393.0,0.0,0.0,7393.0,1.0,0.0,0.0,0.0,0.0,0.9999999999986474,0.0,1.0,1.0,0.9999999999986474,0.9999999999986474,0.0,0.0,0.0,-2.7051694218016564e-12,0.0,0.0,0.0
1595.0,1595.0,1595.0,0.0,1595.0,1595.0,1595.0,1595.0,1.0,0.0,1.0,0.0,0.0,0.0,0.9999999999937305,0.9999999999937305,1595.0,0.0,0.0,1595.0,1.0,0.0,0.0,0.0,0.0,0.9999999999937305,0.0,1.0,1.0,0.9999999999937305,0.9999999999937305,0.0,0.0,0.0,-1.2539080884721443e-11,0.0,0.0,0.0
1150.0,1150.0,1150.0,0.0,1150.0,1150.0,1150.0,1150.0,1.0,0.0,1.0,0.0,0.0,0.0,0.9999999999913044,0.9999999999913044,1150.0,0.0,0.0,1150.0,1.0,0.0,0.0,0.0,0.0,0.9999999999913044,0.0,1.0,1.0,0.9999999999913044,0.9999999999913044,0.0,0.0,0.0,-1.7391199591543227e-11,0.0,0.0,0.0
1056.0,1056.0,1056.0,0.0,1056.0,1056.0,1056.0,1056.0,1.0,0.0,1.0,0.0,0.0,0.0,0.9999999999905304,0.9999999999905304,1056.0,0.0,0.0,1056.0,1.0,0.0,0.0,0.0,0.0,0.9999999999905304,0.0,1.0,1.0,0.9999999999905304,0.9999999999905304,0.0,0.0,0.0,-1.8939294577080545e-11,0.0,0.0,0.0
5530.0,5530.0,5530.0,0.0,5530.0,5530.0,5530.0,5530.0,1.0,0.0,1.0,0.0,0.0,0.0,0.9999999999981917,0.9999999999981917,5530.0,0.0,0.0,5530.0,1.0,0.0,0.0,0.0,0.0,0.9999999999981917,0.0,1.0,1.0,0.9999999999981917,0.9999999999981917,0.0,0.0,0.0,-3.61666252501891e-12,0.0,0.0,0.0
3050.0,3050.0,3050.0,0.0,3050.0,3050.0,3050.0,3050.0,1.0,0.0,1.0,0.0,0.0,0.0,0.9999999999967214,0.9999999999967214,3050.0,0.0,0.0,3050.0,1.0,0.0,0.0,0.0,0.0,0.9999999999967214,0.0,1.0,1.0,0.9999999999967214,0.9999999999967214,0.0,0.0,0.0,-6.5571992280410996e-12,0.0,0.0,0.0
1015.0,1015.0,1015.0,0.0,1015.0,1015.0,1015.0,1015.0,1.0,0.0,1.0,0.0,0.0,0.0,0.9999999999901478,0.9999999999901478,1015.0,0.0,0.0,1015.0,1.0,0.0,0.0,0.0,0.0,0.9999999999901478,0.0,1.0,1.0,0.9999999999901478,0.9999999999901478,0.0,0.0,0.0,-1.9704460285652203e-11,0.0,0.0,0.0
10095.0,10095.0,10095.0,0.0,10095.0,10095.0,10095.0,10095.0,1.0,0.0,1.0,0.0,0.0,0.0,0.9999999999990093,0.9999999999990093,10095.0,0.0,0.0,10095.0,1.0,0.0,0.0,0.0,0.0,0.9999999999990093,0.0,1.0,1.0,0.9999999999990093,0.9999999999990093,0.0,0.0,0.0,-1.9813040097460544e-12,0.0,0.0,0.0
48.0,48.0,48.0,0.0,48.0,48.0,48.0,48.0,1.0,0.0,1.0,0.0,0.0,0.0,0.9999999997916666,0.9999999997916666,48.0,0.0,0.0,48.0,1.0,0.0,0.0,0.0,0.0,0.9999999997916666,0.0,1.0,1.0,0.9999999997916666,0.9999999997916666,0.0,0.0,0.0,-4.1666670114182125e-10,0.0,0.0,0.0
3433.0,3433.0,3433.0,0.0,3433.0,3433.0,3433.0,3433.0,1.0,0.0,1.0,0.0,0.0,0.0,0.9999999999970871,0.9999999999970871,3433.0,0.0,0.0,3433.0,1.0,0.0,0.0,0.0,0.0,0.9999999999970871,0.0,1.0,1.0,0.9999999999970871,0.9999999999970871,0.0,0.0,0.0,-5.8257842994180464e-12,0.0,0.0,0.0
93.0,93.0,93.0,0.0,93.0,93.0,93.0,93.0,1.0,0.0,1.0,0.0,0.0,0.0,0.9999999998924732,0.9999999998924732,93.0,0.0,0.0,93.0,1.0,0.0,0.0,0.0,0.0,0.9999999998924732,0.0,1.0,1.0,0.9999999998924732,0.9999999998924732,0.0,0.0,0.0,-2.150535305389667e-10,0.0,0.0,0.0
11837.0,11837.0,11837.0,0.0,11837.0,11837.0,11837.0,11837.0,1.0,0.0,1.0,0.0,0.0,0.0,0.9999999999991551,0.9999999999991551,11837.0,0.0,0.0,11837.0,1.0,0.0,0.0,0.0,0.0,0.9999999999991551,0.0,1.0,1.0,0.9999999999991551,0.9999999999991551,0.0,0.0,0.0,-1.6897594434794883e-12,0.0,0.0,0.0
110.0,110.0,110.0,0.0,110.0,110.0,110.0,110.0,1.0,0.0,1.0,0.0,0.0,0.0,0.9999999999090909,0.9999999999090909,110.0,0.0,0.0,110.0,1.0,0.0,0.0,0.0,0.0,0.9999999999090909,0.0,1.0,1.0,0.9999999999090909,0.9999999999090909,0.0,0.0,0.0,-1.8181811611839294e-10,0.0,0.0,0.0
5849.0,5849.0,5849.0,0.0,5849.0,5849.0,5849.0,5849.0,1.0,0.0,1.0,0.0,0.0,0.0,0.9999999999982904,0.9999999999982904,5849.0,0.0,0.0,5849.0,1.0,0.0,0.0,0.0,0.0,0.9999999999982904,0.0,1.0,1.0,0.9999999999982904,0.9999999999982904,0.0,0.0,0.0,-3.419264871240557e-12,0.0,0.0,0.0
144.0,144.0,144.0,0.0,144.0,144.0,144.0,144.0,1.0,0.0,1.0,0.0,0.0,0.0,0.9999999999305555,0.9999999999305555,144.0,0.0,0.0,144.0,1.0,0.0,0.0,0.0,0.0,0.9999999999305555,0.0,1.0,1.0,0.9999999999305555,0.9999999999305555,0.0,0.0,0.0,-1.3888890038060708e-10,0.0,0.0,0.0
1154.0,1154.0,1154.0,0.0,1154.0,1154.0,1154.0,1154.0,1.0,0.0,1.0,0.0,0.0,0.0,0.9999999999913346,0.9999999999913346,1154.0,0.0,0.0,1154.0,1.0,0.0,0.0,0.0,0.0,0.9999999999913346,0.0,1.0,1.0,0.9999999999913346,0.9999999999913346,0.0,0.0,0.0,-1.733080345900362e-11,0.0,0.0,0.0
8496.0,8496.0,8496.0,0.0,8496.0,8496.0,8496.0,8496.0,1.0,0.0,1.0,0.0,0.0,0.0,0.9999999999988228,0.9999999999988228,8496.0,0.0,0.0,8496.0,1.0,0.0,0.0,0.0,0.0,0.9999999999988228,0.0,1.0,1.0,0.9999999999988228,0.9999999999988228,0.0,0.0,0.0,-2.354338946020107e-12,0.0,0.0,0.0
2686.0,2686.0,2686.0,0.0,2686.0,2686.0,2686.0,2686.0,1.0,0.0,1.0,0.0,0.0,0.0,0.999999999996277,0.999999999996277,2686.0,0.0,0.0,2686.0,1.0,0.0,0.0,0.0,0.0,0.999999999996277,0.0,1.0,1.0,0.999999999996277,0.999999999996277,0.0,0.0,0.0,-7.446043781556e-12,0.0,0.0,0.0
29054.0,29054.0,29054.0,0.0,29054.0,29054.0,29054.0,29054.0,1.0,0.0,1.0,0.0,0.0,0.0,0.9999999999996558,0.9999999999996558,29054.0,0.0,0.0,29054.0,1.0,0.0,0.0,0.0,0.0,0.9999999999996558,0.0,1.0,1.0,0.9999999999996558,0.9999999999996558,0.0,0.0,0.0,-6.883382752675971e-13,0.0,0.0,0.0
24662.0,24662.0,24662.0,0.0,24662.0,24662.0,24662.0,24662.0,1.0,0.0,1.0,0.0,0.0,0.0,0.9999999999995944,0.9999999999995944,24662.0,0.0,0.0,24662.0,1.0,0.0,0.0,0.0,0.0,0.9999999999995944,0.0,1.0,1.0,0.9999999999995944,0.9999999999995944,0.0,0.0,0.0,-8.111289417911394e-13,0.0,0.0,0.0
12883.0,12883.0,12883.0,0.0,12883.0,12883.0,12883.0,12883.0,1.0,0.0,1.0,0.0,0.0,0.0,0.9999999999992237,0.9999999999992237,12883.0,0.0,0.0,12883.0,1.0,0.0,0.0,0.0,0.0,0.9999999999992237,0.0,1.0,1.0,0.9999999999992237,0.9999999999992237,0.0,0.0,0.0,-1.552535877635819e-12,0.0,0.0,0.0
5174.0,5174.0,5174.0,0.0,5174.0,5174.0,5174.0,5174.0,1.0,0.0,1.0,0.0,0.0,0.0,0.9999999999980673,0.9999999999980673,5174.0,0.0,0.0,5174.0,1.0,0.0,0.0,0.0,0.0,0.9999999999980673,0.0,1.0,1.0,0.9999999999980673,0.9999999999980673,0.0,0.0,0.0,-3.865352482534945e-12,0.0,0.0,0.0
115.0,115.0,115.0,0.0,115.0,115.0,115.0,115.0,1.0,0.0,1.0,0.0,0.0,0.0,0.9999999999130436,0.9999999999130436,115.0,0.0,0.0,115.0,1.0,0.0,0.0,0.0,0.0,0.9999999999130436,0.0,1.0,1.0,0.9999999999130436,0.9999999999130436,0.0,0.0,0.0,-1.7391288409385197e-10,0.0,0.0,0.0
46.0,46.0,46.0,0.0,46.0,46.0,46.0,46.0,1.0,0.0,1.0,0.0,0.0,0.0,0.9999999997826087,0.9999999997826087,46.0,0.0,0.0,46.0,1.0,0.0,0.0,0.0,0.0,0.9999999997826087,0.0,1.0,1.0,0.9999999997826087,0.9999999997826087,0.0,0.0,0.0,-4.347826543238398e-10,0.0,0.0,0.0
2894.0,2894.0,2894.0,0.0,2894.0,2894.0,2894.0,2894.0,1.0,0.0,1.0,0.0,0.0,0.0,0.9999999999965447,0.9999999999965447,2894.0,0.0,0.0,2894.0,1.0,0.0,0.0,0.0,0.0,0.9999999999965447,0.0,1.0,1.0,0.9999999999965447,0.9999999999965447,0.0,0.0,0.0,-6.910694239081749e-12,0.0,0.0,0.0
1311.0,1311.0,1311.0,0.0,1311.0,1311.0,1311.0,1311.0,1.0,0.0,1.0,0.0,0.0,0.0,0.9999999999923723,0.9999999999923723,1311.0,0.0,0.0,1311.0,1.0,0.0,0.0,0.0,0.0,0.9999999999923723,0.0,1.0,1.0,0.9999999999923723,0.9999999999923723,0.0,0.0,0.0,-1.525535253676935e-11,0.0,0.0,0.0
3373.0,3373.0,3373.0,0.0,3373.0,3373.0,3373.0,3373.0,1.0,0.0,1.0,0.0,0.0,0.0,0.9999999999970353,0.9999999999970353,3373.0,0.0,0.0,3373.0,1.0,0.0,0.0,0.0,0.0,0.9999999999970353,0.0,1.0,1.0,0.9999999999970353,0.9999999999970353,0.0,0.0,0.0,-5.929479129918036e-12,0.0,0.0,0.0
194.0,194.0,194.0,0.0,194.0,194.0,194.0,194.0,1.0,0.0,1.0,0.0,0.0,0.0,0.9999999999484536,0.9999999999484536,194.0,0.0,0.0,194.0,1.0,0.0,0.0,0.0,0.0,0.9999999999484536,0.0,1.0,1.0,0.9999999999484536,0.9999999999484536,0.0,0.0,0.0,-1.0309286757603786e-10,0.0,0.0,0.0
309.0,309.0,309.0,0.0,309.0,309.0,309.0,309.0,1.0,0.0,1.0,0.0,0.0,0.0,0.9999999999676376,0.9999999999676376,309.0,0.0,0.0,309.0,1.0,0.0,0.0,0.0,0.0,0.9999999999676376,0.0,1.0,1.0,0.9999999999676376,0.9999999999676376,0.0,0.0,0.0,-6.4724892112622e-11,0.0,0.0,0.0
2723.0,2723.0,2723.0,0.0,2723.0,2723.0,2723.0,2723.0,1.0,0.0,1.0,0.0,0.0,0.0,0.9999999999963276,0.9999999999963276,2723.0,0.0,0.0,2723.0,1.0,0.0,0.0,0.0,0.0,0.9999999999963276,0.0,1.0,1.0,0.9999999999963276,0.9999999999963276,0.0,0.0,0.0,-7.344791441710186e-12,0.0,0.0,0.0
7214.0,7214.0,7214.0,0.0,7214.0,7214.0,7214.0,7214.0,1.0,0.0,1.0,0.0,0.0,0.0,0.9999999999986138,0.9999999999986138,7214.0,0.0,0.0,7214.0,1.0,0.0,0.0,0.0,0.0,0.9999999999986138,0.0,1.0,1.0,0.9999999999986138,0.9999999999986138,0.0,0.0,0.0,-2.772448937093941e-12,0.0,0.0,0.0
31.0,31.0,31.0,0.0,31.0,31.0,31.0,31.0,1.0,0.0,1.0,0.0,0.0,0.0,0.9999999996774194,0.9999999996774194,31.0,0.0,0.0,31.0,1.0,0.0,0.0,0.0,0.0,0.9999999996774194,0.0,1.0,1.0,0.9999999996774194,0.9999999996774194,0.0,0.0,0.0,-6.451612577507149e-10,0.0,0.0,0.0
9719.0,9719.0,9719.0,0.0,9719.0,9719.0,9719.0,9719.0,1.0,0.0,1.0,0.0,0.0,0.0,0.999999999998971,0.999999999998971,9719.0,0.0,0.0,9719.0,1.0,0.0,0.0,0.0,0.0,0.999999999998971,0.0,1.0,1.0,0.999999999998971,0.999999999998971,0.0,0.0,0.0,-2.05790939844519e-12,0.0,0.0,0.0
7687.0,7687.0,7687.0,0.0,7687.0,7687.0,7687.0,7687.0,1.0,0.0,1.0,0.0,0.0,0.0,0.9999999999986992,0.9999999999986992,7687.0,0.0,0.0,7687.0,1.0,0.0,0.0,0.0,0.0,0.9999999999986992,0.0,1.0,1.0,0.9999999999986992,0.9999999999986992,0.0,0.0,0.0,-2.601696635906592e-12,0.0,0.0,0.0
484.0,484.0,484.0,0.0,484.0,484.0,484.0,484.0,1.0,0.0,1.0,0.0,0.0,0.0,0.9999999999793389,0.9999999999793389,484.0,0.0,0.0,484.0,1.0,0.0,0.0,0.0,0.0,0.9999999999793389,0.0,1.0,1.0,0.9999999999793389,0.9999999999793389,0.0,0.0,0.0,-4.13222789319434e-11,0.0,0.0,0.0
1254.0,1254.0,1254.0,0.0,1254.0,1254.0,1254.0,1254.0,1.0,0.0,1.0,0.0,0.0,0.0,0.9999999999920256,0.9999999999920256,1254.0,0.0,0.0,1254.0,1.0,0.0,0.0,0.0,0.0,0.9999999999920256,0.0,1.0,1.0,0.9999999999920256,0.9999999999920256,0.0,0.0,0.0,-1.5948797837950224e-11,0.0,0.0,0.0
2413.0,2413.0,2413.0,0.0,2413.0,2413.0,2413.0,2413.0,1.0,0.0,1.0,0.0,0.0,0.0,0.9999999999958559,0.9999999999958559,2413.0,0.0,0.0,2413.0,1.0,0.0,0.0,0.0,0.0,0.9999999999958559,0.0,1.0,1.0,0.9999999999958559,0.9999999999958559,0.0,0.0,0.0,-8.288258968036644e-12,0.0,0.0,0.0
6454.0,6454.0,6454.0,0.0,6454.0,6454.0,6454.0,6454.0,1.0,0.0,1.0,0.0,0.0,0.0,0.9999999999984506,0.9999999999984506,6454.0,0.0,0.0,6454.0,1.0,0.0,0.0,0.0,0.0,0.9999999999984506,0.0,1.0,1.0,0.9999999999984506,0.9999999999984506,0.0,0.0,0.0,-3.098854506333737e-12,0.0,0.0,0.0
292.0,292.0,292.0,0.0,292.0,292.0,292.0,292.0,1.0,0.0,1.0,0.0,0.0,0.0,0.9999999999657534,0.9999999999657534,292.0,0.0,0.0,292.0,1.0,0.0,0.0,0.0,0.0,0.9999999999657534,0.0,1.0,1.0,0.9999999999657534,0.9999999999657534,0.0,0.0,0.0,-6.849321110280471e-11,0.0,0.0,0.0
4633.0,4633.0,4633.0,0.0,4633.0,4633.0,4633.0,4633.0,1.0,0.0,1.0,0.0,0.0,0.0,0.9999999999978416,0.9999999999978416,4633.0,0.0,0.0,4633.0,1.0,0.0,0.0,0.0,0.0,0.9999999999978416,0.0,1.0,1.0,0.9999999999978416,0.9999999999978416,0.0,0.0,0.0,-4.316769164347534e-12,0.0,0.0,0.0
1696.0,1696.0,1696.0,0.0,1696.0,1696.0,1696.0,1696.0,1.0,0.0,1.0,0.0,0.0,0.0,0.9999999999941038,0.9999999999941038,1696.0,0.0,0.0,1696.0,1.0,0.0,0.0,0.0,0.0,0.9999999999941038,0.0,1.0,1.0,0.9999999999941038,0.9999999999941038,0.0,0.0,0.0,-1.1792344878358563e-11,0.0,0.0,0.0
10002.0,10002.0,10002.0,0.0,10002.0,10002.0,10002.0,10002.0,1.0,0.0,1.0,0.0,0.0,0.0,0.9999999999990001,0.9999999999990001,10002.0,0.0,0.0,10002.0,1.0,0.0,0.0,0.0,0.0,0.9999999999990001,0.0,1.0,1.0,0.9999999999990001,0.9999999999990001,0.0,0.0,0.0,-1.999733711954832e-12,0.0,0.0,0.0
16241.0,16241.0,16241.0,0.0,16241.0,16241.0,16241.0,16241.0,1.0,0.0,1.0,0.0,0.0,0.0,0.9999999999993843,0.9999999999993843,16241.0,0.0,0.0,16241.0,1.0,0.0,0.0,0.0,0.0,0.9999999999993843,0.0,1.0,1.0,0.9999999999993843,0.9999999999993843,0.0,0.0,0.0,-1.2314593789142236e-12,0.0,0.0,0.0
37334.0,37334.0,37334.0,0.0,37334.0,37334.0,37334.0,37334.0,1.0,0.0,1.0,0.0,0.0,0.0,0.9999999999997322,0.9999999999997322,37334.0,0.0,0.0,37334.0,1.0,0.0,0.0,0.0,0.0,0.9999999999997322,0.0,1.0,1.0,0.9999999999997322,0.9999999999997322,0.0,0.0,0.0,-5.355715870791755e-13,0.0,0.0,0.0
10968.0,10968.0,10968.0,0.0,10968.0,10968.0,10968.0,10968.0,1.0,0.0,1.0,0.0,0.0,0.0,0.9999999999990882,0.9999999999990882,10968.0,0.0,0.0,10968.0,1.0,0.0,0.0,0.0,0.0,0.9999999999990882,0.0,1.0,1.0,0.9999999999990882,0.9999999999990882,0.0,0.0,0.0,-1.823652340249282e-12,0.0,0.0,0.0
461.0,461.0,461.0,0.0,461.0,461.0,461.0,461.0,1.0,0.0,1.0,0.0,0.0,0.0,0.999999999978308,0.999999999978308,461.0,0.0,0.0,461.0,1.0,0.0,0.0,0.0,0.0,0.999999999978308,0.0,1.0,1.0,0.999999999978308,0.999999999978308,0.0,0.0,0.0,-4.338396308867232e-11,0.0,0.0,0.0
241.0,241.0,241.0,0.0,241.0,241.0,241.0,241.0,1.0,0.0,1.0,0.0,0.0,0.0,0.9999999999585062,0.9999999999585062,241.0,0.0,0.0,241.0,1.0,0.0,0.0,0.0,0.0,0.9999999999585062,0.0,1.0,1.0,0.9999999999585062,0.9999999999585062,0.0,0.0,0.0,-8.298761677849598e-11,0.0,0.0,0.0
12180.0,12180.0,12180.0,0.0,12180.0,12180.0,12180.0,12180.0,1.0,0.0,1.0,0.0,0.0,0.0,0.9999999999991789,0.9999999999991789,12180.0,0.0,0.0,12180.0,1.0,0.0,0.0,0.0,0.0,0.9999999999991789,0.0,1.0,1.0,0.9999999999991789,0.9999999999991789,0.0,0.0,0.0,-1.6422418980255316e-12,0.0,0.0,0.0
697.0,697.0,697.0,0.0,697.0,697.0,697.0,697.0,1.0,0.0,1.0,0.0,0.0,0.0,0.9999999999856528,0.9999999999856528,697.0,0.0,0.0,697.0,1.0,0.0,0.0,0.0,0.0,0.9999999999856528,0.0,1.0,1.0,0.9999999999856528,0.9999999999856528,0.0,0.0,0.0,-2.8694380205251946e-11,0.0,0.0,0.0
55.0,55.0,55.0,0.0,55.0,55.0,55.0,55.0,1.0,0.0,1.0,0.0,0.0,0.0,0.9999999998181818,0.9999999998181818,55.0,0.0,0.0,55.0,1.0,0.0,0.0,0.0,0.0,0.9999999998181818,0.0,1.0,1.0,0.9999999998181818,0.9999999998181818,0.0,0.0,0.0,-3.636364542813908e-10,0.0,0.0,0.0
7104.0,7104.0,7104.0,0.0,7104.0,7104.0,7104.0,7104.0,1.0,0.0,1.0,0.0,0.0,0.0,0.9999999999985923,0.9999999999985923,7104.0,0.0,0.0,7104.0,1.0,0.0,0.0,0.0,0.0,0.9999999999985923,0.0,1.0,1.0,0.9999999999985923,0.9999999999985923,0.0,0.0,0.0,-2.815303545844472e-12,0.0,0.0,0.0
3354.0,3354.0,3354.0,0.0,3354.0,3354.0,3354.0,3354.0,1.0,0.0,1.0,0.0,0.0,0.0,0.9999999999970185,0.9999999999970185,3354.0,0.0,0.0,3354.0,1.0,0.0,0.0,0.0,0.0,0.9999999999970185,0.0,1.0,1.0,0.9999999999970185,0.9999999999970185,0.0,0.0,0.0,-5.963007865261716e-12,0.0,0.0,0.0
3641.0,3641.0,3641.0,0.0,3641.0,3641.0,3641.0,3641.0,1.0,0.0,1.0,0.0,0.0,0.0,0.9999999999972535,0.9999999999972535,3641.0,0.0,0.0,3641.0,1.0,0.0,0.0,0.0,0.0,0.9999999999972535,0.0,1.0,1.0,0.9999999999972535,0.9999999999972535,0.0,0.0,0.0,-5.4929394366354245e-12,0.0,0.0,0.0
22057.0,22057.0,22057.0,0.0,22057.0,22057.0,22057.0,22057.0,1.0,0.0,1.0,0.0,0.0,0.0,0.9999999999995466,0.9999999999995466,22057.0,0.0,0.0,22057.0,1.0,0.0,0.0,0.0,0.0,0.9999999999995466,0.0,1.0,1.0,0.9999999999995466,0.9999999999995466,0.0,0.0,0.0,-9.068301665138279e-13,0.0,0.0,0.0
17596.0,17596.0,17596.0,0.0,17596.0,17596.0,17596.0,17596.0,1.0,0.0,1.0,0.0,0.0,0.0,0.9999999999994317,0.9999999999994317,17596.0,0.0,0.0,17596.0,1.0,0.0,0.0,0.0,0.0,0.9999999999994317,0.0,1.0,1.0,0.9999999999994317,0.9999999999994317,0.0,0.0,0.0,-1.1366463326112353e-12,0.0,0.0,0.0
207.0,207.0,207.0,0.0,207.0,207.0,207.0,207.0,1.0,0.0,1.0,0.0,0.0,0.0,0.9999999999516908,0.9999999999516908,207.0,0.0,0.0,207.0,1.0,0.0,0.0,0.0,0.0,0.9999999999516908,0.0,1.0,1.0,0.9999999999516908,0.9999999999516908,0.0,0.0,0.0,-9.66184909856338e-11,0.0,0.0,0.0
2481.0,2481.0,2481.0,0.0,2481.0,2481.0,2481.0,2481.0,1.0,0.0,1.0,0.0,0.0,0.0,0.9999999999959694,0.9999999999959694,2481.0,0.0,0.0,2481.0,1.0,0.0,0.0,0.0,0.0,0.9999999999959694,0.0,1.0,1.0,0.9999999999959694,0.9999999999959694,0.0,0.0,0.0,-8.061107337198337e-12,0.0,0.0,0.0
158.0,158.0,158.0,0.0,158.0,158.0,158.0,158.0,1.0,0.0,1.0,0.0,0.0,0.0,0.9999999999367088,0.9999999999367088,158.0,0.0,0.0,158.0,1.0,0.0,0.0,0.0,0.0,0.9999999999367088,0.0,1.0,1.0,0.9999999999367088,0.9999999999367088,0.0,0.0,0.0,-1.2658230019724215e-10,0.0,0.0,0.0
132.0,132.0,132.0,0.0,132.0,132.0,132.0,132.0,1.0,0.0,1.0,0.0,0.0,0.0,0.9999999999242424,0.9999999999242424,132.0,0.0,0.0,132.0,1.0,0.0,0.0,0.0,0.0,0.9999999999242424,0.0,1.0,1.0,0.9999999999242424,0.9999999999242424,0.0,0.0,0.0,-1.5151524479506406e-10,0.0,0.0,0.0
11256.0,11256.0,11256.0,0.0,11256.0,11256.0,11256.0,11256.0,1.0,0.0,1.0,0.0,0.0,0.0,0.9999999999991115,0.9999999999991115,11256.0,0.0,0.0,11256.0,1.0,0.0,0.0,0.0,0.0,0.9999999999991115,0.0,1.0,1.0,0.9999999999991115,0.9999999999991115,0.0,0.0,0.0,-1.7770229732150256e-12,0.0,0.0,0.0
2133.0,2133.0,2133.0,0.0,2133.0,2133.0,2133.0,2133.0,1.0,0.0,1.0,0.0,0.0,0.0,0.9999999999953119,0.9999999999953119,2133.0,0.0,0.0,2133.0,1.0,0.0,0.0,0.0,0.0,0.9999999999953119,0.0,1.0,1.0,0.9999999999953119,0.9999999999953119,0.0,0.0,0.0,-9.376277532169297e-12,0.0,0.0,0.0
981.0,981.0,981.0,0.0,981.0,981.0,981.0,981.0,1.0,0.0,1.0,0.0,0.0,0.0,0.9999999999898063,0.9999999999898063,981.0,0.0,0.0,981.0,1.0,0.0,0.0,0.0,0.0,0.9999999999898063,0.0,1.0,1.0,0.9999999999898063,0.9999999999898063,0.0,0.0,0.0,-2.03874694904016e-11,0.0,0.0,0.0
53.0,53.0,53.0,0.0,53.0,53.0,53.0,53.0,1.0,0.0,1.0,0.0,0.0,0.0,0.9999999998113207,0.9999999998113207,53.0,0.0,0.0,53.0,1.0,0.0,0.0,0.0,0.0,0.9999999998113207,0.0,1.0,1.0,0.9999999998113207,0.9999999998113207,0.0,0.0,0.0,-3.773585888211528e-10,0.0,0.0,0.0
10692.0,10692.0,10692.0,0.0,10692.0,10692.0,10692.0,10692.0,1.0,0.0,1.0,0.0,0.0,0.0,0.9999999999990646,0.9999999999990646,10692.0,0.0,0.0,10692.0,1.0,0.0,0.0,0.0,0.0,0.9999999999990646,0.0,1.0,1.0,0.9999999999990646,0.9999999999990646,0.0,0.0,0.0,-1.8707257964933888e-12,0.0,0.0,0.0
2476.0,2476.0,2476.0,0.0,2476.0,2476.0,2476.0,2476.0,1.0,0.0,1.0,0.0,0.0,0.0,0.9999999999959612,0.9999999999959612,2476.0,0.0,0.0,2476.0,1.0,0.0,0.0,0.0,0.0,0.9999999999959612,0.0,1.0,1.0,0.9999999999959612,0.9999999999959612,0.0,0.0,0.0,-8.077538637962789e-12,0.0,0.0,0.0
136.0,136.0,136.0,0.0,136.0,136.0,136.0,136.0,1.0,0.0,1.0,0.0,0.0,0.0,0.9999999999264705,0.9999999999264705,136.0,0.0,0.0,136.0,1.0,0.0,0.0,0.0,0.0,0.9999999999264705,0.0,1.0,1.0,0.9999999999264705,0.9999999999264705,0.0,0.0,0.0,-1.470590316188236e-10,0.0,0.0,0.0
3054.0,3054.0,3054.0,0.0,3054.0,3054.0,3054.0,3054.0,1.0,0.0,1.0,0.0,0.0,0.0,0.9999999999967256,0.9999999999967256,3054.0,0.0,0.0,3054.0,1.0,0.0,0.0,0.0,0.0,0.9999999999967256,0.0,1.0,1.0,0.9999999999967256,0.9999999999967256,0.0,0.0,0.0,-6.548761533053948e-12,0.0,0.0,0.0
60.0,60.0,60.0,0.0,60.0,60.0,60.0,60.0,1.0,0.0,1.0,0.0,0.0,0.0,0.9999999998333333,0.9999999998333333,60.0,0.0,0.0,60.0,1.0,0.0,0.0,0.0,0.0,0.9999999998333333,0.0,1.0,1.0,0.9999999998333333,0.9999999998333333,0.0,0.0,0.0,-3.33333360913457e-10,0.0,0.0,0.0
4764.0,4764.0,4764.0,0.0,4764.0,4764.0,4764.0,4764.0,1.0,0.0,1.0,0.0,0.0,0.0,0.9999999999979009,0.9999999999979009,4764.0,0.0,0.0,4764.0,1.0,0.0,0.0,0.0,0.0,0.9999999999979009,0.0,1.0,1.0,0.9999999999979009,0.9999999999979009,0.0,0.0,0.0,-4.198197345317567e-12,0.0,0.0,0.0
3422.0,3422.0,3422.0,0.0,3422.0,3422.0,3422.0,3422.0,1.0,0.0,1.0,0.0,0.0,0.0,0.9999999999970778,0.9999999999970778,3422.0,0.0,0.0,3422.0,1.0,0.0,0.0,0.0,0.0,0.9999999999970778,0.0,1.0,1.0,0.9999999999970778,0.9999999999970778,0.0,0.0,0.0,-5.844436046231749e-12,0.0,0.0,0.0
4823.0,4823.0,4823.0,0.0,4823.0,4823.0,4823.0,4823.0,1.0,0.0,1.0,0.0,0.0,0.0,0.9999999999979267,0.9999999999979267,4823.0,0.0,0.0,4823.0,1.0,0.0,0.0,0.0,0.0,0.9999999999979267,0.0,1.0,1.0,0.9999999999979267,0.9999999999979267,0.0,0.0,0.0,-4.14668299697496e-12,0.0,0.0,0.0
3875.0,3875.0,3875.0,0.0,3875.0,3875.0,3875.0,3875.0,1.0,0.0,1.0,0.0,0.0,0.0,0.9999999999974194,0.9999999999974194,3875.0,0.0,0.0,3875.0,1.0,0.0,0.0,0.0,0.0,0.9999999999974194,0.0,1.0,1.0,0.9999999999974194,0.9999999999974194,0.0,0.0,0.0,-5.161204796877428e-12,0.0,0.0,0.0
6615.0,6615.0,6615.0,0.0,6615.0,6615.0,6615.0,6615.0,1.0,0.0,1.0,0.0,0.0,0.0,0.9999999999984883,0.9999999999984883,6615.0,0.0,0.0,6615.0,1.0,0.0,0.0,0.0,0.0,0.9999999999984883,0.0,1.0,1.0,0.9999999999984883,0.9999999999984883,0.0,0.0,0.0,-3.0233593406592263e-12,0.0,0.0,0.0
3084.0,3084.0,3084.0,0.0,3084.0,3084.0,3084.0,3084.0,1.0,0.0,1.0,0.0,0.0,0.0,0.9999999999967575,0.9999999999967575,3084.0,0.0,0.0,3084.0,1.0,0.0,0.0,0.0,0.0,0.9999999999967575,0.0,1.0,1.0,0.9999999999967575,0.9999999999967575,0.0,0.0,0.0,-6.485034731440464e-12,0.0,0.0,0.0
3210.0,3210.0,3210.0,0.0,3210.0,3210.0,3210.0,3210.0,1.0,0.0,1.0,0.0,0.0,0.0,0.9999999999968847,0.9999999999968847,3210.0,0.0,0.0,3210.0,1.0,0.0,0.0,0.0,0.0,0.9999999999968847,0.0,1.0,1.0,0.9999999999968847,0.9999999999968847,0.0,0.0,0.0,-6.2305716141963785e-12,0.0,0.0,0.0
102.0,102.0,102.0,0.0,102.0,102.0,102.0,102.0,1.0,0.0,1.0,0.0,0.0,0.0,0.9999999999019609,0.9999999999019609,102.0,0.0,0.0,102.0,1.0,0.0,0.0,0.0,0.0,0.9999999999019609,0.0,1.0,1.0,0.9999999999019609,0.9999999999019609,0.0,0.0,0.0,-1.960782647358883e-10,0.0,0.0,0.0
4281.0,4281.0,4281.0,0.0,4281.0,4281.0,4281.0,4281.0,1.0,0.0,1.0,0.0,0.0,0.0,0.9999999999976641,0.9999999999976641,4281.0,0.0,0.0,4281.0,1.0,0.0,0.0,0.0,0.0,0.9999999999976641,0.0,1.0,1.0,0.9999999999976641,0.9999999999976641,0.0,0.0,0.0,-4.671818487622659e-12,0.0,0.0,0.0
7080.0,7080.0,7080.0,0.0,7080.0,7080.0,7080.0,7080.0,1.0,0.0,1.0,0.0,0.0,0.0,0.9999999999985876,0.9999999999985876,7080.0,0.0,0.0,7080.0,1.0,0.0,0.0,0.0,0.0,0.9999999999985876,0.0,1.0,1.0,0.9999999999985876,0.9999999999985876,0.0,0.0,0.0,-2.8248514638562483e-12,0.0,0.0,0.0
16899.0,16899.0,16899.0,0.0,16899.0,16899.0,16899.0,16899.0,1.0,0.0,1.0,0.0,0.0,0.0,0.9999999999994083,0.9999999999994083,16899.0,0.0,0.0,16899.0,1.0,0.0,0.0,0.0,0.0,0.9999999999994083,0.0,1.0,1.0,0.9999999999994083,0.9999999999994083,0.0,0.0,0.0,-1.1834977442504169e-12,0.0,0.0,0.0
77.0,77.0,77.0,0.0,77.0,77.0,77.0,77.0,1.0,0.0,1.0,0.0,0.0,0.0,0.99999999987013,0.99999999987013,77.0,0.0,0.0,77.0,1.0,0.0,0.0,0.0,0.0,0.99999999987013,0.0,1.0,1.0,0.99999999987013,0.99999999987013,0.0,0.0,0.0,-2.5974000728012925e-10,0.0,0.0,0.0
2027.0,2027.0,2027.0,0.0,2027.0,2027.0,2027.0,2027.0,1.0,0.0,1.0,0.0,0.0,0.0,0.9999999999950666,0.9999999999950666,2027.0,0.0,0.0,2027.0,1.0,0.0,0.0,0.0,0.0,0.9999999999950666,0.0,1.0,1.0,0.9999999999950666,0.9999999999950666,0.0,0.0,0.0,-9.866774064448691e-12,0.0,0.0,0.0
2190.0,2190.0,2190.0,0.0,2190.0,2190.0,2190.0,2190.0,1.0,0.0,1.0,0.0,0.0,0.0,0.9999999999954339,0.9999999999954339,2190.0,0.0,0.0,2190.0,1.0,0.0,0.0,0.0,0.0,0.9999999999954339,0.0,1.0,1.0,0.9999999999954339,0.9999999999954339,0.0,0.0,0.0,-9.132250511356688e-12,0.0,0.0,0.0
22.0,22.0,22.0,0.0,22.0,22.0,22.0,22.0,1.0,0.0,1.0,0.0,0.0,0.0,0.9999999995454545,0.9999999995454545,22.0,0.0,0.0,22.0,1.0,0.0,0.0,0.0,0.0,0.9999999995454545,0.0,1.0,1.0,0.9999999995454545,0.9999999995454545,0.0,0.0,0.0,-9.090910246811745e-10,0.0,0.0,0.0
9194.0,9194.0,9194.0,0.0,9194.0,9194.0,9194.0,9194.0,1.0,0.0,1.0,0.0,0.0,0.0,0.9999999999989122,0.9999999999989122,9194.0,0.0,0.0,9194.0,1.0,0.0,0.0,0.0,0.0,0.9999999999989122,0.0,1.0,1.0,0.9999999999989122,0.9999999999989122,0.0,0.0,0.0,-2.1755930390554568e-12,0.0,0.0,0.0
1641.0,1641.0,1641.0,0.0,1641.0,1641.0,1641.0,1641.0,1.0,0.0,1.0,0.0,0.0,0.0,0.9999999999939062,0.9999999999939062,1641.0,0.0,0.0,1641.0,1.0,0.0,0.0,0.0,0.0,0.9999999999939062,0.0,1.0,1.0,0.9999999999939062,0.9999999999939062,0.0,0.0,0.0,-1.2187584275125118e-11,0.0,0.0,0.0
19497.0,19497.0,19497.0,0.0,19497.0,19497.0,19497.0,19497.0,1.0,0.0,1.0,0.0,0.0,0.0,0.9999999999994871,0.9999999999994871,19497.0,0.0,0.0,19497.0,1.0,0.0,0.0,0.0,0.0,0.9999999999994871,0.0,1.0,1.0,0.9999999999994871,0.9999999999994871,0.0,0.0,0.0,-1.0258460747536446e-12,0.0,0.0,0.0
567.0,567.0,567.0,0.0,567.0,567.0,567.0,567.0,1.0,0.0,1.0,0.0,0.0,0.0,0.9999999999823633,0.9999999999823633,567.0,0.0,0.0,567.0,1.0,0.0,0.0,0.0,0.0,0.9999999999823633,0.0,1.0,1.0,0.9999999999823633,0.9999999999823633,0.0,0.0,0.0,-3.52733398045757e-11,0.0,0.0,0.0
8101.0,8101.0,8101.0,0.0,8101.0,8101.0,8101.0,8101.0,1.0,0.0,1.0,0.0,0.0,0.0,0.9999999999987655,0.9999999999987655,8101.0,0.0,0.0,8101.0,1.0,0.0,0.0,0.0,0.0,0.9999999999987655,0.0,1.0,1.0,0.9999999999987655,0.9999999999987655,0.0,0.0,0.0,-2.468913962161423e-12,0.0,0.0,0.0
1103.0,1103.0,1103.0,0.0,1103.0,1103.0,1103.0,1103.0,1.0,0.0,1.0,0.0,0.0,0.0,0.9999999999909339,0.9999999999909339,1103.0,0.0,0.0,1103.0,1.0,0.0,0.0,0.0,0.0,0.9999999999909339,0.0,1.0,1.0,0.9999999999909339,0.9999999999909339,0.0,0.0,0.0,-1.8132162438178057e-11,0.0,0.0,0.0
17451.0,17451.0,17451.0,0.0,17451.0,17451.0,17451.0,17451.0,1.0,0.0,1.0,0.0,0.0,0.0,0.9999999999994269,0.9999999999994269,17451.0,0.0,0.0,17451.0,1.0,0.0,0.0,0.0,0.0,0.9999999999994269,0.0,1.0,1.0,0.9999999999994269,0.9999999999994269,0.0,0.0,0.0,-1.1461942506230116e-12,0.0,0.0,0.0
322.0,322.0,322.0,0.0,322.0,322.0,322.0,322.0,1.0,0.0,1.0,0.0,0.0,0.0,0.9999999999689441,0.9999999999689441,322.0,0.0,0.0,322.0,1.0,0.0,0.0,0.0,0.0,0.9999999999689441,0.0,1.0,1.0,0.9999999999689441,0.9999999999689441,0.0,0.0,0.0,-6.211187120186423e-11,0.0,0.0,0.0
786.0,786.0,786.0,0.0,786.0,786.0,786.0,786.0,1.0,0.0,1.0,0.0,0.0,0.0,0.9999999999872773,0.9999999999872773,786.0,0.0,0.0,786.0,1.0,0.0,0.0,0.0,0.0,0.9999999999872773,0.0,1.0,1.0,0.9999999999872773,0.9999999999872773,0.0,0.0,0.0,-2.5445423545988888e-11,0.0,0.0,0.0
8296.0,8296.0,8296.0,0.0,8296.0,8296.0,8296.0,8296.0,1.0,0.0,1.0,0.0,0.0,0.0,0.9999999999987945,0.9999999999987945,8296.0,0.0,0.0,8296.0,1.0,0.0,0.0,0.0,0.0,0.9999999999987945,0.0,1.0,1.0,0.9999999999987945,0.9999999999987945,0.0,0.0,0.0,-2.41096032027599e-12,0.0,0.0,0.0
2403.0,2403.0,2403.0,0.0,2403.0,2403.0,2403.0,2403.0,1.0,0.0,1.0,0.0,0.0,0.0,0.9999999999958386,0.9999999999958386,2403.0,0.0,0.0,2403.0,1.0,0.0,0.0,0.0,0.0,0.9999999999958386,0.0,1.0,1.0,0.9999999999958386,0.9999999999958386,0.0,0.0,0.0,-8.322897926404949e-12,0.0,0.0,0.0
3657.0,3657.0,3657.0,0.0,3657.0,3657.0,3657.0,3657.0,1.0,0.0,1.0,0.0,0.0,0.0,0.9999999999972655,0.9999999999972655,3657.0,0.0,0.0,3657.0,1.0,0.0,0.0,0.0,0.0,0.9999999999972655,0.0,1.0,1.0,0.9999999999972655,0.9999999999972655,0.0,0.0,0.0,-5.468958619303521e-12,0.0,0.0,0.0
77.0,77.0,77.0,0.0,77.0,77.0,77.0,77.0,1.0,0.0,1.0,0.0,0.0,0.0,0.99999999987013,0.99999999987013,77.0,0.0,0.0,77.0,1.0,0.0,0.0,0.0,0.0,0.99999999987013,0.0,1.0,1.0,0.99999999987013,0.99999999987013,0.0,0.0,0.0,-2.5974000728012925e-10,0.0,0.0,0.0
1256.0,1256.0,1256.0,0.0,1256.0,1256.0,1256.0,1256.0,1.0,0.0,1.0,0.0,0.0,0.0,0.9999999999920383,0.9999999999920383,1256.0,0.0,0.0,1256.0,1.0,0.0,0.0,0.0,0.0,0.9999999999920383,0.0,1.0,1.0,0.9999999999920383,0.9999999999920383,0.0,0.0,0.0,-1.592348475298877e-11,0.0,0.0,0.0
38.0,38.0,38.0,0.0,38.0,38.0,38.0,38.0,1.0,0.0,1.0,0.0,0.0,0.0,0.9999999997368421,0.9999999997368421,38.0,0.0,0.0,38.0,1.0,0.0,0.0,0.0,0.0,0.9999999997368421,0.0,1.0,1.0,0.9999999997368421,0.9999999997368421,0.0,0.0,0.0,-5.263158797674805e-10,0.0,0.0,0.0
1661.0,1661.0,1661.0,0.0,1661.0,1661.0,1661.0,1661.0,1.0,0.0,1.0,0.0,0.0,0.0,0.9999999999939796,0.9999999999939796,1661.0,0.0,0.0,1661.0,1.0,0.0,0.0,0.0,0.0,0.9999999999939796,0.0,1.0,1.0,0.9999999999939796,0.9999999999939796,0.0,0.0,0.0,-1.2040812791269673e-11,0.0,0.0,0.0
10452.0,10452.0,10452.0,0.0,10452.0,10452.0,10452.0,10452.0,1.0,0.0,1.0,0.0,0.0,0.0,0.9999999999990432,0.9999999999990432,10452.0,0.0,0.0,10452.0,1.0,0.0,0.0,0.0,0.0,0.9999999999990432,0.0,1.0,1.0,0.9999999999990432,0.9999999999990432,0.0,0.0,0.0,-1.91358040524392e-12,0.0,0.0,0.0
342.0,342.0,342.0,0.0,342.0,342.0,342.0,342.0,1.0,0.0,1.0,0.0,0.0,0.0,0.9999999999707602,0.9999999999707602,342.0,0.0,0.0,342.0,1.0,0.0,0.0,0.0,0.0,0.9999999999707602,0.0,1.0,1.0,0.9999999999707602,0.9999999999707602,0.0,0.0,0.0,-5.847966555450057e-11,0.0,0.0,0.0
6664.0,6664.0,6664.0,0.0,6664.0,6664.0,6664.0,6664.0,1.0,0.0,1.0,0.0,0.0,0.0,0.9999999999984994,0.9999999999984994,6664.0,0.0,0.0,6664.0,1.0,0.0,0.0,0.0,0.0,0.9999999999984994,0.0,1.0,1.0,0.9999999999984994,0.9999999999984994,0.0,0.0,0.0,-3.001154880166723e-12,0.0,0.0,0.0
1292.0,1292.0,1292.0,0.0,1292.0,1292.0,1292.0,1292.0,1.0,0.0,1.0,0.0,0.0,0.0,0.9999999999922602,0.9999999999922602,1292.0,0.0,0.0,1292.0,1.0,0.0,0.0,0.0,0.0,0.9999999999922602,0.0,1.0,1.0,0.9999999999922602,0.9999999999922602,0.0,0.0,0.0,-1.5479617587743633e-11,0.0,0.0,0.0
77.0,77.0,77.0,0.0,77.0,77.0,77.0,77.0,1.0,0.0,1.0,0.0,0.0,0.0,0.99999999987013,0.99999999987013,77.0,0.0,0.0,77.0,1.0,0.0,0.0,0.0,0.0,0.99999999987013,0.0,1.0,1.0,0.99999999987013,0.99999999987013,0.0,0.0,0.0,-2.5974000728012925e-10,0.0,0.0,0.0
113.0,113.0,113.0,0.0,113.0,113.0,113.0,113.0,1.0,0.0,1.0,0.0,0.0,0.0,0.9999999999115045,0.9999999999115045,113.0,0.0,0.0,113.0,1.0,0.0,0.0,0.0,0.0,0.9999999999115045,0.0,1.0,1.0,0.9999999999115045,0.9999999999115045,0.0,0.0,0.0,-1.7699108845192768e-10,0.0,0.0,0.0
73.0,73.0,73.0,0.0,73.0,73.0,73.0,73.0,1.0,0.0,1.0,0.0,0.0,0.0,0.9999999998630138,0.9999999998630138,73.0,0.0,0.0,73.0,1.0,0.0,0.0,0.0,0.0,0.9999999998630138,0.0,1.0,1.0,0.9999999998630138,0.9999999998630138,0.0,0.0,0.0,-2.73972400322009e-10,0.0,0.0,0.0
54.0,54.0,54.0,0.0,54.0,54.0,54.0,54.0,1.0,0.0,1.0,0.0,0.0,0.0,0.9999999998148148,0.9999999998148148,54.0,0.0,0.0,54.0,1.0,0.0,0.0,0.0,0.0,0.9999999998148148,0.0,1.0,1.0,0.9999999998148148,0.9999999998148148,0.0,0.0,0.0,-3.703704010149522e-10,0.0,0.0,0.0
83.0,83.0,83.0,0.0,83.0,83.0,83.0,83.0,1.0,0.0,1.0,0.0,0.0,0.0,0.9999999998795182,0.9999999998795182,83.0,0.0,0.0,83.0,1.0,0.0,0.0,0.0,0.0,0.9999999998795182,0.0,1.0,1.0,0.9999999998795182,0.9999999998795182,0.0,0.0,0.0,-2.409636934430637e-10,0.0,0.0,0.0
50.0,50.0,50.0,0.0,50.0,50.0,50.0,50.0,1.0,0.0,1.0,0.0,0.0,0.0,0.9999999998,0.9999999998,50.0,0.0,0.0,50.0,1.0,0.0,0.0,0.0,0.0,0.9999999998,0.0,1.0,1.0,0.9999999998,0.9999999998,0.0,0.0,0.0,-4.000000330961484e-10,0.0,0.0,0.0
34.0,34.0,34.0,0.0,34.0,34.0,34.0,34.0,1.0,0.0,1.0,0.0,0.0,0.0,0.9999999997058824,0.9999999997058824,34.0,0.0,0.0,34.0,1.0,0.0,0.0,0.0,0.0,0.9999999997058824,0.0,1.0,1.0,0.9999999997058824,0.9999999997058824,0.0,0.0,0.0,-5.882352382968747e-10,0.0,0.0,0.0
353.0,353.0,353.0,0.0,353.0,353.0,353.0,353.0,1.0,0.0,1.0,0.0,0.0,0.0,0.9999999999716713,0.9999999999716713,353.0,0.0,0.0,353.0,1.0,0.0,0.0,0.0,0.0,0.9999999999716713,0.0,1.0,1.0,0.9999999999716713,0.9999999999716713,0.0,0.0,0.0,-5.665734548188084e-11,0.0,0.0,0.0
57.0,57.0,57.0,0.0,57.0,57.0,57.0,57.0,1.0,0.0,1.0,0.0,0.0,0.0,0.9999999998245613,0.9999999998245613,57.0,0.0,0.0,57.0,1.0,0.0,0.0,0.0,0.0,0.9999999998245613,0.0,1.0,1.0,0.9999999998245613,0.9999999998245613,0.0,0.0,0.0,-3.5087732719318865e-10,0.0,0.0,0.0
1004.0,1004.0,1004.0,0.0,1004.0,1004.0,1004.0,1004.0,1.0,0.0,1.0,0.0,0.0,0.0,0.9999999999900399,0.9999999999900399,1004.0,0.0,0.0,1004.0,1.0,0.0,0.0,0.0,0.0,0.9999999999900399,0.0,1.0,1.0,0.9999999999900399,0.9999999999900399,0.0,0.0,0.0,-1.9920287641639334e-11,0.0,0.0,0.0
27.0,27.0,27.0,0.0,27.0,27.0,27.0,27.0,1.0,0.0,1.0,0.0,0.0,0.0,0.9999999996296296,0.9999999996296296,27.0,0.0,0.0,27.0,1.0,0.0,0.0,0.0,0.0,0.9999999996296296,0.0,1.0,1.0,0.9999999996296296,0.9999999996296296,0.0,0.0,0.0,-7.407408020299044e-10,0.0,0.0,0.0
6193.0,6193.0,6193.0,0.0,6193.0,6193.0,6193.0,6193.0,1.0,0.0,1.0,0.0,0.0,0.0,0.9999999999983853,0.9999999999983853,6193.0,0.0,0.0,6193.0,1.0,0.0,0.0,0.0,0.0,0.9999999999983853,0.0,1.0,1.0,0.9999999999983853,0.9999999999983853,0.0,0.0,0.0,-3.2294167340296553e-12,0.0,0.0,0.0
310.0,310.0,310.0,0.0,310.0,310.0,310.0,310.0,1.0,0.0,1.0,0.0,0.0,0.0,0.9999999999677419,0.9999999999677419,310.0,0.0,0.0,310.0,1.0,0.0,0.0,0.0,0.0,0.9999999999677419,0.0,1.0,1.0,0.9999999999677419,0.9999999999677419,0.0,0.0,0.0,-6.451617018399247e-11,0.0,0.0,0.0
443.0,443.0,443.0,0.0,443.0,443.0,443.0,443.0,1.0,0.0,1.0,0.0,0.0,0.0,0.9999999999774266,0.9999999999774266,443.0,0.0,0.0,443.0,1.0,0.0,0.0,0.0,0.0,0.9999999999774266,0.0,1.0,1.0,0.9999999999774266,0.9999999999774266,0.0,0.0,0.0,-4.514677520717214e-11,0.0,0.0,0.0
357.0,357.0,357.0,0.0,357.0,357.0,357.0,357.0,1.0,0.0,1.0,0.0,0.0,0.0,0.9999999999719887,0.9999999999719887,357.0,0.0,0.0,357.0,1.0,0.0,0.0,0.0,0.0,0.9999999999719887,0.0,1.0,1.0,0.9999999999719887,0.9999999999719887,0.0,0.0,0.0,-5.6022519956400174e-11,0.0,0.0,0.0
13084.0,13084.0,13084.0,0.0,13084.0,13084.0,13084.0,13084.0,1.0,0.0,1.0,0.0,0.0,0.0,0.9999999999992356,0.9999999999992356,13084.0,0.0,0.0,13084.0,1.0,0.0,0.0,0.0,0.0,0.9999999999992356,0.0,1.0,1.0,0.9999999999992356,0.9999999999992356,0.0,0.0,0.0,-1.5287771049088406e-12,0.0,0.0,0.0
11959.0,11959.0,11959.0,0.0,11959.0,11959.0,11959.0,11959.0,1.0,0.0,1.0,0.0,0.0,0.0,0.9999999999991638,0.9999999999991638,11959.0,0.0,0.0,11959.0,1.0,0.0,0.0,0.0,0.0,0.9999999999991638,0.0,1.0,1.0,0.9999999999991638,0.9999999999991638,0.0,0.0,0.0,-1.6724399642953358e-12,0.0,0.0,0.0
2873.0,2873.0,2873.0,0.0,2873.0,2873.0,2873.0,2873.0,1.0,0.0,1.0,0.0,0.0,0.0,0.9999999999965193,0.9999999999965193,2873.0,0.0,0.0,2873.0,1.0,0.0,0.0,0.0,0.0,0.9999999999965193,0.0,1.0,1.0,0.9999999999965193,0.9999999999965193,0.0,0.0,0.0,-6.9613204090046565e-12,0.0,0.0,0.0
1041.0,1041.0,1041.0,0.0,1041.0,1041.0,1041.0,1041.0,1.0,0.0,1.0,0.0,0.0,0.0,0.9999999999903939,0.9999999999903939,1041.0,0.0,0.0,1041.0,1.0,0.0,0.0,0.0,0.0,0.9999999999903939,0.0,1.0,1.0,0.9999999999903939,0.9999999999903939,0.0,0.0,0.0,-1.921218739653341e-11,0.0,0.0,0.0
8155.0,8155.0,8155.0,0.0,8155.0,8155.0,8155.0,8155.0,1.0,0.0,1.0,0.0,0.0,0.0,0.9999999999987738,0.9999999999987738,8155.0,0.0,0.0,8155.0,1.0,0.0,0.0,0.0,0.0,0.9999999999987738,0.0,1.0,1.0,0.9999999999987738,0.9999999999987738,0.0,0.0,0.0,-2.4524826613969708e-12,0.0,0.0,0.0
405.0,405.0,405.0,0.0,405.0,405.0,405.0,405.0,1.0,0.0,1.0,0.0,0.0,0.0,0.9999999999753086,0.9999999999753086,405.0,0.0,0.0,405.0,1.0,0.0,0.0,0.0,0.0,0.9999999999753086,0.0,1.0,1.0,0.9999999999753086,0.9999999999753086,0.0,0.0,0.0,-4.938272013532696e-11,0.0,0.0,0.0
19249.0,19249.0,19249.0,0.0,19249.0,19249.0,19249.0,19249.0,1.0,0.0,1.0,0.0,0.0,0.0,0.9999999999994804,0.9999999999994804,19249.0,0.0,0.0,19249.0,1.0,0.0,0.0,0.0,0.0,0.9999999999994804,0.0,1.0,1.0,0.9999999999994804,0.9999999999994804,0.0,0.0,0.0,-1.0391687510491465e-12,0.0,0.0,0.0
27429.0,27429.0,27429.0,0.0,27429.0,27429.0,27429.0,27429.0,1.0,0.0,1.0,0.0,0.0,0.0,0.9999999999996354,0.9999999999996354,27429.0,0.0,0.0,27429.0,1.0,0.0,0.0,0.0,0.0,0.9999999999996354,0.0,1.0,1.0,0.9999999999996354,0.9999999999996354,0.0,0.0,0.0,-7.291944825738028e-13,0.0,0.0,0.0
4122.0,4122.0,4122.0,0.0,4122.0,4122.0,4122.0,4122.0,1.0,0.0,1.0,0.0,0.0,0.0,0.999999999997574,0.999999999997574,4122.0,0.0,0.0,4122.0,1.0,0.0,0.0,0.0,0.0,0.999999999997574,0.0,1.0,1.0,0.999999999997574,0.999999999997574,0.0,0.0,0.0,-4.851896662216859e-12,0.0,0.0,0.0
180.0,180.0,180.0,0.0,180.0,180.0,180.0,180.0,1.0,0.0,1.0,0.0,0.0,0.0,0.9999999999444444,0.9999999999444444,180.0,0.0,0.0,180.0,1.0,0.0,0.0,0.0,0.0,0.9999999999444444,0.0,1.0,1.0,0.9999999999444444,0.9999999999444444,0.0,0.0,0.0,-1.1111112030448567e-10,0.0,0.0,0.0
60.0,60.0,60.0,0.0,60.0,60.0,60.0,60.0,1.0,0.0,1.0,0.0,0.0,0.0,0.9999999998333333,0.9999999998333333,60.0,0.0,0.0,60.0,1.0,0.0,0.0,0.0,0.0,0.9999999998333333,0.0,1.0,1.0,0.9999999998333333,0.9999999998333333,0.0,0.0,0.0,-3.33333360913457e-10,0.0,0.0,0.0
19.0,19.0,19.0,0.0,19.0,19.0,19.0,19.0,1.0,0.0,1.0,0.0,0.0,0.0,0.9999999994736841,0.9999999994736841,19.0,0.0,0.0,19.0,1.0,0.0,0.0,0.0,0.0,0.9999999994736841,0.0,1.0,1.0,0.9999999994736841,0.9999999994736841,0.0,0.0,0.0,-1.052631759534961e-09,0.0,0.0,0.0
6832.0,6832.0,6832.0,0.0,6832.0,6832.0,6832.0,6832.0,1.0,0.0,1.0,0.0,0.0,0.0,0.9999999999985363,0.9999999999985363,6832.0,0.0,0.0,6832.0,1.0,0.0,0.0,0.0,0.0,0.9999999999985363,0.0,1.0,1.0,0.9999999999985363,0.9999999999985363,0.0,0.0,0.0,-2.9274360713316128e-12,0.0,0.0,0.0
9981.0,9981.0,9981.0,0.0,9981.0,9981.0,9981.0,9981.0,1.0,0.0,1.0,0.0,0.0,0.0,0.999999999998998,0.999999999998998,9981.0,0.0,0.0,9981.0,1.0,0.0,0.0,0.0,0.0,0.999999999998998,0.0,1.0,1.0,0.999999999998998,0.999999999998998,0.0,0.0,0.0,-2.0039525594484076e-12,0.0,0.0,0.0
15595.0,15595.0,15595.0,0.0,15595.0,15595.0,15595.0,15595.0,1.0,0.0,1.0,0.0,0.0,0.0,0.9999999999993587,0.9999999999993587,15595.0,0.0,0.0,15595.0,1.0,0.0,0.0,0.0,0.0,0.9999999999993587,0.0,1.0,1.0,0.9999999999993587,0.9999999999993587,0.0,0.0,0.0,-1.2825296380469808e-12,0.0,0.0,0.0
80.0,80.0,80.0,0.0,80.0,80.0,80.0,80.0,1.0,0.0,1.0,0.0,0.0,0.0,0.9999999998750001,0.9999999998750001,80.0,0.0,0.0,80.0,1.0,0.0,0.0,0.0,0.0,0.9999999998750001,0.0,1.0,1.0,0.9999999998750001,0.9999999998750001,0.0,0.0,0.0,-2.499997986404878e-10,0.0,0.0,0.0
7427.0,7427.0,7427.0,0.0,7427.0,7427.0,7427.0,7427.0,1.0,0.0,1.0,0.0,0.0,0.0,0.9999999999986535,0.9999999999986535,7427.0,0.0,0.0,7427.0,1.0,0.0,0.0,0.0,0.0,0.9999999999986535,0.0,1.0,1.0,0.9999999999986535,0.9999999999986535,0.0,0.0,0.0,-2.6929569685307797e-12,0.0,0.0,0.0
79.0,79.0,79.0,0.0,79.0,79.0,79.0,79.0,1.0,0.0,1.0,0.0,0.0,0.0,0.9999999998734178,0.9999999998734178,79.0,0.0,0.0,79.0,1.0,0.0,0.0,0.0,0.0,0.9999999998734178,0.0,1.0,1.0,0.9999999998734178,0.9999999998734178,0.0,0.0,0.0,-2.5316437834987937e-10,0.0,0.0,0.0
134.0,134.0,134.0,0.0,134.0,134.0,134.0,134.0,1.0,0.0,1.0,0.0,0.0,0.0,0.999999999925373,0.999999999925373,134.0,0.0,0.0,134.0,1.0,0.0,0.0,0.0,0.0,0.999999999925373,0.0,1.0,1.0,0.999999999925373,0.999999999925373,0.0,0.0,0.0,-1.4925394253850754e-10,0.0,0.0,0.0
61.0,61.0,61.0,0.0,61.0,61.0,61.0,61.0,1.0,0.0,1.0,0.0,0.0,0.0,0.9999999998360656,0.9999999998360656,61.0,0.0,0.0,61.0,1.0,0.0,0.0,0.0,0.0,0.9999999998360656,0.0,1.0,1.0,0.9999999998360656,0.9999999998360656,0.0,0.0,0.0,-3.27868843186252e-10,0.0,0.0,0.0
166.0,166.0,166.0,0.0,166.0,166.0,166.0,166.0,1.0,0.0,1.0,0.0,0.0,0.0,0.999999999939759,0.999999999939759,166.0,0.0,0.0,166.0,1.0,0.0,0.0,0.0,0.0,0.999999999939759,0.0,1.0,1.0,0.999999999939759,0.999999999939759,0.0,0.0,0.0,-1.2048206876613676e-10,0.0,0.0,0.0
1205.0,1205.0,1205.0,0.0,1205.0,1205.0,1205.0,1205.0,1.0,0.0,1.0,0.0,0.0,0.0,0.9999999999917013,0.9999999999917013,1205.0,0.0,0.0,1205.0,1.0,0.0,0.0,0.0,0.0,0.9999999999917013,0.0,1.0,1.0,0.9999999999917013,0.9999999999917013,0.0,0.0,0.0,-1.659739012893624e-11,0.0,0.0,0.0
8015.0,8015.0,8015.0,0.0,8015.0,8015.0,8015.0,8015.0,1.0,0.0,1.0,0.0,0.0,0.0,0.9999999999987523,0.9999999999987523,8015.0,0.0,0.0,8015.0,1.0,0.0,0.0,0.0,0.0,0.9999999999987523,0.0,1.0,1.0,0.9999999999987523,0.9999999999987523,0.0,0.0,0.0,-2.495337270147502e-12,0.0,0.0,0.0
14694.0,14694.0,14694.0,0.0,14694.0,14694.0,14694.0,14694.0,1.0,0.0,1.0,0.0,0.0,0.0,0.9999999999993194,0.9999999999993194,14694.0,0.0,0.0,14694.0,1.0,0.0,0.0,0.0,0.0,0.9999999999993194,0.0,1.0,1.0,0.9999999999993194,0.9999999999993194,0.0,0.0,0.0,-1.361133428190442e-12,0.0,0.0,0.0
2390.0,2390.0,2390.0,0.0,2390.0,2390.0,2390.0,2390.0,1.0,0.0,1.0,0.0,0.0,0.0,0.9999999999958159,0.9999999999958159,2390.0,0.0,0.0,2390.0,1.0,0.0,0.0,0.0,0.0,0.9999999999958159,0.0,1.0,1.0,0.9999999999958159,0.9999999999958159,0.0,0.0,0.0,-8.368195025809655e-12,0.0,0.0,0.0
2307.0,2307.0,2307.0,0.0,2307.0,2307.0,2307.0,2307.0,1.0,0.0,1.0,0.0,0.0,0.0,0.9999999999956655,0.9999999999956655,2307.0,0.0,0.0,2307.0,1.0,0.0,0.0,0.0,0.0,0.9999999999956655,0.0,1.0,1.0,0.9999999999956655,0.9999999999956655,0.0,0.0,0.0,-8.669065465483072e-12,0.0,0.0,0.0
81.0,81.0,81.0,0.0,81.0,81.0,81.0,81.0,1.0,0.0,1.0,0.0,0.0,0.0,0.9999999998765433,0.9999999998765433,81.0,0.0,0.0,81.0,1.0,0.0,0.0,0.0,0.0,0.9999999998765433,0.0,1.0,1.0,0.9999999998765433,0.9999999998765433,0.0,0.0,0.0,-2.469133786320299e-10,0.0,0.0,0.0
1204.0,1204.0,1204.0,0.0,1204.0,1204.0,1204.0,1204.0,1.0,0.0,1.0,0.0,0.0,0.0,0.9999999999916944,0.9999999999916944,1204.0,0.0,0.0,1204.0,1.0,0.0,0.0,0.0,0.0,0.9999999999916944,0.0,1.0,1.0,0.9999999999916944,0.9999999999916944,0.0,0.0,0.0,-1.6611156894441592e-11,0.0,0.0,0.0
52.0,52.0,52.0,0.0,52.0,52.0,52.0,52.0,1.0,0.0,1.0,0.0,0.0,0.0,0.9999999998076923,0.9999999998076923,52.0,0.0,0.0,52.0,1.0,0.0,0.0,0.0,0.0,0.9999999998076923,0.0,1.0,1.0,0.9999999998076923,0.9999999998076923,0.0,0.0,0.0,-3.846154505993127e-10,0.0,0.0,0.0
4347.0,4347.0,4347.0,0.0,4347.0,4347.0,4347.0,4347.0,1.0,0.0,1.0,0.0,0.0,0.0,0.9999999999976996,0.9999999999976996,4347.0,0.0,0.0,4347.0,1.0,0.0,0.0,0.0,0.0,0.9999999999976996,0.0,1.0,1.0,0.9999999999976996,0.9999999999976996,0.0,0.0,0.0,-4.600764214046649e-12,0.0,0.0,0.0
5060.0,5060.0,5060.0,0.0,5060.0,5060.0,5060.0,5060.0,1.0,0.0,1.0,0.0,0.0,0.0,0.9999999999980237,0.9999999999980237,5060.0,0.0,0.0,5060.0,1.0,0.0,0.0,0.0,0.0,0.9999999999980237,0.0,1.0,1.0,0.9999999999980237,0.9999999999980237,0.0,0.0,0.0,-3.952616012270482e-12,0.0,0.0,0.0
15588.0,15588.0,15588.0,0.0,15588.0,15588.0,15588.0,15588.0,1.0,0.0,1.0,0.0,0.0,0.0,0.9999999999993584,0.9999999999993584,15588.0,0.0,0.0,15588.0,1.0,0.0,0.0,0.0,0.0,0.9999999999993584,0.0,1.0,1.0,0.9999999999993584,0.9999999999993584,0.0,0.0,0.0,-1.283195771861756e-12,0.0,0.0,0.0
481.0,481.0,481.0,0.0,481.0,481.0,481.0,481.0,1.0,0.0,1.0,0.0,0.0,0.0,0.99999999997921,0.99999999997921,481.0,0.0,0.0,481.0,1.0,0.0,0.0,0.0,0.0,0.99999999997921,0.0,1.0,1.0,0.99999999997921,0.99999999997921,0.0,0.0,0.0,-4.158007271826136e-11,0.0,0.0,0.0
11425.0,11425.0,11425.0,0.0,11425.0,11425.0,11425.0,11425.0,1.0,0.0,1.0,0.0,0.0,0.0,0.9999999999991247,0.9999999999991247,11425.0,0.0,0.0,11425.0,1.0,0.0,0.0,0.0,0.0,0.9999999999991247,0.0,1.0,1.0,0.9999999999991247,0.9999999999991247,0.0,0.0,0.0,-1.7505996652289468e-12,0.0,0.0,0.0
289.0,289.0,289.0,0.0,289.0,289.0,289.0,289.0,1.0,0.0,1.0,0.0,0.0,0.0,0.9999999999653979,0.9999999999653979,289.0,0.0,0.0,289.0,1.0,0.0,0.0,0.0,0.0,0.9999999999653979,0.0,1.0,1.0,0.9999999999653979,0.9999999999653979,0.0,0.0,0.0,-6.920419792777466e-11,0.0,0.0,0.0
1234.0,1234.0,1234.0,0.0,1234.0,1234.0,1234.0,1234.0,1.0,0.0,1.0,0.0,0.0,0.0,0.9999999999918964,0.9999999999918964,1234.0,0.0,0.0,1234.0,1.0,0.0,0.0,0.0,0.0,0.9999999999918964,0.0,1.0,1.0,0.9999999999918964,0.9999999999918964,0.0,0.0,0.0,-1.620725775808296e-11,0.0,0.0,0.0
1362.0,1362.0,1362.0,0.0,1362.0,1362.0,1362.0,1362.0,1.0,0.0,1.0,0.0,0.0,0.0,0.999999999992658,0.999999999992658,1362.0,0.0,0.0,1362.0,1.0,0.0,0.0,0.0,0.0,0.999999999992658,0.0,1.0,1.0,0.999999999992658,0.999999999992658,0.0,0.0,0.0,-1.4684031768297245e-11,0.0,0.0,0.0
128.0,128.0,128.0,0.0,128.0,128.0,128.0,128.0,1.0,0.0,1.0,0.0,0.0,0.0,0.9999999999218749,0.9999999999218749,128.0,0.0,0.0,128.0,1.0,0.0,0.0,0.0,0.0,0.9999999999218749,0.0,1.0,1.0,0.9999999999218749,0.9999999999218749,0.0,0.0,0.0,-1.5625012395048543e-10,0.0,0.0,0.0
138.0,138.0,138.0,0.0,138.0,138.0,138.0,138.0,1.0,0.0,1.0,0.0,0.0,0.0,0.9999999999275362,0.9999999999275362,138.0,0.0,0.0,138.0,1.0,0.0,0.0,0.0,0.0,0.9999999999275362,0.0,1.0,1.0,0.9999999999275362,0.9999999999275362,0.0,0.0,0.0,-1.4492762545614823e-10,0.0,0.0,0.0
59.0,59.0,59.0,0.0,59.0,59.0,59.0,59.0,1.0,0.0,1.0,0.0,0.0,0.0,0.9999999998305085,0.9999999998305085,59.0,0.0,0.0,59.0,1.0,0.0,0.0,0.0,0.0,0.9999999998305085,0.0,1.0,1.0,0.9999999998305085,0.9999999998305085,0.0,0.0,0.0,-3.389830638411695e-10,0.0,0.0,0.0
9502.0,9502.0,9502.0,0.0,9502.0,9502.0,9502.0,9502.0,1.0,0.0,1.0,0.0,0.0,0.0,0.9999999999989475,0.9999999999989475,9502.0,0.0,0.0,9502.0,1.0,0.0,0.0,0.0,0.0,0.9999999999989475,0.0,1.0,1.0,0.9999999999989475,0.9999999999989475,0.0,0.0,0.0,-2.104982854689297e-12,0.0,0.0,0.0
882.0,882.0,882.0,0.0,882.0,882.0,882.0,882.0,1.0,0.0,1.0,0.0,0.0,0.0,0.9999999999886621,0.9999999999886621,882.0,0.0,0.0,882.0,1.0,0.0,0.0,0.0,0.0,0.9999999999886621,0.0,1.0,1.0,0.9999999999886621,0.9999999999886621,0.0,0.0,0.0,-2.2675861188758972e-11,0.0,0.0,0.0
2559.0,2559.0,2559.0,0.0,2559.0,2559.0,2559.0,2559.0,1.0,0.0,1.0,0.0,0.0,0.0,0.9999999999960922,0.9999999999960922,2559.0,0.0,0.0,2559.0,1.0,0.0,0.0,0.0,0.0,0.9999999999960922,0.0,1.0,1.0,0.9999999999960922,0.9999999999960922,0.0,0.0,0.0,-7.815526004151252e-12,0.0,0.0,0.0
6738.0,6738.0,6738.0,0.0,6738.0,6738.0,6738.0,6738.0,1.0,0.0,1.0,0.0,0.0,0.0,0.9999999999985159,0.9999999999985159,6738.0,0.0,0.0,6738.0,1.0,0.0,0.0,0.0,0.0,0.9999999999985159,0.0,1.0,1.0,0.9999999999985159,0.9999999999985159,0.0,0.0,0.0,-2.9682922786378185e-12,0.0,0.0,0.0
58.0,58.0,58.0,0.0,58.0,58.0,58.0,58.0,1.0,0.0,1.0,0.0,0.0,0.0,0.9999999998275861,0.9999999998275861,58.0,0.0,0.0,58.0,1.0,0.0,0.0,0.0,0.0,0.9999999998275861,0.0,1.0,1.0,0.9999999998275861,0.9999999998275861,0.0,0.0,0.0,-3.4482772193200617e-10,0.0,0.0,0.0
349.0,349.0,349.0,0.0,349.0,349.0,349.0,349.0,1.0,0.0,1.0,0.0,0.0,0.0,0.9999999999713467,0.9999999999713467,349.0,0.0,0.0,349.0,1.0,0.0,0.0,0.0,0.0,0.9999999999713467,0.0,1.0,1.0,0.9999999999713467,0.9999999999713467,0.0,0.0,0.0,-5.730660390668163e-11,0.0,0.0,0.0
3651.0,3651.0,3651.0,0.0,3651.0,3651.0,3651.0,3651.0,1.0,0.0,1.0,0.0,0.0,0.0,0.9999999999972611,0.9999999999972611,3651.0,0.0,0.0,3651.0,1.0,0.0,0.0,0.0,0.0,0.9999999999972611,0.0,1.0,1.0,0.9999999999972611,0.9999999999972611,0.0,0.0,0.0,-5.477840403500522e-12,0.0,0.0,0.0
5309.0,5309.0,5309.0,0.0,5309.0,5309.0,5309.0,5309.0,1.0,0.0,1.0,0.0,0.0,0.0,0.9999999999981164,0.9999999999981164,5309.0,0.0,0.0,5309.0,1.0,0.0,0.0,0.0,0.0,0.9999999999981164,0.0,1.0,1.0,0.9999999999981164,0.9999999999981164,0.0,0.0,0.0,-3.767208767158081e-12,0.0,0.0,0.0
1168.0,1168.0,1168.0,0.0,1168.0,1168.0,1168.0,1168.0,1.0,0.0,1.0,0.0,0.0,0.0,0.9999999999914384,0.9999999999914384,1168.0,0.0,0.0,1168.0,1.0,0.0,0.0,0.0,0.0,0.9999999999914384,0.0,1.0,1.0,0.9999999999914384,0.9999999999914384,0.0,0.0,0.0,-1.7123191753398714e-11,0.0,0.0,0.0
187.0,187.0,187.0,0.0,187.0,187.0,187.0,187.0,1.0,0.0,1.0,0.0,0.0,0.0,0.999999999946524,0.999999999946524,187.0,0.0,0.0,187.0,1.0,0.0,0.0,0.0,0.0,0.999999999946524,0.0,1.0,1.0,0.999999999946524,0.999999999946524,0.0,0.0,0.0,-1.069520028096349e-10,0.0,0.0,0.0
106.0,106.0,106.0,0.0,106.0,106.0,106.0,106.0,1.0,0.0,1.0,0.0,0.0,0.0,0.9999999999056605,0.9999999999056605,106.0,0.0,0.0,106.0,1.0,0.0,0.0,0.0,0.0,0.9999999999056605,0.0,1.0,1.0,0.9999999999056605,0.9999999999056605,0.0,0.0,0.0,-1.8867907236597148e-10,0.0,0.0,0.0
5174.0,5174.0,5174.0,0.0,5174.0,5174.0,5174.0,5174.0,1.0,0.0,1.0,0.0,0.0,0.0,0.9999999999980673,0.9999999999980673,5174.0,0.0,0.0,5174.0,1.0,0.0,0.0,0.0,0.0,0.9999999999980673,0.0,1.0,1.0,0.9999999999980673,0.9999999999980673,0.0,0.0,0.0,-3.865352482534945e-12,0.0,0.0,0.0
8898.0,8898.0,8898.0,0.0,8898.0,8898.0,8898.0,8898.0,1.0,0.0,1.0,0.0,0.0,0.0,0.999999999998876,0.999999999998876,8898.0,0.0,0.0,8898.0,1.0,0.0,0.0,0.0,0.0,0.999999999998876,0.0,1.0,1.0,0.999999999998876,0.999999999998876,0.0,0.0,0.0,-2.247979580261017e-12,0.0,0.0,0.0
2750.0,2750.0,2750.0,0.0,2750.0,2750.0,2750.0,2750.0,1.0,0.0,1.0,0.0,0.0,0.0,0.9999999999963637,0.9999999999963637,2750.0,0.0,0.0,2750.0,1.0,0.0,0.0,0.0,0.0,0.9999999999963637,0.0,1.0,1.0,0.9999999999963637,0.9999999999963637,0.0,0.0,0.0,-7.2726269451095504e-12,0.0,0.0,0.0
4006.0,4006.0,4006.0,0.0,4006.0,4006.0,4006.0,4006.0,1.0,0.0,1.0,0.0,0.0,0.0,0.9999999999975038,0.9999999999975038,4006.0,0.0,0.0,4006.0,1.0,0.0,0.0,0.0,0.0,0.9999999999975038,0.0,1.0,1.0,0.9999999999975038,0.9999999999975038,0.0,0.0,0.0,-4.992450897134404e-12,0.0,0.0,0.0
2815.0,2815.0,2815.0,0.0,2815.0,2815.0,2815.0,2815.0,1.0,0.0,1.0,0.0,0.0,0.0,0.9999999999964476,0.9999999999964476,2815.0,0.0,0.0,2815.0,1.0,0.0,0.0,0.0,0.0,0.9999999999964476,0.0,1.0,1.0,0.9999999999964476,0.9999999999964476,0.0,0.0,0.0,-7.104761223786227e-12,0.0,0.0,0.0
50.0,50.0,50.0,0.0,50.0,50.0,50.0,50.0,1.0,0.0,1.0,0.0,0.0,0.0,0.9999999998,0.9999999998,50.0,0.0,0.0,50.0,1.0,0.0,0.0,0.0,0.0,0.9999999998,0.0,1.0,1.0,0.9999999998,0.9999999998,0.0,0.0,0.0,-4.000000330961484e-10,0.0,0.0,0.0
60.0,60.0,60.0,0.0,60.0,60.0,60.0,60.0,1.0,0.0,1.0,0.0,0.0,0.0,0.9999999998333333,0.9999999998333333,60.0,0.0,0.0,60.0,1.0,0.0,0.0,0.0,0.0,0.9999999998333333,0.0,1.0,1.0,0.9999999998333333,0.9999999998333333,0.0,0.0,0.0,-3.33333360913457e-10,0.0,0.0,0.0
41.0,41.0,41.0,0.0,41.0,41.0,41.0,41.0,1.0,0.0,1.0,0.0,0.0,0.0,0.9999999997560975,0.9999999997560975,41.0,0.0,0.0,41.0,1.0,0.0,0.0,0.0,0.0,0.9999999997560975,0.0,1.0,1.0,0.9999999997560975,0.9999999997560975,0.0,0.0,0.0,-4.878049075784929e-10,0.0,0.0,0.0
447.0,447.0,447.0,0.0,447.0,447.0,447.0,447.0,1.0,0.0,1.0,0.0,0.0,0.0,0.9999999999776287,0.9999999999776287,447.0,0.0,0.0,447.0,1.0,0.0,0.0,0.0,0.0,0.9999999999776287,0.0,1.0,1.0,0.9999999999776287,0.9999999999776287,0.0,0.0,0.0,-4.4742654026208584e-11,0.0,0.0,0.0
50.0,50.0,50.0,0.0,50.0,50.0,50.0,50.0,1.0,0.0,1.0,0.0,0.0,0.0,0.9999999998,0.9999999998,50.0,0.0,0.0,50.0,1.0,0.0,0.0,0.0,0.0,0.9999999998,0.0,1.0,1.0,0.9999999998,0.9999999998,0.0,0.0,0.0,-4.000000330961484e-10,0.0,0.0,0.0
626.0,626.0,626.0,0.0,626.0,626.0,626.0,626.0,1.0,0.0,1.0,0.0,0.0,0.0,0.9999999999840256,0.9999999999840256,626.0,0.0,0.0,626.0,1.0,0.0,0.0,0.0,0.0,0.9999999999840256,0.0,1.0,1.0,0.9999999999840256,0.9999999999840256,0.0,0.0,0.0,-3.194888797963813e-11,0.0,0.0,0.0
51.0,51.0,51.0,0.0,51.0,51.0,51.0,51.0,1.0,0.0,1.0,0.0,0.0,0.0,0.9999999998039215,0.9999999998039215,51.0,0.0,0.0,51.0,1.0,0.0,0.0,0.0,0.0,0.9999999998039215,0.0,1.0,1.0,0.9999999998039215,0.9999999998039215,0.0,0.0,0.0,-3.9215697356098644e-10,0.0,0.0,0.0
73.0,73.0,73.0,0.0,73.0,73.0,73.0,73.0,1.0,0.0,1.0,0.0,0.0,0.0,0.9999999998630138,0.9999999998630138,73.0,0.0,0.0,73.0,1.0,0.0,0.0,0.0,0.0,0.9999999998630138,0.0,1.0,1.0,0.9999999998630138,0.9999999998630138,0.0,0.0,0.0,-2.73972400322009e-10,0.0,0.0,0.0
8298.0,8298.0,8298.0,0.0,8298.0,8298.0,8298.0,8298.0,1.0,0.0,1.0,0.0,0.0,0.0,0.9999999999987947,0.9999999999987947,8298.0,0.0,0.0,8298.0,1.0,0.0,0.0,0.0,0.0,0.9999999999987947,0.0,1.0,1.0,0.9999999999987947,0.9999999999987947,0.0,0.0,0.0,-2.41051623106614e-12,0.0,0.0,0.0
117.0,117.0,117.0,0.0,117.0,117.0,117.0,117.0,1.0,0.0,1.0,0.0,0.0,0.0,0.9999999999145299,0.9999999999145299,117.0,0.0,0.0,117.0,1.0,0.0,0.0,0.0,0.0,0.9999999999145299,0.0,1.0,1.0,0.9999999999145299,0.9999999999145299,0.0,0.0,0.0,-1.7094015092311565e-10,0.0,0.0,0.0
1010.0,1010.0,1010.0,0.0,1010.0,1010.0,1010.0,1010.0,1.0,0.0,1.0,0.0,0.0,0.0,0.999999999990099,0.999999999990099,1010.0,0.0,0.0,1010.0,1.0,0.0,0.0,0.0,0.0,0.999999999990099,0.0,1.0,1.0,0.999999999990099,0.999999999990099,0.0,0.0,0.0,-1.9801937867214292e-11,0.0,0.0,0.0
35.0,35.0,35.0,0.0,35.0,35.0,35.0,35.0,1.0,0.0,1.0,0.0,0.0,0.0,0.9999999997142857,0.9999999997142857,35.0,0.0,0.0,35.0,1.0,0.0,0.0,0.0,0.0,0.9999999997142857,0.0,1.0,1.0,0.9999999997142857,0.9999999997142857,0.0,0.0,0.0,-5.714286821500991e-10,0.0,0.0,0.0
23.0,23.0,23.0,0.0,23.0,23.0,23.0,23.0,1.0,0.0,1.0,0.0,0.0,0.0,0.9999999995652173,0.9999999995652173,23.0,0.0,0.0,23.0,1.0,0.0,0.0,0.0,0.0,0.9999999995652173,0.0,1.0,1.0,0.9999999995652173,0.9999999995652173,0.0,0.0,0.0,-8.695653086476796e-10,0.0,0.0,0.0
1151.0,1151.0,1151.0,0.0,1151.0,1151.0,1151.0,1151.0,1.0,0.0,1.0,0.0,0.0,0.0,0.999999999991312,0.999999999991312,1151.0,0.0,0.0,1151.0,1.0,0.0,0.0,0.0,0.0,0.999999999991312,0.0,1.0,1.0,0.999999999991312,0.999999999991312,0.0,0.0,0.0,-1.7376100558408325e-11,0.0,0.0,0.0
5653.0,5653.0,5653.0,0.0,5653.0,5653.0,5653.0,5653.0,1.0,0.0,1.0,0.0,0.0,0.0,0.9999999999982311,0.9999999999982311,5653.0,0.0,0.0,5653.0,1.0,0.0,0.0,0.0,0.0,0.9999999999982311,0.0,1.0,1.0,0.9999999999982311,0.9999999999982311,0.0,0.0,0.0,-3.537836690270524e-12,0.0,0.0,0.0
9509.0,9509.0,9509.0,0.0,9509.0,9509.0,9509.0,9509.0,1.0,0.0,1.0,0.0,0.0,0.0,0.9999999999989483,0.9999999999989483,9509.0,0.0,0.0,9509.0,1.0,0.0,0.0,0.0,0.0,0.9999999999989483,0.0,1.0,1.0,0.9999999999989483,0.9999999999989483,0.0,0.0,0.0,-2.1034285424548216e-12,0.0,0.0,0.0
231.0,231.0,231.0,0.0,231.0,231.0,231.0,231.0,1.0,0.0,1.0,0.0,0.0,0.0,0.99999999995671,0.99999999995671,231.0,0.0,0.0,231.0,1.0,0.0,0.0,0.0,0.0,0.99999999995671,0.0,1.0,1.0,0.99999999995671,0.99999999995671,0.0,0.0,0.0,-8.658007644157806e-11,0.0,0.0,0.0
2642.0,2642.0,2642.0,0.0,2642.0,2642.0,2642.0,2642.0,1.0,0.0,1.0,0.0,0.0,0.0,0.999999999996215,0.999999999996215,2642.0,0.0,0.0,2642.0,1.0,0.0,0.0,0.0,0.0,0.999999999996215,0.0,1.0,1.0,0.999999999996215,0.999999999996215,0.0,0.0,0.0,-7.569944671104167e-12,0.0,0.0,0.0
5097.0,5097.0,5097.0,0.0,5097.0,5097.0,5097.0,5097.0,1.0,0.0,1.0,0.0,0.0,0.0,0.9999999999980381,0.9999999999980381,5097.0,0.0,0.0,5097.0,1.0,0.0,0.0,0.0,0.0,0.9999999999980381,0.0,1.0,1.0,0.9999999999980381,0.9999999999980381,0.0,0.0,0.0,-3.923750213630228e-12,0.0,0.0,0.0
103.0,103.0,103.0,0.0,103.0,103.0,103.0,103.0,1.0,0.0,1.0,0.0,0.0,0.0,0.9999999999029127,0.9999999999029127,103.0,0.0,0.0,103.0,1.0,0.0,0.0,0.0,0.0,0.9999999999029127,0.0,1.0,1.0,0.9999999999029127,0.9999999999029127,0.0,0.0,0.0,-1.94174676337866e-10,0.0,0.0,0.0
13534.0,13534.0,13534.0,0.0,13534.0,13534.0,13534.0,13534.0,1.0,0.0,1.0,0.0,0.0,0.0,0.999999999999261,0.999999999999261,13534.0,0.0,0.0,13534.0,1.0,0.0,0.0,0.0,0.0,0.999999999999261,0.0,1.0,1.0,0.999999999999261,0.999999999999261,0.0,0.0,0.0,-1.4779288903810084e-12,0.0,0.0,0.0
