h6_freq_sum,h6_freq_mean,h6_freq_median,h6_freq_std,h6_freq_min,h6_freq_max,h6_freq_first,h6_freq_last,h6_active_month_count,h6_zero_month_count,h6_nonzero_month_count,h6_freq_slope,h6_freq_log_slope,h6_freq_first_to_last_diff,h6_freq_first_to_last_ratio,h6_freq_last_to_max_ratio,h6_freq_early_mean,h6_freq_late_mean,h6_freq_late_to_early_ratio,h6_peak_value,h6_peak_month,h6_time_to_peak,h6_post_peak_slope,h6_post_peak_log_slope,h6_post_peak_decay_rate,h6_peak_sharpness,h6_peak_count,h6_longest_active_streak,h6_current_active_streak,h6_retention_ratio,h6_late_activity_ratio,h6_revival_count,h6_has_revival,h6_freq_entropy,h6_freq_gini,h6_freq_cv,h6_freq_burstiness,h6_freq_autocorr_lag1
,,,,,,,,,,,,,,,,,,,,,,,,,,,,,,,,,,,,,
,,,,,,,,,,,,,,,,,,,,,,,,,,,,,,,,,,,,,
,,,,,,,,,,,,,,,,,,,,,,,,,,,,,,,,,,,,,
,,,,,,,,,,,,,,,,,,,,,,,,,,,,,,,,,,,,,
,,,,,,,,,,,,,,,,,,,,,,,,,,,,,,,,,,,,,
,,,,,,,,,,,,,,,,,,,,,,,,,,,,,,,,,,,,,
,,,,,,,,,,,,,,,,,,,,,,,,,,,,,,,,,,,,,
,,,,,,,,,,,,,,,,,,,,,,,,,,,,,,,,,,,,,
,,,,,,,,,,,,,,,,,,,,,,,,,,,,,,,,,,,,,
,,,,,,,,,,,,,,,,,,,,,,,,,,,,,,,,,,,,,
,,,,,,,,,,,,,,,,,,,,,,,,,,,,,,,,,,,,,
,,,,,,,,,,,,,,,,,,,,,,,,,,,,,,,,,,,,,
,,,,,,,,,,,,,,,,,,,,,,,,,,,,,,,,,,,,,
,,,,,,,,,,,,,,,,,,,,,,,,,,,,,,,,,,,,,
,,,,,,,,,,,,,,,,,,,,,,,,,,,,,,,,,,,,,
,,,,,,,,,,,,,,,,,,,,,,,,,,,,,,,,,,,,,
,,,,,,,,,,,,,,,,,,,,,,,,,,,,,,,,,,,,,
,,,,,,,,,,,,,,,,,,,,,,,,,,,,,,,,,,,,,
,,,,,,,,,,,,,,,,,,,,,,,,,,,,,,,,,,,,,
,,,,,,,,,,,,,,,,,,,,,,,,,,,,,,,,,,,,,
,,,,,,,,,,,,,,,,,,,,,,,,,,,,,,,,,,,,,
,,,,,,,,,,,,,,,,,,,,,,,,,,,,,,,,,,,,,
,,,,,,,,,,,,,,,,,,,,,,,,,,,,,,,,,,,,,
,,,,,,,,,,,,,,,,,,,,,,,,,,,,,,,,,,,,,
,,,,,,,,,,,,,,,,,,,,,,,,,,,,,,,,,,,,,
,,,,,,,,,,,,,,,,,,,,,,,,,,,,,,,,,,,,,
,,,,,,,,,,,,,,,,,,,,,,,,,,,,,,,,,,,,,
,,,,,,,,,,,,,,,,,,,,,,,,,,,,,,,,,,,,,
,,,,,,,,,,,,,,,,,,,,,,,,,,,,,,,,,,,,,
,,,,,,,,,,,,,,,,,,,,,,,,,,,,,,,,,,,,,
,,,,,,,,,,,,,,,,,,,,,,,,,,,,,,,,,,,,,
,,,,,,,,,,,,,,,,,,,,,,,,,,,,,,,,,,,,,
,,,,,,,,,,,,,,,,,,,,,,,,,,,,,,,,,,,,,
,,,,,,,,,,,,,,,,,,,,,,,,,,,,,,,,,,,,,
,,,,,,,,,,,,,,,,,,,,,,,,,,,,,,,,,,,,,
,,,,,,,,,,,,,,,,,,,,,,,,,,,,,,,,,,,,,
,,,,,,,,,,,,,,,,,,,,,,,,,,,,,,,,,,,,,
,,,,,,,,,,,,,,,,,,,,,,,,,,,,,,,,,,,,,
,,,,,,,,,,,,,,,,,,,,,,,,,,,,,,,,,,,,,
,,,,,,,,,,,,,,,,,,,,,,,,,,,,,,,,,,,,,
,,,,,,,,,,,,,,,,,,,,,,,,,,,,,,,,,,,,,
,,,,,,,,,,,,,,,,,,,,,,,,,,,,,,,,,,,,,
,,,,,,,,,,,,,,,,,,,,,,,,,,,,,,,,,,,,,
,,,,,,,,,,,,,,,,,,,,,,,,,,,,,,,,,,,,,
,,,,,,,,,,,,,,,,,,,,,,,,,,,,,,,,,,,,,
,,,,,,,,,,,,,,,,,,,,,,,,,,,,,,,,,,,,,
,,,,,,,,,,,,,,,,,,,,,,,,,,,,,,,,,,,,,
,,,,,,,,,,,,,,,,,,,,,,,,,,,,,,,,,,,,,
,,,,,,,,,,,,,,,,,,,,,,,,,,,,,,,,,,,,,
,,,,,,,,,,,,,,,,,,,,,,,,,,,,,,,,,,,,,
,,,,,,,,,,,,,,,,,,,,,,,,,,,,,,,,,,,,,
125766.0,20961.0,15268.0,10613.55422718202,11327.0,39173.0,11327.0,13262.0,6.0,0.0,6.0,-2852.982847361202,-0.10706487594638879,1935.0,1.170830758363935,0.33854951114279264,27402.666666666668,14519.333333333334,0.5298511093808888,39173.0,2.0,1.0,-7945.333269770667,-0.38632138236424535,0.5196563959868993,1.8688516769229193,1.0,6.0,6.0,0.33854951114279264,0.34634161856142787,0.0,0.0,1.672196056305595,0.26411483760844967,0.5063477041733198,-0.3277147065438775,0.0961940279111751
33397.0,5566.166666666667,3724.0,4823.321829633828,691.0,13105.0,691.0,13105.0,6.0,0.0,6.0,3228.03427464674,0.7602342155252186,12414.0,18.965267727656073,0.9999999999992368,1428.0,9704.333333333334,6.795751633939339,13105.0,6.0,5.0,0.0,0.0,0.0,2.354403090093683,0.0,6.0,6.0,0.9999999999992368,0.8717250052397306,0.0,0.0,1.4053279130375453,0.4698575720373268,0.8665428325224115,-0.07149965441480945,0.9241055687071043
376.0,62.666666666666664,50.0,46.48177659637759,16.0,150.0,91.0,16.0,6.0,0.0,6.0,-25.782857054458784,-0.48655479352728986,-75.0,0.1758241758048545,0.10666666665955556,94.33333333333333,31.0,0.3286219080923723,150.0,2.0,1.0,-15.599999875200002,-0.5154353939116859,0.7749999999483332,2.3936170208946357,2.0,6.0,6.0,0.10666666665955556,0.2473404255253367,1.0,1.0,1.5283203261766274,0.3998226950285173,0.7417304774834088,-0.14828328819863396,0.29359759725571954
11230.0,1871.6666666666667,1785.0,1148.4323614775442,520.0,4053.0,1896.0,520.0,6.0,0.0,6.0,-589.9885694057535,-0.3974508748634924,-1376.0,0.2742616033740809,0.1283000246727651,2741.6666666666665,1001.6666666666666,0.36534954407161574,4053.0,2.0,1.0,-817.4666601269333,-0.6864880181119101,0.6742536392778824,2.165449688323248,1.0,6.0,6.0,0.1283000246727651,0.2675868210148997,0.0,0.0,1.6074291960687248,0.33069159988104824,0.6135880827095681,-0.2394737054801612,0.3723222732079961
81535.0,13589.166666666666,11942.0,7359.082062700181,6821.0,27850.0,8320.0,6821.0,6.0,0.0,6.0,-2367.3942775975056,-0.1716264257624399,-1499.0,0.8198317307682453,0.244919210053772,17244.666666666668,9933.666666666666,0.5760428344992212,27850.0,2.0,1.0,-4617.1999630624005,-0.4321417230020648,0.592773788150595,2.0494266266005647,2.0,6.0,6.0,0.244919210053772,0.3654994787514116,1.0,1.0,1.656504933972713,0.28124731710305495,0.5415403492508566,-0.2974036008666302,-0.07328757502536302
2562.0,427.0,384.5,179.73406280761955,209.0,682.0,324.0,209.0,6.0,0.0,6.0,-39.77142843506939,-0.13036158003312967,-115.0,0.6450617283751524,0.30645161289873235,483.6666666666667,370.3333333333333,0.7656788421619776,682.0,3.0,2.0,-320.99999518500005,-0.8334230519691451,0.45698924730512724,1.5971896955129463,1.0,6.0,6.0,0.30645161289873235,0.4336455893816017,0.0,0.0,1.7030272113638119,0.23432214415729824,0.4209228637082209,-0.40753594094272405,0.3373109718349937
2851.0,475.1666666666667,308.0,341.93197016690647,157.0,1052.0,316.0,1052.0,6.0,0.0,6.0,197.5199993227886,0.3798737421375959,736.0,3.329113923945281,0.9999999999904944,221.0,729.3333333333334,3.3001508294132664,1052.0,6.0,5.0,0.0,0.0,0.0,2.2139600139835713,0.0,6.0,6.0,0.9999999999904944,0.7674500175350142,0.0,0.0,1.5485027486684944,0.3758330410373303,0.7196042865514776,-0.16305827777958576,0.7885940701300755
11521.0,1920.1666666666667,2426.5,998.9747105018337,413.0,2795.0,2710.0,413.0,6.0,0.0,6.0,-633.1542835434711,-0.4763424018647437,-2297.0,0.15239852398467751,0.14776386404240516,2761.6666666666665,1078.6666666666667,0.3905853952912834,2795.0,2.0,1.0,-1141.8666575317334,-0.9147954403172541,0.46189624328993956,1.4556028122483,1.0,6.0,6.0,0.14776386404240516,0.280878395972328,0.0,0.0,1.6262846176411034,0.27163440673531825,0.5202541674316281,-0.3155694901818056,0.8383498678166935
11663.0,1943.8333333333333,943.0,2080.0856886729985,237.0,5978.0,5978.0,237.0,6.0,0.0,6.0,-1313.7942812098484,-0.8300120130315689,-5741.0,0.039645366343192295,0.039645366343192295,3495.6666666666665,392.0,0.11213883856170839,5978.0,1.0,0.0,-882.1249955893751,-0.8446767263766062,0.809802609567063,3.0753665437550786,0.0,6.0,6.0,0.039645366343192295,0.10083168995961515,0.0,0.0,1.2657381806006314,0.547586384291961,1.070094669636782,0.03386061066193896,0.9778430616887551
6518.0,1086.3333333333333,920.5,594.8769247126296,311.0,2084.0,987.0,311.0,6.0,0.0,6.0,-288.2742847259168,-0.33720697472675343,-676.0,0.31509625126327157,0.14923224568066587,1563.3333333333333,609.3333333333334,0.38976545841968174,2084.0,2.0,1.0,-548.6666622773333,-0.6925805332208448,0.5864923224539996,1.9183798711084534,1.0,6.0,6.0,0.14923224568066587,0.2804541270324019,0.0,0.0,1.6403095987676342,0.30341618083219046,0.5476007284815775,-0.29232298950459085,0.4183400799115439
229.0,38.166666666666664,32.5,22.386131619573955,10.0,73.0,32.0,19.0,6.0,0.0,6.0,-8.948571397890614,-0.29202169164780933,-13.0,0.5937499998144531,0.2602739725670858,55.666666666666664,20.666666666666668,0.3712574849632472,73.0,3.0,2.0,-10.499999842500003,-0.3979711823270603,0.716894977070745,1.9126637549573808,1.0,6.0,6.0,0.2602739725670858,0.2707423580667798,0.0,0.0,1.615624379957875,0.32387190683049094,0.5865361994858147,-0.26060785778867024,0.4226333156858067
598.0,99.66666666666667,92.0,24.991109530302083,72.0,141.0,72.0,77.0,6.0,0.0,6.0,-4.4571428418612244,-0.03745863140403791,5.0,1.0694444442959106,0.5460992907414114,112.33333333333333,87.0,0.7744807120972274,141.0,3.0,2.0,-14.999999775000003,-0.17119398641782566,0.3829787233770937,1.4147157189216004,1.0,6.0,6.0,0.5460992907414114,0.4364548494910292,0.0,0.0,1.7612094733647414,0.13823857301754483,0.2507469183390764,-0.5990445153809024,0.1403911240979279
122379.0,20396.5,19788.5,6853.529473928014,12357.0,32296.0,22393.0,17184.0,6.0,0.0,6.0,-2774.43427620194,-0.1449758311450675,-5209.0,0.7673826642250848,0.532078275947321,26379.666666666668,14413.333333333334,0.5463804192621035,32296.0,3.0,2.0,2613.7499607937507,0.16998080555107667,0.5537115019402132,1.583408918195973,1.0,6.0,6.0,0.532078275947321,0.35332859395808486,0.0,0.0,1.7363960409416102,0.1867926686767969,0.3360149767815387,-0.49698920652634565,0.2107670418274881
332369.0,55394.833333333336,45033.0,27950.669457794545,32545.0,113783.0,62485.0,32545.0,6.0,0.0,6.0,-13228.14852607492,-0.233991902436509,-29940.0,0.5208450028005889,0.2860269108741828,72974.0,37815.666666666664,0.5182073980686475,113783.0,2.0,1.0,-5899.8666194677335,-0.15454530383675136,0.6570203809004282,2.054036327093913,2.0,6.0,6.0,0.2860269108741828,0.3413284632441551,1.0,1.0,1.68122443023131,0.24968884984258755,0.5045717763893053,-0.32928188032308475,0.11063142309092777
147501.0,24583.5,20002.0,15809.343648087777,10132.0,55937.0,30302.0,10132.0,6.0,0.0,6.0,-8416.285685429879,-0.37175491109447567,-20170.0,0.3343673684904183,0.18113234531702074,37112.333333333336,12054.666666666666,0.3248156497839016,55937.0,2.0,1.0,-6490.399948076801,-0.40180640409675883,0.7262009045889615,2.2753879634705085,1.0,6.0,6.0,0.18113234531702074,0.24517799879321187,0.0,0.0,1.6047317107353096,0.33530281150634567,0.6430875850908677,-0.21722056580993956,0.39368372624062414
1797.0,299.5,331.5,115.48556908404905,127.0,441.0,307.0,127.0,6.0,0.0,6.0,-60.377142650135525,-0.2532276585092957,-180.0,0.4136807817454827,0.28798185940390064,382.0,217.0,0.5680628272102601,441.0,2.0,1.0,-133.46666559893333,-0.5544840656664349,0.4053287981767499,1.4724540901010867,1.0,6.0,6.0,0.28798185940390064,0.36227045074923614,0.0,0.0,1.7100497485619446,0.2141532183255601,0.38559455452485175,-0.4434236865577544,0.6060938005063357
35098.0,5849.666666666667,5382.0,1922.4079229503352,3705.0,9230.0,5674.0,3705.0,6.0,0.0,6.0,-948.8914253180867,-0.17059344772363425,-1969.0,0.6529784984126666,0.40140845070379044,7420.333333333333,4279.0,0.5766587305144738,9230.0,2.0,1.0,-1600.5333205290667,-0.3050656469887823,0.4530335861316868,1.5778676847656654,1.0,6.0,6.0,0.40140845070379044,0.36574733603043885,0.0,0.0,1.7396468848017679,0.18117841472442153,0.3286354646328079,-0.5053037896674135,0.4443073688269635
1073.0,178.83333333333334,178.5,36.621563168287736,129.0,239.0,148.0,195.0,6.0,0.0,6.0,-1.9542857075853064,-0.008877152368933917,47.0,1.3175675674785428,0.8158995815558201,183.0,174.66666666666666,0.9544626593285357,239.0,2.0,1.0,3.7333333034666665,0.0156430555638919,0.2824267782308608,1.336439888089295,2.0,6.0,6.0,0.8158995815558201,0.48835041938035095,1.0,1.0,1.7708819659028248,0.11478720099210693,0.20478040913088497,-0.6600535539807287,-0.682138017229861
379.0,63.166666666666664,49.0,54.48980536659026,21.0,182.0,51.0,21.0,6.0,0.0,6.0,-21.017142785084086,-0.3408981685677527,-30.0,0.4117647058016148,0.11538461537827556,93.33333333333333,33.0,0.35357142853354595,182.0,2.0,1.0,-13.866666555733334,-0.4019907594769428,0.7994505494066235,2.8812664903090344,2.0,6.0,6.0,0.11538461537827556,0.2612137203097305,1.0,1.0,1.4976433204910953,0.3900615655164612,0.8626354410231754,-0.07374742034493706,-0.07857866732459952
45.0,7.5,9.0,3.547299442298794,0.0,10.0,10.0,7.0,5.0,1.0,5.0,-1.6114285659036736,-0.30811286189618237,-3.0,0.6999999992999999,0.6999999992999999,10.0,5.0,0.49999999949999996,10.0,1.0,0.0,-1.99999999,-0.37935033998267836,0.29999999969999996,1.3333333315555556,0.0,4.0,1.0,0.6999999992999999,0.33333333325925923,0.0,0.0,1.5992303097665361,0.22592592587434823,0.4729732583425415,-0.35779790117653615,0.19577834776045788
38123.0,6353.833333333333,5304.5,4213.112879913008,1199.0,13411.0,7285.0,1199.0,6.0,0.0,6.0,-2297.999992121143,-0.48947586406510407,-6086.0,0.1645847632118537,0.08940422041600969,10105.0,2602.6666666666665,0.2575622629058971,13411.0,2.0,1.0,-3362.7999730976003,-0.8310359225728112,0.6751360823199797,2.1106943315025934,2.0,6.0,6.0,0.08940422041600969,0.20481074417013226,1.0,1.0,1.5639895849293357,0.36733293112637444,0.6630820575358253,-0.20258648148835745,0.5125869968531361
2742.0,457.0,361.5,329.0101315562587,97.0,1041.0,1041.0,97.0,6.0,0.0,6.0,-219.49714210458126,-0.5499798152372624,-944.0,0.0931796349654834,0.0931796349654834,741.3333333333334,172.66666666666666,0.23291366906160635,1041.0,1.0,0.0,-181.124999094375,-0.5824456600834305,0.673198847255781,2.277899343495013,1.0,6.0,6.0,0.0931796349654834,0.18891320204161594,1.0,1.0,1.5347031935366306,0.3943593484065395,0.7199346423392984,-0.16283488380575922,0.9274118031910173
34331.0,5721.833333333333,5145.5,2116.6562795020723,3800.0,10058.0,3800.0,3945.0,6.0,0.0,6.0,279.05142761468085,0.04440684117406827,145.0,1.0381578947341101,0.3922250944517874,4697.0,6746.666666666667,1.4363778298173948,10058.0,4.0,3.0,-4583.999816640007,-0.9159143845338023,0.49383575263422763,1.7578282019135631,2.0,6.0,6.0,0.3922250944517874,0.5895546299261339,0.0,0.0,1.7298477542849922,0.1890371190274407,0.36992623800618213,-0.4599326186416373,-0.13140238776053145
5895.0,982.5,866.0,639.7608277056878,196.0,2108.0,1048.0,196.0,6.0,0.0,6.0,-342.2742845407739,-0.4716274793848401,-852.0,0.18702290076157424,0.09297912713428379,1523.6666666666667,441.3333333333333,0.28965215488761986,2108.0,2.0,1.0,-519.5999958432001,-0.8464676189139944,0.6751660341523948,2.145547073769511,1.0,6.0,6.0,0.09297912713428379,0.22459711619978864,0.0,0.0,1.5751811986689934,0.362934690415174,0.651156058726897,-0.21127254411790528,0.5006808099928471
310.0,51.666666666666664,53.0,10.498677165349081,39.0,69.0,39.0,51.0,6.0,0.0,6.0,4.3885714135248985,0.09084533258964281,12.0,1.307692307357002,0.7391304346754884,44.333333333333336,59.0,1.3308270673689864,69.0,4.0,3.0,-11.999999520000019,-0.21839857519404013,0.21739130431632012,1.3354838707092613,1.0,6.0,6.0,0.7391304346754884,0.5709677419170656,0.0,0.0,1.771115809847604,0.11182795698237369,0.20320020316097573,-0.6622337617232537,0.4728866637217245
197.0,32.833333333333336,27.5,19.247654979820847,17.0,74.0,33.0,27.0,6.0,0.0,6.0,-6.411428549446531,-0.15816011613970551,-6.0,0.8181818179338842,0.36486486481555885,41.333333333333336,24.333333333333332,0.588709677276925,74.0,2.0,1.0,2.666666645333333,0.12035218650612703,0.6959459458518993,2.253807105912546,2.0,6.0,6.0,0.36486486481555885,0.3705583756157077,1.0,1.0,1.6468270622330552,0.28003384093530714,0.5862229941307192,-0.2608567692536004,-0.18616853857073237
560.0,93.33333333333333,65.0,78.35531606442257,20.0,226.0,100.0,20.0,6.0,0.0,6.0,-39.22285700837879,-0.5616384253852703,-80.0,0.19999999998,0.08849557521732321,162.66666666666666,24.0,0.14754098359748724,226.0,2.0,1.0,-57.86666620373334,-0.8594901634982138,0.7411504424450818,2.421428571169133,1.0,6.0,6.0,0.08849557521732321,0.12857142856913265,0.0,0.0,1.4356117676187796,0.45238095237613374,0.8395212434574361,-0.08723941460648557,0.4633994752419615
124298.0,20716.333333333332,17535.5,7160.018846964643,13306.0,31575.0,29503.0,13306.0,6.0,0.0,6.0,-4415.999984859429,-0.20947199399718305,-16197.0,0.4510049825439952,0.4214093428343875,25807.666666666668,15625.0,0.6054402438549505,31575.0,2.0,1.0,-1733.3333194666668,-0.11325994698418951,0.49944576405368185,1.5241596807664528,2.0,6.0,6.0,0.4214093428343875,0.37711789409319724,1.0,1.0,1.7343657664786347,0.18464496612976666,0.3456219173419292,-0.48630159350422303,0.5478859084660769
387.0,64.5,33.5,52.98663353463148,22.0,149.0,22.0,149.0,6.0,0.0,6.0,20.5371427867298,0.33389522918178427,127.0,6.77272726964876,0.9999999999328859,57.0,72.0,1.2631578945152355,149.0,6.0,5.0,0.0,0.0,0.0,2.310077519021694,1.0,6.0,6.0,0.9999999999328859,0.5581395348692987,0.0,0.0,1.4723565842649502,0.41903531437732267,0.8214981942080078,-0.09799724545681836,-0.32724346016204575
264.0,44.0,38.5,15.790292376436016,29.0,73.0,56.0,29.0,6.0,0.0,6.0,-8.434285685368165,-0.18230367752125018,-27.0,0.5178571427646683,0.3972602739181836,55.666666666666664,32.333333333333336,0.5808383232489512,73.0,2.0,1.0,-2.2666666485333336,-0.06658809559405413,0.5376712328030587,1.659090908713843,2.0,6.0,6.0,0.3972602739181836,0.36742424241032484,1.0,1.0,1.7311249804230024,0.19065656564799682,0.3588702812010753,-0.4718108324548622,0.3533088633477863
65203.0,10867.166666666666,9539.5,4507.918418984778,5086.0,18877.0,5086.0,9782.0,6.0,0.0,6.0,1793.9314224208067,0.19774395226408606,4696.0,1.9233189146639338,0.5181967473642431,7417.666666666667,14316.666666666666,1.9300768435690512,18877.0,4.0,3.0,-9017.999639280015,-0.758107479047441,0.3623721989721023,1.7370673128521046,1.0,6.0,6.0,0.5181967473642431,0.6587120224528537,0.0,0.0,1.7080688930579009,0.22673547740642297,0.4148200314998356,-0.41360735321149017,0.32135151240823456
110179.0,18363.166666666668,13850.5,11992.661831534964,7346.0,41519.0,25121.0,8492.0,6.0,0.0,6.0,-6369.6342638755405,-0.3556693354425657,-16629.0,0.33804386768029215,0.2045328644716384,27924.0,8802.333333333334,0.31522465740331546,41519.0,2.0,1.0,-3026.2666424565336,-0.2322086204643154,0.7378368939519888,2.260993474254298,2.0,6.0,6.0,0.2045328644716384,0.2396736220150628,1.0,1.0,1.5972016807534928,0.34385711735748914,0.6530824475550748,-0.20986101023422937,0.40914950320353627
394.0,65.66666666666667,29.5,73.30681338653925,9.0,217.0,217.0,9.0,6.0,0.0,6.0,-43.95428556358531,-0.7093380348568441,-208.0,0.04147465437596891,0.04147465437596891,116.33333333333333,15.0,0.12893982806914558,217.0,1.0,0.0,-23.374999883125,-0.6343878455761008,0.8368663594084392,3.304568527415548,1.0,6.0,6.0,0.04147465437596891,0.11421319796664434,1.0,1.0,1.2629843406337282,0.5473773265578932,1.116347411807753,0.05497557315538039,0.9818270817965737
1287.0,214.5,195.5,158.99554501096353,32.0,497.0,230.0,32.0,6.0,0.0,6.0,-84.71999970953145,-0.5828965033042057,-198.0,0.13913043477655954,0.06438631790614917,346.6666666666667,82.33333333333333,0.237499999993149,497.0,2.0,1.0,-126.66666565333334,-1.0451892480818503,0.7183098591404766,2.3170163169082976,1.0,6.0,6.0,0.06438631790614917,0.1919191919177007,0.0,0.0,1.5039667823824896,0.410644910642868,0.7412379720445275,-0.14860807773736934,0.502741574180355
185807.0,30967.833333333332,28491.5,15199.301106922283,15934.0,62234.0,29597.0,15934.0,6.0,0.0,6.0,-7057.611404373904,-0.23903160364517548,-13663.0,0.5383653748688927,0.25603367933922677,41459.0,20476.666666666668,0.4939016056022029,62234.0,2.0,1.0,-7881.599936947201,-0.3408067588316826,0.6224893145225082,2.0096336521222526,1.0,6.0,6.0,0.25603367933922677,0.3306118714580005,0.0,0.0,1.6838837850687174,0.24848274464003484,0.49080931634171077,-0.34155319401106693,0.19005074256645035
370.0,61.666666666666664,60.0,26.49318570668482,33.0,92.0,92.0,37.0,6.0,0.0,6.0,-16.388571372382042,-0.27693693325056534,-55.0,0.40217391299976374,0.40217391299976374,88.0,35.333333333333336,0.4015151514695248,92.0,1.0,0.0,-18.4999999075,-0.31998880139355085,0.3956521738700378,1.4918918916499635,1.0,6.0,6.0,0.40217391299976374,0.2864864864787436,1.0,1.0,1.6966047727948208,0.2252252252189555,0.42961922760630206,-0.3989739094280082,0.6449596229371932
25000.0,4166.666666666667,2780.5,3370.779814161043,1022.0,11234.0,2895.0,1022.0,6.0,0.0,6.0,-582.5142837170939,-0.22553081827195007,-1873.0,0.3530224525030984,0.09097382944624267,5598.333333333333,2735.0,0.488538255432292,11234.0,3.0,2.0,-2961.7499555737504,-1.1858119972220522,0.7565426384184114,2.696159999993529,1.0,6.0,6.0,0.09097382944624267,0.3281999999998687,0.0,0.0,1.514238507869038,0.39710666666656214,0.8089871553967086,-0.10559104526035314,0.0124763635041578
1753.0,292.1666666666667,244.0,247.19925611178977,34.0,775.0,368.0,34.0,6.0,0.0,6.0,-133.81714239834125,-0.6516687590433861,-334.0,0.09239130434531545,0.04387096774136941,491.0,93.33333333333333,0.1900882552574999,775.0,2.0,1.0,-127.73333231146667,-0.976077162078188,0.8032258064412487,2.6525955503940923,1.0,6.0,6.0,0.04387096774136941,0.15972618368420008,0.0,0.0,1.4464736309898498,0.44846929073814845,0.8460898668682105,-0.08337087801617286,0.4167223539192778
2485.0,414.1666666666667,327.0,336.22582523589045,83.0,1120.0,444.0,83.0,6.0,0.0,6.0,-156.37714232099268,-0.46567814634066584,-361.0,0.18693693693272664,0.07410714285648119,621.6666666666666,206.66666666666666,0.33243967827883475,1120.0,2.0,1.0,-109.73333245546667,-0.5983695610330592,0.7944196428500498,2.704225352047383,2.0,6.0,6.0,0.07410714285648119,0.24949698189034408,1.0,1.0,1.506086119132258,0.4035546613000869,0.8118128576928104,-0.10386676608680492,0.06636532036559864
76850.0,12808.333333333334,13098.5,4674.122223001401,4749.0,18655.0,17031.0,4749.0,6.0,0.0,6.0,-2447.7942773218488,-0.23819321914689395,-12282.0,0.2788444601020029,0.2545698204233425,15301.333333333334,10315.333333333334,0.6741460439173008,18655.0,2.0,1.0,-1680.2666532245332,-0.2674366249913317,0.448351648351408,1.4564736499663318,2.0,6.0,6.0,0.2545698204233425,0.40268054651914087,1.0,1.0,1.7174445466993307,0.20337020169157727,0.36492821519826296,-0.46527852360990923,-0.0089089712961098
943.0,157.16666666666666,71.5,172.16602129598306,10.0,503.0,503.0,10.0,6.0,0.0,6.0,-106.31999963547432,-0.8479067758194714,-493.0,0.019880715705370165,0.019880715705370165,276.3333333333333,38.0,0.13751507840274374,503.0,1.0,0.0,-64.12499967937501,-0.8624401850256487,0.8250497017728619,3.2004241779511924,0.0,6.0,6.0,0.019880715705370165,0.12089077412385058,0.0,0.0,1.2587039997974374,0.5480735242104724,1.0954359784837457,0.04554468832611617,0.9649206093083281
1599.0,266.5,239.0,152.75334148009114,115.0,544.0,128.0,115.0,6.0,0.0,6.0,-27.11999990701715,-0.11203202244928279,-13.0,0.8984374999298095,0.21139705881964344,332.3333333333333,200.66666666666666,0.6038114342847398,544.0,3.0,2.0,-164.24999753625002,-0.7954052436079476,0.6311274509687906,2.0412757972967626,1.0,6.0,6.0,0.21139705881964344,0.37648530331221713,0.0,0.0,1.6337461545395326,0.30592036689444146,0.5731832700726428,-0.27130769695391255,0.28073776663569594
851.0,141.83333333333334,123.5,52.07179872274648,75.0,227.0,133.0,114.0,6.0,0.0,6.0,-17.108571369913474,-0.12223830905812523,-19.0,0.8571428570784103,0.5022026431496827,184.33333333333334,99.33333333333333,0.538878842647077,227.0,3.0,2.0,29.249999561250007,0.310649086397953,0.562408223176399,1.6004700351398022,1.0,6.0,6.0,0.5022026431496827,0.3501762632156266,1.0,1.0,1.7256431057131474,0.2019193106122823,0.36713371599817957,-0.4629146926343215,0.0808042087627034
739.0,123.16666666666667,115.0,48.00491872946169,72.0,217.0,104.0,126.0,6.0,0.0,6.0,15.325714233168982,0.13311286039205586,22.0,1.2115384614219675,0.5806451612635647,85.66666666666667,160.66666666666666,1.8754863811040288,217.0,4.0,3.0,-25.999998960000042,-0.19491066450499875,0.3894009216410414,1.7618403246201484,1.0,6.0,6.0,0.5806451612635647,0.6522327469465192,0.0,0.0,1.7208755771088384,0.2077131258426379,0.38975576773123793,-0.4391017805839286,0.05316219021205316
17696.0,2949.3333333333335,2173.0,2326.3504799482716,1039.0,8034.0,2224.0,1668.0,6.0,0.0,6.0,-831.4971400062957,-0.2666722362770529,-556.0,0.7499999999966277,0.20761762509309484,4289.0,1609.6666666666667,0.3753011580002131,8034.0,2.0,1.0,-520.7999958336001,-0.2739981577456881,0.7685461787393969,2.724005424945556,1.0,6.0,6.0,0.20761762509309484,0.2728865280287789,0.0,0.0,1.5448148227997685,0.3569544906568787,0.7887716365078156,-0.11808570707279942,-0.04154261758901543
615.0,102.5,75.0,54.56723681233395,43.0,180.0,180.0,43.0,6.0,0.0,6.0,-26.43428562365388,-0.2643277569476381,-137.0,0.23888888887561727,0.23888888887561727,140.66666666666666,64.33333333333333,0.4573459715314683,180.0,1.0,0.0,-19.124999904375002,-0.22108255657832207,0.5166666666379629,1.7560975608042833,1.0,6.0,6.0,0.23888888887561727,0.3138211382062793,1.0,1.0,1.6556223419295466,0.2783197831939159,0.532363285922052,-0.30517353050455087,-0.2868745144338003
11619.0,1936.5,1266.0,2200.056268219823,126.0,6552.0,6552.0,126.0,6.0,0.0,6.0,-1341.9771382560787,-0.953365815058555,-6426.0,0.01923076923073988,0.01923076923073988,3501.6666666666665,371.3333333333333,0.10604474059941159,6552.0,1.0,0.0,-715.4999964225001,-0.9890097941896323,0.8453296703283802,3.3834237025386864,0.0,6.0,6.0,0.01923076923073988,0.0958774421205819,0.0,0.0,1.2238140552570855,0.561451071520537,1.1360992864489863,0.06371393282959203,0.8860520345815674
11992.0,1998.6666666666667,1528.5,1660.555696814239,158.0,4788.0,4788.0,158.0,6.0,0.0,6.0,-1133.6228532561504,-0.807580683216015,-4630.0,0.03299916457804303,0.03299916457804303,3410.3333333333335,587.0,0.1721239370535467,4788.0,1.0,0.0,-1020.4999948975001,-0.9486861108307938,0.6990810359216811,2.3955970646978204,0.0,6.0,6.0,0.03299916457804303,0.14684789859894357,0.0,0.0,1.4275855963219028,0.45952857460506635,0.8308317362271167,-0.09239967847427269,0.9844381936227585
13565.0,2260.8333333333335,1584.0,2010.2627039491351,465.0,6500.0,1199.0,465.0,6.0,0.0,6.0,-443.48571276519186,-0.3052667195728263,-734.0,0.3878231859850891,0.07153846153835149,3401.3333333333335,1120.3333333333333,0.32938063504411197,6500.0,3.0,2.0,-1127.9999830800002,-1.081202374486756,0.8276410256397524,2.8750460744436044,1.0,6.0,6.0,0.07153846153835149,0.24776999631386082,0.0,0.0,1.4580383100165015,0.43837080722427757,0.8891689070137457,-0.05866658749800438,0.08990745721856436
7165.0,1194.1666666666667,838.5,1013.909992170026,154.0,3030.0,3030.0,154.0,6.0,0.0,6.0,-678.2057119604376,-0.7115954910178035,-2876.0,0.05082508250808309,0.05082508250808309,2037.6666666666667,350.6666666666667,0.17209226239077988,3030.0,1.0,0.0,-547.874997260625,-0.7805768974482701,0.7270627062682276,2.537334263761027,0.0,6.0,6.0,0.05082508250808309,0.1468248429865362,0.0,0.0,1.435820093847408,0.46013026285144765,0.8490523311890039,-0.08163515237319302,0.9943803839068138
46243.0,7707.166666666667,6440.5,6931.977649912677,1129.0,22151.0,8093.0,1129.0,6.0,0.0,6.0,-2248.6971351473244,-0.5096163527867326,-6964.0,0.1395032744345243,0.0509683535731791,12370.0,3044.3333333333335,0.24610617084323946,22151.0,3.0,2.0,-3664.499945032501,-1.2541536966301616,0.8625645192839169,2.8740782388648562,1.0,6.0,6.0,0.0509683535731791,0.19750016218666663,0.0,0.0,1.4320611473262583,0.4478984206618075,0.8994197154038903,-0.05295316447393249,0.041700867245266796
31747.0,5291.166666666667,3737.0,4360.470785617331,975.0,14320.0,975.0,14320.0,6.0,0.0,6.0,2710.662847849156,0.5620049105209549,13345.0,14.68717948702885,0.9999999999993017,2312.3333333333335,8270.0,3.5764739800912073,14320.0,6.0,5.0,0.0,0.0,0.0,2.706397454872511,0.0,6.0,6.0,0.9999999999993017,0.781491164519236,0.0,0.0,1.4945065744026254,0.4150575907433991,0.8241038433128969,-0.0964288065781137,0.9346097708852228
145009.0,24168.166666666668,21488.0,9238.82944274989,13760.0,37164.0,15148.0,13760.0,6.0,0.0,6.0,-2247.737135150616,-0.08746851040381434,-1388.0,0.9083707420115471,0.3702507803249461,29424.333333333332,18912.0,0.6427333386197447,37164.0,3.0,2.0,-5617.499915737501,-0.3259240817138226,0.4911204391345143,1.5377252446393515,2.0,6.0,6.0,0.3702507803249461,0.3912584736119557,1.0,1.0,1.7199943939437543,0.20680900265958924,0.38227266346555316,-0.4468925363721679,0.05710885620930204
41144.0,6857.333333333333,5834.0,5417.348633992668,1204.0,16893.0,1204.0,16893.0,6.0,0.0,6.0,3632.9142732585797,0.6515606807076281,15689.0,14.030730896893434,0.999999999999408,2280.3333333333335,11434.333333333334,5.014325391002715,16893.0,6.0,5.0,0.0,0.0,0.0,2.463494069605585,0.0,6.0,6.0,0.999999999999408,0.8337303130466572,0.0,0.0,1.480968825700705,0.4292241882169292,0.7900080644543216,-0.11731340194170328,0.9511952888906593
41449.0,6908.166666666667,5592.0,5290.990846607929,1441.0,15755.0,1482.0,15755.0,6.0,0.0,6.0,3598.9371305179307,0.6394127606535123,14273.0,10.630904183464029,0.9999999999993652,2310.6666666666665,11505.666666666666,4.979371032869391,15755.0,6.0,5.0,0.0,0.0,0.0,2.2806340321808283,0.0,6.0,6.0,0.9999999999993652,0.8327583295131771,0.0,0.0,1.4894033143633654,0.4224106733575561,0.7659037631692349,-0.13256454950251045,0.9786261769031601
16260.0,2710.0,2420.5,1590.3490182975559,881.0,5294.0,881.0,5294.0,6.0,0.0,6.0,1098.308567662942,0.4546360588899254,4413.0,6.009080590170158,0.9999999999981111,1305.6666666666667,4114.333333333333,3.151136073501523,5294.0,6.0,5.0,0.0,0.0,0.0,1.953505535048142,0.0,6.0,6.0,0.9999999999981111,0.7591020910204433,0.0,0.0,1.616807771905038,0.3283517835176819,0.5868446561961946,-0.26036281635184433,0.9906823718268517
6217.0,1036.1666666666667,971.0,631.2055704936564,230.0,2219.0,1215.0,230.0,6.0,0.0,6.0,-351.1199987961601,-0.4350466734305815,-985.0,0.18930041152107574,0.10365029292427377,1550.0,522.3333333333334,0.3369892473096539,2219.0,2.0,1.0,-409.99999672000007,-0.68805109268523,0.6864578638995653,2.141547370093535,1.0,6.0,6.0,0.10365029292427377,0.2520508283734083,0.0,0.0,1.6066413378356643,0.3284274301642016,0.6091737852542043,-0.24287383893368938,0.44841684650160857
47659.0,7943.166666666667,5689.5,8334.894308801335,664.0,25405.0,8798.0,664.0,6.0,0.0,6.0,-3974.708557801,-0.7601999416881133,-8134.0,0.07547169811312175,0.026136587285957042,13844.666666666666,2041.6666666666667,0.14746954302488505,25405.0,2.0,1.0,-3018.133309188267,-1.1003596011287056,0.867585121038824,3.1983465872093015,1.0,6.0,6.0,0.026136587285957042,0.12851717409091074,0.0,0.0,1.30849855942254,0.521562908719525,1.0493163065264703,0.02406476070612979,0.21088971813044943
11123.0,1853.8333333333333,1443.5,1616.6258500002064,343.0,5154.0,5154.0,449.0,6.0,0.0,6.0,-1010.7771393916214,-0.6157828969407336,-4705.0,0.08711680248333893,0.08711680248333893,2981.6666666666665,726.0,0.24348798211209566,5154.0,1.0,0.0,-604.999996975,-0.5911129188355531,0.768374078384229,2.780185201819041,0.0,6.0,6.0,0.08711680248333893,0.19581048278324567,0.0,0.0,1.4484602722864923,0.4449189367374491,0.8720448709834502,-0.06835046050148166,0.8831133406824005
3998.0,666.3333333333334,511.0,319.6402491691071,316.0,1246.0,316.0,1246.0,6.0,0.0,6.0,207.56571357406042,0.30612696514137994,930.0,3.9430379745587647,0.9999999999919744,427.3333333333333,905.3333333333334,2.1185647425401273,1246.0,6.0,5.0,0.0,0.0,0.0,1.8699349674556787,0.0,6.0,6.0,0.9999999999919744,0.6793396698332183,0.0,0.0,1.6839744565732047,0.2523761880934554,0.47970022385839434,-0.3516251249661163,0.9024782000909171
103.0,17.166666666666668,16.0,3.1841621957571333,14.0,24.0,16.0,16.0,6.0,0.0,6.0,0.7885714258677553,0.03808029737355719,0.0,0.999999999375,0.6666666663888888,15.666666666666666,18.666666666666668,1.1914893609416026,24.0,5.0,4.0,0.0,0.0,0.3333333331944444,1.3980582516127815,2.0,6.0,6.0,0.6666666663888888,0.5436893203355642,0.0,0.0,1.7758068535847416,0.08576051777908678,0.1854851763438222,-0.6870729717479171,-0.19932432432432431
680.0,113.33333333333333,117.5,24.397176521520315,82.0,144.0,82.0,86.0,6.0,0.0,6.0,3.497142845152653,0.03242660721399186,4.0,1.0487804876769782,0.5972222221807484,109.33333333333333,117.33333333333333,1.0731707316091612,144.0,3.0,2.0,-35.24999947125001,-0.3239487561130142,0.18518518517232513,1.270588235182007,1.0,6.0,6.0,0.5972222221807484,0.517647058815917,0.0,0.0,1.7681838952238882,0.11813725489881177,0.21526920458265553,-0.6457258954394384,0.11406730278220376
213.0,35.5,35.0,6.211548384528075,26.0,45.0,35.0,26.0,6.0,0.0,6.0,-0.4457142841861225,-0.021018954068086786,-9.0,0.742857142644898,0.5777777776493827,33.666666666666664,37.333333333333336,1.1089108907597296,45.0,4.0,3.0,-29.99999880000005,-0.8836654692114598,0.2555555554987654,1.2676056334457448,1.0,6.0,6.0,0.5777777776493827,0.525821596219445,0.0,0.0,1.7763403159031619,0.097809076672422,0.17497319388108007,-0.7021664920814622,-0.24411695674886522
162214.0,27035.666666666668,19013.0,16715.571330017076,14148.0,61132.0,14793.0,15924.0,6.0,0.0,6.0,-1550.537137541016,-0.05325089062088394,1131.0,1.0764550801047275,0.26048550677218796,32675.666666666668,21395.666666666668,0.6547889867075434,61132.0,3.0,2.0,-13643.249795351252,-0.5714072021778682,0.6500087242904997,2.2611611821412723,1.0,6.0,6.0,0.26048550677218796,0.3956933433612144,0.0,0.0,1.626261018214577,0.30727310836301136,0.6182784961844561,-0.23588121866241765,0.10468398921857956
135.0,22.5,25.5,10.673175097723576,7.0,39.0,27.0,11.0,6.0,0.0,6.0,-5.999999979428572,-0.30949929189619,-16.0,0.40740740725651575,0.2820512819789612,30.333333333333332,14.666666666666666,0.48351648335708247,39.0,2.0,1.0,-8.133333268266668,-0.47146199476496253,0.5576923075493097,1.733333332562963,2.0,6.0,6.0,0.2820512819789612,0.32592592590178326,1.0,1.0,1.6678886894308982,0.2580246913404358,0.4743633374657752,-0.3565177244526959,0.43966612726551696
214.0,35.666666666666664,34.0,25.907956735764056,5.0,82.0,50.0,5.0,6.0,0.0,6.0,-15.42857137567347,-0.590432487763626,-45.0,0.09999999998,0.060975609748661515,56.333333333333336,15.0,0.26627218930184515,82.0,2.0,1.0,-15.733333207466666,-0.8934174436927502,0.7499999999085366,2.29906541991615,1.0,6.0,6.0,0.060975609748661515,0.2102803738219495,0.0,0.0,1.5116213563924206,0.400311526467547,0.7263913101448639,-0.1584859052330398,0.5285516509843947
175.0,29.166666666666668,29.5,7.289642576209679,20.0,41.0,34.0,21.0,6.0,0.0,6.0,-3.3942857026481636,-0.12211823728170718,-13.0,0.6176470586418685,0.5121951218262939,34.333333333333336,24.0,0.6990291260099915,41.0,3.0,2.0,-7.499999887500001,-0.2810200828657566,0.4146341462403331,1.4057142852323263,1.0,6.0,6.0,0.5121951218262939,0.4114285714050612,0.0,0.0,1.7604564985249607,0.13999999998755563,0.24993060252721278,-0.600088833422734,0.25880342074160245
469.0,78.16666666666667,43.0,87.24566210165153,10.0,259.0,259.0,11.0,6.0,0.0,6.0,-53.38285695983021,-0.7900327065492585,-248.0,0.04247104246940266,0.04247104246940266,141.33333333333334,15.0,0.10613207546418875,259.0,1.0,0.0,-29.4999998525,-0.7580259902473584,0.8378378378054888,3.3134328353970024,0.0,6.0,6.0,0.04247104246940266,0.09594882729006506,0.0,0.0,1.2504879652150183,0.5540156360990736,1.1161491951875058,0.054887054078975706,0.9736505872928133
272.0,45.333333333333336,42.5,13.059692016106489,28.0,70.0,28.0,51.0,6.0,0.0,6.0,3.634285701825307,0.09825842996195187,23.0,1.821428570778061,0.728571428467347,45.333333333333336,45.333333333333336,0.9999999997794118,70.0,3.0,2.0,8.249999876250001,0.17825373623403365,0.35238095233061223,1.5441176467182092,1.0,6.0,6.0,0.728571428467347,0.49999999998161765,1.0,1.0,1.7517477888359325,0.1556372548938585,0.2880814414682134,-0.5526968523820368,-0.2052197982766258
106.0,17.666666666666668,17.5,3.636237371545238,13.0,23.0,19.0,13.0,6.0,0.0,6.0,-1.1657142817175512,-0.06580270975296934,-6.0,0.6842105259556787,0.5652173910586011,18.666666666666668,16.666666666666668,0.8928571423788265,23.0,2.0,1.0,0.2666666645333334,0.006780065924592307,0.3043478259546314,1.301886791715913,2.0,6.0,6.0,0.5652173910586011,0.4716981131630474,1.0,1.0,1.7705311478064598,0.1163522012376883,0.20582475676341452,-0.6586158048390166,-0.40882441597001684
71845.0,11974.166666666666,10577.0,5516.065065384522,5787.0,22949.0,12096.0,9058.0,6.0,0.0,6.0,-2463.051420126681,-0.20769726487562923,-3038.0,0.7488425925919735,0.39470129417386607,16201.333333333334,7747.0,0.47817052094448304,22949.0,2.0,1.0,-2148.2666494805335,-0.21095790790000118,0.5991110723776203,1.9165425568917114,1.0,6.0,6.0,0.39470129417386607,0.3234880645834333,0.0,0.0,1.694048303378506,0.2420418957477577,0.46066379556377607,-0.36924048235700935,0.30055781296138484
3933.0,655.5,415.0,590.9559346234427,68.0,1657.0,1657.0,68.0,6.0,0.0,6.0,-392.6057129396376,-0.787613820135437,-1589.0,0.0410380205187626,0.0410380205187626,1136.0,175.0,0.15404929577329182,1657.0,1.0,0.0,-340.124998299375,-0.8870978672791544,0.7252866626389542,2.5278413424480877,0.0,6.0,6.0,0.0410380205187626,0.13348588863429064,0.0,0.0,1.3838071534154182,0.48525298754061685,0.9015346065818876,-0.05178206752695067,0.9368567919954018
936.0,156.0,81.5,165.76187740249566,10.0,488.0,488.0,10.0,6.0,0.0,6.0,-102.71999964781716,-0.8431125749581413,-478.0,0.02049180327826861,0.02049180327826861,267.6666666666667,44.333333333333336,0.16562889165010103,488.0,1.0,0.0,-62.749999686250014,-0.8680281155053006,0.8163934426062214,3.128205128004602,1.0,6.0,6.0,0.02049180327826861,0.142094017092499,1.0,1.0,1.282190823146259,0.5388176638146269,1.062576137127371,0.03033882534810369,0.9264929768696033
77670.0,12945.0,11977.5,3449.835889816596,10234.0,20425.0,20425.0,12294.0,6.0,0.0,6.0,-1473.6685663759936,-0.09348213397828498,-8131.0,0.6019094247243075,0.6019094247243075,14397.333333333334,11492.666666666666,0.7982496758653466,20425.0,1.0,0.0,118.624999406875,0.011502240119745672,0.43946144430823036,1.5778292777121838,0.0,6.0,6.0,0.6019094247243075,0.44390369512032396,1.0,1.0,1.7599290941780672,0.12363847045188403,0.26649948936376444,-0.5791557886880336,0.5473373232637163
2506.0,417.6666666666667,386.0,254.79774113772845,90.0,772.0,694.0,90.0,6.0,0.0,6.0,-171.63428512582533,-0.5175022176320816,-604.0,0.12968299711628697,0.1165803108793189,651.3333333333334,184.0,0.2824974411420292,772.0,2.0,1.0,-173.33333194666668,-0.7346149705633421,0.6632124352245697,1.8483639265319625,1.0,6.0,6.0,0.1165803108793189,0.2202713487620899,0.0,0.0,1.5910023974204823,0.34330939079442,0.6100504576176248,-0.24219709420500837,0.8687860190073089
144.0,24.0,14.5,24.78574859336174,0.0,64.0,64.0,0.0,4.0,2.0,4.0,-15.977142802364083,-1.1062674879503067,-64.0,0.0,0.0,42.0,6.0,0.14285714282312925,64.0,1.0,0.0,-14.124999929375,-1.2984242543767357,0.7499999998828126,2.6666666655555553,1.0,4.0,0.0,0.0,0.12499999999131944,1.0,1.0,1.184430596878828,0.5555555555356224,1.0327395242930977,0.016106109178523374,0.7474749018679535
16020.0,2670.0,2121.5,1386.057839101,1440.0,5354.0,3524.0,1459.0,6.0,0.0,6.0,-524.0228553462074,-0.2174787649037343,-2065.0,0.4140181611793019,0.2725065371679632,3640.0,1700.0,0.467032967031684,5354.0,3.0,2.0,-556.4999916525002,-0.3081971973122242,0.6824803884933088,2.0052434456853736,1.0,6.0,6.0,0.2725065371679632,0.3183520599248949,0.0,0.0,1.6694397143639401,0.26970453599652133,0.5191227861782055,-0.3165492731682575,-0.1183763741423158
3595.0,599.1666666666666,555.5,333.0137217726754,254.0,1266.0,302.0,1266.0,6.0,0.0,6.0,193.74857076429063,0.30330935083278404,964.0,4.19205297999364,0.9999999999921012,353.0,845.3333333333334,2.394711992377865,1266.0,6.0,5.0,0.0,0.0,0.0,2.1129346313972808,1.0,6.0,6.0,0.9999999999921012,0.7054242002762019,0.0,0.0,1.6501474847291477,0.28952248493210186,0.5557948068435896,-0.28551656759989313,0.5185865452730204
3488.0,581.3333333333334,473.5,359.05369452987884,197.0,1264.0,613.0,197.0,6.0,0.0,6.0,-181.85142794793796,-0.3598172547134063,-416.0,0.3213703099458178,0.15585443037851382,878.0,284.6666666666667,0.3242217160175677,1264.0,2.0,1.0,-222.53333155306666,-0.5325149355813168,0.6813686708806854,2.174311926568102,2.0,6.0,6.0,0.15585443037851382,0.24483944954058245,1.0,1.0,1.6122690577804775,0.3304663608555536,0.6176382359926074,-0.2363703796575801,0.37952378431127975
806.0,134.33333333333334,116.0,104.83903005189538,19.0,330.0,330.0,19.0,6.0,0.0,6.0,-70.55999975808001,-0.6639730737790319,-311.0,0.057575757574012856,0.057575757574012856,218.33333333333334,50.333333333333336,0.23053435113447934,330.0,1.0,0.0,-55.24999972375,-0.7302772783817661,0.7115151514935905,2.456575682199262,0.0,6.0,6.0,0.057575757574012856,0.1873449131490404,0.0,0.0,1.4849178635328024,0.42555831265179433,0.7804394296086177,-0.12331819137773486,0.9671338421789195
164005.0,27334.166666666668,27717.5,6557.055396458247,16399.0,38551.0,38551.0,16399.0,6.0,0.0,6.0,-4322.571413751184,-0.1660931323083778,-22152.0,0.4253845555237412,0.4253845555237412,32038.0,22630.333333333332,0.7063591152171256,38551.0,1.0,0.0,-3673.374981633125,-0.1622067619352624,0.3491530699591842,1.4103594402604516,0.0,6.0,6.0,0.4253845555237412,0.41395689155815896,0.0,0.0,1.7623139214612054,0.12812109386907622,0.2398849570362799,-0.6130528793415411,0.7061213752855238
88.0,14.666666666666666,6.5,16.789547012617373,0.0,43.0,43.0,3.0,4.0,2.0,4.0,-10.49142853545796,-0.8529220880879129,-40.0,0.06976744184424012,0.06976744184424012,28.333333333333332,1.0,0.03529411763460208,43.0,1.0,0.0,-8.4999999575,-0.8272902050499928,0.7906976742347215,2.931818179819215,0.0,3.0,1.0,0.06976744184424012,0.034090909087035125,0.0,0.0,1.0801003738484007,0.6022727272392245,1.1447418409888606,0.0674868363662564,0.8827186739556265
4798.0,799.6666666666666,779.5,318.0145000188234,383.0,1231.0,383.0,973.0,6.0,0.0,6.0,187.5428564998531,0.2616242345909704,590.0,2.5404699738240084,0.7904142973128317,496.3333333333333,1103.0,2.222296843474366,1231.0,5.0,4.0,0.0,0.0,0.2095857026790448,1.5393914130695365,2.0,6.0,6.0,0.7904142973128317,0.6896623593149445,0.0,0.0,1.7101879326568326,0.22168959288544232,0.3976838266129803,-0.43093878737519103,0.5961579145042957
99640.0,16606.666666666668,15713.0,5281.039344253701,10238.0,23336.0,13281.0,10238.0,6.0,0.0,6.0,166.49142800060096,0.0023635123282741946,-3043.0,0.7708756870711762,0.43872128899535534,15973.666666666666,17239.666666666668,1.0792554412463768,23336.0,4.0,3.0,-15813.999367440025,-1.1444923385298218,0.3918623585874221,1.4052187876346414,1.0,6.0,6.0,0.43872128899535534,0.5190586109995464,0.0,0.0,1.7410123947982772,0.1757895088986794,0.3180071865265267,-0.5174424088461866,0.1771306529342662
32616.0,5436.0,3039.0,6064.9051929935395,286.0,17879.0,17879.0,286.0,6.0,0.0,6.0,-3771.0857013562777,-0.9646611723662128,-17593.0,0.015996420381444155,0.015996420381444155,9733.333333333334,1138.6666666666667,0.1169863013697428,17879.0,1.0,0.0,-2208.2499889587502,-1.0228862631713298,0.8351473796068934,3.2889992641587766,0.0,6.0,6.0,0.015996420381444155,0.10473387294576136,0.0,0.0,1.2341295801103371,0.5620452129833142,1.1156926403573184,0.0546831038461327,0.9888058595643565
2014.0,335.6666666666667,295.5,232.9504000616631,67.0,765.0,256.0,67.0,6.0,0.0,6.0,-102.99428536116247,-0.42665263806240133,-189.0,0.2617187499897766,0.08758169934526037,496.3333333333333,175.0,0.35258562793110976,765.0,2.0,1.0,-188.66666515733334,-0.9053486306463687,0.6754901960696015,2.279046673219095,1.0,6.0,6.0,0.08758169934526037,0.26067527308708704,0.0,0.0,1.5513237800389228,0.38099966898249926,0.6939932474321444,-0.18064225049416657,0.27396115687807054
2685.0,447.5,228.0,454.50623391397687,131.0,1429.0,211.0,131.0,6.0,0.0,6.0,-151.7828566224588,-0.3233143552195691,-80.0,0.620853080539296,0.09167249824988333,712.6666666666666,182.33333333333334,0.2558465855904231,1429.0,2.0,1.0,-156.66666541333333,-0.5796332725115144,0.8171798460404677,3.1932960893141162,1.0,6.0,6.0,0.09167249824988333,0.20372439478508855,0.0,0.0,1.3892521030719949,0.4658597144620529,1.015656388611889,0.007767389681441351,-0.05609168479926225
1087.0,181.16666666666666,173.0,105.3919931599276,64.0,385.0,205.0,64.0,6.0,0.0,6.0,-44.39999984777143,-0.3180280481367009,-141.0,0.31219512193599047,0.16623376622944847,264.3333333333333,98.0,0.3707440100742468,385.0,3.0,2.0,-59.24999911125001,-0.5965695133117302,0.745454545435183,2.1251149952828823,1.0,6.0,6.0,0.16623376622944847,0.2704691812302625,0.0,0.0,1.6313003209678854,0.3095676172930446,0.5817405325893846,-0.26442988514096355,0.21514451122649045
198.0,33.0,32.5,4.509249752822894,27.0,40.0,27.0,40.0,6.0,0.0,6.0,2.537142848444082,0.07534078483428197,13.0,1.4814814809327845,0.99999999975,31.0,35.0,1.1290322577003122,40.0,6.0,5.0,0.0,0.0,0.0,1.2121212117539026,1.0,6.0,6.0,0.99999999975,0.5303030302762473,0.0,0.0,1.7824681602939956,0.07744107743060513,0.13664393186231683,-0.7595659851191043,0.18988171713961147
145.0,24.166666666666668,21.5,9.26312882106017,16.0,43.0,17.0,26.0,6.0,0.0,6.0,1.6114285659036736,0.08441912431689902,9.0,1.5294117638062283,0.6046511626500811,25.333333333333332,23.0,0.9078947364837258,43.0,3.0,2.0,5.999999910000001,0.26354841117519046,0.46511627896160085,1.7793103440913196,1.0,6.0,6.0,0.6046511626500811,0.47586206893269917,1.0,1.0,1.7252389320150077,0.19425287354757548,0.38330188209215793,-0.44581600406798516,-0.441452639148824
748.0,124.66666666666667,114.5,45.28306035986918,74.0,217.0,130.0,74.0,6.0,0.0,6.0,-21.05142849925225,-0.16995001652487368,-56.0,0.5692307691869822,0.34101382486907766,150.0,99.33333333333333,0.662222222178074,217.0,2.0,1.0,-15.333333210666666,-0.1639700777734645,0.53801843315493,1.740641711090323,2.0,6.0,6.0,0.34101382486907766,0.39839572191980754,1.0,1.0,1.7313154982362713,0.18582887700233397,0.3632331044617929,-0.4671005225547174,-0.015736782239586865
185100.0,30850.0,31810.5,10409.63609674549,16900.0,45963.0,36307.0,16900.0,6.0,0.0,6.0,-4639.748555520862,-0.18233706018298473,-19407.0,0.46547497727698095,0.3676870526292088,34139.666666666664,27560.333333333332,0.8072818519998808,45963.0,4.0,3.0,-5835.999766560009,-0.3185365507907792,0.6005700237145964,1.4898865478115106,2.0,6.0,6.0,0.3676870526292088,0.446682874122072,0.0,0.0,1.733054327433965,0.19021069692057124,0.3374274261504737,-0.4954082448842022,-0.07071041469521205
2344.0,390.6666666666667,376.0,248.11063840329157,77.0,790.0,790.0,77.0,6.0,0.0,6.0,-172.93714226421554,-0.5559283556540942,-713.0,0.09746835442914598,0.09746835442914598,609.6666666666666,171.66666666666666,0.28157463094125357,790.0,1.0,0.0,-165.4999991725,-0.6475015722449904,0.6065822784733343,2.0221843002895343,0.0,6.0,6.0,0.09746835442914598,0.2197098976099842,0.0,0.0,1.5748916260898023,0.3586461888498822,0.6350954907771517,-0.22317015199143747,0.9890880070083719
4224.0,704.0,562.5,528.1656936984832,158.0,1610.0,158.0,1610.0,6.0,0.0,6.0,358.14857020063357,0.6062787898860075,1452.0,10.18987341707659,0.9999999999937889,259.3333333333333,1148.6666666666667,4.429305912425606,1610.0,6.0,5.0,0.0,0.0,0.0,2.286931818149333,0.0,6.0,6.0,0.9999999999937889,0.8158143939374626,0.0,0.0,1.5075078570398561,0.4121685606054375,0.7502353603565068,-0.14270345879562954,0.9784429184035918
111.0,18.5,16.5,7.041543391425869,11.0,33.0,14.0,16.0,6.0,0.0,6.0,0.7885714258677553,0.04130803014807817,2.0,1.1428571420408162,0.48484848470156106,15.0,22.0,1.4666666656888887,33.0,4.0,3.0,-1.9999999200000032,-0.11431682310722378,0.4999999998484848,1.7837837828195762,2.0,6.0,6.0,0.48484848470156106,0.5945945945410276,0.0,0.0,1.7262050556316133,0.19369369367326783,0.38062396689835837,-0.44862036833429797,-0.5222494464077838
3210.0,535.0,595.5,317.47178352309254,124.0,889.0,793.0,124.0,6.0,0.0,6.0,-200.2285707420735,-0.5085177464572863,-669.0,0.15636822194002056,0.1394825646778461,839.6666666666666,230.33333333333334,0.2743152044429419,889.0,3.0,2.0,-205.49999691750006,-0.8704857466333854,0.7409073865683437,1.6616822429595948,1.0,6.0,6.0,0.1394825646778461,0.21526479750711755,0.0,0.0,1.5910160571179057,0.32315680166070093,0.5934052028358102,-0.2551735091751141,0.7795804050142473
1302.0,217.0,171.5,151.124672594076,72.0,500.0,296.0,72.0,6.0,0.0,6.0,-85.23428542205389,-0.4441722772761888,-224.0,0.24324324323502555,0.14399999999712,345.6666666666667,88.33333333333333,0.2555448408797817,500.0,2.0,1.0,-69.06666611413334,-0.4944500315384641,0.74699999998506,2.304147465331606,1.0,6.0,6.0,0.14399999999712,0.20353302611210805,0.0,0.0,1.5621008518726598,0.37045570916341886,0.6964270626134181,-0.17894841695865893,0.5105282524435916
3208.0,534.6666666666666,401.0,401.434372663273,158.0,1390.0,353.0,158.0,6.0,0.0,6.0,-91.19999968731429,-0.23695655637997184,-195.0,0.4475920679759889,0.11366906474738368,765.3333333333334,304.0,0.3972125435488169,1390.0,3.0,2.0,-218.24999672625003,-0.7802575237042376,0.7812949640231562,2.5997506233927727,1.0,6.0,6.0,0.11366906474738368,0.28428927680709387,0.0,0.0,1.555508162516682,0.36367414796262953,0.7508124176853458,-0.14232683054955045,0.03673573512396162
213456.0,35576.0,34062.0,9240.590565542876,25664.0,51908.0,51908.0,32901.0,6.0,0.0,6.0,-5271.908553353457,-0.13978242468508764,-19007.0,0.6338329351929117,0.6338329351929117,43068.666666666664,28083.333333333332,0.6520595018805663,51908.0,1.0,0.0,-3485.7499825712503,-0.1009587111729797,0.377560298990449,1.4590735327182767,0.0,6.0,6.0,0.6338329351929117,0.3946949254178662,1.0,1.0,1.7589720573699656,0.1426617195112707,0.2597422578575523,-0.5876263477904801,0.773081039682069
133115.0,22185.833333333332,23939.0,8801.09903017168,11038.0,35678.0,23072.0,11085.0,6.0,0.0,6.0,-741.017140316513,-0.044467290243082214,-11987.0,0.48045249653238536,0.31069566679737914,23262.666666666668,21109.0,0.9074196136867767,35678.0,3.0,2.0,-10290.749845638753,-0.6040821062466631,0.40834688043040296,1.6081433347098637,2.0,6.0,6.0,0.31069566679737914,0.4757315103481594,1.0,1.0,1.708726339900743,0.2178404637593887,0.3966990510536474,-0.4319477044756215,-0.43689413258475335
2139.0,356.5,328.5,172.80504429365865,148.0,583.0,148.0,583.0,6.0,0.0,6.0,117.70285673930451,0.3601464981712083,435.0,3.9391891889230277,0.9999999999828473,192.0,521.0,2.7135416665253365,583.0,6.0,5.0,0.0,0.0,0.0,1.6353436184674517,0.0,6.0,6.0,0.9999999999828473,0.7307152875141154,0.0,0.0,1.670752071935562,0.2674925977860103,0.484726631946175,-0.34704932001546696,0.9123939206912186
151.0,25.166666666666668,23.0,6.282692274990255,19.0,36.0,36.0,23.0,6.0,0.0,6.0,-1.131428567549388,-0.03211306550834861,-13.0,0.6388888887114197,0.6388888887114197,26.0,24.333333333333332,0.9358974355374753,36.0,1.0,0.0,1.99999999,0.08154064784725809,0.36111111101080245,1.4304635755905442,2.0,6.0,6.0,0.6388888887114197,0.4834437085772554,2.0,1.0,1.7617718915999858,0.13355408387085843,0.24964340155604586,-0.6004565759417967,-0.5638320444906121
236.0,39.333333333333336,41.5,7.760297817881877,23.0,47.0,43.0,23.0,6.0,0.0,6.0,-3.154285703471021,-0.09811735053317143,-20.0,0.534883720805841,0.48936170202354007,42.333333333333336,36.333333333333336,0.8582677163326926,47.0,5.0,4.0,0.0,0.0,0.510638297763694,1.194915253933496,2.0,6.0,6.0,0.48936170202354007,0.4618644067600905,0.0,0.0,1.7700041151189199,0.09745762710971673,0.19729570718412506,-0.6704311121681775,-0.8033069188501321
183.0,30.5,6.0,37.664085457280564,0.0,89.0,89.0,78.0,5.0,1.0,5.0,-2.297142849266939,-0.12367323208689765,-11.0,0.8764044942835502,0.8764044942835502,33.666666666666664,27.333333333333332,0.8118811878776591,89.0,1.0,0.0,17.74999991125,0.5638253934561486,0.7887640448551951,2.9180327859285136,0.0,3.0,2.0,0.8764044942835502,0.4480874316695034,1.0,1.0,1.0217365913281462,0.6074681238454087,1.2348880473748092,0.10510058791472228,-0.21597119905612472
6390.0,1065.0,1188.0,723.0841352613586,112.0,1980.0,1639.0,112.0,6.0,0.0,6.0,-467.93142696709236,-0.6876790654283028,-1527.0,0.06833435021312792,0.05656565656537088,1754.3333333333333,375.6666666666667,0.2141364240915022,1980.0,2.0,1.0,-673.9999946080001,-1.2009407338912077,0.6501262626229792,1.859154929560008,1.0,6.0,6.0,0.05656565656537088,0.17636932707327643,0.0,0.0,1.5177010836645342,0.374021909232775,0.6789522396756518,-0.1912191143549028,0.8368435903274294
14840.0,2473.3333333333335,2306.5,1775.101092582867,370.0,5430.0,3246.0,370.0,6.0,0.0,6.0,-1041.5314250004637,-0.5970592945979614,-2876.0,0.11398644485485525,0.06813996316746199,4088.3333333333335,858.3333333333334,0.20994700366846325,5430.0,2.0,1.0,-1358.1333224682667,-0.973068078660783,0.71620626150881,2.195417789748536,1.0,6.0,6.0,0.06813996316746199,0.1735175202155165,0.0,0.0,1.5176224384512356,0.3979335130276769,0.7176958595319501,-0.1643504808475995,0.6309577583011571
2709.0,451.5,250.5,442.05193887898133,51.0,1317.0,1317.0,51.0,6.0,0.0,6.0,-282.0685704614792,-0.7506561261140687,-1266.0,0.03872437357601576,0.03872437357601576,791.3333333333334,111.66666666666667,0.14111204717597584,1317.0,1.0,0.0,-189.62499905187502,-0.7676840874189673,0.788610478353921,2.9169435215300785,0.0,6.0,6.0,0.03872437357601576,0.12366186784745788,0.0,0.0,1.3510005128513596,0.5061523317326977,0.979074061725782,-0.010573600380483909,0.9882004961780859
180.0,30.0,29.5,7.047458170621991,20.0,41.0,24.0,36.0,6.0,0.0,6.0,1.028571425044898,0.03331690411024204,12.0,1.499999999375,0.8780487802736466,32.0,28.0,0.8749999997265625,41.0,3.0,2.0,11.999999820000003,0.424796599818652,0.3170731706543724,1.366666666211111,1.0,6.0,6.0,0.8780487802736466,0.46666666664074075,1.0,1.0,1.7640323901290322,0.13333333332129627,0.23491527227576126,-0.6195443076681451,-0.35243328100470955
308.0,51.333333333333336,30.0,53.19043355926159,22.0,170.0,32.0,24.0,6.0,0.0,6.0,-7.13142854697796,-0.1412348538624051,-8.0,0.749999999765625,0.1411764705799308,77.66666666666667,25.0,0.32188841197572254,170.0,3.0,2.0,-3.7499999437500007,-0.13674116554434868,0.8529411764204152,3.311688311043177,1.0,6.0,6.0,0.1411764705799308,0.24350649349858744,0.0,0.0,1.4042209573038653,0.41450216449360844,1.0361772769266198,0.01776725314213826,-0.203591611084386
722.0,120.33333333333333,114.0,28.181948517131,88.0,162.0,92.0,107.0,6.0,0.0,6.0,1.9199999934171426,0.023092178353463572,15.0,1.1630434781344519,0.6604938271197226,110.66666666666667,130.0,1.1746987950745755,162.0,4.0,3.0,-27.999998880000046,-0.24377962546688864,0.2962962962780064,1.346260387699757,2.0,6.0,6.0,0.6604938271197226,0.5401662049786681,0.0,0.0,1.7646927660415166,0.13019390581418078,0.23419901812844054,-0.6204841930191534,-0.799253352624899
324.0,54.0,60.0,26.13426869074396,14.0,82.0,82.0,29.0,6.0,0.0,6.0,-12.548571385547756,-0.29413874825895275,-53.0,0.3536585365422368,0.3536585365422368,69.0,39.0,0.5652173912224323,82.0,1.0,0.0,-12.374999938125,-0.3214846076010116,0.4097560975110054,1.5185185182373113,1.0,6.0,6.0,0.3536585365422368,0.3611111110999657,1.0,1.0,1.658045813506887,0.2664609053424223,0.48396793862785703,-0.34773801222693806,0.12795273072726546
41.0,6.833333333333333,7.5,3.6247605284885913,0.0,11.0,10.0,0.0,5.0,1.0,5.0,-1.8171428509126535,-0.43079453025654735,-10.0,0.0,0.0,8.333333333333334,5.333333333333333,0.6399999992319999,11.0,4.0,3.0,-9.999999600000017,-3.583518795115358,0.7727272720247933,1.609756095205235,1.0,5.0,0.0,0.0,0.39024390234384293,0.0,0.0,1.5743822031711865,0.28861788611970374,0.5304527594903509,-0.30680283081889853,0.3792329467518487
258.0,43.0,42.0,13.576941236277534,22.0,60.0,33.0,45.0,6.0,0.0,6.0,-2.4685714201077555,-0.06127340857529894,12.0,1.3636363632231405,0.749999999875,50.666666666666664,35.333333333333336,0.6973684209149932,60.0,3.0,2.0,4.499999932500001,0.10482145520904729,0.41111111104259257,1.3953488368848026,1.0,6.0,6.0,0.749999999875,0.41085271316237004,0.0,0.0,1.7397743872891878,0.17700258397064816,0.3157428193748862,-0.5200538967924206,0.08637159717611992
272.0,45.333333333333336,33.5,35.794164639256806,12.0,100.0,55.0,12.0,6.0,0.0,6.0,-18.788571364153473,-0.5243758279499098,-43.0,0.21818181814214876,0.11999999998800001,78.66666666666667,12.0,0.15254237286196495,100.0,2.0,1.0,-27.599999779200004,-0.736707950027423,0.7074999999292501,2.2058823524545845,1.0,6.0,6.0,0.11999999998800001,0.13235294117160468,0.0,0.0,1.4648926810623975,0.42279411763731956,0.7895771609859051,-0.11758243420897345,0.5154384983686596
239.0,39.833333333333336,33.0,27.20549372624744,10.0,95.0,35.0,10.0,6.0,0.0,6.0,-11.759999959680002,-0.34299818460146686,-25.0,0.28571428563265305,0.10526315788365652,59.0,20.666666666666668,0.3502824858163363,95.0,2.0,1.0,-13.466666558933333,-0.5393631643367146,0.7131578946617729,2.3849372378949947,2.0,6.0,6.0,0.10526315788365652,0.25941422593056845,1.0,1.0,1.5792801072460214,0.35355648534504724,0.6829831059268018,-0.18836605828409322,0.10233512565282991
224.0,37.333333333333336,33.5,9.89388138643722,26.0,54.0,54.0,26.0,6.0,0.0,6.0,-6.171428550269388,-0.15538389239847736,-28.0,0.4814814813923182,0.4814814813923182,43.666666666666664,31.0,0.7099236639595595,54.0,1.0,0.0,-4.999999975000001,-0.1360259909230937,0.37037037030178327,1.446428571041135,1.0,6.0,6.0,0.4814814813923182,0.41517857141003667,1.0,1.0,1.7578548135883674,0.1443452380854835,0.26501467992286803,-0.5810093206618671,0.6571967564206869
174.0,29.0,24.0,15.7797338380595,16.0,62.0,16.0,22.0,6.0,0.0,6.0,-1.028571425044898,-0.017934629815243224,6.0,1.374999999140625,0.3548387096201873,34.666666666666664,23.333333333333332,0.6730769228827662,62.0,3.0,2.0,-7.499999887500001,-0.2707600050915978,0.623655913877905,2.137931033745541,1.0,6.0,6.0,0.3548387096201873,0.402298850551592,0.0,0.0,1.6635256368531686,0.27011494251497337,0.5441287528489038,-0.29522877931337665,0.05347840030561429
419.0,69.83333333333333,60.5,50.37001974278836,15.0,137.0,137.0,15.0,6.0,0.0,6.0,-34.18285702565878,-0.6057096632285016,-122.0,0.1094890510868986,0.1094890510868986,116.66666666666667,23.0,0.1971428571259592,137.0,1.0,0.0,-37.124999814375,-0.7253525784619668,0.5883211678402684,1.9618138422011726,0.0,6.0,6.0,0.1094890510868986,0.16467780429201245,0.0,0.0,1.5109232673939745,0.39657915671613675,0.7212890654259018,-0.16191988901174958,0.9196648419769952
30.0,5.0,4.0,5.0990195135927845,0.0,11.0,8.0,0.0,3.0,3.0,3.0,0.13714285667265308,-0.0358798725922666,-8.0,0.0,0.0,2.6666666666666665,7.333333333333333,2.7499999896875003,11.0,4.0,3.0,-21.999999120000037,-4.969813100783477,0.4999999995454545,2.1999999956,0.0,2.0,0.0,0.0,0.7333333330888888,0.0,0.0,1.0882236544393324,0.5333333332388888,1.0198039006789492,0.009804864062442936,-0.08132500607904443
968.0,161.33333333333334,136.5,116.22057572659939,20.0,400.0,144.0,20.0,6.0,0.0,6.0,-52.4571426772898,-0.472867166492663,-124.0,0.13888888887924383,0.049999999998749996,236.66666666666666,86.0,0.36338028167478675,400.0,2.0,1.0,-61.06666617813334,-0.8516624210191224,0.734999999981625,2.4793388428215284,1.0,6.0,6.0,0.049999999998749996,0.2665289256170813,0.0,0.0,1.5456698567515827,0.35915977961169787,0.7203754693350969,-0.162536920333438,0.07993944471539936
4332.0,722.0,623.5,249.1498879523462,488.0,1234.0,488.0,1234.0,6.0,0.0,6.0,148.18285663480165,0.18839524469147637,746.0,2.5286885245383464,0.9999999999918964,576.6666666666666,867.3333333333334,1.5040462427484849,1234.0,6.0,5.0,0.0,0.0,0.0,1.7091412742145549,1.0,6.0,6.0,0.9999999999918964,0.6006463527225285,0.0,0.0,1.737909431850769,0.17451523545654757,0.345082947297639,-0.4868971493574299,0.7652276187046215
25599.0,4266.5,4216.0,2858.609146070865,699.0,8955.0,2844.0,699.0,6.0,0.0,6.0,-943.8514253353667,-0.3978620685218291,-2145.0,0.24578059071643538,0.07805695142369842,5931.666666666667,2601.3333333333335,0.4385501545370522,8955.0,3.0,2.0,-3666.749944998751,-1.5581064697981237,0.7095105155398739,2.098910113671396,1.0,6.0,6.0,0.07805695142369842,0.3048556584240381,0.0,0.0,1.549520956678193,0.37410966574205085,0.67001269097953,-0.19759568942232125,0.4287329048419454
80144.0,13357.333333333334,12348.0,4284.968598355055,8808.0,20589.0,8808.0,12272.0,6.0,0.0,6.0,845.5542828152426,0.08560092801780676,3464.0,1.3932788374189449,0.5960464325607868,12748.333333333334,13966.333333333334,1.0955419009012193,20589.0,3.0,2.0,-3698.2499445262506,-0.25330513668001103,0.32166043356469226,1.5414004791363982,1.0,6.0,6.0,0.5960464325607868,0.5227964663604858,0.0,0.0,1.741731213738829,0.1749392759698929,0.3207952134921027,-0.514239285219222,0.12613921322059868
4954.0,825.6666666666666,532.0,781.1230519080988,154.0,2480.0,947.0,154.0,6.0,0.0,6.0,-230.33142778172086,-0.4196134045385066,-793.0,0.16261879619680444,0.062096774193297996,1352.0,299.3333333333333,0.22140039447567997,2480.0,3.0,2.0,-116.24999825625002,-0.5198603776220534,0.8793010752652716,3.0036334274969283,2.0,6.0,6.0,0.062096774193297996,0.18126766249458767,1.0,1.0,1.4192918342836682,0.46218543937504064,0.9460513345562838,-0.027722118360205317,-0.21458266662787734
106.0,17.666666666666668,15.5,6.847546194724712,12.0,32.0,13.0,12.0,6.0,0.0,6.0,-1.1657142817175512,-0.06304297321432792,-1.0,0.9230769223668639,0.3749999998828125,21.0,14.333333333333334,0.6825396822146637,32.0,3.0,2.0,-4.499999932500001,-0.2846172120094195,0.5520833331608072,1.811320753691705,1.0,6.0,6.0,0.3749999998828125,0.40566037732022076,0.0,0.0,1.7250948068441296,0.18867924526170832,0.3875969541989854,-0.44134072461156215,0.1108777503713674
346.0,57.666666666666664,33.0,45.10974272691975,26.0,151.0,76.0,151.0,6.0,0.0,6.0,13.371428525583674,0.13265607223466855,75.0,1.9868421050017315,0.9999999999337748,45.0,70.33333333333333,1.5629629626156378,151.0,6.0,5.0,0.0,0.0,0.0,2.618497109372515,1.0,6.0,6.0,0.9999999999337748,0.6098265895777507,0.0,0.0,1.5364882228703065,0.37283236993478086,0.7822498737415708,-0.12217710282559004,-0.16779526963662753
350.0,58.333333333333336,31.5,65.71318149520857,11.0,200.0,200.0,11.0,6.0,0.0,6.0,-37.43999987163429,-0.6220982460930466,-189.0,0.05499999999725,0.05499999999725,101.0,15.666666666666666,0.15511551153579714,200.0,1.0,0.0,-15.124999924375,-0.4898289419960157,0.8499999999575,3.428571427983673,1.0,6.0,6.0,0.05499999999725,0.13428571428187755,1.0,1.0,1.2889936602166139,0.5276190476109797,1.1265116825818877,0.059492587691647746,0.9054583942199871
336.0,56.0,35.0,41.048751503547585,18.0,117.0,109.0,18.0,6.0,0.0,6.0,-25.851428482795107,-0.4827319678687995,-91.0,0.16513761466374885,0.15384615383300462,89.33333333333333,22.666666666666668,0.2537313432551794,117.0,2.0,1.0,-10.3999999168,-0.3576113336242681,0.764957264891884,2.0892857139126275,1.0,6.0,6.0,0.15384615383300462,0.20238095237492915,0.0,0.0,1.53483516386614,0.3819444444367628,0.7330134195753116,-0.15405915339740653,0.7210565964229769
279.0,46.5,33.5,38.34383914007569,13.0,127.0,54.0,13.0,6.0,0.0,6.0,-5.588571409410613,-0.25558360086312565,-41.0,0.2407407406961591,0.10236220471634944,40.333333333333336,52.666666666666664,1.3057851236431937,127.0,4.0,3.0,-9.999999600000017,-0.6107632746718319,0.8779527558363818,2.7311827951115735,1.0,6.0,6.0,0.10236220471634944,0.5663082437073008,0.0,0.0,1.5041572754982626,0.40800477896311427,0.8245986910070903,-0.09613144503630158,-0.3032455863851482
2867.0,477.8333333333333,382.5,415.18887937366,53.0,1244.0,1244.0,53.0,6.0,0.0,6.0,-278.43428475965396,-0.7982920294518936,-1191.0,0.04260450160737456,0.04260450160737456,813.0,142.66666666666666,0.17548175481538972,1244.0,1.0,0.0,-220.24999889875002,-0.8944153768743133,0.7390675241098146,2.6034182071307272,0.0,6.0,6.0,0.04260450160737456,0.1492849668637974,0.0,0.0,1.404840987545771,0.4720962678748757,0.8688989453051363,-0.07014881944434447,0.9774776864111501
27910.0,4651.666666666667,3547.0,2303.1801685688615,2807.0,9527.0,5202.0,2807.0,6.0,0.0,6.0,-596.7085693827136,-0.13405485311402532,-2395.0,0.5396001537859677,0.2946362968402491,6003.0,3300.3333333333335,0.5497806652220283,9527.0,3.0,2.0,-648.7499902687501,-0.20140220748444068,0.6535810503474472,2.048083124323795,1.0,6.0,6.0,0.2946362968402491,0.3547474023646167,0.0,0.0,1.6868198999904402,0.23656992714669745,0.49513009714738304,-0.33767623554212983,-0.28912194727362495
41290.0,6881.666666666667,4693.0,6333.8204023234575,992.0,18989.0,18989.0,992.0,6.0,0.0,6.0,-4102.217128792398,-0.7178955179611354,-17997.0,0.052240770972640876,0.052240770972640876,12141.666666666666,1621.6666666666667,0.1335621139326285,18989.0,1.0,0.0,-2937.7499853112504,-0.7398806751357002,0.7651166464791378,2.759360620000834,1.0,6.0,6.0,0.052240770972640876,0.11782513925887193,1.0,1.0,1.3851922273165678,0.4845967546620791,0.9203904677618193,-0.0414548674205361,0.9261956542009714
168.0,28.0,32.0,17.224014243685083,5.0,47.0,47.0,5.0,6.0,0.0,6.0,-11.657142817175512,-0.5533544043198044,-42.0,0.10638297870076957,0.10638297870076957,44.0,12.0,0.27272727266528923,47.0,1.0,0.0,-14.124999929375,-0.7134867938758851,0.4851063828755093,1.6785714279719388,0.0,6.0,6.0,0.10638297870076957,0.21428571427295917,0.0,0.0,1.5659057976999822,0.3373015872866669,0.6151433656262018,-0.23828016893561885,0.9126221070617903
200.0,33.333333333333336,25.5,13.046923860520618,23.0,54.0,23.0,23.0,6.0,0.0,6.0,-3.56571427348898,-0.0974381098540384,0.0,0.9999999995652173,0.42592592584705075,42.0,24.666666666666668,0.5873015871617536,54.0,3.0,2.0,-3.7499999437500007,-0.14193149759992382,0.5432098764426154,1.6199999995139998,1.0,6.0,6.0,0.42592592584705075,0.36999999998149996,0.0,0.0,1.719541573550126,0.19833333332195835,0.3914077156981962,-0.4373932077100906,0.21518137035378418
176.0,29.333333333333332,17.5,25.740154536357306,12.0,86.0,12.0,18.0,6.0,0.0,6.0,-1.0971428533812246,0.02030637450838818,6.0,1.49999999875,0.20930232555705788,38.333333333333336,20.333333333333332,0.5304347824703213,86.0,3.0,2.0,-6.749999898750001,-0.2908241438942105,0.7635658913840816,2.9318181808186985,1.0,6.0,6.0,0.20930232555705788,0.3465909090712164,0.0,0.0,1.4975687968259976,0.38257575756108686,0.8775052679857587,-0.06524334911973274,-0.12764466239701977
5673.0,945.5,584.0,891.1297604726261,127.0,2538.0,2538.0,127.0,6.0,0.0,6.0,-587.8285694131592,-0.7894943242943526,-2411.0,0.05003940110303373,0.05003940110303373,1683.0,208.0,0.12358882947044808,2538.0,1.0,0.0,-474.374997628125,-0.8562478416969856,0.7529550827393501,2.684294024297363,0.0,6.0,6.0,0.05003940110303373,0.10999471179250839,0.0,0.0,1.352635940864281,0.5037017451079175,0.9424957805004771,-0.029603266100341627,0.9779383960672532
271.0,45.166666666666664,35.0,24.402299527344184,19.0,89.0,65.0,28.0,6.0,0.0,6.0,-10.662857106298777,-0.25495607511635626,-37.0,0.43076923070295864,0.31460674153768464,65.0,25.333333333333332,0.3897435896836292,89.0,3.0,2.0,-0.7499999887500002,-0.025426163375368536,0.7153558051630687,1.9704797043607796,1.0,6.0,6.0,0.31460674153768464,0.2804428044176958,0.0,0.0,1.6538608665627081,0.2908979089701258,0.5402723141389253,-0.2984716932321665,-0.010634777796951777
290.0,48.333333333333336,49.5,11.967548714010828,31.0,66.0,57.0,37.0,6.0,0.0,6.0,-4.4571428418612244,-0.10305055853844763,-20.0,0.6491228069036626,0.5606060605211204,52.0,44.666666666666664,0.8589743588091715,66.0,4.0,3.0,11.999999520000019,0.34370050010529823,0.484848484775023,1.3655172410967895,1.0,6.0,6.0,0.5606060605211204,0.46206896550130794,0.0,0.0,1.7604545409468897,0.14022988504996037,0.24760445610071966,-0.6030721836662329,-0.05132346984920837
15923.0,2653.8333333333335,2711.0,1161.656492064481,982.0,4423.0,3193.0,982.0,6.0,0.0,6.0,-473.3142840914939,-0.2424404902259717,-2211.0,0.30754776072562623,0.22202125254302052,3281.6666666666665,2026.0,0.6173692229539339,4423.0,3.0,2.0,-1861.4999720775004,-0.9448940794342168,0.5419398598224239,1.6666457325818,1.0,6.0,6.0,0.22202125254302052,0.38171198894656677,0.0,0.0,1.6903865895721542,0.24770248487498026,0.43772774931612274,-0.39108395240167176,0.2496661596833355
408.0,68.0,59.0,50.24606120549815,19.0,172.0,65.0,19.0,6.0,0.0,6.0,-23.451428491023677,-0.40232053541766727,-46.0,0.2923076922627219,0.11046511627264737,103.0,33.0,0.32038834948345746,172.0,2.0,1.0,-24.666666469333336,-0.6054614670459444,0.7514534883284039,2.5294117643339105,1.0,6.0,6.0,0.11046511627264737,0.24264705881758217,0.0,0.0,1.5505280114847362,0.3725490196015555,0.7389126646780739,-0.15014401843073732,0.193635571348213
43816.0,7302.666666666667,6300.5,4121.769226382714,3388.0,15347.0,4087.0,3388.0,6.0,0.0,6.0,-785.4171401642842,-0.12286851474881445,-699.0,0.828969904573455,0.22075975760720612,9275.666666666666,5329.666666666667,0.5745858339017057,15347.0,3.0,2.0,-3717.7499442337507,-0.6759356070193,0.6527225733581028,2.101561073577549,1.0,6.0,6.0,0.22075975760720612,0.36491236078136646,0.0,0.0,1.6455289326480182,0.29213833607200335,0.5644197406943221,-0.27842927826453334,0.22990753954793308
470.0,78.33333333333333,75.5,16.719914938645935,61.0,100.0,61.0,96.0,6.0,0.0,6.0,7.199999975314286,0.08919727003648972,35.0,1.5737704915452835,0.9599999999040001,70.66666666666667,86.0,1.2169811319032575,100.0,5.0,4.0,0.0,0.0,0.039999999996,1.2765957445178815,2.0,6.0,6.0,0.9599999999040001,0.5489361702010864,0.0,0.0,1.7689811868027496,0.11418439715857853,0.21344572259376357,-0.6481989780287015,0.018934458829090332
101874.0,16979.0,16878.0,1939.6516010184234,14757.0,20815.0,14757.0,16721.0,6.0,0.0,6.0,268.1828562233731,0.016101688388899936,1964.0,1.1330893813097966,0.8033149171266859,16342.666666666666,17615.333333333332,1.07787386799314,20815.0,4.0,3.0,2821.9998871200046,0.17630737975751876,0.23057890944019668,1.2259261440595877,2.0,6.0,6.0,0.8033149171266859,0.5187388342461748,0.0,0.0,1.7854282454747703,0.059521238654265174,0.11423827086502626,-0.7949482191513073,-0.3321756767991619
274.0,45.666666666666664,29.0,28.164201075518232,23.0,89.0,34.0,24.0,6.0,0.0,6.0,-9.942857108767347,-0.22937531145942092,-10.0,0.705882352733564,0.26966292131801545,68.0,23.333333333333332,0.34313725485149943,89.0,3.0,2.0,0.7499999887500002,0.030616495430943677,0.7378277152729034,1.9489051090622835,1.0,6.0,6.0,0.26966292131801545,0.2554744525454206,0.0,0.0,1.613707317065262,0.31265206811752244,0.6167343299857859,-0.23706162644459072,0.2484374144689807
279.0,46.5,32.0,42.08622102303793,8.0,131.0,62.0,8.0,6.0,0.0,6.0,-22.114285638465308,-0.583403859546362,-54.0,0.12903225804370447,0.0610687022854146,79.0,14.0,0.17721518985098544,131.0,2.0,1.0,-15.199999878400002,-0.6886381243473634,0.8358778625316123,2.8172043004694185,1.0,6.0,6.0,0.0610687022854146,0.15053763440320653,0.0,0.0,1.4214107343349405,0.4677419354741075,0.9050800218061748,-0.04982466714903628,0.35510660268235494
378.0,63.0,36.5,69.90708118638626,9.0,216.0,55.0,9.0,6.0,0.0,6.0,-27.97714276122123,-0.5255807249875712,-46.0,0.16363636360661157,0.04166666666473765,104.66666666666667,21.333333333333332,0.203821656031482,216.0,2.0,1.0,-14.266666552533334,-0.6160939003027568,0.8761574073668446,3.428571428027211,1.0,6.0,6.0,0.04166666666473765,0.16931216930769016,0.0,0.0,1.3172278390738037,0.5017636684229787,1.1096362091315857,0.05196924892346569,-0.014715742616127353
5852.0,975.3333333333334,895.5,735.9822612596644,184.0,2243.0,2243.0,184.0,6.0,0.0,6.0,-497.074284010031,-0.6372748358476721,-2059.0,0.08203299152883624,0.08203299152883624,1638.3333333333333,312.3333333333333,0.1906408952175546,2243.0,1.0,0.0,-430.74999784625004,-0.7101365834559897,0.6781988408351396,2.2997265891766943,0.0,6.0,6.0,0.08203299152883624,0.16011619958961018,0.0,0.0,1.4955728057926576,0.41290726816997636,0.7545956198757194,-0.13986378247736078,0.8943904537106658
116.0,19.333333333333332,13.5,16.265163865007803,5.0,52.0,52.0,10.0,6.0,0.0,6.0,-9.668571395422044,-0.4460700205260657,-42.0,0.19230769227071007,0.19230769227071007,31.666666666666668,7.0,0.22105263150914126,52.0,1.0,0.0,-5.374999973125,-0.3425430976938805,0.7538461537011835,2.689655171022592,0.0,6.0,6.0,0.19230769227071007,0.18103448274301429,1.0,1.0,1.4763194758721099,0.43390804595401455,0.8413015787893856,-0.0861881739099543,0.9076624288743466
366.0,61.0,61.5,35.223098481914775,18.0,101.0,100.0,85.0,6.0,0.0,6.0,4.114285700179592,0.08073614523954026,-15.0,0.8499999999150001,0.8415841583325164,52.0,70.0,1.3461538458949704,101.0,5.0,4.0,0.0,0.0,0.1584158415684737,1.6557377046466004,1.0,6.0,6.0,0.8415841583325164,0.5737704917876019,0.0,0.0,1.6108360751389597,0.31420765026648056,0.5774278438711556,-0.26788683717404044,0.15841528509722813
620.0,103.33333333333333,104.5,8.055363982396381,87.0,111.0,111.0,105.0,6.0,0.0,6.0,0.0,0.0008076773693021151,-6.0,0.9459459458607257,0.9459459458607257,100.0,106.66666666666667,1.0666666665600002,111.0,1.0,0.0,2.874999985625,0.02925546828424495,0.08288288287541598,1.0741935482831426,1.0,6.0,6.0,0.9459459458607257,0.5161290322497398,1.0,1.0,1.788623626411438,0.039784946233315965,0.07795513530596933,-0.8553647868986134,-0.3135738776146605
44114.0,7352.333333333333,7522.0,3752.665215846229,1827.0,13616.0,8750.0,1827.0,6.0,0.0,6.0,-1921.9885648388965,-0.3689941526343143,-6923.0,0.20879999999976134,0.13418037602810357,10511.0,4193.666666666667,0.3989788475561485,13616.0,3.0,2.0,-3350.249949746251,-0.9273998819372663,0.6920045045039962,1.8519290928024865,1.0,6.0,6.0,0.13418037602810357,0.2851929092804359,0.0,0.0,1.6515749928881855,0.2853289205240417,0.5104046628065183,-0.32414845454885777,0.44431996634938864
32869.0,5478.166666666667,5336.5,2243.691928991639,2148.0,9672.0,5282.0,2148.0,6.0,0.0,6.0,-767.4171402259985,-0.19198255375928433,-3134.0,0.4066641423695444,0.22208436724542793,6781.666666666667,4174.666666666667,0.6155812238870255,9672.0,3.0,2.0,-2887.499956687501,-0.7699426167087974,0.5683760683754806,1.7655541695790582,1.0,6.0,6.0,0.22208436724542793,0.38102771608494906,0.0,0.0,1.707474038850448,0.21595322847255338,0.40956985530211626,-0.4188725677377018,0.21231476564523674
83.0,13.833333333333334,9.5,10.975983884017971,5.0,37.0,37.0,5.0,6.0,0.0,6.0,-6.617142834455509,-0.41755628805224626,-32.0,0.13513513509861214,0.13513513509861214,21.333333333333332,6.333333333333333,0.2968749998608398,37.0,1.0,0.0,-3.3749999831250004,-0.3277380296599361,0.7513513511482834,2.6746987932472055,0.0,6.0,6.0,0.13513513509861214,0.22891566262302224,0.0,0.0,1.529979083864116,0.38755020077200353,0.7934446175482065,-0.11517243393402403,0.9718512346063792
30763.0,5127.166666666667,3774.5,3001.955108295629,2332.0,10197.0,8151.0,2534.0,6.0,0.0,6.0,-1821.0171366136558,-0.3651314783438291,-5617.0,0.31088210035540315,0.24850446209645138,7613.0,2641.3333333333335,0.3469503918730939,10197.0,2.0,1.0,-879.5999929632001,-0.26496616743075435,0.6956212611545595,1.9888177355875782,1.0,6.0,6.0,0.24850446209645138,0.25758216038739473,0.0,0.0,1.6295131957313465,0.31211195267033554,0.5854998098279961,-0.26143187630846887,0.6293339724440038
133125.0,22187.5,17238.0,17433.1876292509,6537.0,57167.0,9664.0,8905.0,6.0,0.0,6.0,-3245.4514174441665,-0.18478898861158113,-759.0,0.9214610927142782,0.15577168646244235,30957.0,13418.0,0.4334399328098868,57167.0,3.0,2.0,-11930.249821046253,-0.7684818653315496,0.7652841674391231,2.5765408450692613,1.0,6.0,6.0,0.15577168646244235,0.30237746478870964,0.0,0.0,1.5145867349599593,0.40025414710483154,0.785721132585602,-0.11999570565852365,0.19208535241104416
4065.0,677.5,645.5,223.91125474169448,375.0,1102.0,375.0,1102.0,6.0,0.0,6.0,146.6399994972343,0.21850021286779478,727.0,2.9386666665883023,0.9999999999909257,503.3333333333333,851.6666666666666,1.6920529800988333,1102.0,6.0,5.0,0.0,0.0,0.0,1.6265682656586484,1.0,6.0,6.0,0.9999999999909257,0.6285362853613075,0.0,0.0,1.738932688597786,0.17593275932704278,0.33049631695703247,-0.5031984489513085,0.7165938658479155
8316.0,1386.0,1414.5,661.9901811960658,538.0,2603.0,1576.0,538.0,6.0,0.0,6.0,-371.7942844395625,-0.3129866912611867,-1038.0,0.34137055837346847,0.20668459469763087,1890.3333333333333,881.6666666666666,0.4664080409074251,2603.0,2.0,1.0,-457.1999963424,-0.4810299357538168,0.6026699961559636,1.878066378052828,1.0,6.0,6.0,0.20668459469763087,0.3180615680611856,0.0,0.0,1.6783512624662122,0.2584976751640562,0.4776263933559088,-0.35352211424058844,0.43971376040910676
78.0,13.0,13.0,1.7320508075688772,10.0,15.0,15.0,10.0,6.0,0.0,6.0,-0.891428568372245,-0.06727747763368967,-5.0,0.6666666662222221,0.6666666662222221,13.666666666666666,12.333333333333334,0.9024390237299227,15.0,1.0,0.0,-0.8749999956250001,-0.06955401037566726,0.15999999989333336,1.1538461529585797,1.0,6.0,6.0,0.6666666662222221,0.47435897429815915,1.0,1.0,1.7826713912012537,0.07264957262309135,0.13323467740281003,-0.7648595115483446,0.22566773346211005
1422.0,237.0,194.0,121.9275741304375,78.0,426.0,158.0,78.0,6.0,0.0,6.0,-40.251428433423676,-0.21492603053379902,-80.0,0.4936708860447043,0.1830985915449977,318.6666666666667,155.33333333333334,0.4874476987294734,426.0,3.0,2.0,-89.99999865000002,-0.6928927187997123,0.6353677621134106,1.7974683543545371,1.0,6.0,6.0,0.1830985915449977,0.32770745428742826,0.0,0.0,1.6587335337676186,0.2801218940442487,0.5144623380814045,-0.3206006842609928,0.2058077305932072
4126.0,687.6666666666666,542.5,572.0313705461344,117.0,1899.0,495.0,117.0,6.0,0.0,6.0,-132.41142811744655,-0.33865965621102134,-378.0,0.23636363635886135,0.0616113744072585,994.6666666666666,380.6666666666667,0.38270777479508006,1899.0,3.0,2.0,-428.99999356500007,-1.3245052099766514,0.7995436194446224,2.761512360599687,1.0,6.0,6.0,0.0616113744072585,0.2767813863299157,0.0,0.0,1.4938127875133513,0.40652771045339575,0.8318439707287678,-0.0917960437371706,0.04625741252239652
331.0,55.166666666666664,35.5,53.94879259281178,10.0,172.0,25.0,10.0,6.0,0.0,6.0,-9.497142824581227,-0.25564998082495316,-15.0,0.39999999984,0.058139534880340724,83.33333333333333,27.0,0.32399999996112006,172.0,3.0,2.0,-23.999999640000006,-1.0224786168342146,0.8430232557649404,3.1178247728487327,1.0,6.0,6.0,0.058139534880340724,0.24471299092916274,0.0,0.0,1.4095928292830489,0.4566968781388552,0.9779237326229464,-0.011161333893551673,-0.03011835552351521
215.0,35.833333333333336,38.5,18.55996288310465,11.0,60.0,39.0,13.0,6.0,0.0,6.0,-10.045714251271837,-0.3589983006463652,-26.0,0.33333333324786324,0.21666666663055556,51.0,20.666666666666668,0.40522875809047804,60.0,2.0,1.0,-19.99999984,-0.7044643361233898,0.5166666665805556,1.674418604183883,1.0,6.0,6.0,0.21666666663055556,0.2883720930098431,0.0,0.0,1.6408976755819529,0.28604651161664574,0.5179524524072128,-0.31756432591104716,0.6291020747975575
202.0,33.666666666666664,19.0,36.718145680606234,0.0,110.0,110.0,0.0,5.0,1.0,5.0,-22.628571350987762,-0.9660475670019597,-110.0,0.0,0.0,59.666666666666664,7.666666666666667,0.12849162009019693,110.0,1.0,0.0,-12.624999936875001,-1.047413680269538,0.8327272726515702,3.2673267317027745,0.0,5.0,0.0,0.0,0.11386138613297715,0.0,0.0,1.2503932476611923,0.5445544554314257,1.0906379901891046,0.04335422531852867,0.9477337487062092
4360.0,726.6666666666666,587.0,466.2826991810392,233.0,1620.0,967.0,233.0,6.0,0.0,6.0,-202.35428502049962,-0.3566484349761814,-734.0,0.24095139606782884,0.14382716049293934,1102.6666666666667,350.6666666666667,0.3180169286549152,1620.0,3.0,2.0,-164.99999752500003,-0.4970820545565041,0.7835390946453691,2.2293577981344583,1.0,6.0,6.0,0.14382716049293934,0.24128440366917137,0.0,0.0,1.5992549817615256,0.34426605504529384,0.6416734392311318,-0.2182690857951182,0.04434440889120336
165.0,27.5,24.5,8.539125638299666,20.0,46.0,20.0,24.0,6.0,0.0,6.0,0.10285714250448982,0.014468471292894617,4.0,1.1999999994,0.5217391303213611,30.333333333333332,24.666666666666668,0.8131868129187296,46.0,3.0,2.0,0.7499999887500002,0.030616495430943677,0.4637681158412098,1.6727272721190083,2.0,6.0,6.0,0.5217391303213611,0.44848484845766756,1.0,1.0,1.7490891175242769,0.14444444443120075,0.31051365946161924,-0.5261191557957486,-0.28317158475262305
19596.0,3266.0,2743.0,2472.6939425115543,393.0,7905.0,7905.0,393.0,6.0,0.0,6.0,-1663.6799942959547,-0.6583636841862209,-7512.0,0.04971537001891244,0.04971537001891244,5294.666666666667,1237.3333333333333,0.233694283555338,7905.0,1.0,0.0,-1293.124993534375,-0.7287068097187718,0.7042125237182743,2.4203919167102868,0.0,6.0,6.0,0.04971537001891244,0.1894264135536898,0.0,0.0,1.5043761557934312,0.4127032727766229,0.7571016357942386,-0.13823808438542914,0.9573323452659196
203.0,33.833333333333336,31.5,9.370461864580399,25.0,53.0,36.0,53.0,6.0,0.0,6.0,3.599999987657143,0.08766762110183006,17.0,1.4722222218132717,0.9999999998113207,30.333333333333332,37.333333333333336,1.2307692303634827,53.0,6.0,5.0,0.0,0.0,0.0,1.5665024625911814,1.0,6.0,6.0,0.9999999998113207,0.5517241379038559,0.0,0.0,1.756382191091434,0.14203612478400074,0.2769594638958858,-0.5662204292708067,0.12752999275572982
204.0,34.0,30.0,29.65355515504563,0.0,93.0,37.0,0.0,5.0,1.0,5.0,-15.222857090664492,-0.8445871752810722,-37.0,0.0,0.0,56.333333333333336,11.666666666666666,0.20710059167921288,93.0,2.0,1.0,-17.066666530133336,-1.5572990322387035,0.8010752687310673,2.7352941168425606,1.0,5.0,0.0,0.0,0.17156862744257015,0.0,0.0,1.3967973204137394,0.4575163398560116,0.8721633866565881,-0.06828282935155133,0.3154499421341843
216.0,36.0,35.0,22.531459488161584,11.0,77.0,43.0,11.0,6.0,0.0,6.0,-12.68571424222041,-0.4164276430815575,-32.0,0.25581395342888047,0.14285714283859,55.0,17.0,0.30909090903471076,77.0,2.0,1.0,-15.466666542933334,-0.6299135177157891,0.6883116882222973,2.138888888294753,1.0,6.0,6.0,0.14285714283859,0.23611111110018004,0.0,0.0,1.5965135274884128,0.34104938270441587,0.6258738744973013,-0.23010771689814857,0.531521875385583
4993.0,832.1666666666666,794.5,475.45606760480223,255.0,1694.0,255.0,1694.0,6.0,0.0,6.0,318.47999890806864,0.428732257019734,1439.0,6.643137254641445,0.9999999999940968,429.0,1235.3333333333333,2.8795648794977566,1694.0,6.0,5.0,0.0,0.0,0.0,2.0356499098493614,1.0,6.0,6.0,0.9999999999940968,0.7422391347872176,0.0,0.0,1.6295760705107005,0.31393951532095565,0.5713471671529207,-0.2727932068708448,0.8061119908320561
15126.0,2521.0,1874.5,1987.296236934326,523.0,5771.0,523.0,5771.0,6.0,0.0,6.0,1340.0228525484931,0.6367314674101064,5248.0,11.03441682579284,0.9999999999982672,754.6666666666666,4287.333333333333,5.681095406285144,5771.0,6.0,5.0,0.0,0.0,0.0,2.289170963894133,0.0,6.0,6.0,0.9999999999982672,0.8503239455237006,0.0,0.0,1.4752992015874165,0.4306492132749793,0.7882968016368279,-0.1183825851309657,0.9635639689433514
806.0,134.33333333333334,117.5,100.3488360116294,32.0,323.0,323.0,32.0,6.0,0.0,6.0,-64.5942854928196,-0.5615187441855786,-291.0,0.09907120742727334,0.09907120742727334,217.0,51.666666666666664,0.23809523808426594,323.0,1.0,0.0,-46.999999765000005,-0.5777371437633085,0.7009287925479588,2.404466501061702,1.0,6.0,6.0,0.09907120742727334,0.19230769230530637,1.0,1.0,1.5183249395323637,0.4036393713780597,0.7470136675247587,-0.1448107345143104,0.6681314536334573
134554.0,22425.666666666668,20928.5,4289.99011912874,18198.0,30523.0,20494.0,18198.0,6.0,0.0,6.0,-395.86285578561314,-0.01984657040770832,-2296.0,0.8879672099146638,0.596206139632213,24126.666666666668,20724.666666666668,0.8589941972917136,30523.0,3.0,2.0,-369.74999445375005,-0.02004673268923199,0.3210147539013243,1.3610743641951806,2.0,6.0,6.0,0.596206139632213,0.4620747060659317,1.0,1.0,1.7742613384266512,0.10191199567953779,0.19129822015518647,-0.6788407521829595,-0.6302637426484855
102104.0,17017.333333333332,15382.0,7651.520756613609,9075.0,33371.0,33371.0,15493.0,6.0,0.0,6.0,-3779.5885584699827,-0.19040752030469998,-17878.0,0.4642653801203248,0.4642653801203248,21378.333333333332,12656.333333333334,0.5920168394789467,33371.0,1.0,0.0,-757.24999621375,-0.0639362412143327,0.5880674837431938,1.961000548459241,1.0,6.0,6.0,0.4642653801203248,0.37186594060953815,1.0,1.0,1.7035681954316941,0.20862715140116328,0.4496310089678629,-0.3796614363426263,0.26372382252973986
50187.0,8364.5,5283.5,6849.267180995837,1239.0,19894.0,1239.0,19894.0,6.0,0.0,6.0,4391.759984942538,0.6271200654241925,18655.0,16.056497175011653,0.9999999999994973,3542.0,13187.0,3.723037831722973,19894.0,6.0,5.0,0.0,0.0,0.0,2.378384840692954,1.0,6.0,6.0,0.9999999999994973,0.7882718632313571,0.0,0.0,1.4631570504932687,0.4385963164431157,0.8188495643478568,-0.09959616188263405,0.7659888106743429
84.0,14.0,7.0,20.936411663256273,0.0,60.0,60.0,0.0,4.0,2.0,4.0,-9.531428538749388,-0.5699656155350967,-60.0,0.0,0.0,21.666666666666668,6.333333333333333,0.292307692172781,60.0,1.0,0.0,-0.124999999375,-0.16011672988217435,0.9199999998466667,4.2857142826530605,1.0,2.0,0.0,0.0,0.22619047616354876,1.0,1.0,0.9009513105220411,0.6626984126621156,1.4954579748786923,0.19854390680214237,-0.028307165380129402
19819.0,3303.1666666666665,3012.0,2622.164844593532,298.0,8345.0,4126.0,298.0,6.0,0.0,6.0,-1451.6228521658647,-0.6798150069045392,-3828.0,0.07222491517190445,0.03571000599156895,5368.0,1238.3333333333333,0.23068802781874562,8345.0,2.0,1.0,-1515.9999878720002,-1.1117899820174473,0.779868184540707,2.5263635904863224,1.0,6.0,6.0,0.03571000599156895,0.1874463898278483,0.0,0.0,1.4734622226808518,0.42700607161464643,0.7938336478890743,-0.11493058587149832,0.4255563751053752
60115.0,10019.166666666666,10124.0,2200.3947688741873,6702.0,13723.0,6702.0,8314.0,6.0,0.0,6.0,296.1257132704261,0.04021207603881512,1612.0,1.2405252163514764,0.6058442031621323,10086.0,9952.333333333334,0.9867473064964769,13723.0,3.0,2.0,-1575.7499763637504,-0.16896147708157,0.2747698511013567,1.3696747899844934,2.0,6.0,6.0,0.6058442031621323,0.496664725941862,1.0,1.0,1.7675030531617055,0.12234605894254647,0.21961854134961234,-0.6398569980625504,-0.05907746965858229
203.0,33.833333333333336,34.5,8.82074574826616,23.0,48.0,39.0,23.0,6.0,0.0,6.0,-4.011428557675103,-0.11951191339725353,-16.0,0.5897435895923734,0.47916666656684026,39.333333333333336,28.333333333333332,0.7203389828677104,48.0,2.0,1.0,-1.3333333226666666,-0.0557813856996018,0.39583333325086806,1.418719211403334,2.0,6.0,6.0,0.47916666656684026,0.41871921180203353,1.0,1.0,1.7576981554591387,0.14532019703356336,0.2607116969160308,-0.5864055236394325,-0.037185572137840794
887.0,147.83333333333334,135.5,101.2972797704306,20.0,289.0,182.0,20.0,6.0,0.0,6.0,-55.50857123825633,-0.5732415896125169,-162.0,0.10989010988407197,0.06920415224674034,242.0,53.666666666666664,0.22176308539028525,289.0,3.0,2.0,-51.74999922375001,-1.0914654080831503,0.8143021914366447,1.9549041712319115,1.0,6.0,6.0,0.06920415224674034,0.18151071025725468,0.0,0.0,1.531230938431362,0.38462983840369924,0.6852127154244315,-0.18679379856722922,0.5821065772566785
261652.0,43608.666666666664,40119.0,13826.410918560498,26064.0,69800.0,35107.0,37897.0,6.0,0.0,6.0,3927.2914151064297,0.09816091126144653,2790.0,1.0794713305035808,0.5429369627506385,34504.0,52713.333333333336,1.5277455753917826,69800.0,4.0,3.0,-25091.998996320042,-0.5719309168151744,0.3671919770773113,1.6005992692580375,1.0,6.0,6.0,0.5429369627506385,0.6043905645666532,0.0,0.0,1.743684951032769,0.17143126493713434,0.31705649301875766,-0.5185377473183959,0.24769056169062556
153.0,25.5,23.5,5.909032633745278,21.0,38.0,21.0,38.0,6.0,0.0,6.0,3.4628571309844904,0.12082631505732679,17.0,1.8095238086621315,0.9999999997368421,21.333333333333332,29.666666666666668,1.3906249993481445,38.0,6.0,5.0,0.0,0.0,0.0,1.4901960778469818,1.0,6.0,6.0,0.9999999997368421,0.5816993463672092,0.0,0.0,1.7671467083079402,0.11220043571591631,0.23172676985992197,-0.6237367316740977,0.6109881333679356
1953.0,325.5,188.5,283.8654317336532,34.0,761.0,674.0,34.0,6.0,0.0,6.0,-179.2114279569894,-0.720161164700939,-640.0,0.05044510385681832,0.04467805518995167,552.0,99.0,0.17934782608370747,761.0,2.0,1.0,-81.33333268266666,-0.7888136656058488,0.829829172131014,2.337941628192383,1.0,6.0,6.0,0.04467805518995167,0.15207373271811536,0.0,0.0,1.4124862852217324,0.46091483188118465,0.872090420045875,-0.06832446689207919,0.6825926836128829
30974.0,5162.333333333333,4366.5,3407.0079574638835,1564.0,11845.0,3684.0,1564.0,6.0,0.0,6.0,-1392.3428523691102,-0.3228412198176835,-2120.0,0.4245385450585653,0.13203883495134483,7344.666666666667,2980.0,0.40573658890749875,11845.0,2.0,1.0,-2339.333314618667,-0.6731860913605389,0.6740185732370839,2.2945050687629087,1.0,6.0,6.0,0.13203883495134483,0.2886291728545591,0.0,0.0,1.5895097950738202,0.35139148963638744,0.6599744219262512,-0.20483784182484124,0.1395050631461726
7646.0,1274.3333333333333,1189.0,432.3330763299159,761.0,2163.0,1271.0,761.0,6.0,0.0,6.0,-114.445713893329,-0.10278665700756641,-510.0,0.5987411486970988,0.3518261673585214,1502.3333333333333,1046.3333333333333,0.6964721544218119,2163.0,3.0,2.0,-381.7499942737501,-0.38370953087146276,0.5162582832461878,1.6973580957230134,1.0,6.0,6.0,0.3518261673585214,0.41054145958617505,0.0,0.0,1.7388023965331778,0.1692824134620856,0.33926215772418783,-0.4933595998790549,-0.10137364702678706
7943.0,1323.8333333333333,1165.5,823.0867545742402,406.0,3029.0,1143.0,406.0,6.0,0.0,6.0,-348.3085702343707,-0.3077263242905133,-737.0,0.35520559929697987,0.13403763618311643,1786.6666666666667,861.0,0.48190298507192963,3029.0,2.0,1.0,-386.53333024106666,-0.49801000459291817,0.6887586662242036,2.288052373141473,2.0,6.0,6.0,0.13403763618311643,0.3251919929493577,1.0,1.0,1.6185686210768857,0.310944647278216,0.6217449990442071,-0.2332395050832084,-0.037090506545874376
12690.0,2115.0,2346.5,1122.337144830673,466.0,3953.0,2544.0,466.0,6.0,0.0,6.0,-548.7085695472849,-0.39379791634454897,-2078.0,0.1831761006282108,0.11788515051829526,2953.6666666666665,1276.3333333333333,0.4321182710740364,3953.0,3.0,2.0,-1397.2499790412503,-1.205470698586076,0.6771228602731839,1.869030732851683,1.0,6.0,6.0,0.11788515051829526,0.30173364854192136,0.0,0.0,1.6353468200324845,0.28894142369300546,0.5306558604375256,-0.3066294336230406,0.47217467808373803
81.0,13.5,11.0,11.4418821295566,3.0,37.0,37.0,3.0,6.0,0.0,6.0,-7.097142832809798,-0.518662626928255,-34.0,0.08108108105916727,0.08108108105916727,22.0,5.0,0.22727272716942148,37.0,1.0,0.0,-4.1249999793750005,-0.475832808842126,0.7621621619561724,2.7407407387105622,1.0,6.0,6.0,0.08108108105916727,0.18518518516232282,1.0,1.0,1.4728681448311456,0.4300411522305203,0.8475468237837874,-0.08251654221312058,0.7259401868403048
26502.0,4417.0,3564.5,3539.884838051468,498.0,10585.0,10585.0,498.0,6.0,0.0,6.0,-2415.7714202887837,-0.729075582887852,-10087.0,0.047047709022156776,0.047047709022156776,7487.0,1347.0,0.17991184720157619,10585.0,1.0,0.0,-2090.74998954625,-0.833864836634346,0.6992536608401518,2.3964229114729534,0.0,6.0,6.0,0.047047709022156776,0.15247905818423044,0.0,0.0,1.4585395407119728,0.44311121173234636,0.8014228748117396,-0.11023348707434898,0.9922121516537213
20094.0,3349.0,3118.0,783.4481476141226,2611.0,4800.0,2845.0,2613.0,6.0,0.0,6.0,37.71428558497959,0.013014539484560559,-232.0,0.9184534270617981,0.5443749999988658,3418.6666666666665,3279.3333333333335,0.9592433697319837,4800.0,3.0,2.0,-583.4999912475001,-0.1954035741146658,0.31680555555489553,1.4332636607899873,2.0,6.0,6.0,0.5443749999988658,0.48959888523913125,1.0,1.0,1.765574498000284,0.1256925782156122,0.23393495001844827,-0.6208309846212821,-0.3276574854295119
2061.0,343.5,255.0,252.2741564251083,53.0,748.0,611.0,53.0,6.0,0.0,6.0,-154.9371423259298,-0.5753978681685317,-558.0,0.08674304418843301,0.07085561497231477,521.6666666666666,165.33333333333334,0.31693290734216745,748.0,2.0,1.0,-83.1999993344,-0.641316474082987,0.7653743315405699,2.177583697170958,2.0,6.0,6.0,0.07085561497231477,0.2406598738464791,1.0,1.0,1.5167894467875105,0.40344492964453305,0.7344225805466202,-0.15312151859817713,0.4894220956195025
3866.0,644.3333333333334,426.0,476.84122677842737,235.0,1567.0,235.0,1567.0,6.0,0.0,6.0,303.77142752992654,0.46787556197221936,1332.0,6.66808510609923,0.9999999999936184,286.3333333333333,1002.3333333333334,3.5005820720546947,1567.0,6.0,5.0,0.0,0.0,0.0,2.4319710294500987,0.0,6.0,6.0,0.9999999999936184,0.7778065183632235,0.0,0.0,1.5466123823908267,0.3819624073109378,0.740053636995903,-0.14938985641693137,0.9823204831872097
7068.0,1178.0,1329.5,647.2351453168573,363.0,2216.0,1457.0,363.0,6.0,0.0,6.0,-377.41714156314123,-0.42116786808810547,-1094.0,0.24914207275052067,0.1638086642591886,1669.0,687.0,0.4116237267800382,2216.0,2.0,1.0,-515.3333292106666,-0.6885685922146653,0.6169900721993818,1.8811544991351348,1.0,6.0,6.0,0.1638086642591886,0.2915959252967012,0.0,0.0,1.6254587534496368,0.2953687983395912,0.5494356072252656,-0.29079258967923016,0.5189545544404178
365.0,60.833333333333336,45.5,44.957078295735464,25.0,160.0,46.0,46.0,6.0,0.0,6.0,-4.422857127693062,-0.057941229718503635,0.0,0.9999999997826087,0.28749999998203124,83.0,38.666666666666664,0.4658634537591329,160.0,3.0,2.0,15.749999763750003,0.44403829110585785,0.7583333332859375,2.6301369858690182,1.0,6.0,6.0,0.28749999998203124,0.31780821916937513,1.0,1.0,1.5772504419942819,0.31278538812109846,0.7390204650138946,-0.15007272201344485,-0.3624102235559901
251.0,41.833333333333336,44.5,8.552127740444998,23.0,48.0,47.0,44.0,6.0,0.0,6.0,-3.051428560966531,-0.08372616321889735,-3.0,0.9361702125667722,0.9166666664756944,46.333333333333336,37.333333333333336,0.8057553955095492,48.0,2.0,1.0,-2.9333333098666667,-0.08674500812485984,0.1874999999609375,1.1474103582914557,2.0,6.0,6.0,0.9166666664756944,0.44621513942445357,1.0,1.0,1.7676861988733912,0.08964143425460613,0.20443333239204775,-0.6605319248254984,-0.12053573507734454
50536.0,8422.666666666666,8744.5,2364.0685034255857,5023.0,11972.0,10062.0,5023.0,6.0,0.0,6.0,-1515.5657090894892,-0.1944713145433675,-5039.0,0.4992049294369914,0.4195623120611263,10436.666666666666,6408.666666666667,0.614053018204458,11972.0,2.0,1.0,-1997.5999840192003,-0.2874022698272207,0.4048195790173698,1.4214025645067816,1.0,6.0,6.0,0.4195623120611263,0.3804416653473998,0.0,0.0,1.7512051567211921,0.15838214342246681,0.28067933790835586,-0.5616711699786403,0.7604053635399991
154.0,25.666666666666668,23.0,6.236095644623236,20.0,38.0,38.0,29.0,6.0,0.0,6.0,-1.0971428533812244,-0.0255191792838984,-9.0,0.763157894536011,0.763157894536011,26.333333333333332,25.0,0.9493670882470758,38.0,1.0,0.0,2.6249999868750002,0.10514790689767914,0.38947368410803324,1.4805194799426546,0.0,6.0,6.0,0.763157894536011,0.48701298698136275,1.0,1.0,1.7641883478143248,0.12554112552714058,0.24296476528026967,-0.609056069388596,-0.32161457389956
202.0,33.666666666666664,33.5,4.189935029992179,28.0,41.0,41.0,28.0,6.0,0.0,6.0,-2.3314285634351024,-0.0660413200530431,-13.0,0.6829268291017252,0.6829268291017252,35.666666666666664,31.666666666666668,0.8878504670407896,41.0,1.0,0.0,-1.4999999925,-0.04573541331022708,0.21463414628911354,1.2178217818164887,1.0,6.0,6.0,0.6829268291017252,0.4702970296796882,1.0,1.0,1.7841004130730265,0.06930693068287153,0.12445351570537555,-0.7786417773333741,0.3294656441285355
160.0,26.666666666666668,16.0,20.212757247727374,11.0,67.0,18.0,14.0,6.0,0.0,6.0,5.897142836924082,0.17007038167396007,-4.0,0.777777777345679,0.20895522384940968,13.666666666666666,39.666666666666664,2.902439022266508,67.0,5.0,4.0,0.0,0.0,0.7910447760013367,2.5124999990578125,1.0,6.0,6.0,0.20895522384940968,0.7437499999535155,0.0,0.0,1.543224459457064,0.3770833333172525,0.7579783965055346,-0.1376704080098765,0.044859505158028924
186.0,31.0,13.5,39.06404996924922,10.0,118.0,10.0,11.0,6.0,0.0,6.0,4.0457142718432655,0.1102141032726683,1.0,1.0999999989,0.09322033897515082,13.666666666666666,48.333333333333336,3.5365853632659134,118.0,4.0,3.0,-9.999999600000017,-0.6966133606718972,0.8855932202639328,3.806451611675338,1.0,6.0,6.0,0.09322033897515082,0.7795698924312059,0.0,0.0,1.231142448599676,0.512544802852337,1.260130643762836,0.11509540158808317,-0.16251770626918932
3756.0,626.0,598.5,312.99840255183415,319.0,1258.0,319.0,1258.0,6.0,0.0,6.0,197.07428503860248,0.31006028315031314,939.0,3.943573667587976,0.9999999999920509,403.3333333333333,848.6666666666666,2.10413223135279,1258.0,6.0,5.0,0.0,0.0,0.0,2.009584664504639,0.0,6.0,6.0,0.9999999999920509,0.67784877529106,0.0,0.0,1.6776850226647768,0.2550585729493158,0.49999744815788205,-0.3333356016306474,0.7368759273536858
4547.0,757.8333333333334,625.0,496.1446081761065,167.0,1422.0,167.0,1422.0,6.0,0.0,6.0,337.13142741554947,0.5368738122796485,1255.0,8.514970059370361,0.9999999999929677,311.6666666666667,1204.0,3.863101604154125,1422.0,6.0,5.0,0.0,0.0,0.0,1.8764020232873138,0.0,6.0,6.0,0.9999999999929677,0.7943699142274151,0.0,0.0,1.5682359565637511,0.36042079026408347,0.6546882887656383,-0.20868686481050835,0.9043192422881495
2239.0,373.1666666666667,282.0,257.2187244782584,94.0,811.0,211.0,94.0,6.0,0.0,6.0,-95.6914282433437,-0.32206014658192494,-117.0,0.4454976303106399,0.11590628853124653,543.6666666666666,202.66666666666666,0.37277743714826284,811.0,2.0,1.0,-231.59999814720004,-0.8480595631624356,0.6248458692894594,2.173291647998929,1.0,6.0,6.0,0.11590628853124653,0.2715497990162057,0.0,0.0,1.5581911584712616,0.37747506327114455,0.6892864434248295,-0.18393183569178337,0.24610842993082763
0.0,0.0,0.0,0.0,0.0,0.0,0.0,0.0,0.0,6.0,0.0,0.0,0.0,0.0,0.0,0.0,0.0,0.0,0.0,0.0,1.0,0.0,0.0,0.0,0.0,0.0,0.0,0.0,0.0,0.0,0.0,0.0,0.0,0.0,-1.1666666666666667,0.0,0.0,
154.0,25.666666666666668,20.5,21.320308523929842,0.0,67.0,67.0,0.0,5.0,1.0,5.0,-14.05714280894694,-0.8411361342907341,-67.0,0.0,0.0,41.333333333333336,10.0,0.24193548381243493,67.0,1.0,0.0,-10.124999949375,-0.9772031754956554,0.7402985073521944,2.610389609372575,0.0,5.0,0.0,0.0,0.1948051947925451,0.0,0.0,1.4234741632673158,0.44372294370551524,0.8306613707385673,-0.09250133944952574,0.9276565151778521
9708.0,1618.0,1630.0,385.3098320399658,1047.0,2087.0,1741.0,2055.0,6.0,0.0,6.0,122.81142815036084,0.06761487213473927,314.0,1.1803561171672583,0.9846669860997381,1506.3333333333333,1729.6666666666667,1.148262890012293,2087.0,5.0,4.0,0.0,0.0,0.015333013895470374,1.2898640296582828,2.0,6.0,6.0,0.9846669860997381,0.5345076225787654,0.0,0.0,1.7626470704031956,0.1340818568875668,0.2381395748069125,-0.6153267698479947,-0.033801090422934096
2595.0,432.5,375.5,279.4880736871134,114.0,999.0,260.0,114.0,6.0,0.0,6.0,-94.86857110330776,-0.25838260682947917,-146.0,0.43846153844467456,0.11411411411297183,566.6666666666666,298.3333333333333,0.5264705882260035,999.0,2.0,1.0,-152.26666544853333,-0.5941759065198813,0.6656656656590023,2.309826589541969,2.0,6.0,6.0,0.11411411411297183,0.34489402697362276,1.0,1.0,1.6000330581182374,0.333269107256583,0.6462151992616214,-0.2149079906891521,-0.17871521293913578
727.0,121.16666666666667,110.5,36.99286718033927,71.0,186.0,149.0,100.0,6.0,0.0,6.0,-10.182857107944491,-0.0977165592130824,-49.0,0.6711409395522724,0.5376344085732454,123.33333333333333,119.0,0.9648648647866327,186.0,4.0,3.0,57.99999768000009,0.676908768574058,0.5403225806161117,1.5350756532433225,1.0,6.0,6.0,0.5376344085732454,0.49105914717343796,0.0,0.0,1.7460985470015156,0.16758367720922918,0.3053056438290471,-0.5322081915240722,-0.4193116868411324
156.0,26.0,23.0,10.723805294763608,12.0,41.0,41.0,12.0,6.0,0.0,6.0,-6.308571406942042,-0.2524109156111411,-29.0,0.2926829267578822,0.2926829267578822,35.333333333333336,16.666666666666668,0.4716981130740477,41.0,1.0,0.0,-5.874999970625001,-0.26326650286817976,0.4390243901368233,1.576923076316568,2.0,6.0,6.0,0.2926829267578822,0.3205128204922748,2.0,1.0,1.7062272624640946,0.22863247861757152,0.4124540496399641,-0.4159752666822588,0.1601633584122631
149.0,24.833333333333332,14.5,24.45006248571884,0.0,71.0,71.0,7.0,5.0,1.0,5.0,-14.639999949805718,-0.5988084637505998,-64.0,0.09859154928188853,0.09859154928188853,43.333333333333336,6.333333333333333,0.14615384612011834,71.0,1.0,0.0,-9.374999953125,-0.46111744125217297,0.7802816900309463,2.8590604015332644,1.0,3.0,2.0,0.09859154928188853,0.12751677851493176,1.0,1.0,1.3043675065065954,0.5201342281690513,0.9845662741962353,-0.0077768757847761485,0.8615517752409644
131843.0,21973.833333333332,22385.5,7812.7029342532205,11019.0,33756.0,14362.0,11019.0,6.0,0.0,6.0,-236.4685706178222,-0.027847422891555892,-3343.0,0.7672329759081136,0.3264308567364835,22632.333333333332,21315.333333333332,0.941808916446555,33756.0,3.0,2.0,-12686.999809695002,-0.697653271484518,0.3685468262431267,1.536190772357333,1.0,6.0,6.0,0.3264308567364835,0.48501626935063025,0.0,0.0,1.7263887364788362,0.2017766080363086,0.3555457446015184,-0.4754205145525891,0.1142375691901894
149.0,24.833333333333332,26.0,16.79699047117932,0.0,49.0,36.0,0.0,5.0,1.0,5.0,-10.662857106298777,-0.7842347999069308,-36.0,0.0,0.0,40.333333333333336,9.333333333333334,0.23140495862031282,49.0,2.0,1.0,-14.933333213866666,-1.4801356847625615,0.6734693876176593,1.9731543616215486,1.0,5.0,0.0,0.0,0.18791946307463628,0.0,0.0,1.4945984603990439,0.37695749438989234,0.6763888777616952,-0.19304060419901128,0.7658023553811605
28044.0,4674.0,1878.0,5629.0870485363785,208.0,15845.0,15845.0,208.0,6.0,0.0,6.0,-3501.599987994515,-1.0836159116244808,-15637.0,0.013127169454078177,0.013127169454078177,8775.333333333334,572.6666666666666,0.06525867963222828,15845.0,1.0,0.0,-2193.99998903,-1.149913654923805,0.846020826758696,3.3900299529238556,0.0,6.0,6.0,0.013127169454078177,0.06126087576663056,0.0,0.0,1.124387271875031,0.6069628678741872,1.2043404040488521,0.0926991147445588,0.9854702007437508
8857.0,1476.1666666666667,1213.5,987.8404757629418,466.0,3600.0,1102.0,466.0,6.0,0.0,6.0,-356.33142734972085,-0.2606132195068635,-636.0,0.422867513607778,0.12944444444408487,1988.0,964.3333333333334,0.48507712944088666,3600.0,2.0,1.0,-319.06666411413335,-0.398515266198951,0.7114583333313571,2.4387490120643194,1.0,6.0,6.0,0.12944444444408487,0.3266343005528659,0.0,0.0,1.6024695630938222,0.3039968386584113,0.6691930512066726,-0.19818375624521697,-0.1817266585021736
1151.0,191.83333333333334,169.0,59.400944623989126,126.0,309.0,220.0,309.0,6.0,0.0,6.0,19.09714279166694,0.08435610972741293,89.0,1.4045454544816116,0.9999999999676376,169.0,214.66666666666666,1.270216962449494,309.0,6.0,5.0,0.0,0.0,0.0,1.610773240576328,1.0,6.0,6.0,0.9999999999676376,0.5595134665459643,0.0,0.0,1.7471295454305973,0.1617434115242855,0.3096487121853656,-0.5271270695257971,-0.35805813270162357
243489.0,40581.5,30493.5,22869.32694498609,20227.0,88448.0,32058.0,26984.0,6.0,0.0,6.0,-3191.348560486805,-0.08813215462557744,-5074.0,0.8417243745708273,0.30508321273513195,49811.666666666664,31351.333333333332,0.6293973968613854,88448.0,3.0,2.0,-14894.249776586254,-0.41365632587711926,0.6455393753014225,2.179515296378355,1.0,6.0,6.0,0.30508321273513195,0.3862761767471883,0.0,0.0,1.6554635023027477,0.27640605256636186,0.5635407006882559,-0.2791480254523419,-0.01092523676624304
4021.0,670.1666666666666,537.0,392.69598786961,288.0,1378.0,288.0,1378.0,6.0,0.0,6.0,261.1542848188996,0.3964678244723332,1090.0,4.784722222056086,0.9999999999927431,332.3333333333333,1008.0,3.0330992978024143,1378.0,6.0,5.0,0.0,0.0,0.0,2.05620492411754,0.0,6.0,6.0,0.9999999999927431,0.7520517284238944,0.0,0.0,1.628339924974381,0.31571748321251647,0.5859676516245964,-0.26105976873889275,0.9703298203135376
172661.0,28776.833333333332,26625.0,12738.977384608057,13591.0,53801.0,53801.0,19246.0,6.0,0.0,6.0,-7562.09140264426,-0.2557522629841086,-34555.0,0.3577256928309218,0.3577256928309218,37944.333333333336,19609.333333333332,0.5167921428758312,53801.0,1.0,0.0,-4400.999977995,-0.1970355711929722,0.5581494767754209,1.869594175869987,1.0,6.0,6.0,0.3577256928309218,0.3407138844324809,1.0,1.0,1.6998739013302255,0.23446618904480054,0.4426816959685267,-0.38630718445275414,0.4096066581177332
25460.0,4243.333333333333,4243.0,1897.9418384719334,1610.0,6610.0,6610.0,1610.0,6.0,0.0,6.0,-1233.1885672004964,-0.3397281361770621,-5000.0,0.24357034795727145,0.24357034795727145,6013.0,2473.6666666666665,0.4113864404893652,6610.0,1.0,0.0,-1360.4999931975,-0.4077830503247152,0.4296520423594105,1.5577376276475468,1.0,6.0,6.0,0.24357034795727145,0.29147682639422956,1.0,1.0,1.6852940651220645,0.25125687352700843,0.4472761598902107,-0.38190627015466205,0.6842839615307308
819.0,136.5,80.5,121.88485002930703,20.0,324.0,324.0,20.0,6.0,0.0,6.0,-78.47999973092573,-0.7032584181822474,-304.0,0.06172839505982319,0.06172839505982319,229.33333333333334,43.666666666666664,0.1904069767358834,324.0,1.0,0.0,-72.74999963625001,-0.7790089434240732,0.694444444423011,2.3736263734524816,1.0,6.0,6.0,0.06172839505982319,0.15995115994920694,1.0,1.0,1.3962673023661047,0.46784696784364166,0.8929293041785914,-0.05656349421597135,0.7733876570711568
396.0,66.0,50.5,34.597687784012386,42.0,141.0,53.0,42.0,6.0,0.0,6.0,3.497142845152654,0.03555783529307989,-11.0,0.7924528300391598,0.2978723404044062,48.333333333333336,83.66666666666667,1.7310344824004755,141.0,4.0,3.0,-51.999997920000084,-0.945812739974885,0.609929077970927,2.136363636039945,1.0,6.0,6.0,0.2978723404044062,0.6338383838223778,0.0,0.0,1.6772948901009892,0.24074074073481722,0.524207390587429,-0.31215739550881305,-0.14566370993606856
16728.0,2788.0,1597.5,2747.88524748275,189.0,8015.0,8015.0,189.0,6.0,0.0,6.0,-1784.2285653112165,-0.8611161662538199,-7826.0,0.023580786026171453,0.023580786026171453,4927.0,649.0,0.13172315810811502,8015.0,1.0,0.0,-1292.3749935381252,-0.9396372892731026,0.782582657516179,2.8748206599609945,0.0,6.0,6.0,0.023580786026171453,0.116391678622599,0.0,0.0,1.3281958396449147,0.5184919496252107,0.9856116382614397,-0.007246312147712666,0.9903799723213408
447.0,74.5,42.5,81.96086464486166,18.0,253.0,253.0,20.0,6.0,0.0,6.0,-46.114285556179595,-0.5812531540456077,-233.0,0.07905138339608492,0.07905138339608492,125.66666666666667,23.333333333333332,0.18567639255816898,253.0,1.0,0.0,-17.124999914375,-0.4386040515548671,0.8466403161720695,3.395973153906581,0.0,6.0,6.0,0.07905138339608492,0.15659955256920358,0.0,0.0,1.324330083371215,0.5029828486142072,1.1001458340115464,0.04768518096406819,0.8931286288816814
2255.0,375.8333333333333,265.5,244.09384579615187,183.0,896.0,284.0,183.0,6.0,0.0,6.0,-90.7542854031282,-0.22857415791539812,-101.0,0.6443661971604097,0.20424107142629194,533.3333333333334,218.33333333333334,0.4093749999923242,896.0,2.0,1.0,-91.86666593173334,-0.31869299496078796,0.7000558035636154,2.3840354766549705,2.0,6.0,6.0,0.20424107142629194,0.2904656319277585,1.0,1.0,1.6167155832691908,0.3094604582398548,0.6494736473338992,-0.21250800411759285,0.028142170110714355
76472.0,12745.333333333334,8655.5,10090.83710876137,3841.0,34069.0,7879.0,3841.0,6.0,0.0,6.0,-2376.5485632804052,-0.25045535029056787,-4038.0,0.4874984135036331,0.11274178872285283,18885.0,6605.666666666667,0.34978377901314106,34069.0,3.0,2.0,-4193.249937101251,-0.6736658263860266,0.8061091706045165,2.673056805103039,1.0,6.0,6.0,0.11274178872285283,0.25914060048118803,0.0,0.0,1.5301683524145,0.38615876835090934,0.7917279874008881,-0.11624086583614195,0.05241390323191484
129919.0,21653.166666666668,19705.0,4084.154111386537,17346.0,28476.0,28476.0,20464.0,6.0,0.0,6.0,-1781.8628510336134,-0.07671608980448376,-8012.0,0.7186402584630149,0.7186402584630149,24440.333333333332,18866.0,0.771920732122814,28476.0,1.0,0.0,-689.624996551875,-0.030835297763065667,0.28751931451036405,1.3150963292506952,1.0,6.0,6.0,0.7186402584630149,0.43564066841644133,1.0,1.0,1.7745408233228028,0.1007050546879047,0.18861694339017313,-0.6826278736151434,-0.3493718203613124
187786.0,31297.666666666668,29070.5,5307.964633977468,25661.0,39721.0,26893.0,29323.0,6.0,0.0,6.0,660.6857120205062,0.02467117678756882,2430.0,1.090358085746815,0.7382241131893109,30758.333333333332,31837.0,1.0350690869679648,39721.0,3.0,2.0,-6035.249909471251,-0.1818665291800462,0.1984844288914684,1.269136144334103,1.0,6.0,6.0,0.7382241131893109,0.5086161907703178,0.0,0.0,1.777758250750331,0.09073803868941899,0.16959617758434936,-0.7099919086008161,0.10722446215805283
1010.0,168.33333333333334,132.5,115.50565161737998,38.0,370.0,370.0,38.0,6.0,0.0,6.0,-77.62285687672164,-0.5264330371808785,-332.0,0.10270270269992696,0.10270270269992696,258.0,78.66666666666667,0.304909560711696,370.0,1.0,0.0,-65.874999670625,-0.5667231410067782,0.654054054036377,2.198019801849622,0.0,6.0,6.0,0.10270270269992696,0.23366336633432017,0.0,0.0,1.559488698878807,0.3735973597334319,0.6861721877852569,-0.18611848447550408,0.9324063415042154
54594.0,9099.0,7751.5,4609.828883302865,2669.0,16583.0,6431.0,2669.0,6.0,0.0,6.0,-886.3542826753569,-0.17514885594413784,-3762.0,0.4150209920690172,0.1609479587528427,10470.0,7728.0,0.738108882520785,16583.0,3.0,2.0,-8054.249879186252,-1.2103857200082246,0.5339805825239499,1.8225079679065583,1.0,6.0,6.0,0.1609479587528427,0.4246620507747327,0.0,0.0,1.6596002043172415,0.280220048601145,0.5066302762169247,-0.3274656905347764,0.308094592758787
5476.0,912.6666666666666,787.5,540.9259550889465,259.0,1798.0,503.0,259.0,6.0,0.0,6.0,-103.13142821783511,-0.19648185677801014,-244.0,0.5149105367690873,0.14404894326949919,972.0,853.3333333333334,0.877914951979994,1798.0,4.0,3.0,-487.9999804800008,-1.3237892211601134,0.7880978865362175,1.9700511321917087,2.0,6.0,6.0,0.14404894326949919,0.4674945215477219,0.0,0.0,1.612415553044177,0.32803749695596096,0.5926873138236154,-0.255739266979894,-0.0824737773202889
71332.0,11888.666666666666,12118.5,3283.4644136271,7718.0,17284.0,8246.0,11421.0,6.0,0.0,6.0,-404.29714147098133,-0.024433208115113094,3175.0,1.385035168564898,0.6607845406152159,12782.0,10995.333333333334,0.8602201011832836,17284.0,2.0,1.0,-1375.1999889984002,-0.12401990293067232,0.33750867854643746,1.4538215667570342,2.0,6.0,6.0,0.6607845406152159,0.4624292042841274,1.0,1.0,1.7534595485360875,0.1542739116618692,0.27618441206956246,-0.5671716258904927,-0.345975405338817
176933.0,29488.833333333332,28511.5,10596.521401174801,17285.0,49079.0,17285.0,18888.0,6.0,0.0,6.0,198.6171421761697,0.016548118707242012,1603.0,1.0927393693947973,0.3848489170520213,31633.0,27344.666666666668,0.8644348201769678,49079.0,3.0,2.0,-7199.999892000002,-0.3082037247337042,0.4428438503907762,1.664324913949914,2.0,6.0,6.0,0.3848489170520213,0.4636444303775743,1.0,1.0,1.7294179476348093,0.1943551137059285,0.35934013670161724,-0.47130210165983805,-0.21782087745725578
15627.0,2604.5,2829.0,1083.6341249087104,1174.0,3993.0,3406.0,1174.0,6.0,0.0,6.0,-696.0342833278826,-0.30888626679521586,-2232.0,0.3446858485016304,0.2940145254187478,3618.0,1591.0,0.43974571586390343,3993.0,2.0,1.0,-1033.0666584021335,-0.500022897199424,0.4848484848472706,1.5331157611766824,1.0,6.0,6.0,0.2940145254187478,0.30543290458801725,0.0,0.0,1.6992760230037678,0.23008254943352346,0.4160622479956037,-0.4123672902283104,0.8320736374313604
8278.0,1379.6666666666667,817.0,1302.199506817429,173.0,3895.0,3895.0,173.0,6.0,0.0,6.0,-836.4342828465111,-0.728643929436169,-3722.0,0.04441591784327493,0.04441591784327493,2347.0,412.3333333333333,0.1756852719776636,3895.0,1.0,0.0,-581.4999970925,-0.7539883878690465,0.7749422336308731,2.823145687343635,0.0,6.0,6.0,0.04441591784327493,0.1494322300070676,0.0,0.0,1.3802933042875787,0.49118144479309467,0.9438508143087634,-0.028885542692202615,0.9760903079132033
3108.0,518.0,332.0,344.3341400442309,223.0,1144.0,261.0,267.0,6.0,0.0,6.0,7.679999973668573,0.05143232289481456,6.0,1.0229885057079315,0.23339160838956827,542.6666666666666,493.3333333333333,0.9090909090741568,1144.0,3.0,2.0,-411.74999382375006,-0.8359890732220238,0.5687645687595971,2.2084942084515733,1.0,6.0,6.0,0.23339160838956827,0.47619047618894406,0.0,0.0,1.5897608872795956,0.3432003431995334,0.664737722080277,-0.20139044935046585,0.09323030875529915
153.0,25.5,24.0,7.675719293112969,18.0,41.0,19.0,41.0,6.0,0.0,6.0,4.559999984365715,0.1615762508722414,22.0,2.157894735706371,0.9999999997560975,21.0,30.0,1.4285714278911563,41.0,6.0,5.0,0.0,0.0,0.0,1.6078431366243753,1.0,6.0,6.0,0.9999999997560975,0.5882352940792003,0.0,0.0,1.7498593228574317,0.15577342046489706,0.30100859961187776,-0.5372688544906554,0.5793255353189886
9226.0,1537.6666666666667,1621.0,547.442132913506,750.0,2165.0,1424.0,2123.0,6.0,0.0,6.0,77.41714259171266,0.04251316304549794,699.0,1.4908707865063844,0.9806004618892351,1511.6666666666667,1563.6666666666667,1.0343991179644914,2165.0,2.0,1.0,613.1999950944,0.44105444904239666,0.3490762124695193,1.4079774550092696,1.0,6.0,6.0,0.9806004618892351,0.5084543680896287,1.0,1.0,1.7242693770508235,0.19871377989714478,0.3560213307456834,-0.4749030525159114,-0.012628254973046905
285378.0,47563.0,47436.5,6791.885256196054,38219.0,60084.0,47569.0,60084.0,6.0,0.0,6.0,3513.737130810045,0.07120271074312824,12515.0,1.2630915091758788,0.9999999999998336,42708.0,52418.0,1.227357872061153,60084.0,6.0,5.0,0.0,0.0,0.0,1.2632508462457661,0.0,6.0,6.0,0.9999999999998336,0.5510375712213081,0.0,0.0,1.7817428471839976,0.07719585952665553,0.14279766322970852,-0.7500910829197058,0.500279105706559
144607.0,24101.166666666668,22805.5,9732.36558117067,13331.0,40654.0,17494.0,14974.0,6.0,0.0,6.0,-2316.8571349136328,-0.11379606244197144,-2520.0,0.8559506116377866,0.3683278398188694,28755.0,19447.333333333332,0.6763113661389869,40654.0,3.0,2.0,-11297.249830541252,-0.5220608192554953,0.5216378872106423,1.6868063095140537,1.0,6.0,6.0,0.3683278398188694,0.4034521150428123,0.0,0.0,1.7117096202421627,0.2217815642857146,0.40381304837939924,-0.42469113127879854,0.3265206067737992
544.0,90.66666666666667,88.0,19.0408916691303,70.0,122.0,103.0,76.0,6.0,0.0,6.0,-10.902857105475919,-0.11871415656676876,-27.0,0.7378640775982657,0.6229508196210697,108.33333333333333,73.0,0.6738461537839527,122.0,2.0,1.0,-9.99999992,-0.11404406590439153,0.3463114753814499,1.3455882351457071,1.0,6.0,6.0,0.6229508196210697,0.40257352940436447,0.0,0.0,1.770054742370869,0.11458333332940795,0.21000983456283312,-0.6528791277240238,0.6233390329734336
4033.0,672.1666666666666,636.0,316.3586660035656,240.0,1204.0,889.0,240.0,6.0,0.0,6.0,-137.8628566701845,-0.2629560122134013,-649.0,0.269966254215186,0.19933554817110188,875.0,469.3333333333333,0.5363809523748223,1204.0,3.0,2.0,-374.9999943750001,-0.8424027562180325,0.6101882613459841,1.7912224150489777,1.0,6.0,6.0,0.19933554817110188,0.34911976196293304,0.0,0.0,1.6785095098665979,0.2649392511771915,0.47065509446892,-0.3599381714360148,0.08582459863267766
13893.0,2315.5,1986.0,1447.6531294938484,601.0,4189.0,601.0,4158.0,6.0,0.0,6.0,981.4285680636735,0.5026260051737552,3557.0,6.918469217854934,0.9925996657889888,988.0,3643.0,3.687246963525433,4189.0,5.0,4.0,0.0,0.0,0.0074003342086240145,1.8091125026913881,1.0,6.0,6.0,0.9925996657889888,0.7866551500750114,0.0,0.0,1.5876823195415122,0.34414213392817583,0.6252010924152868,-0.23061694293066745,0.8986476392098307
1572.0,262.0,169.0,221.93392410054545,51.0,682.0,682.0,51.0,6.0,0.0,6.0,-144.75428521798534,-0.6186151301980785,-631.0,0.07478005864992991,0.07478005864992991,436.6666666666667,87.33333333333333,0.1999999999954198,682.0,1.0,0.0,-106.37499946812501,-0.6294858154075458,0.7390029325404838,2.6030534350151506,0.0,6.0,6.0,0.07478005864992991,0.16666666666560645,0.0,0.0,1.4575157961193201,0.4476251060203409,0.8470760461529568,-0.0827924514138881,0.992998954041212
167836.0,27972.666666666668,25647.0,8259.91403641036,20004.0,43746.0,20555.0,20004.0,6.0,0.0,6.0,-2357.0742776328884,-0.07495070587540842,-551.0,0.973193870104124,0.4572760938141871,32179.333333333332,23766.0,0.7385485508294956,43746.0,2.0,1.0,-5573.9999554080005,-0.21749762631632624,0.4083173318702491,1.563883791319539,1.0,6.0,6.0,0.4572760938141871,0.42480755022757777,0.0,0.0,1.750663088973584,0.15775518958982437,0.2952851844565197,-0.5440615117039337,-0.06748417317794368
6936.0,1156.0,1119.5,206.29267235330164,849.0,1487.0,849.0,1081.0,6.0,0.0,6.0,83.86285685532737,0.07579572104723013,232.0,1.2732626619402443,0.7269670477422532,1012.6666666666666,1299.3333333333333,1.2830809743125435,1487.0,5.0,4.0,0.0,0.0,0.273032952251022,1.2863321799196685,2.0,6.0,6.0,0.7269670477422532,0.5619953863890398,0.0,0.0,1.7758492072610337,0.10005767012656985,0.17845386881619127,-0.6971389826234246,0.029514705366715643
267129.0,44521.5,44826.0,4752.00325301516,35850.0,50687.0,46006.0,35850.0,6.0,0.0,6.0,-1701.7028513084476,-0.04161036820427842,-10156.0,0.7792461852800115,0.7072819460609807,46401.333333333336,42641.666666666664,0.9189750294529785,50687.0,3.0,2.0,-9434.249858486251,-0.22556099343339706,0.15872577452466607,1.1384836539646825,1.0,6.0,6.0,0.7072819460609807,0.478888477102805,0.0,0.0,1.785920598517583,0.0588348700440533,0.10673502134955232,-0.8071172967500172,0.19934856233197557
43688.0,7281.333333333333,6471.5,2401.9409281292124,4341.0,11968.0,6724.0,6087.0,6.0,0.0,6.0,-40.11428557675102,0.007566327272820875,-637.0,0.9052647233775948,0.5086062834220348,7677.666666666667,6885.0,0.8967568271598618,11968.0,3.0,2.0,-1696.4999745525004,-0.23695643517318749,0.4247159090905542,1.6436550082379917,1.0,6.0,6.0,0.5086062834220348,0.47278428859172483,0.0,0.0,1.7405418722730372,0.1732970151986304,0.32987652373089826,-0.5038990194275573,-0.21260112037230725
23887.0,3981.1666666666665,3023.0,2946.0657051207954,624.0,8722.0,624.0,8722.0,6.0,0.0,6.0,1992.9942788811632,0.6202454734984675,8098.0,13.977564102340104,0.9999999999988534,1365.6666666666667,6596.666666666667,4.830363680706637,8722.0,6.0,5.0,0.0,0.0,0.0,2.1908150876991064,1.0,6.0,6.0,0.9999999999988534,0.8284841126969362,0.0,0.0,1.5086297386031338,0.4078857398025719,0.7400005957500052,-0.1494248938089665,0.9374005392199757
14253.0,2375.5,1586.5,1539.329372378331,883.0,4884.0,1234.0,4884.0,6.0,0.0,6.0,978.5485680735479,0.40847894289369735,3650.0,3.9578606158512333,0.9999999999979525,1117.3333333333333,3633.6666666666665,3.2520883054601546,4884.0,6.0,5.0,0.0,0.0,0.0,2.055988212999133,0.0,6.0,6.0,0.9999999999979525,0.7648214410995826,0.0,0.0,1.5924284732675247,0.34195140204383767,0.6480022615751846,-0.21359056757856704,0.871655070321864
132041.0,22006.833333333332,22001.5,5036.837414379075,14006.0,28117.0,23197.0,18151.0,6.0,0.0,6.0,-2530.7999913229714,-0.1227498566691765,-5046.0,0.7824718713623389,0.6455525127144981,26359.333333333332,17654.333333333332,0.6697564430053858,28117.0,3.0,2.0,-1991.2499701312504,-0.1023815392704548,0.3721117710517817,1.2776486091435488,1.0,6.0,6.0,0.6455525127144981,0.401110261206716,0.0,0.0,1.7647196917691024,0.12847650855919368,0.22887606490605736,-0.6275034213091599,0.5348595860239946
49721.0,8286.833333333334,8539.0,3080.747280377856,4061.0,13212.0,10168.0,9447.0,6.0,0.0,6.0,-1148.1257103492835,-0.14706499602934875,-721.0,0.929091266718205,0.7150317892819292,10337.0,6236.666666666667,0.6033343007314146,13212.0,2.0,1.0,574.2666620725333,0.052373268260647934,0.5015705419311977,1.5943363970938704,1.0,6.0,6.0,0.7150317892819292,0.3762997526195418,0.0,0.0,1.7207028514106977,0.2093984433136442,0.3717641174201007,-0.4579766117225941,0.29176273691118665
31900.0,5316.666666666667,5185.5,2782.7474832538355,1129.0,9073.0,3908.0,1129.0,6.0,0.0,6.0,-1054.3542820993569,-0.3162766627383011,-2779.0,0.2888945752295576,0.12443513722018688,7006.333333333333,3627.0,0.5176744849890323,9073.0,3.0,2.0,-4000.499939992501,-1.308022996750564,0.60024247768037,1.7065203761723389,1.0,6.0,6.0,0.12443513722018688,0.34109717868327866,0.0,0.0,1.6381096009540188,0.2953082549633508,0.5234007805483263,-0.3128521565272192,0.4684874497093975
255.0,42.5,44.5,16.214705259938174,21.0,68.0,21.0,68.0,6.0,0.0,6.0,9.359999967908573,0.22914179514349736,47.0,3.238095236553288,0.9999999998529413,29.333333333333332,55.666666666666664,1.8977272720803202,68.0,6.0,5.0,0.0,0.0,0.0,1.5999999996235295,2.0,6.0,6.0,0.9999999998529413,0.6549019607586313,0.0,0.0,1.7161287793341344,0.21241830064458123,0.38152247661465766,-0.44767821994875706,0.023699259078268975
366.0,61.0,41.0,62.085961913033664,0.0,179.0,179.0,0.0,5.0,1.0,5.0,-41.00571414512327,-1.165257410090259,-179.0,0.0,0.0,111.33333333333333,10.666666666666666,0.0958083832249274,179.0,1.0,0.0,-30.499999847500003,-1.3812809710824259,0.791061452469773,2.9344262290271432,0.0,5.0,0.0,0.0,0.0874316939866822,0.0,0.0,1.2559025646896909,0.5446265937991288,1.0178026541451743,0.00882279259199942,0.9944515275926624
299.0,49.833333333333336,44.5,31.173795976036597,13.0,96.0,96.0,13.0,6.0,0.0,6.0,-19.645714218357554,-0.4546693908158969,-83.0,0.13541666665256077,0.13541666665256077,79.0,20.666666666666668,0.26160337549431184,96.0,1.0,0.0,-18.4999999075,-0.5004134269411368,0.5770833332732205,1.9264214042957013,2.0,6.0,6.0,0.13541666665256077,0.2073578595248375,2.0,1.0,1.5864506169851855,0.3483835005489686,0.6255611231394177,-0.2303443846742386,0.47355213110465416
250692.0,41782.0,32061.5,18466.19716310499,26592.0,77294.0,26592.0,27841.0,6.0,0.0,6.0,-631.6799978342401,-0.006267967841167863,1249.0,1.04696901323667,0.3601961342406448,45439.0,38125.0,0.8390369506369333,77294.0,3.0,2.0,-20250.749696238756,-0.5084466567433122,0.5067534349366695,1.8499353788708417,1.0,6.0,6.0,0.3601961342406448,0.45623713560861706,0.0,0.0,1.703324713540792,0.22288438934362076,0.44196537176536715,-0.3869958593743508,0.1341802246627761
30259.0,5043.166666666667,3838.0,3451.438705654338,1364.0,10568.0,4907.0,1364.0,6.0,0.0,6.0,-1689.7714227779268,-0.42939032880217237,-3543.0,0.2779702465859426,0.12906888720653947,8040.666666666667,2045.6666666666667,0.2544150567943109,10568.0,2.0,1.0,-3015.1999758784004,-0.7815632223529161,0.6502649507942371,2.0955087742448284,1.0,6.0,6.0,0.12906888720653947,0.20281569119924556,0.0,0.0,1.5586741587363786,0.3750234090132112,0.6843792667928538,-0.18738103669853506,0.460926635088111
766.0,127.66666666666667,120.0,23.5419247773461,98.0,173.0,122.0,98.0,6.0,0.0,6.0,0.13714285667265358,-0.005725208779850516,-24.0,0.8032786884587477,0.5664739884065622,118.66666666666667,136.66666666666666,1.1516853931613749,173.0,4.0,3.0,-81.99999672000013,-0.6930451172276235,0.31502890171589426,1.3550913837058676,1.0,6.0,6.0,0.5664739884065622,0.5352480417684693,0.0,0.0,1.7754041680532986,0.09747606614172288,0.18440149954701374,-0.6886165719028481,-0.042255454974920864
9160.0,1526.6666666666667,1211.5,1095.8571480302023,487.0,3606.0,487.0,705.0,6.0,0.0,6.0,247.95428486415676,0.21181630128662482,218.0,1.4476386036663729,0.1955074875202565,939.3333333333334,2114.0,2.250532292382003,3606.0,4.0,3.0,-2651.9998939200045,-2.1143210578374196,0.6206322795323888,2.3620087336089823,1.0,6.0,6.0,0.1955074875202565,0.6923580786018642,0.0,0.0,1.5492390924115451,0.37958515283814664,0.7178103589670465,-0.16427287188795953,0.2662076506011036
1868.0,311.3333333333333,267.0,207.00536761693456,81.0,704.0,420.0,81.0,6.0,0.0,6.0,-84.41142828201797,-0.3770365943178515,-339.0,0.192857142852551,0.11505681818018385,456.6666666666667,166.0,0.36350364962707654,704.0,3.0,2.0,-155.24999767125004,-0.9447805664644258,0.7642045454436903,2.2612419699487822,1.0,6.0,6.0,0.11505681818018385,0.26659528907780194,0.0,0.0,1.5792032500372148,0.35956459671526897,0.6648994676989901,-0.2012737338020913,0.04309300903609489
9264.0,1544.0,1258.0,816.9267613031986,649.0,2685.0,957.0,649.0,6.0,0.0,6.0,-130.55999955236572,-0.13149013532757,-308.0,0.6781609195331436,0.24171322160058953,1733.6666666666667,1354.3333333333333,0.7811959238562899,2685.0,3.0,2.0,-1443.7499783437504,-1.0324743221690007,0.4955927995015683,1.7389896372944367,1.0,6.0,6.0,0.24171322160058953,0.43857944732249715,0.0,0.0,1.653088763829687,0.2875647668391166,0.5290976433276604,-0.30796094593480206,0.2975093245324524
533.0,88.83333333333333,98.0,21.40417923885167,57.0,110.0,62.0,108.0,6.0,0.0,6.0,11.96571424468898,0.14729720985268788,46.0,1.7419354835900105,0.9818181817289257,73.66666666666667,104.0,1.4117647056907108,110.0,4.0,3.0,27.999998880000046,0.27494197025952655,0.08181818181074381,1.2382739210613576,1.0,6.0,6.0,0.9818181817289257,0.5853658536475541,0.0,0.0,1.7609300520363396,0.12851782363572495,0.24094760866539056,-0.6116715854252557,0.4914431959215458
178.0,29.666666666666668,22.0,22.410315085295483,9.0,75.0,75.0,9.0,6.0,0.0,6.0,-13.85142852393796,-0.4467084583276454,-66.0,0.11999999998400002,0.11999999998400002,46.333333333333336,13.0,0.2805755395077894,75.0,1.0,0.0,-8.249999958750001,-0.38416887221779183,0.7253333332366223,2.528089886788284,1.0,6.0,6.0,0.11999999998400002,0.21910112358319656,1.0,1.0,1.5392499562177133,0.38951310859966126,0.7554038790249925,-0.1393389427701307,0.8946809819032487
17338.0,2889.6666666666665,2584.0,1036.5421147042487,1498.0,4785.0,2472.0,1498.0,6.0,0.0,6.0,-174.4457136876147,-0.08216643018346735,-974.0,0.6059870550137298,0.3130616509920312,3203.0,2576.3333333333335,0.8043500884562255,4785.0,3.0,2.0,-1527.7499770837503,-0.643648434586475,0.46158133054588313,1.6559003345195897,1.0,6.0,6.0,0.3130616509920312,0.4457838274308191,0.0,0.0,1.7292096795941725,0.19425539277873627,0.35870646488660574,-0.47198828568424783,0.09010899079172845
23648.0,3941.3333333333335,1780.0,4962.931649293143,136.0,14322.0,14322.0,136.0,6.0,0.0,6.0,-2998.697132575896,-1.1149731869772412,-14186.0,0.009495880463615769,0.009495880463615769,7408.333333333333,474.3333333333333,0.0640269966253354,14322.0,1.0,0.0,-1573.6249921318752,-1.169512148449832,0.8697667923468301,3.633795669814867,0.0,6.0,6.0,0.009495880463615769,0.06017422192149011,0.0,0.0,1.101308384900773,0.6164157645465589,1.259201196535999,0.11473134705132314,0.9906509320284513
44927.0,7487.833333333333,5929.5,5414.858059594505,1689.0,16234.0,1689.0,16234.0,6.0,0.0,6.0,3687.942844498482,0.5847519880859718,14545.0,9.61160449964706,0.9999999999993839,2814.0,12161.666666666666,4.321843165111389,16234.0,6.0,5.0,0.0,0.0,0.0,2.168050392856632,0.0,6.0,6.0,0.9999999999993839,0.8120951766196692,0.0,0.0,1.52584193793072,0.39903621430314473,0.7231541914110367,-0.16066223787026718,0.9667656567740628
54049.0,9008.166666666666,7641.5,4305.15409777113,3664.0,15630.0,15630.0,3664.0,6.0,0.0,6.0,-2938.5257042107696,-0.34684093756572554,-11966.0,0.2344209852845589,0.2344209852845589,12620.0,5396.333333333333,0.4276016904381186,15630.0,1.0,0.0,-2873.4999856325003,-0.38047124452161346,0.508394113883232,1.7350922311216839,0.0,6.0,6.0,0.2344209852845589,0.2995245055412127,0.0,0.0,1.678305009758069,0.26428796092430207,0.47791679007193666,-0.35325615990974774,0.925789718612385
216.0,36.0,22.0,39.48417404479927,2.0,118.0,118.0,2.0,6.0,0.0,6.0,-24.20571420272327,-0.844830190723666,-116.0,0.016949152540936513,0.016949152540936513,62.333333333333336,9.666666666666666,0.15508021387886411,118.0,1.0,0.0,-13.374999933125,-0.861114019592012,0.8338983050140765,3.2777777768672838,0.0,6.0,6.0,0.016949152540936513,0.13425925925304355,0.0,0.0,1.2579772112673118,0.5447530864065477,1.0967826120508735,0.04615767594237517,0.93429875268893
6179.0,1029.8333333333333,1154.0,547.30168909742,246.0,1873.0,1037.0,246.0,6.0,0.0,6.0,-244.28571344816328,-0.36914072960630157,-791.0,0.2372227579533537,0.13134009610180813,1404.6666666666667,655.0,0.4663028001865237,1873.0,3.0,2.0,-768.7499884687502,-1.229218037015797,0.6502936465528548,1.8187408965675478,1.0,6.0,6.0,0.13134009610180813,0.3180126234013303,0.0,0.0,1.633543895821511,0.29500458542335295,0.531446857833409,-0.3059545551712838,0.5458233549269219
7721.0,1286.8333333333333,1156.5,761.1452810659007,336.0,2636.0,1431.0,336.0,6.0,0.0,6.0,-198.47999931949715,-0.23691112484092794,-1095.0,0.2348008385727827,0.12746585735915225,1585.6666666666667,988.0,0.6230817742235248,2636.0,3.0,2.0,-1057.4999841375002,-1.234179266323582,0.6251896813329849,2.0484393213155156,1.0,6.0,6.0,0.12746585735915225,0.3838880973962131,0.0,0.0,1.6155453431348616,0.3284764495096717,0.5914870724465633,-0.25668629963651945,-0.015776359069520945
39238.0,6539.666666666667,6754.5,3487.9768093010907,1600.0,10492.0,1600.0,10492.0,6.0,0.0,6.0,2275.47427791266,0.4491845772863738,8892.0,6.557499999959016,0.9999999999990468,3221.3333333333335,9858.0,3.060223509924275,10492.0,6.0,5.0,0.0,0.0,0.0,1.6043631173837538,1.0,6.0,6.0,0.9999999999990468,0.7537081400681092,0.0,0.0,1.6332733875336023,0.2955468338514762,0.5333569717053505,-0.3043277181399808,0.7393877376896665
9881.0,1646.8333333333333,1340.5,1099.3627573381873,634.0,3727.0,1843.0,634.0,6.0,0.0,6.0,-277.47428476294533,-0.22333381745892733,-1209.0,0.34400434074691266,0.17011000804891305,2136.0,1157.6666666666667,0.541978776526801,3727.0,3.0,2.0,-1145.9999828100003,-0.9192198065069779,0.6893837760468042,2.2631312620042725,1.0,6.0,6.0,0.17011000804891305,0.3514826434567842,0.0,0.0,1.5825963853450995,0.3529501062642919,0.6675616378897956,-0.19935596655054624,-0.03752438957833995
484.0,80.66666666666667,35.5,102.01742770505221,19.0,305.0,305.0,20.0,6.0,0.0,6.0,-53.69142838734368,-0.5952358672396543,-285.0,0.06557377048965332,0.06557377048965332,141.33333333333334,20.0,0.14150943395225168,305.0,1.0,0.0,-13.74999993125,-0.37842116792004094,0.8826229507907336,3.780991735068472,1.0,6.0,6.0,0.06557377048965332,0.12396694214619902,1.0,1.0,1.198110704059201,0.5530303030243813,1.2646788556909763,0.1168725778270169,0.3953259785427777
18246.0,3041.0,2227.5,1925.1663131618873,1400.0,6987.0,1400.0,6987.0,6.0,0.0,6.0,1196.2971387555529,0.37001802606902134,5587.0,4.990714285678638,0.9999999999985688,1649.0,4433.0,2.6882959369151713,6987.0,6.0,5.0,0.0,0.0,0.0,2.2975994738497283,0.0,6.0,6.0,0.9999999999985688,0.7288720815517216,0.0,0.0,1.6181100609624777,0.31871825788287067,0.6330701457269177,-0.22468713620777442,0.9944518782047107
704.0,117.33333333333333,111.5,72.98097164482138,13.0,227.0,79.0,13.0,6.0,0.0,6.0,-26.194285624476738,-0.4222945626203506,-66.0,0.16455696200448647,0.057268722464437496,161.66666666666666,73.0,0.4515463917246466,227.0,3.0,2.0,-98.24999852625002,-1.7532572833051272,0.6784140968864134,1.9346590907442054,1.0,6.0,6.0,0.057268722464437496,0.3110795454501267,0.0,0.0,1.5708808289071754,0.35179924242064753,0.621996917374444,-0.23304796605421996,0.4530393463661426
27040.0,4506.666666666667,3777.5,3004.0801513201263,1175.0,10417.0,5727.0,1175.0,6.0,0.0,6.0,-1643.03999436672,-0.4366341193719341,-4552.0,0.2051685000869475,0.11279639051539521,6708.666666666667,2304.6666666666665,0.34353572493241047,10417.0,2.0,1.0,-1310.3999895168001,-0.5546788033428667,0.7385043678595195,2.311464497036291,1.0,6.0,6.0,0.11279639051539521,0.25569526627209477,0.0,0.0,1.5842250343078024,0.35319280078886073,0.6665858323920401,-0.20005820349930242,0.33304371969164
164188.0,27364.666666666668,24743.5,7915.167752837305,18578.0,40880.0,34746.0,20497.0,6.0,0.0,6.0,-3552.548559248405,-0.13401096465662485,-14249.0,0.5899096298852847,0.5013943248531063,33268.0,21461.333333333332,0.645104404632887,40880.0,3.0,2.0,-3608.999945865001,-0.15815418823843316,0.4750163078929041,1.4938972397490093,1.0,6.0,6.0,0.5013943248531063,0.39213584427604986,0.0,0.0,1.7514477066147918,0.1577338173313383,0.2892477313628674,-0.5512922391458692,-0.018511436967457013
78576.0,13096.0,12968.5,6636.509499227236,4230.0,21894.0,14894.0,4230.0,6.0,0.0,6.0,-3765.737129946045,-0.36714795581976845,-10664.0,0.2840069826773976,0.19320361742934447,19047.666666666668,7144.333333333333,0.37507656230839725,21894.0,2.0,1.0,-7101.066609858133,-0.7061946880839682,0.5228373070245168,1.6718081857042824,1.0,6.0,6.0,0.19320361742934447,0.2727677662390205,0.0,0.0,1.6538649203374356,0.2858294305300715,0.506758513990697,-0.32735271208269057,0.683162852274346
269.0,44.833333333333336,29.5,35.13031296315034,20.0,122.0,30.0,42.0,6.0,0.0,6.0,-7.302857117818776,-0.08041995184339897,12.0,1.3999999995333332,0.344262295053749,57.333333333333336,32.333333333333336,0.563953488273729,122.0,2.0,1.0,9.1999999264,0.3007191375366795,0.7602459015770291,2.72118959047111,1.0,6.0,6.0,0.344262295053749,0.36059479552562845,1.0,1.0,1.5523866949604135,0.34634448574031595,0.7835757536501393,-0.1213428954076629,-0.3108070971370822
230.0,38.333333333333336,16.0,44.43222054120435,0.0,125.0,125.0,0.0,5.0,1.0,5.0,-27.70285704787592,-1.0629326433197661,-125.0,0.0,0.0,69.33333333333333,7.333333333333333,0.10576923075397561,125.0,1.0,0.0,-17.99999991,-1.1657898198401904,0.8319999999334401,3.2608695643667294,0.0,5.0,0.0,0.0,0.09565217390888468,0.0,0.0,1.1566577219827932,0.5855072463641147,1.1591014051203479,0.07368871374170087,0.9299273602664206
808.0,134.66666666666666,95.0,127.66187980581971,16.0,388.0,388.0,16.0,6.0,0.0,6.0,-82.4228568602645,-0.756263638652879,-372.0,0.041237113400999045,0.041237113400999045,234.0,35.333333333333336,0.15099715099069813,388.0,1.0,0.0,-55.24999972375,-0.7907853699575581,0.7835051546189818,2.881188118597932,0.0,6.0,6.0,0.041237113400999045,0.13118811881025758,0.0,0.0,1.371956118113564,0.49587458745531654,0.9479842559134148,-0.026702343129532808,0.9736739513117952
514.0,85.66666666666667,51.5,81.39342042750684,15.0,254.0,110.0,15.0,6.0,0.0,6.0,-40.18285700508735,-0.5620951361397658,-95.0,0.1363636363512397,0.05905511810791121,144.33333333333334,27.0,0.18706697458288218,254.0,2.0,1.0,-21.333333162666666,-0.5825172032606358,0.8523622046908519,2.964980544400975,2.0,6.0,6.0,0.05905511810791121,0.15758754863506638,1.0,1.0,1.4034885813345217,0.47470817120090336,0.9501177480701051,-0.02557909739682565,0.24662097911416525
116.0,19.333333333333332,20.0,4.459696053419884,11.0,24.0,20.0,17.0,6.0,0.0,6.0,-1.3714285667265307,-0.06952397926966038,-3.0,0.8499999995749999,0.7083333330381945,22.666666666666668,16.0,0.7058823526297577,24.0,2.0,1.0,-1.5999999872000001,-0.05678618794313523,0.24999999989583332,1.2413793097027348,1.0,6.0,6.0,0.7083333330381945,0.41379310341260406,1.0,1.0,1.762923387444058,0.1235632183722668,0.23067393367826608,-0.6251258312631303,-0.17968034169832436
33365.0,5560.833333333333,5520.5,2925.434293494823,1650.0,10229.0,10229.0,1650.0,6.0,0.0,6.0,-2039.211421579847,-0.42822809759602704,-8579.0,0.16130609052677553,0.16130609052677553,8175.333333333333,2946.3333333333335,0.36039305227061846,10229.0,1.0,0.0,-1966.7499901662502,-0.4881884609026697,0.5476390654017522,1.8394725011206245,0.0,6.0,6.0,0.16130609052677553,0.26491832758871126,0.0,0.0,1.6459600883778736,0.2971027523851608,0.5260783983496891,-0.31054865999087233,0.9694397664184603
150.0,25.0,13.0,26.210684844162312,9.0,83.0,9.0,21.0,6.0,0.0,6.0,-0.06857142833632654,0.09414342874175524,12.0,2.3333333307407407,0.25301204816228773,34.333333333333336,15.666666666666666,0.45631067947874443,83.0,3.0,2.0,6.749999898750001,0.39456981600403723,0.8112449798219383,3.319999998672,1.0,6.0,6.0,0.25301204816228773,0.31333333331244445,1.0,1.0,1.386526718063719,0.44666666664874066,1.0484273933471215,0.0236412547031952,-0.2951837260832954
1327.0,221.16666666666666,264.0,96.95259437248473,86.0,325.0,234.0,86.0,6.0,0.0,6.0,-49.19999983131429,-0.2981420793236414,-148.0,0.36752136750566144,0.2646153846072426,284.3333333333333,158.0,0.5556858147518516,325.0,2.0,1.0,-110.13333245226667,-0.6413688462170181,0.4092307692181775,1.4694800300767379,2.0,6.0,6.0,0.2646153846072426,0.3571966842474967,1.0,1.0,1.6823684924890903,0.2337352423996477,0.4383689270599896,-0.39046385272154294,0.510717056704193
2566.0,427.6666666666667,384.0,215.02609660741697,151.0,858.0,459.0,151.0,6.0,0.0,6.0,-71.0399997564343,-0.22345774517692177,-308.0,0.32897603485122057,0.1759906759886248,558.3333333333334,297.0,0.5319402984979353,858.0,3.0,2.0,-194.24999708625003,-0.7460345090469507,0.6538461538385333,2.006235385767586,1.0,6.0,6.0,0.1759906759886248,0.3472330475434636,0.0,0.0,1.6724537392449275,0.2581189919450344,0.5027890021879713,-0.3308588212082577,-0.041010247612964824
248.0,41.333333333333336,20.0,37.263327220681134,10.0,115.0,64.0,20.0,6.0,0.0,6.0,-18.30857136579918,-0.43431835570915833,-44.0,0.3124999999511719,0.17391304346313802,66.0,16.666666666666668,0.25252525248699115,115.0,2.0,1.0,-0.9333333258666666,-0.06670088912196033,0.849999999926087,2.7822580638430017,2.0,6.0,6.0,0.17391304346313802,0.2016129032176769,1.0,1.0,1.4382868756494251,0.4435483870859529,0.9015321099596567,-0.051783448348130666,0.2496283812790402
74110.0,12351.666666666666,11310.5,6554.5869604592335,4206.0,24360.0,4206.0,10333.0,6.0,0.0,6.0,2401.9885631931825,0.2641071518784846,6127.0,2.4567284831135123,0.4241789819374285,7799.0,16904.333333333332,2.1675001068485265,24360.0,4.0,3.0,-11373.999545040018,-0.8769218285222954,0.45909277504086243,1.9722034813099671,1.0,6.0,6.0,0.4241789819374285,0.6842936175953739,0.0,0.0,1.6533809918174545,0.29252912337513015,0.5306641716735064,-0.3066223388586599,0.36428788158198216
285.0,47.5,33.0,44.37247645406628,8.0,133.0,50.0,9.0,6.0,0.0,6.0,-21.70285706844735,-0.6055998927061244,-41.0,0.17999999996399998,0.06766917292724292,84.0,11.0,0.1309523809367914,133.0,2.0,1.0,-25.066666466133334,-0.8631625549461578,0.8082706766309571,2.7999999994105265,1.0,6.0,6.0,0.06766917292724292,0.11578947368014773,0.0,0.0,1.3754965826013505,0.4906432748441094,0.9341573988363095,-0.034042007642593325,0.3821053956638034
1043.0,173.83333333333334,165.5,42.17983983953577,117.0,238.0,117.0,181.0,6.0,0.0,6.0,21.49714278343837,0.13244898333257535,64.0,1.5470085468763242,0.7605042016487182,136.33333333333334,211.33333333333334,1.550122249275052,238.0,4.0,3.0,-67.99999728000012,-0.34254342751300326,0.16806722688369466,1.3691275166997625,1.0,6.0,6.0,0.7605042016487182,0.6078619367151692,0.0,0.0,1.7624042574875338,0.13662511984451364,0.24264529148864417,-0.6094697446175859,0.47755443126711644
280.0,46.666666666666664,49.5,26.781004877006055,0.0,82.0,69.0,0.0,5.0,1.0,5.0,-15.839999945691432,-0.812719518613762,-69.0,0.0,0.0,69.0,24.333333333333332,0.35265700477980816,82.0,3.0,2.0,-32.24999951625001,-2.838142182866563,0.7032520324345629,1.7571428567663265,1.0,5.0,0.0,0.0,0.26071428570497446,0.0,0.0,1.5537485440379617,0.3214285714197138,0.57387867581287,-0.2707459796751887,0.5818829590370445
113765.0,18960.833333333332,19668.0,6405.812163357759,7683.0,26034.0,23190.0,7683.0,6.0,0.0,6.0,-3909.085700883135,-0.2512579556472064,-15507.0,0.3313065976712672,0.29511408158550545,24670.666666666668,13251.0,0.5371156028749917,26034.0,3.0,2.0,-6347.2499047912515,-0.5569455133906982,0.49101175386014784,1.3730409176804608,1.0,6.0,6.0,0.29511408158550545,0.3494308442842395,0.0,0.0,1.7280251717214965,0.18369885289849908,0.33784444231640914,-0.49494211489683737,0.6777399703233666
10486.0,1747.6666666666667,1544.0,635.7755543865741,1124.0,2750.0,1124.0,1129.0,6.0,0.0,6.0,148.3199994914743,0.07996863594567406,5.0,1.0044483985675763,0.4105454545439617,1404.0,2091.3333333333335,1.4895536562097138,2750.0,4.0,3.0,-2531.9998987200042,-1.503166034931267,0.35927272727142084,1.5735266068954405,1.0,6.0,6.0,0.4105454545439617,0.5983215716187313,0.0,0.0,1.7271919812273766,0.1982007756371409,0.36378536394217215,-0.4665064260647712,0.2562156352199876
180.0,30.0,28.0,10.198039027185569,16.0,43.0,43.0,43.0,6.0,0.0,6.0,1.6457142800718372,0.06926297113359657,0.0,0.9999999997674418,0.9999999997674418,27.0,33.0,1.2222222217695473,43.0,1.0,0.0,7.874999960625001,0.2790242819292119,0.3627906975900487,1.4333333328555555,0.0,6.0,6.0,0.9999999997674418,0.5499999999694444,1.0,1.0,1.7332176223072286,0.1888888888763376,0.3399346341262074,-0.49261012345643135,-0.1324786324786325
4722.0,787.0,712.0,625.542697716684,158.0,2057.0,607.0,158.0,6.0,0.0,6.0,-263.17714195482125,-0.4506230648155071,-449.0,0.26029654035815,0.07681088964474084,1160.3333333333333,413.6666666666667,0.3565067509305674,2057.0,2.0,1.0,-344.7999972416,-0.8244405832882253,0.7498784637785616,2.6137229986961406,2.0,6.0,6.0,0.07681088964474084,0.2628123676402736,1.0,1.0,1.5011472712153886,0.4070309191015198,0.7948445968344797,-0.11430259952011503,0.049108288691529514
46390.0,7731.666666666667,7055.5,3348.7568174207904,3344.0,13817.0,7289.0,3344.0,6.0,0.0,6.0,-1650.6514229120526,-0.24384392330647855,-3945.0,0.45877349430585984,0.24202069913856694,10297.333333333334,5166.0,0.5016832836975575,13817.0,2.0,1.0,-2775.4666444629333,-0.46228668547574536,0.5425200839541561,1.787066178053304,1.0,6.0,6.0,0.24202069913856694,0.33408062082338136,0.0,0.0,1.6999327248040046,0.23781705827400268,0.43312224411508415,-0.39555436265917054,0.3722703470484578
296.0,49.333333333333336,34.0,30.29117950089688,29.0,115.0,29.0,115.0,6.0,0.0,6.0,16.45714280071837,0.27059759939313055,86.0,3.9655172400118905,0.9999999999130436,32.333333333333336,66.33333333333333,2.051546391118078,115.0,6.0,5.0,0.0,0.0,0.0,2.3310810806085644,1.0,6.0,6.0,0.9999999999130436,0.6722972972745845,0.0,0.0,1.6379644454147964,0.27702702701889814,0.6140103951639887,-0.23914939196788187,0.935784661652435
7910.0,1318.3333333333333,983.5,1109.7326504863931,146.0,3161.0,3161.0,146.0,6.0,0.0,6.0,-754.1485688429192,-0.7701728703372354,-3015.0,0.046187915216557456,0.046187915216557456,2281.6666666666665,355.0,0.15558802045220343,3161.0,1.0,0.0,-683.74999658125,-0.888364084996216,0.6995254666222729,2.397724399476124,0.0,6.0,6.0,0.046187915216557456,0.13463969658642902,0.0,0.0,1.4219133665870776,0.4634639696583165,0.841769393535759,-0.08591227925277369,0.9795502507929561
14845.0,2474.1666666666665,1791.5,1371.0185285237962,1154.0,4557.0,1365.0,4557.0,6.0,0.0,6.0,874.7314255723495,0.34782802419702114,3192.0,3.3384615384370813,0.9999999999978056,1360.6666666666667,3587.6666666666665,2.6366976971878735,4557.0,6.0,5.0,0.0,0.0,0.0,1.8418322667490397,0.0,6.0,6.0,0.9999999999978056,0.7250252610301616,0.0,0.0,1.6459252218443874,0.2911754799594186,0.5541334571309889,-0.2868907691415782,0.8206240073323698
115811.0,19301.833333333332,17630.0,6013.375519530516,13343.0,31671.0,20580.0,18716.0,6.0,0.0,6.0,-2150.297135484696,-0.10172370535726857,-1864.0,0.9094266277935328,0.5909507120076439,22402.666666666668,16201.0,0.7231728365667525,31671.0,2.0,1.0,1076.7999913856002,0.06100542462191213,0.4982791828485055,1.6408285914110192,2.0,6.0,6.0,0.5909507120076439,0.41967516039060027,1.0,1.0,1.7474211428243698,0.15928394827202186,0.3115442671003998,-0.5249199361155685,-0.027230360833532422
3311.0,551.8333333333334,499.5,402.9712217461137,87.0,1274.0,737.0,87.0,6.0,0.0,6.0,-234.41142776773228,-0.5772435942389795,-650.0,0.11804613296990439,0.0682888540026037,904.6666666666666,199.0,0.21997052321053828,1274.0,2.0,1.0,-257.33333127466665,-0.8748558244297592,0.7448979591778266,2.3086680760681,1.0,6.0,6.0,0.0682888540026037,0.1803080640284497,0.0,0.0,1.5194675216039966,0.39821806100797086,0.7302408125741068,-0.15590846398221686,0.5691303467716301
30989.0,5164.833333333333,4108.0,3099.536439354906,1534.0,10281.0,3933.0,1534.0,6.0,0.0,6.0,-1331.554281148957,-0.32265406088908444,-2399.0,0.3900330536476226,0.1492072755567073,7501.0,2828.6666666666665,0.37710527485173917,10281.0,2.0,1.0,-2917.1999766624003,-0.7376489866984715,0.5920873455883745,1.9905773016193027,1.0,6.0,6.0,0.1492072755567073,0.27383910419817553,0.0,0.0,1.6142411368549068,0.3277775985026139,0.6001232255346552,-0.24990373746359207,0.3579363722154004
13387.0,2231.1666666666665,1356.0,2035.788497254947,348.0,6295.0,1377.0,348.0,6.0,0.0,6.0,-812.8114257846466,-0.4842178712706652,-1029.0,0.25272331154500566,0.055281969817227515,3649.6666666666665,812.6666666666666,0.222668736870337,6295.0,2.0,1.0,-1248.9333233418668,-0.9718859241210592,0.7730341540893201,2.8213938895817376,1.0,6.0,6.0,0.055281969817227515,0.18211697915874944,0.0,0.0,1.4201938973440547,0.46491621224550794,0.9124322838182519,-0.04578866238465373,0.16291422348198656
1035.0,172.5,177.0,70.11359830066253,72.0,290.0,202.0,72.0,6.0,0.0,6.0,-23.142857063510206,-0.19179300250672487,-130.0,0.3564356435467111,0.24827586206040428,186.0,159.0,0.8548387096314602,290.0,4.0,3.0,-85.99999656000014,-0.9262614628654886,0.6775862068731867,1.6811594201923965,1.0,6.0,6.0,0.24827586206040428,0.4608695652129385,0.0,0.0,1.706747039321379,0.22657004830693506,0.4064556422991187,-0.4220142746006901,0.09293026097436292
18505.0,3084.1666666666665,2597.5,1336.4290000678009,1740.0,5329.0,1740.0,2243.0,6.0,0.0,6.0,-318.6171417647413,-0.07781252468598365,503.0,1.2890804597627066,0.42090448489318655,3814.3333333333335,2354.0,0.6171458533585149,5329.0,2.0,1.0,-997.0666586901334,-0.32811904529538377,0.4635015950451051,1.7278573358495721,1.0,6.0,6.0,0.42090448489318655,0.38162658740860217,0.0,0.0,1.7017367050937593,0.23574709537950067,0.4333193191235237,-0.3953624801623129,0.07253193179275816
876.0,146.0,141.5,35.21836642056717,94.0,209.0,164.0,94.0,6.0,0.0,6.0,-14.537142807301228,-0.10971782116093017,-70.0,0.5731707316723677,0.4497607655287196,171.0,121.0,0.7076023391399062,209.0,3.0,2.0,-23.999999640000006,-0.21773264287754818,0.4210526315588013,1.43150684921702,2.0,6.0,6.0,0.4497607655287196,0.4143835616391052,1.0,1.0,1.762941546559003,0.13165905631412023,0.24122168779558187,-0.6113157058055603,-0.24679616170937904
19304.0,3217.3333333333335,2408.0,2243.848677805366,641.0,7404.0,1774.0,641.0,6.0,0.0,6.0,-395.17714150224987,-0.2353469626120813,-1133.0,0.3613303269427208,0.08657482441911592,4035.6666666666665,2399.0,0.5944494920279315,7404.0,3.0,2.0,-3020.999954685001,-1.4882445129060682,0.6759859535377147,2.301284707825421,1.0,6.0,6.0,0.08657482441911592,0.3728242851220613,0.0,0.0,1.5566971017008502,0.37593244923318636,0.6974249930993759,-0.17825530325498262,0.2432505301550248
1177.0,196.16666666666666,200.5,53.90552435099352,117.0,273.0,273.0,117.0,6.0,0.0,6.0,-37.13142844412082,-0.1992880977615061,-156.0,0.42857142855573,0.42857142855573,238.66666666666666,153.66666666666666,0.6438547485763748,273.0,1.0,0.0,-38.874999805625,-0.22457748743289432,0.33772893771656665,1.3916737467429903,1.0,6.0,6.0,0.42857142855573,0.391673746810606,1.0,1.0,1.7527679739251532,0.15420560747476508,0.2747945166435628,-0.568880297049654,0.8900255767327953
11841.0,1973.5,1816.5,1220.8978595006763,396.0,3839.0,3179.0,396.0,6.0,0.0,6.0,-623.9657121464033,-0.45169619419935764,-2783.0,0.12456747404805106,0.1031518624639147,2877.6666666666665,1069.3333333333333,0.37159735897009755,3839.0,3.0,2.0,-1216.4999817525002,-1.2198159849219956,0.7214552400780028,1.9452748923134267,1.0,6.0,6.0,0.1031518624639147,0.27092306393018245,0.0,0.0,1.5863399006480956,0.3486895813977542,0.6186459891028578,-0.2356006275982819,0.17873710987213373
214.0,35.666666666666664,39.0,21.429470880593907,7.0,66.0,43.0,10.0,6.0,0.0,6.0,-12.342857100538776,-0.4701493748511795,-33.0,0.23255813948080042,0.1515151514921947,54.0,17.333333333333332,0.32098765426154546,66.0,2.0,1.0,-20.933333165866667,-0.8369791557140316,0.6022727271814738,1.8504672892008036,1.0,6.0,6.0,0.1515151514921947,0.24299065419425275,0.0,0.0,1.5820569163384643,0.33644859811913475,0.6008262862033359,-0.2493547969299072,0.6650654778574681
3284.0,547.3333333333334,515.0,189.4480286399295,330.0,879.0,444.0,879.0,6.0,0.0,6.0,117.0514281701094,0.20533330255588417,435.0,1.9797297296851413,0.9999999999886234,382.3333333333333,712.3333333333334,1.8631211856531007,879.0,6.0,5.0,0.0,0.0,0.0,1.6059683312739468,0.0,6.0,6.0,0.9999999999886234,0.6507308160759722,0.0,0.0,1.7334781478618075,0.19204222492825873,0.3461291631604169,-0.48574152816522226,0.8207291032725605
1705.0,284.1666666666667,254.0,150.73864431156625,75.0,571.0,221.0,75.0,6.0,0.0,6.0,-41.58857128598205,-0.23099039797832138,-146.0,0.3393665158217481,0.13134851138123732,374.3333333333333,194.0,0.5182546749638934,571.0,3.0,2.0,-108.74999836875003,-0.8005720089149859,0.660245183876353,2.0093841641521624,2.0,6.0,6.0,0.13134851138123732,0.3413489736050361,1.0,1.0,1.6509770398414203,0.2814271749741464,0.5304585723387507,-0.3067978683725721,-0.10805361441371074
35065.0,5844.166666666667,4984.0,3561.8544054404524,1698.0,12617.0,1698.0,4669.0,6.0,0.0,6.0,908.1942826004769,0.24695279941164175,2971.0,2.7497055359084235,0.3700562732817864,4160.0,7528.333333333333,1.8096955128161625,12617.0,4.0,3.0,-1259.999949600002,-0.2530954876307204,0.6049774114285448,2.1589048909131745,1.0,6.0,6.0,0.3700562732817864,0.6440895479821349,0.0,0.0,1.6142000320682814,0.3292789581253148,0.6094717362785155,-0.2426437537963657,0.23453378307994557
108845.0,18140.833333333332,18856.5,4552.866255326296,10868.0,24046.0,24046.0,19449.0,6.0,0.0,6.0,-2110.868564191308,-0.11950637412786855,-4597.0,0.8088247525572615,0.8088247525572615,21531.666666666668,14750.0,0.6850375416050692,24046.0,1.0,0.0,-1633.4999918325002,-0.0989118966038163,0.29469350411698636,1.3255179383519726,0.0,6.0,6.0,0.8088247525572615,0.40654141209973754,0.0,0.0,1.7587397112090728,0.14107369807216208,0.2509733798699317,-0.5987550432187423,0.43801573889126194
41432.0,6905.333333333333,6668.5,2485.6353089077425,3901.0,11979.0,3901.0,5431.0,6.0,0.0,6.0,78.30857116008488,0.03634036038180223,1530.0,1.392207126374283,0.45337674263256245,7525.666666666667,6285.0,0.8351419586293549,11979.0,3.0,2.0,-1014.7499847787502,-0.16680517477075044,0.4753318307033347,1.7347460899762484,1.0,6.0,6.0,0.45337674263256245,0.4550830276113982,0.0,0.0,1.7318758381104287,0.17903230996969532,0.35995877228772105,-0.470632816783228,-0.05018868549842704
41162.0,6860.333333333333,5210.0,3797.5900545243458,4549.0,15286.0,5092.0,6071.0,6.0,0.0,6.0,-866.2628541728133,-0.08035131648004487,979.0,1.192262372346441,0.39716080073243676,8404.666666666666,5316.0,0.6325057507726273,15286.0,2.0,1.0,597.8666618837333,0.11202885365166673,0.660081119978634,2.2281716145927386,1.0,6.0,6.0,0.39716080073243676,0.38744473057665146,1.0,1.0,1.6683404274144076,0.2333300940996792,0.5535576582069108,-0.2873677326575105,-0.27062572361601045
58213.0,9702.166666666666,8579.5,4471.102675950184,4993.0,18036.0,9253.0,5553.0,6.0,0.0,6.0,-525.4285696271021,-0.05290329067068132,-3700.0,0.6001296876682155,0.3078842315367554,10760.666666666666,8643.666666666666,0.8032649773860324,18036.0,3.0,2.0,-5189.249922161251,-0.6067859303424338,0.5207547867225619,1.858966210294753,1.0,6.0,6.0,0.3078842315367554,0.4454503289642442,0.0,0.0,1.6914014001438822,0.2499985684755004,0.46083548443944566,-0.36907955844624946,-0.10954322562866631
43188.0,7198.0,3483.5,8442.372533831944,875.0,25293.0,4070.0,875.0,6.0,0.0,6.0,-3165.462846289842,-0.5791959198190768,-3195.0,0.21498771498718677,0.03459455185227747,12581.666666666666,1814.3333333333333,0.14420453040126305,25293.0,2.0,1.0,-3166.2666413365337,-0.9767713828978791,0.8633515201831086,3.5138927479806696,1.0,6.0,6.0,0.03459455185227747,0.12603037880889922,0.0,0.0,1.2401858338709681,0.5533790250377526,1.1728775401250646,0.0795615661416904,0.03647508547042851
225743.0,37623.833333333336,35519.5,12768.335227124257,16235.0,58596.0,34400.0,16235.0,6.0,0.0,6.0,-3549.8399878291207,-0.1370141187188307,-18165.0,0.4719476744184675,0.27706669397223754,42815.666666666664,32432.0,0.7574797387247447,58596.0,3.0,2.0,-21928.499671072506,-0.7724322897244872,0.4465151204859638,1.5574170627656518,1.0,6.0,6.0,0.27706669397223754,0.4310033976690116,0.0,0.0,1.7308016288393289,0.18100302851767003,0.3393682699473524,-0.4932412876096803,0.21718265598752684
818.0,136.33333333333334,83.0,135.55400727713248,21.0,416.0,416.0,21.0,6.0,0.0,6.0,-83.99999971199999,-0.6879984873468007,-395.0,0.05048076922955575,0.05048076922955575,232.33333333333334,40.333333333333336,0.17360114776871158,416.0,1.0,0.0,-48.24999975875,-0.6607126120450374,0.8067307692113767,3.0513447430524683,0.0,6.0,6.0,0.05048076922955575,0.1479217603893897,0.0,0.0,1.3638813502430993,0.4991850040715855,0.9942836718864765,-0.002866356537315721,0.98881352529578
267.0,44.5,33.0,43.55360681581569,6.0,134.0,41.0,6.0,6.0,0.0,6.0,-20.05714278837551,-0.6235040105580565,-35.0,0.1463414633789411,0.04477611939964357,76.33333333333333,12.666666666666666,0.16593886460708226,134.0,2.0,1.0,-21.5999998272,-0.9817232061292969,0.8283582088934061,3.0112359543794973,1.0,6.0,6.0,0.04477611939964357,0.14232209737294674,0.0,0.0,1.3594736231519033,0.4975031210882386,0.9787327372141205,-0.01074792070762562,0.23926942863938216
184823.0,30803.833333333332,24742.5,14573.555542107386,19065.0,60852.0,60852.0,19065.0,6.0,0.0,6.0,-8931.188540807356,-0.2649407932321845,-41787.0,0.31330112403859967,0.31330112403859967,40781.0,20826.666666666668,0.5106953401501082,60852.0,1.0,0.0,-5012.7499749362505,-0.19359123904008976,0.5925491356076067,1.9754684211374205,0.0,6.0,6.0,0.31330112403859967,0.33805316437887395,0.0,0.0,1.6935053636594128,0.23490312352898535,0.47310850517855424,-0.35767324197022204,0.975203254354256
107.0,17.833333333333332,14.0,15.993922456844523,0.0,48.0,48.0,4.0,5.0,1.0,5.0,-10.251428536280818,-0.7294283654859731,-44.0,0.08333333331597222,0.08333333331597222,29.333333333333332,6.333333333333333,0.21590909083548554,48.0,1.0,0.0,-7.374999963125,-0.7605738118343143,0.7541666665095487,2.691588783537427,1.0,4.0,1.0,0.08333333331597222,0.1775700934413486,1.0,1.0,1.3614690796137543,0.4844236759867431,0.8968554643668767,-0.05437659168554661,0.824229305626752
27766.0,4627.666666666667,3755.0,2264.6337206905864,2690.0,9194.0,3376.0,4134.0,6.0,0.0,6.0,-629.554283555814,-0.11345721069257238,758.0,1.2245260663470838,0.44964107026272604,6054.666666666667,3200.6666666666665,0.5286280554935113,9194.0,2.0,1.0,-572.2666620885333,-0.11666396717990182,0.586795736349155,1.986746380461024,1.0,6.0,6.0,0.44964107026272604,0.34581862709776495,1.0,1.0,1.6849926613953097,0.2504621959710065,0.489368375859474,-0.3428511256281331,0.040378566827373716
18865.0,3144.1666666666665,2375.5,2318.57797055772,1283.0,8150.0,1283.0,8150.0,6.0,0.0,6.0,1348.8342810897113,0.3922871212201476,6867.0,6.352299298469585,0.999999999998773,1654.3333333333333,4634.0,2.8011283497715027,8150.0,6.0,5.0,0.0,0.0,0.0,2.5921017757670013,0.0,6.0,6.0,0.999999999998773,0.7369202226341177,0.0,0.0,1.5706425845326373,0.3475660394026403,0.7374220950597443,-0.1511307503707359,0.836193941403732
5041.0,840.1666666666666,363.0,1052.0699306076992,69.0,3086.0,3086.0,69.0,6.0,0.0,6.0,-614.845712177672,-0.8740705464911108,-3017.0,0.022359040829480367,0.022359040829480367,1521.0,159.33333333333334,0.10475564321649296,3086.0,1.0,0.0,-278.624998606875,-0.8216365967805287,0.8732987686297042,3.673080737905101,0.0,6.0,6.0,0.022359040829480367,0.09482245586174405,0.0,0.0,1.1545252125678511,0.5929048469213252,1.2522157475840237,0.11198560700345006,0.9918147343378
26019.0,4336.5,4042.0,2211.390569302492,1631.0,7695.0,6245.0,1631.0,6.0,0.0,6.0,-1393.1999952233143,-0.36117795076156545,-4614.0,0.2611689351477003,0.21195581546431194,6404.666666666667,2268.3333333333335,0.35416883522376263,7695.0,2.0,1.0,-1397.7333221514666,-0.44623399622748067,0.6075698505515171,1.7744725008606608,2.0,6.0,6.0,0.21195581546431194,0.2615396441061295,1.0,1.0,1.6582191510799116,0.28458049886612,0.5099482461195417,-0.32454870896240984,0.7010060981975907
3418.0,569.6666666666666,563.0,159.19031237972854,333.0,841.0,496.0,841.0,6.0,0.0,6.0,95.93142824252082,0.16687613420581998,345.0,1.6955645160948474,0.9999999999881094,435.6666666666667,703.6666666666666,1.6151491965964386,841.0,6.0,5.0,0.0,0.0,0.0,1.476301930927859,0.0,6.0,6.0,0.9999999999881094,0.6176126389683511,0.0,0.0,1.7524978947849552,0.1540862102587668,0.2794446677184332,-0.5631781900728394,0.632725116769092
241088.0,40181.333333333336,34317.0,20860.18742858164,18841.0,79681.0,22783.0,27124.0,6.0,0.0,6.0,4054.079986100298,0.12633866354308712,4341.0,1.1905368037566648,0.340407374405399,30924.333333333332,49438.333333333336,1.5986871180187345,79681.0,4.0,3.0,-28771.998849120046,-0.8510052469492554,0.5693201641544949,1.9830352402437326,1.0,6.0,6.0,0.340407374405399,0.6151903039553767,0.0,0.0,1.6657019119045815,0.2790709892929728,0.5191512002731729,-0.3165246485274885,0.2408609126359375
63467.0,10577.833333333334,10929.5,1175.4016925667959,8620.0,11801.0,11217.0,9465.0,6.0,0.0,6.0,-222.8914278072294,-0.021195971328818435,-1752.0,0.8438085049470947,0.802050673671043,10519.666666666666,10636.0,1.0110586520475828,11801.0,5.0,4.0,0.0,0.0,0.19794932632810952,1.1156348968744867,2.0,6.0,6.0,0.802050673671043,0.5027494603493937,0.0,0.0,1.7854370092193443,0.06105797763663978,0.1111193243007249,-0.7999866947303255,-0.38093641174943393
8568.0,1428.0,1037.5,940.907717756281,471.0,2838.0,957.0,471.0,6.0,0.0,6.0,-366.10285588764737,-0.3129293966512576,-486.0,0.49216300939924595,0.16596194503112768,2132.0,724.0,0.3395872420246736,2838.0,2.0,1.0,-923.3333259466666,-0.7695279599696941,0.5795454545434124,1.987394957969276,1.0,6.0,6.0,0.16596194503112768,0.2535014005599282,0.0,0.0,1.5808003965857773,0.3511126672888427,0.6588989620095883,-0.2056189350858352,0.34848024678124956
208.0,34.666666666666664,35.5,14.624940645653538,12.0,58.0,43.0,12.0,6.0,0.0,6.0,-5.211428553560817,-0.19610010877990097,-31.0,0.2790697673769605,0.2068965516884661,41.666666666666664,27.666666666666668,0.6639999998406401,58.0,3.0,2.0,-20.999999685000006,-0.861467019010073,0.522988505656956,1.6730769225943047,1.0,6.0,6.0,0.2068965516884661,0.39903846151927697,0.0,0.0,1.6964887997053448,0.23717948716823845,0.4218732877336963,-0.40659510025630347,-0.1252072866372983
817.0,136.16666666666666,136.5,24.037586308852966,90.0,162.0,90.0,140.0,6.0,0.0,6.0,6.342857121110205,0.05987703819220071,50.0,1.555555555382716,0.8641975308108519,128.33333333333334,144.0,1.1220779219904873,162.0,2.0,1.0,-1.1999999904,-0.006937885459729064,0.12808641974517984,1.1897184821647697,2.0,6.0,6.0,0.8641975308108519,0.5287637698833688,1.0,1.0,1.7751901349220331,0.09322725417939637,0.176530621594279,-0.6999132561602387,-0.8277245094324828
17173.0,2862.1666666666665,2199.5,1696.8800209665842,1573.0,6374.0,6374.0,1607.0,6.0,0.0,6.0,-1024.7657107722318,-0.3271659295077718,-4767.0,0.25211797929047364,0.25211797929047364,4128.333333333333,1596.0,0.3865966895428666,6374.0,1.0,0.0,-551.124997244375,-0.2425683382964651,0.6611546909308736,2.226984219406416,1.0,6.0,6.0,0.25211797929047364,0.27880975950603926,1.0,1.0,1.639423635441648,0.29141675886551965,0.592865552073833,-0.2555987524449908,0.8740257652445563
17142.0,2857.0,2603.5,1184.5090403482225,1565.0,4789.0,1565.0,4789.0,6.0,0.0,6.0,797.554282979814,0.2854650231382264,3224.0,3.0600638977440253,0.9999999999979119,1929.0,3785.0,1.962156557791798,4789.0,6.0,5.0,0.0,0.0,0.0,1.6762338116847175,1.0,6.0,6.0,0.9999999999979119,0.6624081204056338,0.0,0.0,1.7071933115503952,0.22723913973462895,0.41459889406513006,-0.41382833564156396,0.8663365248196091
768.0,128.0,133.0,43.688289811649376,73.0,206.0,73.0,135.0,6.0,0.0,6.0,13.851428523937962,0.12815148789491543,62.0,1.84931506823982,0.6553398057934301,98.66666666666667,157.33333333333334,1.5945945944329805,206.0,4.0,3.0,7.999999680000013,0.0597059239111266,0.35436893202163255,1.6093749998742675,2.0,6.0,6.0,0.6553398057934301,0.614583333325331,0.0,0.0,1.7339784156856497,0.18359374999706968,0.3413147641268455,-0.4910743200711826,-0.4839933467782666
15171.0,2528.5,2072.0,1497.0623177855134,1180.0,5521.0,1180.0,5521.0,6.0,0.0,6.0,941.0399967735773,0.35824128933932753,4341.0,4.678813559282383,0.9999999999981888,1341.6666666666667,3715.3333333333335,2.769192546563211,5521.0,6.0,5.0,0.0,0.0,0.0,2.183508008692175,1.0,6.0,6.0,0.9999999999981888,0.7346911871328622,0.0,0.0,1.6343420696901723,0.30480302331185904,0.5920752690447272,-0.2562220134203076,0.8473728783052695
11462.0,1910.3333333333333,1599.5,1277.1968872843722,407.0,4442.0,2255.0,407.0,6.0,0.0,6.0,-507.22285540380744,-0.38987471658608636,-1848.0,0.1804878048772484,0.09162539396647541,2881.3333333333335,939.3333333333334,0.32600647848105274,4442.0,3.0,2.0,-633.7499904937501,-0.8415215727461066,0.7885336935296671,2.32524864769329,1.0,6.0,6.0,0.09162539396647541,0.24585587157542674,0.0,0.0,1.5804668726538396,0.3512766823705116,0.6685727904088397,-0.19862915869838574,0.020161114683906287
797.0,132.83333333333334,121.5,103.8467086088379,21.0,309.0,171.0,21.0,6.0,0.0,6.0,-51.73714267975837,-0.6119669279310671,-150.0,0.12280701753667794,0.0679611650463443,226.33333333333334,39.333333333333336,0.17378497790101097,309.0,3.0,2.0,-38.24999942625001,-0.8995627273491152,0.8727076590871832,2.32622333734056,1.0,6.0,6.0,0.0679611650463443,0.14805520702449115,0.0,0.0,1.465645928851638,0.4309912170606489,0.781781996996387,-0.12247177449103679,0.41007776929827566
6643.0,1107.1666666666667,888.5,430.4468285656455,715.0,1724.0,1682.0,745.0,6.0,0.0,6.0,-215.8971421169241,-0.19296534788543293,-937.0,0.44292508917691487,0.4321345707631547,1465.0,749.3333333333334,0.5114903299168727,1724.0,3.0,2.0,22.499999662500006,0.030784074470574917,0.5653518948149728,1.557127803689082,2.0,6.0,6.0,0.4321345707631547,0.33840132470218515,1.0,1.0,1.7195867561606932,0.20214260625185188,0.3887823229520617,-0.440110496034881,-0.1214339577116728
157305.0,26217.5,25127.0,8748.837003663211,13287.0,40256.0,20066.0,13287.0,6.0,0.0,6.0,-2588.399991125486,-0.11559329583974812,-6779.0,0.6621648559749516,0.33006259936398796,28860.333333333332,23574.666666666668,0.8168535821944248,40256.0,2.0,1.0,-6448.399948412801,-0.31673490906763035,0.397710900238375,1.5354629541331035,2.0,6.0,6.0,0.33006259936398796,0.44959791487871015,1.0,1.0,1.7350395563591239,0.18778487651376463,0.3337021837955516,-0.49958515799071856,-0.27113716565055385
4124.0,687.3333333333334,612.5,282.4037692540397,368.0,1080.0,368.0,1013.0,6.0,0.0,6.0,162.71999944210287,0.2408031886689743,645.0,2.7527173912295457,0.9379629629542782,531.0,843.6666666666666,1.5888261142199216,1080.0,5.0,4.0,0.0,0.0,0.06203703703646263,1.5712900096764604,2.0,6.0,6.0,0.9379629629542782,0.6137245392807621,0.0,0.0,1.7074110285644124,0.2254283866790363,0.4108687234480082,-0.4175663311166688,0.248020752311801
319.0,53.166666666666664,39.5,33.183412857765084,22.0,121.0,41.0,22.0,6.0,0.0,6.0,-9.22285711123592,-0.2047733161032429,-19.0,0.536585365722784,0.18181818180315554,76.0,30.333333333333332,0.3991228069650277,121.0,3.0,2.0,-6.749999898750001,-0.2476812614377137,0.7493112947039138,2.2758620685374553,2.0,6.0,6.0,0.18181818180315554,0.28526645767130826,1.0,1.0,1.6217769061327636,0.3150470219358321,0.6241394266744268,-0.23142137119784978,-0.009501901036139388
167.0,27.833333333333332,22.5,24.189644248911332,0.0,61.0,61.0,0.0,5.0,1.0,5.0,-16.491428514886536,-0.9757710389200887,-61.0,0.0,0.0,50.333333333333336,5.333333333333333,0.10596026487961054,61.0,1.0,0.0,-17.624999911875,-1.2312113848352504,0.6524590162864821,2.1916167656796586,0.0,5.0,0.0,0.0,0.0958083832277959,0.0,0.0,1.342525188172893,0.48003992014324637,0.8690890146186985,-0.0700399948842064,0.9287629311483165
3282.0,547.0,318.0,410.3575676569561,246.0,1383.0,745.0,246.0,6.0,0.0,6.0,-123.49714243372411,-0.24528684568547954,-499.0,0.33020134227744696,0.17787418654969,807.3333333333334,286.6666666666667,0.35507844755959855,1383.0,3.0,2.0,-71.99999892000001,-0.2462565792096235,0.7927211376177918,2.5283363802097196,1.0,6.0,6.0,0.17787418654969,0.2620353443014563,0.0,0.0,1.5531220792148477,0.36319317489258074,0.7501966501818175,-0.14272873266781216,-0.3024918487406802
2274.0,379.0,388.0,166.86321743671772,156.0,697.0,392.0,156.0,6.0,0.0,6.0,-86.12571399042614,-0.2612733776128779,-236.0,0.39795918366331734,0.22381635580740578,492.3333333333333,265.6666666666667,0.5396073121082003,697.0,2.0,1.0,-110.79999911360001,-0.41976608882991445,0.574964131986012,1.8390501318775976,1.0,6.0,6.0,0.22381635580740578,0.3504837291101562,0.0,0.0,1.6970576500290557,0.22881852828980076,0.44027234151006595,-0.38862626347229406,0.25863804460901546
5351.0,891.8333333333334,690.0,654.4505116677824,205.0,2159.0,801.0,205.0,6.0,0.0,6.0,-308.3314275142923,-0.43929543108918073,-596.0,0.2559300873875664,0.0949513663728812,1398.0,385.6666666666667,0.2758702908897768,2159.0,2.0,1.0,-439.0666631541333,-0.7748830000600591,0.7231357109739549,2.4208559147551387,1.0,6.0,6.0,0.0949513663728812,0.21622126705248323,0.0,0.0,1.5400613686883022,0.39167133869010184,0.7338260269038805,-0.153518270550026,0.3168552670483205
307.0,51.166666666666664,38.0,41.53479130667313,10.0,120.0,120.0,11.0,6.0,0.0,6.0,-27.942857047053067,-0.6412883085355421,-109.0,0.09166666665902778,0.09166666665902778,87.66666666666667,14.666666666666666,0.1673003802090532,120.0,1.0,0.0,-25.124999874375,-0.7053743073760789,0.6883333332759722,2.345276872505809,0.0,6.0,6.0,0.09166666665902778,0.1433224755653641,0.0,0.0,1.455100507031514,0.4435396308273061,0.8117548787991319,-0.10390209139671318,0.9669750041094928
147.0,24.5,23.5,15.510748961069977,7.0,53.0,53.0,9.0,6.0,0.0,6.0,-9.497142824581227,-0.38159519676807324,-44.0,0.1698113207226771,0.1698113207226771,37.333333333333336,11.666666666666666,0.3124999999162946,53.0,1.0,0.0,-6.6249999668749995,-0.33723314531931486,0.6452830187461731,2.1632653052394835,1.0,6.0,6.0,0.1698113207226771,0.23809523807904112,1.0,1.0,1.5923269397320978,0.3458049886449832,0.6330917940709819,-0.22467090144775237,0.566104847855307
222.0,37.0,34.5,13.856406460551018,22.0,65.0,34.0,26.0,6.0,0.0,6.0,1.5085714233991838,0.03575360142497171,-8.0,0.7647058821280277,0.3999999999384616,30.333333333333332,43.666666666666664,1.4395604390858592,65.0,4.0,3.0,-27.999998880000046,-0.8354703679811429,0.4923076922319527,1.7567567562819575,1.0,6.0,6.0,0.3999999999384616,0.5900900900635094,0.0,0.0,1.727284440538973,0.19369369368348077,0.3744974718055687,-0.455077248779867,0.05914755175531291
190.0,31.666666666666668,17.0,35.42441091802217,0.0,106.0,106.0,10.0,5.0,1.0,5.0,-20.84571421424327,-0.7874526532604021,-96.0,0.09433962263260948,0.09433962263260948,55.666666666666664,7.666666666666667,0.13772455087346266,106.0,1.0,0.0,-10.124999949375,-0.7152995015697764,0.8415094338828766,3.3473684199955676,0.0,4.0,1.0,0.09433962263260948,0.12105263157257617,0.0,0.0,1.235524892419202,0.5508771929673901,1.1186656075842794,0.056009597491589215,0.9307782398442096
37510.0,6251.666666666667,6049.0,1782.1933739699018,4343.0,9593.0,4461.0,6484.0,6.0,0.0,6.0,127.67999956224003,0.02696883227681625,2023.0,1.4534857655201672,0.675909517355701,6556.0,5947.333333333333,0.9071588366876543,9593.0,3.0,2.0,-398.2499940262501,-0.05902607709071422,0.38003405260740813,1.5344708077821363,1.0,6.0,6.0,0.675909517355701,0.475659824046794,0.0,0.0,1.7528154069425455,0.1545454545453957,0.2850749198560999,-0.5563294941763836,-0.015029756682684983
61.0,10.166666666666666,9.0,8.394773506308685,0.0,26.0,26.0,0.0,5.0,1.0,5.0,-5.177142839392654,-0.6381212681968514,-26.0,0.0,0.0,16.333333333333332,4.0,0.24489795903373596,26.0,1.0,0.0,-3.4999999825000003,-0.6770125468904898,0.7307692304881657,2.557377046664875,1.0,5.0,0.0,0.0,0.19672131144316043,1.0,1.0,1.4141004281063143,0.4453551912127862,0.8257154260378554,-0.09546097408880863,0.6127956162635878
3083.0,513.8333333333334,540.0,263.49536154466847,149.0,865.0,774.0,149.0,6.0,0.0,6.0,-176.05714225351838,-0.42815923733337097,-625.0,0.19250645994583324,0.17225433525812422,736.3333333333334,291.3333333333333,0.39565414214039396,865.0,2.0,1.0,-207.73333167146666,-0.6495137186970641,0.5826589595308364,1.6834252351277956,1.0,6.0,6.0,0.17225433525812422,0.28349010703767924,0.0,0.0,1.6454278198304197,0.28743647961863217,0.5128031687438347,-0.3220490552259026,0.8178208916838665
3885.0,647.5,431.0,346.03937637211175,388.0,1278.0,399.0,958.0,6.0,0.0,6.0,183.46285651384164,0.2628687645294407,559.0,2.4010025062054887,0.7496087636874054,420.3333333333333,874.6666666666666,2.080888183931462,1278.0,5.0,4.0,0.0,0.0,0.25039123630477006,1.9737451737146912,2.0,6.0,6.0,0.7496087636874054,0.6754182754165369,0.0,0.0,1.6621684291939194,0.2653367653361509,0.534423747284583,-0.30342091193771425,0.32618204887702573
54326.0,9054.333333333334,8749.5,1460.578956745882,7172.0,11462.0,7820.0,8825.0,6.0,0.0,6.0,405.9428557510531,0.049121293586813455,1005.0,1.1285166240394777,0.7699354388407171,8818.0,9290.666666666666,1.0536024797750203,11462.0,3.0,2.0,113.24999830125002,0.012942438566688214,0.1894375617982411,1.2659131907360017,2.0,6.0,6.0,0.7699354388407171,0.5130508412177387,1.0,1.0,1.7789334590921382,0.08976671698016725,0.1613127000048892,-0.7221890365880571,-0.33709797478564385
37502.0,6250.333333333333,4896.0,4689.132068470193,1178.0,15612.0,7753.0,1178.0,6.0,0.0,6.0,-1402.4228523345503,-0.3403692851465831,-6575.0,0.1519411840575881,0.07545477837556017,8844.0,3656.6666666666665,0.4134629880893862,15612.0,3.0,2.0,-3725.999944110001,-1.2384731337001316,0.7657784610124055,2.4977867847008195,1.0,6.0,6.0,0.07545477837556017,0.29251773238752804,0.0,0.0,1.5311325621523155,0.3929923737399976,0.7502211191610086,-0.14271275674991638,-0.17037448745494024
45508.0,7584.666666666667,3707.5,8174.538756950687,786.0,24258.0,3593.0,786.0,6.0,0.0,6.0,-3043.8857038495344,-0.564005421848914,-2807.0,0.2187586974666887,0.03240168191935345,13028.666666666666,2140.6666666666665,0.16430435450020647,24258.0,2.0,1.0,-4447.333297754667,-1.1627866315533943,0.8180291038004708,3.19829480530474,1.0,6.0,6.0,0.03240168191935345,0.14111804517883864,0.0,0.0,1.287754399732341,0.5341624915765102,1.077771656448085,0.03743031925960177,0.09937521591526964
562.0,93.66666666666667,75.5,48.947818019692036,57.0,198.0,99.0,198.0,6.0,0.0,6.0,15.42857137567347,0.09773287889727614,99.0,1.9999999997979798,0.999999999949495,79.66666666666667,107.66666666666667,1.3514644349768037,198.0,6.0,5.0,0.0,0.0,0.0,2.1138790033330377,0.0,6.0,6.0,0.999999999949495,0.5747330960751826,0.0,0.0,1.6756444322538155,0.25088967971109866,0.5225745695494621,-0.3135645635307366,-0.0390410397832207
31.0,5.166666666666667,6.0,2.4094720491334933,0.0,7.0,6.0,0.0,5.0,1.0,5.0,-1.268571424222041,-0.3677529709193532,-6.0,0.0,0.0,6.666666666666667,3.6666666666666665,0.549999999175,7.0,2.0,1.0,-2.9333333098666667,-0.8523300338302618,0.35714285663265305,1.3548387070551509,0.0,5.0,0.0,0.0,0.35483870956295527,0.0,0.0,1.6020181808520797,0.2204301074523065,0.4663494279619353,-0.3639313794695556,0.8199200616907877
4032.0,672.0,722.5,176.84267961477323,427.0,900.0,427.0,900.0,6.0,0.0,6.0,100.31999965604572,0.15682872005299492,473.0,2.1077283371871727,0.9999999999888889,531.0,813.0,1.5310734462988498,900.0,6.0,5.0,0.0,0.0,0.0,1.3392857142657844,1.0,6.0,6.0,0.9999999999888889,0.6049107142842141,0.0,0.0,1.7553948550784706,0.14343584656030495,0.26315874942282985,-0.5833322619971331,0.13872600883607317
2212.0,368.6666666666667,343.0,211.61495431299014,115.0,726.0,115.0,726.0,6.0,0.0,6.0,146.33142806972083,0.4472580898672052,611.0,6.3130434777119095,0.9999999999862259,183.0,554.3333333333334,3.02914389783083,726.0,6.0,5.0,0.0,0.0,0.0,1.9692585894583383,0.0,6.0,6.0,0.9999999999862259,0.7518083182606158,0.0,0.0,1.6241321280619703,0.32157926461611774,0.5740007802185808,-0.2706474006290747,0.9864124830421163
1265.0,210.83333333333334,193.5,73.49697650621796,146.0,355.0,146.0,159.0,6.0,0.0,6.0,-13.405714239751838,-0.04492603350900962,13.0,1.089041095815819,0.4478873239310454,243.0,178.66666666666666,0.7352537722605519,355.0,2.0,1.0,-16.533333201066668,-0.08405854975467314,0.4619718309729022,1.6837944663232982,2.0,6.0,6.0,0.4478873239310454,0.42371541501641335,1.0,1.0,1.7353912141887577,0.17957839262009712,0.3486022600920092,-0.4830169421606322,-0.38414624048626833
863.0,143.83333333333334,133.5,86.7821346181856,32.0,315.0,138.0,32.0,6.0,0.0,6.0,-27.531428477035107,-0.3065288591258556,-106.0,0.2318840579542113,0.1015873015840766,194.0,93.66666666666667,0.48281786939092003,315.0,3.0,2.0,-95.24999857125002,-1.1839996725655146,0.7026455026231964,2.190034762304285,1.0,6.0,6.0,0.1015873015840766,0.32560834298579827,0.0,0.0,1.6146680428048883,0.31498648126403683,0.6033520367009414,-0.24738669621530956,0.1413384143182757
352.0,58.666666666666664,38.0,57.74561070380636,10.0,176.0,176.0,10.0,6.0,0.0,6.0,-34.491428453172254,-0.6418683314200874,-166.0,0.05681818181495351,0.05681818181495351,103.0,14.333333333333334,0.13915857603826942,176.0,1.0,0.0,-18.874999905625,-0.5841460750537435,0.7999999999545455,2.9999999994886366,2.0,6.0,6.0,0.05681818181495351,0.12215909090562048,2.0,1.0,1.3593362502916029,0.4990530302951435,0.9843001822834664,-0.00791201738842366,0.49707984756303303
51665.0,8610.833333333334,8850.5,5048.014507925093,1131.0,16931.0,11590.0,1131.0,6.0,0.0,6.0,-2585.451419707024,-0.5004127567341295,-10459.0,0.09758412424495462,0.06680054338192262,12575.333333333334,4646.333333333333,0.3694799342625487,16931.0,3.0,2.0,-5523.749917143751,-1.511795362503379,0.7255724213962207,1.9662440723871482,1.0,6.0,6.0,0.06680054338192262,0.26979579986445956,0.0,0.0,1.5960146149445826,0.3275686312461208,0.5862399505954782,-0.2608432912360037,0.3880895511977639
16844.0,2807.3333333333335,2066.0,2176.448304514082,783.0,6857.0,6857.0,807.0,6.0,0.0,6.0,-1435.8171379343414,-0.5610292178249613,-6050.0,0.11768995187382575,0.11768995187382575,4593.0,1021.6666666666666,0.22243994484311827,6857.0,1.0,0.0,-1098.74999450625,-0.5685824846499854,0.7087064313829536,2.4425314652014634,0.0,6.0,6.0,0.11768995187382575,0.18196390406068513,0.0,0.0,1.5064445922983039,0.41484603815388454,0.7752724903252182,-0.12658761451885686,0.9917420644551692
14647.0,2441.1666666666665,2330.0,1371.4661761130758,701.0,5055.0,2871.0,701.0,6.0,0.0,6.0,-544.2171409912556,-0.3142429712429097,-2170.0,0.24416579588908338,0.13867457962386018,3367.6666666666665,1514.6666666666667,0.4497673958216874,5055.0,3.0,2.0,-1336.4999799525003,-0.9477690150541338,0.7003626772158911,2.070731207747372,1.0,6.0,6.0,0.13867457962386018,0.31023417764708794,0.0,0.0,1.6369295570867004,0.3027810017976982,0.5618076777937289,-0.2805674017566506,0.14032157689311836
512.0,85.33333333333333,70.0,64.78854494087327,12.0,195.0,195.0,12.0,6.0,0.0,6.0,-44.434285561939596,-0.6584803113159228,-183.0,0.06153846153530572,0.06153846153530572,140.33333333333334,30.333333333333332,0.2161520189869725,195.0,1.0,0.0,-39.874999800625005,-0.7521533551973277,0.674871794837186,2.2851562497322084,0.0,6.0,6.0,0.06153846153530572,0.1777343749965286,0.0,0.0,1.4919752286247498,0.421874999994829,0.7592407609368852,-0.13685405903039152,0.9908708231776384
16915.0,2819.1666666666665,2283.5,1692.0251590590751,1085.0,6295.0,2467.0,1085.0,6.0,0.0,6.0,-541.6114267144752,-0.2453649490350131,-1382.0,0.4398054316966364,0.17235901509106855,4009.3333333333335,1629.0,0.40630196208744684,6295.0,3.0,2.0,-761.2499885812501,-0.49493414283932785,0.7412231930091482,2.2329293526376603,1.0,6.0,6.0,0.17235901509106855,0.2889151640554012,0.0,0.0,1.6324450047590355,0.3065228101289317,0.6001862816623376,-0.24985448439088775,0.09964597831490282
4937.0,822.8333333333334,593.0,539.5758879795212,310.0,1820.0,688.0,383.0,6.0,0.0,6.0,-232.97142777266941,-0.3131825776914565,-305.0,0.5566860465035365,0.2104395604384042,1248.6666666666667,397.0,0.3179391350748697,1820.0,2.0,1.0,-367.06666373013337,-0.5316086851733346,0.6663461538424926,2.2118695563838946,1.0,6.0,6.0,0.2104395604384042,0.24123961920145587,0.0,0.0,1.5928931606098908,0.3478833299569526,0.6557535604289613,-0.2079092250115413,0.3247629125592574
482.0,80.33333333333333,67.5,57.042868869727165,17.0,185.0,76.0,17.0,6.0,0.0,6.0,-15.634285660682451,-0.33954433823271707,-59.0,0.22368421049688367,0.09189189188692476,106.66666666666667,54.0,0.506249999952539,185.0,3.0,2.0,-74.99999887500002,-1.410234628773606,0.7081081080698319,2.3029045640286845,1.0,6.0,6.0,0.09189189188692476,0.33609958505526766,0.0,0.0,1.542846689754245,0.388658367906102,0.7100772057588348,-0.16953783907553613,0.17937223480332076
35922.0,5987.0,5099.5,4810.715747162786,611.0,14012.0,9974.0,611.0,6.0,0.0,6.0,-3032.8457038873867,-0.7583882846986962,-9363.0,0.06125927411263158,0.04360548101624064,10192.666666666666,1781.3333333333333,0.17476617175730122,14012.0,2.0,1.0,-2723.1999782144003,-1.1059584974117533,0.787039680273489,2.3404042091158503,1.0,6.0,6.0,0.04360548101624064,0.14876677245138112,0.0,0.0,1.4427717454688005,0.4478870886920914,0.8035269328803659,-0.10893824956868359,0.6928796884324736
170.0,28.333333333333332,28.0,6.046119049072351,20.0,36.0,20.0,35.0,6.0,0.0,6.0,3.7714285584979597,0.1340862885336991,15.0,1.749999999125,0.9722222219521605,22.666666666666668,34.0,1.4999999993382351,36.0,4.0,3.0,7.999999680000013,0.23556606189012427,0.08333333331018518,1.2705882348456747,1.0,6.0,6.0,0.9722222219521605,0.5999999999647059,0.0,0.0,1.7687374084635097,0.11960784312464434,0.21339243695076798,-0.6482713578411785,0.5723674831698772
222.0,37.0,26.0,26.677081299622465,7.0,75.0,72.0,7.0,6.0,0.0,6.0,-17.41714279742694,-0.54071290228375,-65.0,0.09722222220871915,0.0933333333208889,58.666666666666664,15.333333333333334,0.26136363631908577,75.0,2.0,1.0,-9.733333255466667,-0.5746810629010434,0.7499999999000001,2.027027026479182,1.0,6.0,6.0,0.0933333333208889,0.20720720719787356,0.0,0.0,1.5311354983545884,0.38588588587423023,0.7210021970922281,-0.1621135656357039,0.7602106856720324
502.0,83.66666666666667,87.5,56.53219338473335,17.0,157.0,128.0,22.0,6.0,0.0,6.0,-35.45142844988082,-0.5537095413895731,-106.0,0.17187499998657227,0.14012738852610654,138.66666666666666,28.666666666666668,0.20673076921586078,157.0,2.0,1.0,-47.599999619200005,-0.8297003097601827,0.6544585986844293,1.8764940236801004,1.0,6.0,6.0,0.14012738852610654,0.17131474103244393,0.0,0.0,1.5359989346229,0.36786188578507795,0.6756835861909544,-0.19354275255911352,0.7711943980759796
3101.0,516.8333333333334,306.0,606.7905780049288,36.0,1839.0,1839.0,36.0,6.0,0.0,6.0,-341.93142739909223,-0.7824739396280329,-1803.0,0.019575856443612965,0.019575856443612965,893.6666666666666,140.0,0.15665796344472221,1839.0,1.0,0.0,-127.4999993625,-0.7160933329659513,0.8627514953732314,3.558207029921479,0.0,6.0,6.0,0.019575856443612965,0.1354401805864707,0.0,0.0,1.2480219504810237,0.5360098892821117,1.1740546494547337,0.08005992375478521,0.6985915780669181
3855.0,642.5,543.5,343.66492886725194,258.0,1330.0,530.0,258.0,6.0,0.0,6.0,-51.11999982473143,-0.11122583678293284,-272.0,0.4867924528210039,0.1939849624045565,757.6666666666666,527.3333333333334,0.6959964804131633,1330.0,3.0,2.0,-381.7499942737501,-0.8152212413577825,0.603508771925287,2.070038910473618,1.0,6.0,6.0,0.1939849624045565,0.41037613488868907,0.0,0.0,1.661009318091912,0.278815391266128,0.5348870488123005,-0.3030274778408228,-0.05402512229301656
139.0,23.166666666666668,16.0,14.937834143171122,11.0,55.0,16.0,11.0,6.0,0.0,6.0,-1.748571422576327,-0.07848598020939418,-5.0,0.6874999995703125,0.19999999996363635,28.666666666666668,17.666666666666668,0.6162790695524608,55.0,3.0,2.0,-11.249999831250003,-0.6081976530392817,0.6787878786644627,2.3741007183996685,1.0,6.0,6.0,0.19999999996363635,0.38129496400134566,0.0,0.0,1.619119454286918,0.3033573141310548,0.6447985958297756,-0.21595434519408505,-0.0507464313361654
184.0,30.666666666666668,22.5,26.960877005188255,3.0,85.0,85.0,3.0,6.0,0.0,6.0,-17.142857084081633,-0.6525763720689335,-82.0,0.035294117642906575,0.035294117642906575,51.333333333333336,10.0,0.19480519476724573,85.0,1.0,0.0,-10.874999945625001,-0.6640275306444908,0.7670588234391696,2.7717391295309546,1.0,6.0,6.0,0.035294117642906575,0.1630434782520085,1.0,1.0,1.432902027352043,0.4547101449128499,0.8791590324911955,-0.06430587571000788,0.8643357086898819
919.0,153.16666666666666,148.5,35.521902476578525,105.0,217.0,105.0,170.0,6.0,0.0,6.0,5.177142839392654,0.04990774359994639,65.0,1.6190476188934242,0.7834101382127461,152.66666666666666,153.66666666666666,1.0065502182746802,217.0,2.0,1.0,17.733333191466667,0.11699291960470172,0.3122119815524326,1.4167573448476547,1.0,6.0,6.0,0.7834101382127461,0.5016322089172837,1.0,1.0,1.7654015307772088,0.12785636561245095,0.23191666468504477,-0.6234864396822143,-0.6221412548545641
102932.0,17155.333333333332,12639.5,7563.995211232987,11134.0,30577.0,12711.0,11134.0,6.0,0.0,6.0,-365.4857130326204,-0.020846384111534163,-1577.0,0.8759342301936307,0.36412990155987696,18249.666666666668,16061.0,0.880070868873835,30577.0,3.0,2.0,-10010.249849846252,-0.5908836308447386,0.474735912613901,1.782361170480444,1.0,6.0,6.0,0.36412990155987696,0.4681051568025038,0.0,0.0,1.70219818431791,0.22088692858713532,0.4409121679105765,-0.38800965425918843,0.11587968204517476
17242.0,2873.6666666666665,2829.0,1578.8347672325378,811.0,5561.0,2717.0,811.0,6.0,0.0,6.0,-795.5657115580605,-0.3645789556646739,-1906.0,0.2984909827004104,0.14583707966166906,4056.6666666666665,1690.6666666666667,0.41676253081244846,5561.0,2.0,1.0,-1448.5333217450668,-0.733734076661513,0.5970149253720608,1.9351583342932313,1.0,6.0,6.0,0.14583707966166906,0.29416541004506774,0.0,0.0,1.6343062340103918,0.30632563894352227,0.549414720065089,-0.290809990441102,0.4469383727568612
4455.0,742.5,560.5,636.128066246622,154.0,2003.0,2003.0,154.0,6.0,0.0,6.0,-410.4342843070825,-0.6269039663934697,-1849.0,0.07688467299013038,0.07688467299013038,1245.3333333333333,239.66666666666666,0.1924518201269343,2003.0,1.0,0.0,-275.4999986225,-0.6269921294717924,0.7551672491225403,2.6976430976067656,0.0,6.0,6.0,0.07688467299013038,0.1613916947246658,0.0,0.0,1.4535820703627003,0.4478488589593659,0.8567381363475483,-0.07715781823752428,0.9450093574033214
20198.0,3366.3333333333335,2129.5,3390.0713692913437,309.0,9973.0,9973.0,309.0,6.0,0.0,6.0,-2194.902849617476,-0.8666807983355721,-9664.0,0.030983655870820227,0.030983655870820227,6027.666666666667,705.0,0.11696068130268712,9973.0,1.0,0.0,-1523.624992381875,-0.9299322971330568,0.794946355158132,2.962570551530956,0.0,6.0,6.0,0.030983655870820227,0.10471333795420106,0.0,0.0,1.3091873771072537,0.5282536224707317,1.0070515999449272,0.0035134123846597702,0.9960216689500728
30247.0,5041.166666666667,4221.0,3293.445987445706,1368.0,11720.0,4855.0,1368.0,6.0,0.0,6.0,-1572.9257088928262,-0.37470376639067876,-3487.0,0.2817713697213558,0.116723549487955,7443.333333333333,2639.0,0.3545454545449782,11720.0,2.0,1.0,-1838.1333186282668,-0.5999839157016683,0.7083617747434229,2.3248586636645125,1.0,6.0,6.0,0.116723549487955,0.2617449664428665,0.0,0.0,1.5971274865670329,0.3383641352860609,0.6533102762136753,-0.20969428955483882,0.23071652367751475
48628.0,8104.666666666667,6928.5,4061.9580117092405,3566.0,15083.0,11225.0,3566.0,6.0,0.0,6.0,-2209.508563853114,-0.288626312695232,-7659.0,0.31768374164782387,0.23642511436701158,10401.666666666666,5807.666666666667,0.5583400096133072,15083.0,2.0,1.0,-1027.9999917760001,-0.20015403495465445,0.6300470728630709,1.8610265690525691,2.0,6.0,6.0,0.23642511436701158,0.3582915192892247,1.0,1.0,1.6691637660522916,0.2751706835567489,0.5011875477137734,-0.33227857041890396,0.14574284025601297
3212.0,535.3333333333334,469.0,235.03664016961744,345.0,1027.0,537.0,348.0,6.0,0.0,6.0,-54.37714267070695,-0.11075572977167254,-189.0,0.6480446927253622,0.3388510223920268,655.0,415.6666666666667,0.634605597954688,1027.0,3.0,2.0,-154.49999768250004,-0.34792213843917347,0.5952612787997865,1.9184308841484725,1.0,6.0,6.0,0.3388510223920268,0.3882316313811076,0.0,0.0,1.7069392570255633,0.2160647571599299,0.43904727303591584,-0.38980840828250113,-0.0804958675457421
1475.0,245.83333333333334,131.5,287.5502371567252,22.0,864.0,864.0,22.0,6.0,0.0,6.0,-168.1028565665045,-0.7940273130590869,-842.0,0.025462962962668253,0.025462962962668253,432.3333333333333,59.333333333333336,0.13723978411401913,864.0,1.0,0.0,-74.62499962687501,-0.7418293437106119,0.8585648148048777,3.5145762710434747,0.0,6.0,6.0,0.025462962962668253,0.12067796610087676,0.0,0.0,1.238983614764521,0.5540112994330837,1.1696958799119792,0.0782118275301981,0.9423054886184525
132436.0,22072.666666666668,17214.0,14974.437982404846,7032.0,50844.0,22712.0,7032.0,6.0,0.0,6.0,-7355.24568906773,-0.38665328326906323,-15680.0,0.30961606199352343,0.138305404767497,34331.333333333336,9814.0,0.2858613123093717,50844.0,2.0,1.0,-8826.133262724266,-0.5605141914556339,0.710486979781152,2.303482436798618,2.0,6.0,6.0,0.138305404767497,0.22231115406685323,1.0,1.0,1.5777956183352402,0.36028471613960034,0.6784154451537978,-0.1916000926792481,0.35116714267692284
3970.0,661.6666666666666,581.0,359.5463190682886,251.0,1416.0,614.0,251.0,6.0,0.0,6.0,-157.5771423168784,-0.26140749932864454,-363.0,0.40879478826695775,0.1772598870043979,885.3333333333334,438.0,0.4947289156570625,1416.0,2.0,1.0,-154.39999876480002,-0.37287253506934775,0.6574858757015715,2.1400503778014097,1.0,6.0,6.0,0.1772598870043979,0.3309823677573527,0.0,0.0,1.6605009960480932,0.2612930310657313,0.5433949406491506,-0.29584460030929494,0.021302908730481903
158.0,26.333333333333332,22.5,16.44857305530044,11.0,60.0,18.0,29.0,6.0,0.0,6.0,1.9199999934171432,0.11498979591713673,11.0,1.6111111102160494,0.4833333332527778,29.666666666666668,23.0,0.7752808986150738,60.0,3.0,2.0,11.999999820000003,0.571605030461097,0.6166666665638889,2.278481011792982,1.0,6.0,6.0,0.4833333332527778,0.43670886073185383,1.0,1.0,1.6192549935523075,0.31856540082821483,0.6246293562931954,-0.2310500188076836,-0.5326716156786948
71384.0,11897.333333333334,11236.0,4165.292853516491,7227.0,19566.0,19566.0,7996.0,6.0,0.0,6.0,-2768.297133365839,-0.22904226868620786,-11570.0,0.40866809772032675,0.40866809772032675,15342.333333333334,8452.333333333334,0.5509157668321523,19566.0,1.0,0.0,-2170.624989146875,-0.20905257628213592,0.47032607584561464,1.6445702118107883,0.0,6.0,6.0,0.40866809772032675,0.3552196570659594,0.0,0.0,1.7329409363078807,0.19210654114831138,0.3501030640070315,-0.48136838832382883,0.9266639161843798
500.0,83.33333333333333,42.0,94.85193139250718,13.0,285.0,285.0,13.0,6.0,0.0,6.0,-55.95428552244247,-0.7092186900696598,-272.0,0.045614035086118804,0.045614035086118804,148.0,18.666666666666668,0.1261261261176041,285.0,1.0,0.0,-26.374999868125002,-0.6243421204233307,0.84912280698775,3.4199999995896007,0.0,6.0,6.0,0.045614035086118804,0.11199999999776,0.0,0.0,1.2617583869775002,0.5439999999942977,1.1382231765734996,0.06464394278758215,0.9567163895314698
57863.0,9643.833333333334,7063.0,7292.835169229835,1837.0,24069.0,13135.0,1837.0,6.0,0.0,6.0,-2734.2514191968526,-0.4170043650367751,-11298.0,0.13985534830594604,0.07632224022598516,14685.0,4602.666666666667,0.31342639881944384,24069.0,3.0,2.0,-4078.499938822501,-1.031927412062874,0.8087720027140821,2.495791784039027,1.0,6.0,6.0,0.07632224022598516,0.2386326322520024,0.0,0.0,1.528148200475162,0.39432510124484943,0.756217462200951,-0.13881113418180882,-0.10380894021015709
976.0,162.66666666666666,139.0,71.7534358449514,100.0,316.0,128.0,100.0,6.0,0.0,6.0,-13.371428525583674,-0.08949116747045002,-28.0,0.7812499999389648,0.31645569619251723,198.0,127.33333333333333,0.6430976430651634,316.0,3.0,2.0,-48.74999926875001,-0.3726504480467063,0.5970464134832159,1.9426229507002486,1.0,6.0,6.0,0.31645569619251723,0.39139344261894066,0.0,0.0,1.707599809620266,0.21277322404136023,0.4411071875443053,-0.3878218200733502,0.042332514716575696
397.0,66.16666666666667,66.0,22.88679871794121,31.0,105.0,58.0,31.0,6.0,0.0,6.0,-6.205714264437552,-0.12529751367757322,-27.0,0.5344827585285374,0.29523809520997735,79.0,53.333333333333336,0.6751054851466112,105.0,3.0,2.0,-16.499999752500003,-0.39243610193686945,0.49206349201662886,1.5869017629843474,2.0,6.0,6.0,0.29523809520997735,0.4030226700150372,1.0,1.0,1.7303162458144095,0.19101595297498863,0.34589620223398865,-0.4859986947947118,-0.356608482460428
241.0,40.166666666666664,31.0,30.969967531285675,18.0,108.0,33.0,18.0,6.0,0.0,6.0,-11.554285674671025,-0.26887898902487684,-15.0,0.5454545452892562,0.16666666665123459,56.666666666666664,23.666666666666668,0.41764705874982705,108.0,2.0,1.0,-6.399999948800001,-0.2573187973311254,0.7685185184473594,2.6887966798285157,2.0,6.0,6.0,0.16666666665123459,0.2946058091164064,1.0,1.0,1.557104880368836,0.34508990317073485,0.7710365358566468,-0.1292821798188604,-0.11189837522985537
265.0,44.166666666666664,25.5,38.64115537725146,8.0,117.0,29.0,8.0,6.0,0.0,6.0,-15.737142803186941,-0.44574338384772716,-21.0,0.2758620688703924,0.06837606837022427,73.0,15.333333333333334,0.21004566207168326,117.0,2.0,1.0,-26.799999785600004,-0.8830403155325818,0.7457264956627585,2.6490566031737988,1.0,6.0,6.0,0.06837606837022427,0.17358490565382698,0.0,0.0,1.439996457502709,0.4547169811218781,0.8748940838151513,-0.06672692449050786,0.23590724059655488
167.0,27.833333333333332,24.0,10.66796867053684,19.0,50.0,50.0,19.0,6.0,0.0,6.0,-6.548571406119184,-0.2088007930996681,-31.0,0.379999999924,0.379999999924,35.666666666666664,20.0,0.5607476633941829,50.0,1.0,0.0,-3.6249999818750003,-0.1455239910616415,0.5319999998936,1.7964071849833267,0.0,6.0,6.0,0.379999999924,0.3592814371042346,0.0,0.0,1.7262655303372958,0.1906187624615041,0.38328031137858815,-0.4458385499953387,0.9123644937533226
281.0,46.833333333333336,38.5,20.020128759714698,26.0,84.0,38.0,26.0,6.0,0.0,6.0,-6.205714264437552,-0.1422011450833062,-12.0,0.6842105261357341,0.30952380948696145,61.333333333333336,32.333333333333336,0.527173912957526,84.0,3.0,2.0,-4.499999932500001,-0.15050301933906804,0.6150793650061414,1.793594305666848,2.0,6.0,6.0,0.30952380948696145,0.345195729525082,1.0,1.0,1.7067099102841037,0.22597864767857279,0.42747605883501644,-0.4010742859104099,0.05798640128395185
1220.0,203.33333333333334,199.0,42.5702034552599,151.0,267.0,267.0,223.0,6.0,0.0,6.0,-2.4685714201077547,-0.0026757518004277858,-44.0,0.8352059924780821,0.8352059924780821,194.0,212.66666666666666,1.0962199312149714,267.0,1.0,0.0,19.374999903125,0.10500869736934368,0.28614232208666135,1.313114754033781,1.0,6.0,6.0,0.8352059924780821,0.5229508196678447,1.0,1.0,1.769907014630327,0.11693989070862898,0.20936165632704729,-0.6537650168478306,-0.5768425849770377
260.0,43.333333333333336,28.0,36.15552823873857,8.0,109.0,73.0,8.0,6.0,0.0,6.0,-21.32571421259755,-0.5805033209458389,-65.0,0.10958904108087822,0.07339449540611061,72.0,14.666666666666666,0.20370370367541155,109.0,2.0,1.0,-11.466666574933333,-0.6002419241696009,0.8211009173558623,2.515384614804142,1.0,6.0,6.0,0.07339449540611061,0.16923076922426036,0.0,0.0,1.4605201925954512,0.44487179486146444,0.8343583437783457,-0.09029950802835081,0.5190415957637081
67.0,11.166666666666666,10.0,10.30237297368373,0.0,32.0,12.0,0.0,5.0,1.0,5.0,-5.177142839392654,-0.6693638091955333,-12.0,0.0,0.0,18.666666666666668,3.6666666666666665,0.1964285713233418,32.0,2.0,1.0,-5.466666622933333,-1.1341037627406285,0.8203124997436523,2.8656716392247716,1.0,5.0,0.0,0.0,0.1641791044531076,0.0,0.0,1.361817039659795,0.4751243780686121,0.9226005639812886,-0.04025767836191176,0.2712656166034827
666.0,111.0,114.5,23.607908279501032,81.0,144.0,144.0,84.0,6.0,0.0,6.0,-14.4685713789649,-0.12944260802997906,-60.0,0.583333333292824,0.583333333292824,133.0,89.0,0.6691729322805132,144.0,1.0,0.0,-13.999999930000001,-0.13048017822142868,0.27499999998090274,1.2972972971804237,2.0,6.0,6.0,0.583333333292824,0.40090090089488134,2.0,1.0,1.7688407716922,0.11811811811490291,0.21268385835472248,-0.6492344530942782,0.43748440025474516
294.0,49.0,45.0,9.695359714832659,41.0,68.0,54.0,68.0,6.0,0.0,6.0,1.7142857084081633,0.02382668750981807,14.0,1.2592592590260632,0.9999999998529413,47.666666666666664,50.333333333333336,1.0559440557225293,68.0,6.0,5.0,0.0,0.0,0.0,1.387755101757601,1.0,6.0,6.0,0.9999999998529413,0.5136054421594012,0.0,0.0,1.7732248564955928,0.10204081631933848,0.1978644839357962,-0.6696379487140011,-0.21189149565980883
4006.0,667.6666666666666,603.5,435.47126451951135,139.0,1382.0,1382.0,139.0,6.0,0.0,6.0,-301.71428467983674,-0.5543960131635899,-1243.0,0.10057887120042998,0.10057887120042998,1037.6666666666667,297.6666666666667,0.2868615483428828,1382.0,1.0,0.0,-282.124998589375,-0.6350473405127899,0.620260492036033,2.069895157233102,0.0,6.0,6.0,0.10057887120042998,0.2229156265596033,0.0,0.0,1.568434560410839,0.36611749043038233,0.6522285539385758,-0.2104862824319496,0.9852117098935714
460.0,76.66666666666667,66.5,22.62496163287109,53.0,116.0,63.0,116.0,6.0,0.0,6.0,12.137142815529796,0.1481755789633806,53.0,1.8412698409775763,0.9999999999137932,58.666666666666664,94.66666666666667,1.613636363361312,116.0,6.0,5.0,0.0,0.0,0.0,1.513043478063516,1.0,6.0,6.0,0.9999999999137932,0.6173913043344045,0.0,0.0,1.7502665488799645,0.15797101448795425,0.2951081951728697,-0.5442725228084958,0.03516546537674285
122.0,20.333333333333332,19.0,3.4960294939005054,16.0,25.0,18.0,16.0,6.0,0.0,6.0,-0.5485714266906123,-0.02936155022694562,-2.0,0.8888888883950616,0.639999999744,21.0,19.666666666666668,0.9365079360619804,25.0,3.0,2.0,-6.749999898750001,-0.3186623906940136,0.21333333324799994,1.2295081961166354,0.0,6.0,6.0,0.639999999744,0.4836065573374093,0.0,0.0,1.7771912140602266,0.09289617484618073,0.17193587666464655,-0.7065780127836325,0.31242897254959634
514.0,85.66666666666667,77.0,28.02181689723602,57.0,131.0,131.0,57.0,6.0,0.0,6.0,-15.908571374027758,-0.183292255351943,-74.0,0.435114503783579,0.435114503783579,107.33333333333333,64.0,0.5962732918699125,131.0,1.0,0.0,-11.99999994,-0.15748399960938944,0.4152671755408193,1.5291828791989281,1.0,6.0,6.0,0.435114503783579,0.37354085602386106,1.0,1.0,1.7399179973808394,0.1770428015520631,0.3271029209412256,-0.5070421203389425,0.1226821270827692
479.0,79.83333333333333,68.0,29.373551973766396,53.0,135.0,71.0,53.0,6.0,0.0,6.0,-6.959999976137143,-0.08515810724202488,-18.0,0.7464788731342988,0.39259259256351164,90.33333333333333,69.33333333333333,0.7675276751917867,135.0,2.0,1.0,1.4666666549333334,0.0020836722053769585,0.49444444440781893,1.6910229642975756,2.0,6.0,6.0,0.39259259256351164,0.43423799581556916,1.0,1.0,1.7287876172691692,0.19380654140097264,0.3679359328194619,-0.46205677611854656,-0.4452198051890543
425.0,70.83333333333333,44.0,48.59498145099165,36.0,170.0,44.0,36.0,6.0,0.0,6.0,14.022857094778779,0.14676766943491895,-8.0,0.8181818179958678,0.21176470586989618,41.666666666666664,100.0,2.399999999424,170.0,5.0,4.0,0.0,0.0,0.7882352940712802,2.3999999996611767,1.0,6.0,6.0,0.21176470586989618,0.7058823529245675,0.0,0.0,1.5914426599817884,0.32980392156275884,0.6860467968583226,-0.1862066957960493,-0.011518264063008625
2878.0,479.6666666666667,318.5,389.3630125673926,63.0,1192.0,772.0,63.0,6.0,0.0,6.0,-229.09714207166692,-0.6259159788463272,-709.0,0.08160621761552324,0.0528523489928452,794.6666666666666,164.66666666666666,0.20721476509806358,1192.0,2.0,1.0,-143.1999988544,-0.7553474987078274,0.8083053691207358,2.485059068745968,1.0,6.0,6.0,0.0528523489928452,0.1716469770668115,0.0,0.0,1.4707246461072283,0.43560342830576637,0.8117366488379608,-0.103913199118615,0.5134048579041425
216.0,36.0,32.5,21.96967607104544,5.0,75.0,36.0,5.0,6.0,0.0,6.0,-9.668571395422042,-0.42359706863459334,-31.0,0.13888888885030864,0.06666666665777779,53.333333333333336,18.666666666666668,0.34999999993437503,75.0,3.0,2.0,-17.999999730000003,-1.207078416219399,0.751111111010963,2.0833333327546297,1.0,6.0,6.0,0.06666666665777779,0.2592592592472565,0.0,0.0,1.5918562716726914,0.3379629629513532,0.6102687795817432,-0.24202867563619362,0.34096179226025985
246.0,41.0,42.5,18.439088914585774,18.0,70.0,54.0,18.0,6.0,0.0,6.0,-9.188571397067756,-0.2709267038825368,-36.0,0.3333333332716049,0.25714285710612245,54.666666666666664,27.333333333333332,0.49999999990853655,70.0,3.0,2.0,-20.249999696250004,-0.663151803044714,0.6095238094367348,1.7073170727543128,1.0,6.0,6.0,0.25714285710612245,0.3333333333197832,0.0,0.0,1.6857143628113938,0.2506775067654652,0.4497338758558155,-0.3795635413261249,0.34342697714888537
173.0,28.833333333333332,12.0,42.439826683068446,0.0,123.0,9.0,14.0,5.0,1.0,5.0,13.748571381433472,0.5821935999166068,5.0,1.5555555538271604,0.11382113820212837,6.333333333333333,51.333333333333336,8.105263145096954,123.0,5.0,4.0,0.0,0.0,0.8861788617165709,4.265895952277724,1.0,4.0,4.0,0.11382113820212837,0.8901734103531691,0.0,0.0,0.9925347447527969,0.6194605009461838,1.4719015029485352,0.19090627305839744,-0.11804624644664799
23459.0,3909.8333333333335,3305.5,1922.166782276941,1739.0,7018.0,3989.0,1739.0,6.0,0.0,6.0,-979.6457109269292,-0.2841435550027257,-2250.0,0.43594885936215605,0.24779139355906557,5599.333333333333,2220.3333333333335,0.3965353018209373,7018.0,2.0,1.0,-1663.7333200234668,-0.4985003313989892,0.5564263322876084,1.7949614220509102,1.0,6.0,6.0,0.24779139355906557,0.28394219702447504,0.0,0.0,1.6731165701801745,0.27164414510412205,0.49162371344184097,-0.34082073245037825,0.4847235146191543
130969.0,21828.166666666668,19924.0,12386.2773182888,8054.0,45700.0,45700.0,8054.0,6.0,0.0,6.0,-8043.737115278616,-0.3887270417006357,-37646.0,0.17623632385116494,0.17623632385116494,31760.666666666668,11895.666666666666,0.3745408366741752,45700.0,1.0,0.0,-5711.124971444376,-0.37200086466190224,0.62683150984669,2.093625209017969,1.0,6.0,6.0,0.17623632385116494,0.2724843283524901,1.0,1.0,1.6397502506548116,0.30473496272652967,0.5674446923294729,-0.2759620864371442,0.7258410391117447
5326.0,887.6666666666666,713.5,416.6611999641382,554.0,1747.0,569.0,554.0,6.0,0.0,6.0,-41.48571414347755,-0.04277934228989414,-15.0,0.9736379613185652,0.3171150543771201,1033.0,742.3333333333334,0.7186189093186324,1747.0,3.0,2.0,-356.24999465625007,-0.4637594686515435,0.5750810913914802,1.9680811115061803,1.0,6.0,6.0,0.3171150543771201,0.41813743897781047,0.0,0.0,1.6949249502937416,0.2341970209033042,0.4693892601871321,-0.3611097169269001,0.0989857282156064
1836.0,306.0,204.0,201.0613505044335,121.0,638.0,121.0,638.0,6.0,0.0,6.0,130.6971424090384,0.43096244506735804,517.0,5.272727272291511,0.999999999984326,141.0,471.0,3.3404255316779836,638.0,6.0,5.0,0.0,0.0,0.0,2.084967320193302,0.0,6.0,6.0,0.999999999984326,0.7696078431330632,0.0,0.0,1.5876366328686342,0.34604212055055106,0.6570632369211205,-0.2069545418697405,0.9010096646625163
15955.0,2659.1666666666665,2310.0,2122.7926901974097,266.0,6027.0,3389.0,266.0,6.0,0.0,6.0,-1203.2571387316898,-0.7162452766290593,-3123.0,0.07848922986108442,0.0441347270614831,4618.333333333333,700.0,0.151569830385814,6027.0,2.0,1.0,-1752.9333193098666,-1.219507048542172,0.7287622366007487,2.266499529919399,1.0,6.0,6.0,0.0441347270614831,0.1316201817611209,0.0,0.0,1.442479034422321,0.44365402695063083,0.7982924563545323,-0.11216615124472319,0.6118616029873578
49273.0,8212.166666666666,3899.0,9245.339698404214,723.0,27356.0,27356.0,723.0,6.0,0.0,6.0,-5618.571409307757,-0.8255542812926313,-26633.0,0.02642930252959993,0.02642930252959993,14526.0,1898.3333333333333,0.13068520813245396,27356.0,1.0,0.0,-3063.24998468375,-0.8092796829291419,0.8397645854654043,3.33115499360299,0.0,6.0,6.0,0.02642930252959993,0.11558054106709241,0.0,0.0,1.2496893449529376,0.5543096624925847,1.1258100418151469,0.05918216554708734,0.9924602191771018
3347.0,557.8333333333334,547.0,165.57718911599977,337.0,836.0,416.0,836.0,6.0,0.0,6.0,105.56571392377471,0.189962507854875,420.0,2.0096153845670766,0.9999999999880382,414.0,701.6666666666666,1.694847020893039,836.0,6.0,5.0,0.0,0.0,0.0,1.4986555123722975,1.0,6.0,6.0,0.9999999999880382,0.6289214221672276,0.0,0.0,1.74792178061363,0.16706503336254652,0.29682197032512375,-0.5422317370831228,0.6505281733505933
2741.0,456.8333333333333,209.0,489.4651559497253,23.0,1292.0,1292.0,23.0,6.0,0.0,6.0,-316.62857034298776,-1.012063546368331,-1269.0,0.017801857585001534,0.017801857585001534,848.6666666666666,65.0,0.07659073055683514,1292.0,1.0,0.0,-263.99999868000003,-1.1377063420675408,0.7756965944212408,2.8281649032580485,0.0,6.0,6.0,0.017801857585001534,0.0711419190074019,0.0,0.0,1.2154471756136307,0.561534719687627,1.0714304763349383,0.03448364652972222,0.9092755954260178
3347.0,557.8333333333334,627.0,342.83884293093485,93.0,969.0,742.0,93.0,6.0,0.0,6.0,-209.38285642497308,-0.5709765215701601,-649.0,0.1253369272220305,0.09597523219715196,867.0,248.66666666666666,0.2868127643181067,969.0,2.0,1.0,-368.26666372053336,-1.0708796878558857,0.5779153766710226,1.7370779802497087,1.0,6.0,6.0,0.09597523219715196,0.22288616671579659,0.0,0.0,1.5652509399553522,0.3414500547746697,0.6145900978633801,-0.23870448767691194,0.7844929714348464
28435.0,4739.166666666667,3279.5,3910.3891288321793,496.0,10406.0,496.0,10406.0,6.0,0.0,6.0,2603.554276787814,0.7422081551544795,9910.0,20.979838709254437,0.999999999999039,1507.0,7971.333333333333,5.289537712860278,10406.0,6.0,5.0,0.0,0.0,0.0,2.1957446808464307,0.0,6.0,6.0,0.999999999999039,0.8410058027076346,0.0,0.0,1.438949104062679,0.4450911435436602,0.8251216730417994,-0.09581735263963706,0.8477626480017677
11306.0,1884.3333333333333,1159.0,1623.743993231555,289.0,4863.0,4863.0,289.0,6.0,0.0,6.0,-1064.2971392081245,-0.6638470512051287,-4574.0,0.05942833641772686,0.05942833641772686,3178.0,590.6666666666666,0.18586112859182127,4863.0,1.0,0.0,-823.124995884375,-0.6983561267730553,0.7350195352647851,2.5807535821550642,0.0,6.0,6.0,0.05942833641772686,0.15673093932411397,0.0,0.0,1.4383975125000183,0.4576036322894004,0.8617074083971014,-0.07428266706885986,0.9746409485463579
246629.0,41104.833333333336,42528.0,11187.410951849206,22863.0,54816.0,54816.0,41312.0,6.0,0.0,6.0,-4938.342840211396,-0.12259236360731827,-13504.0,0.7536485697605164,0.7536485697605164,46236.666666666664,35973.0,0.7780188883279985,54816.0,1.0,0.0,-3860.4999806975,-0.09953137242373339,0.3001568884996534,1.3335658012639227,1.0,6.0,6.0,0.7536485697605164,0.43757627853981335,1.0,1.0,1.7525479249167393,0.15230501414404274,0.2721677730967522,-0.5721196860153843,-0.05143315265548171
19971.0,3328.5,1812.5,3311.97618499892,441.0,9549.0,9549.0,441.0,6.0,0.0,6.0,-2113.2685641830794,-0.7781419584642388,-9108.0,0.046182846371299414,0.046182846371299414,5757.333333333333,899.6666666666666,0.15626447429338305,9549.0,1.0,0.0,-1519.624992401875,-0.8061059998700033,0.7817153628644028,2.868859846769209,0.0,6.0,6.0,0.046182846371299414,0.1351459616443167,0.0,0.0,1.326890310990762,0.5143875285829718,0.9950356571996304,-0.002488347904685369,0.9256857683500814
22837.0,3806.1666666666665,3910.0,1510.1767464623324,1477.0,6253.0,3502.0,1477.0,6.0,0.0,6.0,-214.86857069187923,-0.10479408561209544,-2025.0,0.42175899485887564,0.2362066208216277,4144.333333333333,3468.0,0.8368052762788464,6253.0,3.0,2.0,-2130.7499680387505,-0.8042505415256572,0.4453862146162716,1.642860270609162,2.0,6.0,6.0,0.2362066208216277,0.45557647676995416,1.0,1.0,1.7085670004595042,0.22251171344737397,0.3967710504335153,-0.431873891842642,-0.28027485714796224
4277.0,712.8333333333334,653.5,458.5478588859498,147.0,1649.0,621.0,147.0,6.0,0.0,6.0,-201.4285707379592,-0.3730119000083527,-474.0,0.23671497584159878,0.08914493632450489,985.3333333333334,440.3333333333333,0.44688768605771084,1649.0,2.0,1.0,-244.93333137386665,-0.6645299181031765,0.6957246816210084,2.3133037175265843,2.0,6.0,6.0,0.08914493632450489,0.30886135141382076,1.0,1.0,1.5973142995116962,0.32090250175298585,0.6432749949209965,-0.21708174600571054,0.015380660263326452
3762.0,627.0,471.0,494.34940409930033,107.0,1542.0,1542.0,107.0,6.0,0.0,6.0,-326.6057131659233,-0.6218924808992293,-1435.0,0.06939040207477698,0.06939040207477698,997.0,257.0,0.25777331995729413,1542.0,1.0,0.0,-252.24999873875,-0.6616065861606397,0.7120622568047208,2.459330143501446,0.0,6.0,6.0,0.06939040207477698,0.2049441786278444,0.0,0.0,1.4901362731143797,0.4220272904476392,0.7884360511824816,-0.1182955066588415,0.934757559218596
1308.0,218.0,203.0,69.421418404793,118.0,326.0,191.0,118.0,6.0,0.0,6.0,-27.839999904548574,-0.1473377375271958,-73.0,0.6178010470880733,0.3619631901729459,267.3333333333333,168.66666666666666,0.6309226932432324,326.0,3.0,2.0,-72.74999890875002,-0.44711617922273406,0.48261758689726125,1.4954128439681003,1.0,6.0,6.0,0.3619631901729459,0.38685015290224123,0.0,0.0,1.7406126460593287,0.17838939857117087,0.318446873401874,-0.5169363592130959,0.4223244931502369
3483.0,580.5,546.0,351.08249268037656,144.0,1210.0,373.0,144.0,6.0,0.0,6.0,-97.95428537844245,-0.26539069048077496,-229.0,0.38605898122289384,0.11900826446182639,768.3333333333334,392.6666666666667,0.5110629067178604,1210.0,3.0,2.0,-431.2499935312501,-1.201888084163824,0.6754820936583293,2.0844099913508285,1.0,6.0,6.0,0.11900826446182639,0.33821418317445245,0.0,0.0,1.6075007911970232,0.3300315819688502,0.6047932690341579,-0.24626644351921423,0.35069395438511336
811.0,135.16666666666666,138.5,39.07862444980489,66.0,197.0,146.0,66.0,6.0,0.0,6.0,-19.5085713616849,-0.16909153207791514,-80.0,0.45205479448958524,0.3350253806936535,154.66666666666666,115.66666666666667,0.7478448275378549,197.0,2.0,1.0,-24.533333137066666,-0.25766175663942953,0.40609137053776184,1.4574599259094358,2.0,6.0,6.0,0.3350253806936535,0.4278668310674739,1.0,1.0,1.7470329010225236,0.15556925605975702,0.28911436088962084,-0.5514527342212001,-0.007198940388197817
244.0,40.666666666666664,19.0,48.63012326623169,14.0,149.0,16.0,14.0,6.0,0.0,6.0,-12.754285670556738,-0.18721499493769833,-2.0,0.874999999453125,0.09395973153731814,60.666666666666664,20.666666666666668,0.34065934060318803,149.0,2.0,1.0,-0.39999999680000003,-0.04077368148247396,0.8674496643713121,3.6639344253285406,2.0,6.0,6.0,0.09395973153731814,0.2540983606453238,1.0,1.0,1.284121498661452,0.4863387978029168,1.1958227029739377,0.08917965141476344,-0.31864252734053794
3659.0,609.8333333333334,388.0,655.3226728532712,147.0,2048.0,329.0,147.0,6.0,0.0,6.0,-110.77714247733553,-0.27358156600170325,-182.0,0.44680851062471705,0.07177734374964953,941.3333333333334,278.3333333333333,0.2956798866824113,2048.0,3.0,2.0,-263.24999605125004,-0.9115453528173727,0.8640950520791142,3.3582946159602356,1.0,6.0,6.0,0.07177734374964953,0.22820442743856736,0.0,0.0,1.352424479159421,0.48041359205536693,1.0745930683397518,0.03595551797338489,-0.055853729382275154
185.0,30.833333333333332,18.5,23.884560331356788,8.0,72.0,72.0,19.0,6.0,0.0,6.0,-13.748571381433473,-0.39016228402785147,-53.0,0.26388888885223766,0.26388888885223766,48.333333333333336,13.333333333333334,0.27586206890844234,72.0,1.0,0.0,-9.624999951875001,-0.29557755901129956,0.6861111110158179,2.335135134377794,0.0,6.0,6.0,0.26388888885223766,0.21621621620452885,1.0,1.0,1.5107656330829478,0.40270270268856434,0.7746343888738523,-0.12699269901156143,0.7963702256724826
9463.0,1577.1666666666667,1044.0,1353.5090711020578,414.0,4369.0,819.0,414.0,6.0,0.0,6.0,-484.2171411969699,-0.33950053040820555,-405.0,0.5054945054883334,0.0947585259782679,2399.0,755.3333333333334,0.3148534111422196,4369.0,2.0,1.0,-729.4666608309334,-0.7346274126685381,0.7553788052168565,2.770157455334861,1.0,6.0,6.0,0.0947585259782679,0.2394589453659099,0.0,0.0,1.4756570254728496,0.431557997815774,0.8581902595964129,-0.07631604980431167,0.024656619925251356
2660.0,443.3333333333333,327.5,328.59177645759115,92.0,1101.0,1101.0,92.0,6.0,0.0,6.0,-210.85714213420414,-0.5248074240666113,-1009.0,0.08356039963593498,0.08356039963593498,690.3333333333334,196.33333333333334,0.28440366972065084,1101.0,1.0,0.0,-137.74999931125,-0.5124765930581492,0.7168029064421727,2.4834586465605235,0.0,6.0,6.0,0.08356039963593498,0.221428571427739,0.0,0.0,1.5401768641765585,0.385338345863689,0.7411844581582993,-0.14864337928498456,0.9259139625932086
5104.0,850.6666666666666,503.5,726.9320616276477,196.0,2071.0,2071.0,196.0,6.0,0.0,6.0,-468.54856982211936,-0.6176894466371671,-1875.0,0.0946402704003156,0.0946402704003156,1406.3333333333333,295.0,0.2097653472371906,2071.0,1.0,0.0,-396.49999801750005,-0.6433313364088011,0.7070980202766437,2.4345611284980264,0.0,6.0,6.0,0.0946402704003156,0.17339341692755997,0.0,0.0,1.442282566217342,0.44625130616457254,0.8545439595835842,-0.07843224187434238,0.8500163493254028
574.0,95.66666666666667,88.5,27.432746044746516,59.0,140.0,59.0,121.0,6.0,0.0,6.0,11.245714247157553,0.1246785692591696,62.0,2.0508474572795174,0.8642857142239796,77.33333333333333,114.0,1.4741379308438616,140.0,4.0,3.0,79.99999680000013,0.7946035631538643,0.2785714285515306,1.4634146339933713,2.0,6.0,6.0,0.8642857142239796,0.5958188153206303,0.0,0.0,1.7510681995562183,0.1602787456407464,0.2867534429464702,-0.5542993188467978,-0.5101992079420972
1750.0,291.6666666666667,179.0,294.5146666787392,53.0,904.0,904.0,53.0,6.0,0.0,6.0,-180.4114279528751,-0.683876898330903,-851.0,0.058628318583422254,0.058628318583422254,495.0,88.33333333333333,0.17845117844757336,904.0,1.0,0.0,-99.24999950375,-0.6421616009571065,0.8128318583980881,3.099428571322305,0.0,6.0,6.0,0.058628318583422254,0.15142857142770613,0.0,0.0,1.3551719663959387,0.5011428571412686,1.0097645714353425,0.004858564833120965,0.9747421420248885
27505.0,4584.166666666667,2453.0,4404.088646423407,468.0,10679.0,10589.0,468.0,6.0,0.0,6.0,-2832.7199902878174,-0.83281804315948,-10121.0,0.04419680800826877,0.0438243281205695,8335.0,833.3333333333334,0.0999800039990802,10679.0,2.0,1.0,-1348.3999892128002,-0.870706115393742,0.8539891375588968,2.329540083616078,1.0,6.0,6.0,0.0438243281205695,0.09089256498815092,0.0,0.0,1.3181707100317652,0.5017330182390067,0.9607173924189347,-0.020034813650742896,0.8031230359941732
39770.0,6628.333333333333,5488.5,3949.48358086922,2084.0,12047.0,5029.0,2084.0,6.0,0.0,6.0,-1647.3599943519089,-0.3214490402428007,-2945.0,0.414396500297446,0.17298912592332283,9618.333333333334,3638.3333333333335,0.37827066366275,12047.0,2.0,1.0,-4286.666632373333,-0.7891930453799346,0.5290528762343081,1.8175006286117916,1.0,6.0,6.0,0.17298912592332283,0.2744531053557268,0.0,0.0,1.6125835021958843,0.3244572961192904,0.5958486669645353,-0.2532516656499093,0.42895282659541417
82.0,13.666666666666666,14.0,11.45522685162639,0.0,32.0,32.0,0.0,4.0,2.0,4.0,-7.885714258677553,-0.9311068919521318,-32.0,0.0,0.0,23.333333333333332,4.0,0.17142857135510203,32.0,1.0,0.0,-7.4999999625000004,-1.1380252162991882,0.6874999997851562,2.3414634129208802,0.0,4.0,0.0,0.0,0.14634146339678764,0.0,0.0,1.3202954412109713,0.46747967476353347,0.8381873299935012,-0.08802838896477622,0.9203368974103171
167279.0,27879.833333333332,26067.0,8406.8164092532,19152.0,44680.0,23088.0,21693.0,6.0,0.0,6.0,-2127.3942784203628,-0.06724296490464948,-1395.0,0.9395790020785951,0.4855192479855673,32271.333333333332,23488.333333333332,0.7278389489121219,44680.0,2.0,1.0,-1545.4666543029334,-0.058615231724233156,0.4432016562219241,1.602592076709592,2.0,6.0,6.0,0.4855192479855673,0.4212423555855534,1.0,1.0,1.749513145071703,0.15680290612289127,0.3015375418044172,-0.5366441118762463,-0.26594640735231895
377.0,62.833333333333336,45.5,52.64793970855418,7.0,160.0,101.0,7.0,6.0,0.0,6.0,-30.822857037178775,-0.6583916904265593,-94.0,0.06930693068620723,0.04374999999726562,102.66666666666667,23.0,0.2240259740041533,160.0,2.0,1.0,-19.466666510933333,-0.8316669157850706,0.8187499999488281,2.5464190977379704,1.0,6.0,6.0,0.04374999999726562,0.18302387267419035,0.0,0.0,1.44613296313114,0.4496021220087698,0.8378982445651225,-0.0881995266903812,0.4506661955163051
101.0,16.833333333333332,14.0,5.520165053893065,12.0,25.0,24.0,13.0,6.0,0.0,6.0,-2.914285704293878,-0.14933540258318645,-11.0,0.5416666664409722,0.519999999792,20.333333333333332,13.333333333333334,0.6557377045955389,25.0,2.0,1.0,0.7999999936000001,0.0573284370399606,0.479999999808,1.4851485139692187,2.0,6.0,6.0,0.519999999792,0.3960396039211842,1.0,1.0,1.7403874357149394,0.16996699667761317,0.3279305970661639,-0.5061028067465269,0.45088350482177597
3651.0,608.5,586.5,418.651306777689,147.0,1387.0,756.0,147.0,6.0,0.0,6.0,-218.91428496372248,-0.46963684362940145,-609.0,0.19444444444187242,0.10598413842749832,867.0,350.0,0.4036908881152977,1387.0,2.0,1.0,-194.66666510933334,-0.630326256396096,0.7281903388556007,2.2793755135204705,2.0,6.0,6.0,0.10598413842749832,0.2875924404264925,1.0,1.0,1.5555539549187405,0.3725463343369215,0.6880054342987821,-0.1848303088043021,0.15996201383233505
43220.0,7203.333333333333,5391.0,5645.356430042502,1083.0,14990.0,3584.0,1083.0,6.0,0.0,6.0,-1981.5085646348282,-0.4369299863342961,-2501.0,0.30217633928487114,0.07224816544358088,11002.0,3404.6666666666665,0.30945888626282236,14990.0,3.0,2.0,-4586.249931206251,-1.4199631470528364,0.7728708027568783,2.080981027299286,1.0,6.0,6.0,0.07224816544358088,0.2363257751040638,0.0,0.0,1.469870532289474,0.426677464136912,0.7837144511848216,-0.12125570248652956,0.3616068491222511
750.0,125.0,125.0,38.60915262818736,78.0,191.0,85.0,112.0,6.0,0.0,6.0,-0.5485714266906123,-0.005990748039250677,27.0,1.3176470586685123,0.5863874345242729,123.0,127.0,1.0325203251193074,191.0,4.0,3.0,67.99999728000012,0.7158799038554425,0.5026178010208053,1.52799999987776,2.0,6.0,6.0,0.5863874345242729,0.5079999999932266,0.0,0.0,1.7445101203255031,0.1719999999970252,0.308873221000789,-0.5280318733931789,-0.2940388359380974
4364.0,727.3333333333334,240.0,891.0270603198436,48.0,2492.0,2492.0,48.0,6.0,0.0,6.0,-542.8799981386971,-0.966178447375087,-2444.0,0.019261637239088036,0.019261637239088036,1341.0,113.66666666666667,0.08476261496332517,2492.0,1.0,0.0,-327.874998360625,-0.964902772767449,0.8497592295311005,3.4262144820793825,0.0,6.0,6.0,0.019261637239088036,0.07813932172301068,0.0,0.0,1.1189281546656027,0.6047204399626598,1.225060119579642,0.10114788252818499,0.9388826939019344
443.0,73.83333333333333,71.0,17.51586582374835,51.0,103.0,88.0,59.0,6.0,0.0,6.0,-7.3028571178187764,-0.09065717891845451,-29.0,0.6704545453783575,0.5728155339249694,80.66666666666667,67.0,0.8305785122937299,103.0,2.0,1.0,4.266666632533334,0.07207042156106899,0.388349514525403,1.3950338598562033,2.0,6.0,6.0,0.5728155339249694,0.45372460495589784,1.0,1.0,1.7639838683378484,0.1335590669627531,0.23723520299832054,-0.6165075120864265,-0.050366490434624954
5522.0,920.3333333333334,466.5,908.8007971436253,106.0,2204.0,2204.0,106.0,6.0,0.0,6.0,-582.3085694320849,-0.8417869881150255,-2098.0,0.048094373865480516,0.048094373865480516,1678.0,162.66666666666666,0.09694080254213186,2204.0,1.0,0.0,-580.124997099375,-0.9581160661404221,0.6989110707772282,2.394784498344135,0.0,6.0,6.0,0.048094373865480516,0.08837377761664547,0.0,0.0,1.2963345559591537,0.512616201858723,0.987469174719758,-0.006304915532158264,0.8028561606413577
155946.0,25991.0,25620.0,3565.490522588255,21583.0,31212.0,22130.0,21583.0,6.0,0.0,6.0,161.96571373040328,0.005181198015275276,-547.0,0.9752824220510731,0.6914968601817597,26273.333333333332,25708.666666666668,0.9785079928948319,31212.0,3.0,2.0,-3134.2499529862507,-0.13274028897178508,0.17632107309148945,1.2008772267318684,2.0,6.0,6.0,0.6914968601817597,0.49456863273181134,1.0,1.0,1.782388313470947,0.07628922832261109,0.13718173685456053,-0.7587338375056973,-0.4113003632620927
1273.0,212.16666666666666,232.5,103.14296981482654,51.0,366.0,256.0,51.0,6.0,0.0,6.0,-62.70857121357062,-0.3978903898993711,-205.0,0.199218749992218,0.13934426229127475,298.0,126.33333333333333,0.4239373601647448,366.0,2.0,1.0,-100.39999919680001,-0.7379066631295493,0.5553278688372861,1.725058915865276,1.0,6.0,6.0,0.13934426229127475,0.2977219167297901,0.0,0.0,1.657777296895831,0.2724535218624782,0.48614125597784036,-0.3457670944185732,0.7245852349209396
330.0,55.0,61.5,25.344295873693817,13.0,81.0,81.0,13.0,6.0,0.0,6.0,-13.234285668911022,-0.3431646659074374,-68.0,0.16049382714067978,0.16049382714067978,68.0,42.0,0.617647058732699,81.0,1.0,0.0,-14.374999928125002,-0.42355895969027607,0.3851851851376315,1.4727272724595042,1.0,6.0,6.0,0.16049382714067978,0.38181818180661153,1.0,1.0,1.6667148800726783,0.2535353535281808,0.46080537943792294,-0.36910777299281705,0.3677059262376569
355.0,59.166666666666664,57.0,42.21933469658448,8.0,108.0,105.0,8.0,6.0,0.0,6.0,-26.57142848032653,-0.6216063621856042,-97.0,0.07619047618321996,0.07407407406721536,100.66666666666667,17.666666666666668,0.17549668872428842,108.0,3.0,2.0,-12.749999808750003,-0.7956539585791376,0.8364197530089735,1.8253521123675462,1.0,6.0,6.0,0.07407407406721536,0.1492957746436818,0.0,0.0,1.5035355215903492,0.38450704224623866,0.7135662201033603,-0.16715652792825725,0.6321372038431
166.0,27.666666666666668,27.5,6.236095644623236,20.0,38.0,38.0,24.0,6.0,0.0,6.0,-2.6057142767804087,-0.08558895196681761,-14.0,0.6315789472022161,0.6315789472022161,30.333333333333332,25.0,0.8241758239041179,38.0,1.0,0.0,-0.8749999956250001,-0.03180628074074381,0.3263157893878116,1.3734939754071707,0.0,6.0,6.0,0.6315789472022161,0.4518072288884453,1.0,1.0,1.7666483207646153,0.12449799195490785,0.22540104731455032,-0.6321187288206803,-0.3717907112182922
37630.0,6271.666666666667,5999.0,2138.247776932214,3575.0,9814.0,5616.0,3575.0,6.0,0.0,6.0,-855.8399970656916,-0.15771292065624345,-2041.0,0.6365740740729405,0.36427552476017494,7813.0,4730.333333333333,0.6054439182551233,9814.0,3.0,2.0,-2105.2499684212503,-0.434545005203814,0.5180014944631635,1.5648153069334603,1.0,6.0,6.0,0.36427552476017494,0.37711931969163515,0.0,0.0,1.734065951531345,0.1917176012046522,0.34093772685550966,-0.49149357195609117,0.4600199183218947
274.0,45.666666666666664,32.0,34.864818306647685,7.0,108.0,74.0,7.0,6.0,0.0,6.0,-20.98285707091592,-0.5652289827842765,-67.0,0.09459459458181155,0.06481481480881345,74.0,17.333333333333332,0.23423423420258097,108.0,2.0,1.0,-13.599999891200001,-0.6706966541788669,0.7870370369641633,2.3649635031317597,1.0,6.0,6.0,0.06481481480881345,0.1897810218908839,0.0,0.0,1.505260254807687,0.41362530412664067,0.7634631744309428,-0.13413199026762093,0.5496615222400688
33008.0,5501.333333333333,4818.0,4196.736814346224,1025.0,12156.0,1025.0,12156.0,6.0,0.0,6.0,2809.7828475093165,0.6384478085624447,11131.0,11.85951219500625,0.9999999999991773,1543.0,9459.666666666666,6.130697774857654,12156.0,6.0,5.0,0.0,0.0,0.0,2.209646146384738,0.0,6.0,6.0,0.9999999999991773,0.8597612699948923,0.0,0.0,1.4821034090491187,0.41379867506859025,0.7628581218502052,-0.1345212500136342,0.8485860524913386
146.0,24.333333333333332,22.5,5.962847939999438,18.0,34.0,34.0,18.0,6.0,0.0,6.0,-4.0457142718432655,-0.157127461336925,-16.0,0.529411764550173,0.529411764550173,29.666666666666668,19.0,0.6404494379863653,34.0,1.0,0.0,-3.7499999812500002,-0.15518258861219997,0.3411764704878893,1.397260273398386,0.0,6.0,6.0,0.529411764550173,0.3904109588773691,0.0,0.0,1.7624439359898896,0.1347031963321761,0.2450485453787241,-0.6063630667354201,0.9652044323982064
405.0,67.5,54.5,29.386788414750825,30.0,116.0,97.0,53.0,6.0,0.0,6.0,-7.23428568948245,-0.06973883294686035,-44.0,0.5463917525209906,0.4568965516847503,81.0,54.0,0.6666666665843622,116.0,3.0,2.0,-2.2499999662500003,-0.04055041534445058,0.5344827585746136,1.7185185182639233,1.0,6.0,6.0,0.4568965516847503,0.3999999999901234,0.0,0.0,1.6990229153558387,0.23251028806008578,0.4353598283021812,-0.3933788311587045,-0.6687968598372306
3761.0,626.8333333333334,554.0,251.28696521882884,361.0,991.0,361.0,991.0,6.0,0.0,6.0,169.95428513158532,0.2752105905194229,630.0,2.745152354494594,0.9999999999899092,405.0,848.6666666666666,2.0954732509770664,991.0,6.0,5.0,0.0,0.0,0.0,1.580962509945531,0.0,6.0,6.0,0.9999999999899092,0.6769476203119464,0.0,0.0,1.7127017409311238,0.21966675529496293,0.4008832202310343,-0.4276707516378173,0.9173483761693152
52916.0,8819.333333333334,8782.5,1077.7502287429847,7329.0,10395.0,8527.0,7781.0,6.0,0.0,6.0,-322.4914274657437,-0.03910905722267819,-746.0,0.9125131933846458,0.7485329485322284,9320.0,8318.666666666666,0.8925608011435343,10395.0,3.0,2.0,-1548.7499767687502,-0.1765150966297511,0.19974346640994098,1.1786605185563774,1.0,6.0,6.0,0.7485329485322284,0.47161539043002654,0.0,0.0,1.7842842395620517,0.06940559881065456,0.12220314030634544,-0.7822085219373869,0.29714158231122806
7582.0,1263.6666666666667,1147.0,745.9275359503018,387.0,2354.0,1165.0,451.0,6.0,0.0,6.0,-340.18285597651595,-0.3611779566121134,-714.0,0.3871244635159904,0.1915887850459151,1871.6666666666667,655.6666666666666,0.3503116651806751,2354.0,3.0,2.0,-508.4999923725001,-0.6872180385973451,0.7214670065106707,1.862833025572175,1.0,6.0,6.0,0.1915887850459151,0.25943022949055733,0.0,0.0,1.609687751686353,0.3254638178137932,0.5902882109821147,-0.2576336705388428,0.5130175825517591
135915.0,22652.5,24589.0,5924.728369300993,14822.0,28719.0,28719.0,14822.0,6.0,0.0,6.0,-3880.971415265241,-0.1842644667092915,-13897.0,0.5161043211809199,0.5161043211809199,28112.666666666668,17192.333333333332,0.6115511394624208,28719.0,1.0,0.0,-4799.749976001251,-0.23260939210172407,0.253483756398115,1.2678070853101124,1.0,6.0,6.0,0.5161043211809199,0.3794798219475128,1.0,1.0,1.7559374128822616,0.14058418864730027,0.26154854295545205,-0.5853531845188639,0.839101990025188
8370.0,1395.0,1143.0,940.5932525096417,438.0,3194.0,1037.0,438.0,6.0,0.0,6.0,-398.81142720407513,-0.34540476915074914,-599.0,0.4223722275754834,0.13713212272968964,2048.6666666666665,741.3333333333334,0.36186137324912865,3194.0,2.0,1.0,-685.7333278474667,-0.7018035819191,0.6760331872239322,2.2896057347506122,1.0,6.0,6.0,0.13713212272968964,0.2657108721621676,0.0,0.0,1.5782700483132517,0.3609318996412729,0.6742603960594259,-0.1945573130082233,0.23473111241833358
214.0,35.666666666666664,35.0,7.086763875156433,23.0,47.0,35.0,35.0,6.0,0.0,6.0,-0.6857142833632653,-0.012076134595945318,0.0,0.9999999997142857,0.744680850905387,35.0,36.333333333333336,1.0380952377986394,47.0,2.0,1.0,4.266666632533334,0.14813797330378503,0.2978723403621548,1.31775700897633,2.0,6.0,6.0,0.744680850905387,0.5093457943687222,1.0,1.0,1.771285574082634,0.10280373830787015,0.19869431420101374,-0.6684820942466223,-0.6489361702127661
5736.0,956.0,787.0,658.6349520030045,320.0,2278.0,1130.0,320.0,6.0,0.0,6.0,-197.07428503860248,-0.27280769200135613,-810.0,0.28318584070545855,0.14047410008717967,1327.3333333333333,584.6666666666666,0.4404821697606192,2278.0,3.0,2.0,-509.9999923500001,-0.852985229344125,0.7433421129613258,2.382845188259594,1.0,6.0,6.0,0.14047410008717967,0.30578800557826746,0.0,0.0,1.5779942124272521,0.35750813575037066,0.6889486945566057,-0.18416859341875594,-0.07813624895433509
179.0,29.833333333333332,30.0,2.4094720491334933,27.0,34.0,27.0,30.0,6.0,0.0,6.0,0.6514285691951022,0.021833517453834158,3.0,1.1111111106995883,0.882352940916955,28.333333333333332,31.333333333333332,1.105882352550865,34.0,4.0,3.0,0.0,0.0,0.11764705878892734,1.1396648040872632,2.0,6.0,6.0,0.882352940916955,0.5251396647751319,0.0,0.0,1.7885204719271042,0.04376163872243555,0.08076442620086645,-0.850542034118629,-0.5943233255469456
18657.0,3109.5,3034.0,1357.172520352516,1566.0,5562.0,5562.0,1779.0,6.0,0.0,6.0,-893.314282651494,-0.2927703350519163,-3783.0,0.319848975188206,0.319848975188206,4266.666666666667,1952.3333333333333,0.4575781249989275,5562.0,1.0,0.0,-708.7499964562501,-0.2798966150272286,0.5291262135912816,1.7887120115716717,1.0,6.0,6.0,0.319848975188206,0.3139304282573222,1.0,1.0,1.6990311380812781,0.23881117007008923,0.43646004835123053,-0.3923116081734295,0.7926309848326647
10848.0,1808.0,1435.5,1239.9102118029891,519.0,3824.0,519.0,3824.0,6.0,0.0,6.0,841.7142828284083,0.5259280206179433,3305.0,7.368015414116223,0.999999999997385,726.3333333333334,2889.6666666666665,3.9784304726391215,3824.0,6.0,5.0,0.0,0.0,0.0,2.1150442477759124,0.0,6.0,6.0,0.999999999997385,0.799133480825222,0.0,0.0,1.5562347184067984,0.37718166175000856,0.6857910463474177,-0.18638665469711915,0.9697312957701659
207.0,34.5,33.5,6.551081335677848,26.0,47.0,47.0,26.0,6.0,0.0,6.0,-4.285714271020408,-0.1185445286414176,-21.0,0.5531914892440019,0.5531914892440019,39.666666666666664,29.333333333333332,0.7394957981329002,47.0,1.0,0.0,-3.124999984375,-0.09691801240594597,0.3191489361023087,1.3623188401848352,0.0,6.0,6.0,0.5531914892440019,0.42512077292632267,0.0,0.0,1.7743225754532435,0.10064412237304898,0.1898864154718546,-0.6808327027727569,0.7224938224784844
3137.0,522.8333333333334,362.5,314.36041770907195,277.0,1179.0,328.0,277.0,6.0,0.0,6.0,-21.977142781792658,-0.034852540888498464,-51.0,0.8445121950962039,0.23494486853066207,614.0,431.6666666666667,0.7030401737127626,1179.0,3.0,2.0,-263.24999605125004,-0.6123825980716141,0.6338705117277308,2.2550207203904042,1.0,6.0,6.0,0.23494486853066207,0.4128147912004692,0.0,0.0,1.6382734485108974,0.29035171607615706,0.6012631514881593,-0.24901394135132734,-0.016002530471319158
7060.0,1176.6666666666667,711.5,902.6661742982409,308.0,2849.0,2849.0,308.0,6.0,0.0,6.0,-577.7828551618874,-0.5115386473562085,-2541.0,0.10810810810772865,0.10810810810772865,1848.0,505.3333333333333,0.27344877344729374,2849.0,1.0,0.0,-426.12499786937497,-0.49450398774055077,0.704387504385032,2.4212464589029357,0.0,6.0,6.0,0.10810810810772865,0.2147308781866647,0.0,0.0,1.5218737173746681,0.39782813975411613,0.7671383917483594,-0.13177327216164159,0.9255119209268595
1661.0,276.8333333333333,309.0,148.59611554665742,80.0,476.0,370.0,80.0,6.0,0.0,6.0,-93.42857110824491,-0.4379879403701632,-290.0,0.21621621621037254,0.16806722688722547,411.6666666666667,142.0,0.3449392712466816,476.0,2.0,1.0,-143.5999988512,-0.7516567672779294,0.5719537815005892,1.719446116734999,1.0,6.0,6.0,0.16806722688722547,0.2564720048148316,0.0,0.0,1.62963229701908,0.29851495083136115,0.5367710374760616,-0.3014300446790086,0.7972842483863496
2025.0,337.5,254.5,265.1130262108346,72.0,821.0,821.0,72.0,6.0,0.0,6.0,-175.64571368350045,-0.5948878627767337,-749.0,0.08769792935337761,0.08769792935337761,567.0,108.0,0.1904761904728311,821.0,1.0,0.0,-138.874999305625,-0.6206755201281068,0.7066991473726346,2.432592592520516,0.0,6.0,6.0,0.08769792935337761,0.15999999999920989,0.0,0.0,1.4897046607595985,0.4216460905336721,0.7855200776384575,-0.12012182053734485,0.9308740549454595
146.0,24.333333333333332,27.0,8.27982823224948,9.0,36.0,27.0,20.0,6.0,0.0,6.0,-3.9771428435069396,-0.1838883018109923,-7.0,0.7407407404663923,0.5555555554012346,30.0,18.666666666666668,0.6222222220148148,36.0,2.0,1.0,-5.1999999584,-0.25235541591935673,0.42361111099344134,1.4794520541865266,1.0,6.0,6.0,0.5555555554012346,0.3835616438093451,0.0,0.0,1.7256673524771817,0.1780821917654709,0.34026691351425253,-0.49224007503470524,0.2456169905719
9586.0,1597.6666666666667,999.0,1822.9293885270365,136.0,5509.0,5509.0,136.0,6.0,0.0,6.0,-1073.759996318537,-0.818102649128163,-5373.0,0.02468687602101164,0.02468687602101164,2805.6666666666665,389.6666666666667,0.13888558868906184,5509.0,1.0,0.0,-490.624997546875,-0.7885500757929592,0.8519876565604431,3.4481535572494377,0.0,6.0,6.0,0.02468687602101164,0.12194867515113503,0.0,0.0,1.2562948026784062,0.5445093539186121,1.1409948185993908,0.06585481542542296,0.8535408643564737
4494.0,749.0,606.5,510.3933123908789,200.0,1543.0,200.0,1276.0,6.0,0.0,6.0,329.55428458438536,0.5217741873537001,1076.0,6.379999999681,0.8269604666181014,291.3333333333333,1206.6666666666667,4.14187643006378,1543.0,5.0,4.0,0.0,0.0,0.17303953337541778,2.0600801067815744,1.0,6.0,6.0,0.8269604666181014,0.8055184690680786,0.0,0.0,1.5551778318711904,0.376279483755547,0.6814329938372023,-0.18946161239672354,0.7664246876460257
144.0,24.0,19.0,15.14375558880073,11.0,57.0,19.0,11.0,6.0,0.0,6.0,-5.074285696888164,-0.18671929506042426,-8.0,0.5789473681163435,0.1929824561064943,30.666666666666668,17.333333333333332,0.5652173911200378,57.0,2.0,1.0,-2.3999999808,-0.15795760209364668,0.7017543858417975,2.3749999990104165,2.0,6.0,6.0,0.1929824561064943,0.36111111108603394,1.0,1.0,1.6289535611111134,0.28703703702021177,0.630989815937118,-0.22624922610825324,-0.27931776567691285
36759.0,6126.5,2978.5,6974.858104888825,545.0,20600.0,20600.0,545.0,6.0,0.0,6.0,-4247.005699724552,-0.8431767501325442,-20055.0,0.026456310679598808,0.026456310679598808,11113.333333333334,1139.6666666666667,0.10254949010188733,20600.0,1.0,0.0,-2314.374988428125,-0.8248627396976461,0.8431165048539596,3.362441850969783,0.0,6.0,6.0,0.026456310679598808,0.09301123534370005,0.0,0.0,1.2323749900996064,0.5616356991937697,1.1384735338084455,0.06475344755072449,0.9807220040715632
14745.0,2457.5,2138.0,1565.8896033884382,745.0,4984.0,745.0,4984.0,6.0,0.0,6.0,1072.3542820376426,0.5008322253767954,4239.0,6.689932885816242,0.9999999999979936,1124.6666666666667,3790.3333333333335,3.3701837581205973,4984.0,6.0,5.0,0.0,0.0,0.0,2.028077314335593,0.0,6.0,6.0,0.9999999999979936,0.7711766700571236,0.0,0.0,1.5841829440759523,0.35353227082609684,0.6371880379988063,-0.22160677550552021,0.9575565528358833
162.0,27.0,21.0,18.092355660149213,10.0,66.0,26.0,66.0,6.0,0.0,6.0,5.622857123578776,0.07948229976388256,40.0,2.538461537485207,0.999999999848485,22.666666666666668,31.333333333333332,1.3823529405666088,66.0,6.0,5.0,0.0,0.0,0.0,2.4444444435390946,0.0,6.0,6.0,0.999999999848485,0.5802469135444291,0.0,0.0,1.6051876660228437,0.31275720163086995,0.6700872464240126,-0.19754222655853793,-0.7782285537975746
243.0,40.5,47.0,20.573040611440984,9.0,68.0,44.0,9.0,6.0,0.0,6.0,-11.279999961325714,-0.3930821853728144,-35.0,0.20454545449896694,0.13235294115700694,55.333333333333336,25.666666666666668,0.4638554216029177,68.0,2.0,1.0,-22.266666488533335,-0.8135507841946819,0.5183823528649438,1.6790123452644414,1.0,6.0,6.0,0.13235294115700694,0.3168724279704991,0.0,0.0,1.6402266108081491,0.2805212619928177,0.5079763112681783,-0.32628078094351887,0.6030174051917007
13235.0,2205.8333333333335,2412.0,1160.6849151351207,463.0,3687.0,2437.0,463.0,6.0,0.0,6.0,-650.6399977692344,-0.434201123778681,-1974.0,0.1899876897817399,0.12557634933516254,3142.6666666666665,1269.0,0.4037971998290079,3687.0,2.0,1.0,-1327.0666560501334,-0.9071046989725258,0.5178329264971038,1.6714771439289544,1.0,6.0,6.0,0.12557634933516254,0.28764639214183024,0.0,0.0,1.6301966739942546,0.2922931620700844,0.526188854611194,-0.31045381045255954,0.7038138011816791
20412.0,3402.0,2895.0,2257.5576773731977,1196.0,7774.0,2503.0,1227.0,6.0,0.0,6.0,-856.3199970640459,-0.30440850573110123,-1276.0,0.49021174590295563,0.1578338049907926,4521.333333333333,2282.6666666666665,0.5048658212905378,7774.0,2.0,1.0,-1254.5333232970668,-0.5683140964481502,0.6740738358622664,2.2851263962307904,2.0,6.0,6.0,0.1578338049907926,0.3354889280813563,1.0,1.0,1.5857402791690318,0.35328891501718585,0.6635972008720052,-0.20221409302006738,-0.08840608055991354
255.0,42.5,42.0,11.772142257606868,26.0,62.0,38.0,46.0,6.0,0.0,6.0,-2.914285704293878,-0.06906613386723774,8.0,1.210526315470914,0.7419354837513007,50.0,35.0,0.6999999998599999,62.0,2.0,1.0,-2.5333333130666666,-0.0634076997133563,0.3749999999395161,1.458823529068512,1.0,6.0,6.0,0.7419354837513007,0.4117647058662053,0.0,0.0,1.753324255837809,0.15620915031815108,0.2769915824667518,-0.566181036135983,0.11010044584953636
693.0,115.5,106.5,83.00752977893029,27.0,282.0,90.0,27.0,6.0,0.0,6.0,-24.171428488555105,-0.3315241805858841,-63.0,0.2999999999666667,0.09574468084766863,165.0,66.0,0.3999999999757576,282.0,3.0,2.0,-74.24999888625001,-1.1339869152027369,0.765957446781349,2.4415584413470515,1.0,6.0,6.0,0.09574468084766863,0.28571428571016283,0.0,0.0,1.5517684600044177,0.37301587301217,0.7186799114436666,-0.16368381721145997,0.21818044811522158
25927.0,4321.166666666667,4114.0,2693.048917532361,636.0,8840.0,3049.0,636.0,6.0,0.0,6.0,-1121.3142818697797,-0.41506042071630483,-2413.0,0.2085929813046619,0.07194570135738466,5960.333333333333,2682.0,0.44997483362152574,8840.0,2.0,1.0,-2535.4666463829335,-1.0088853581169699,0.6029977375558789,2.0457438191798993,1.0,6.0,6.0,0.07194570135738466,0.3103328576386353,0.0,0.0,1.5808885013926726,0.3499119322198532,0.6232226445464871,-0.23211686746550206,0.2439689163704386
67670.0,11278.333333333334,10093.0,4453.434654536004,5046.0,19884.0,12559.0,5046.0,6.0,0.0,6.0,-2302.628563533845,-0.22679106476145589,-7513.0,0.401783581495022,0.2537718768858108,14189.0,8367.666666666666,0.5897291328959594,19884.0,2.0,1.0,-2022.2666504885333,-0.27759473096923476,0.5570936431298747,1.7630264518973577,2.0,6.0,6.0,0.2537718768858108,0.37096202157523706,1.0,1.0,1.7161213592001594,0.20182257031669937,0.3948663798905324,-0.4338290956271174,0.1445702902128513
212565.0,35427.5,34167.0,15193.893233247802,13948.0,60981.0,60981.0,13948.0,6.0,0.0,6.0,-10545.0171067028,-0.32669085768054473,-47033.0,0.22872698053488322,0.22872698053488322,48402.666666666664,22452.333333333332,0.4638656272380729,60981.0,1.0,0.0,-9640.124951799375,-0.3530136680157896,0.5028484281988648,1.7212899583651906,0.0,6.0,6.0,0.22872698053488322,0.3168771905064184,0.0,0.0,1.6976259645041458,0.24115211817560578,0.42887285959335303,-0.39970465991558096,0.9589025694440815
396.0,66.0,55.5,30.011109054259666,42.0,129.0,71.0,129.0,6.0,0.0,6.0,11.245714247157553,0.12427499278064903,58.0,1.8169014081948027,0.9999999999224806,54.333333333333336,77.66666666666667,1.4294478524976477,129.0,6.0,5.0,0.0,0.0,0.0,1.9545454542493115,0.0,6.0,6.0,0.9999999999224806,0.5883838383689802,0.0,0.0,1.7014613760537103,0.2239057238998714,0.4547137734804929,-0.37484090431299144,0.3442351943997384
3865.0,644.1666666666666,654.5,362.76090227892837,178.0,1210.0,462.0,178.0,6.0,0.0,6.0,-121.19999958445716,-0.28789818755191243,-284.0,0.38528138527304584,0.14710743801531317,849.3333333333334,439.0,0.5168759811556097,1210.0,3.0,2.0,-501.7499924737501,-1.1666211049640445,0.6371900826393622,1.8783958602554454,1.0,6.0,6.0,0.14710743801531317,0.3407503234143836,0.0,0.0,1.6234747402495049,0.3146614920217845,0.5631475843828672,-0.279469718640853,0.4438445634107381
26613.0,4435.5,1589.0,5389.040630452388,314.0,15247.0,15247.0,314.0,6.0,0.0,6.0,-3298.7999886898288,-0.9589414244710238,-14933.0,0.020594215255446583,0.020594215255446583,8260.666666666666,610.3333333333334,0.07388427084165053,15247.0,1.0,0.0,-1959.1249902043753,-0.959543754672626,0.8509083754175568,3.4374929545633246,0.0,6.0,6.0,0.020594215255446583,0.06880096193587014,0.0,0.0,1.1341712694238912,0.6025563947443122,1.2149792876654804,0.09705701938834667,0.9801875157407975
113129.0,18854.833333333332,14543.0,9953.478578143198,8065.0,34477.0,34477.0,12284.0,6.0,0.0,6.0,-6052.285693535021,-0.3034272893727937,-22193.0,0.3562955013486219,0.3562955013486219,27166.666666666668,10543.0,0.38808588957040924,34477.0,1.0,0.0,-5174.4999741275005,-0.2748524745394719,0.5437422049480687,1.8285497087386107,0.0,6.0,6.0,0.3562955013486219,0.2795834843408605,1.0,1.0,1.6572159558028705,0.28492694180977085,0.5279006397018229,-0.3089856421486801,0.8118638308604106
207350.0,34558.333333333336,34033.0,5652.531900740489,27901.0,43203.0,43203.0,39038.0,6.0,0.0,6.0,315.4285703471021,0.014509890452772161,-4165.0,0.9035946577781859,0.9035946577781859,33415.333333333336,35701.333333333336,1.0684117071999677,43203.0,1.0,0.0,3816.74998091625,0.11515771437461426,0.2401129551188019,1.2501470942846635,0.0,6.0,6.0,0.9035946577781859,0.5165372558475757,1.0,1.0,1.7784632671655562,0.09077726870829306,0.1635649452830148,-0.7188554950091326,-0.04954677486479919
26234.0,4372.333333333333,3165.0,3450.512651122374,1052.0,10936.0,3319.0,1052.0,6.0,0.0,6.0,-1501.9885662788965,-0.4419845856860233,-2267.0,0.3169629406438175,0.09619604974387691,6953.666666666667,1791.0,0.25756195771977725,10936.0,2.0,1.0,-2448.3999804128002,-0.8455031245484833,0.7261567300651736,2.5011816726328404,1.0,6.0,6.0,0.09619604974387691,0.2048105511930301,0.0,0.0,1.5006751396454032,0.41686361210632605,0.7891696236443888,-0.11783699743564856,0.287164714241348
195546.0,32591.0,29807.5,7778.894672981074,25459.0,47599.0,37207.0,47599.0,6.0,0.0,6.0,2428.525705959341,0.0653470887897417,10392.0,1.2793022818283444,0.99999999999979,29444.0,35738.0,1.2137617171575825,47599.0,6.0,5.0,0.0,0.0,0.0,1.4604952287436836,0.0,6.0,6.0,0.99999999999979,0.548280200055202,0.0,0.0,1.7648899548854924,0.12564988971050894,0.23868229489671036,-0.6146190255883707,0.06514351580523314
17197.0,2866.1666666666665,2222.5,1071.3703711705969,1888.0,4774.0,2209.0,1888.0,6.0,0.0,6.0,-374.36571300217474,-0.12464148849592059,-321.0,0.8546853779952256,0.3954754922488574,3621.3333333333335,2111.0,0.5829344624431619,4774.0,2.0,1.0,-797.3333269546667,-0.2881811217063668,0.46512358609035376,1.6656393556957647,1.0,6.0,6.0,0.3954754922488574,0.36826190614620674,0.0,0.0,1.7267410916251933,0.1884727956425194,0.37379904791540114,-0.45581699378180923,0.15639579938265546
35452.0,5908.666666666667,6038.0,1503.4421246666673,3602.0,7580.0,7580.0,4693.0,6.0,0.0,6.0,-637.9199978128458,-0.11696559525162949,-2887.0,0.6191292875981278,0.6191292875981278,6552.0,5265.333333333333,0.803622303621077,7580.0,1.0,0.0,-536.124997319375,-0.10647329883637113,0.2645910290233977,1.2828613336320385,1.0,6.0,6.0,0.6191292875981278,0.4455601940650893,1.0,1.0,1.7581337893016724,0.14097935236369774,0.2544469352359454,-0.5943281009508252,-0.07204038235412566
297.0,49.5,23.0,48.79122188809513,14.0,152.0,14.0,152.0,6.0,0.0,6.0,19.09714279166694,0.28371783797632244,138.0,10.857142849387754,0.9999999999342105,34.333333333333336,64.66666666666667,1.883495145082477,152.0,6.0,5.0,0.0,0.0,0.0,3.070707070086726,1.0,6.0,6.0,0.9999999999342105,0.6531986531766599,0.0,0.0,1.3970901461864904,0.46408529740947957,0.9856812500654205,-0.007211001127239075,-0.3183830117520001
640.0,106.66666666666667,102.0,35.30659365551364,52.0,162.0,95.0,136.0,6.0,0.0,6.0,5.622857123578776,0.046574472730383634,41.0,1.4315789472177287,0.8395061727876848,114.33333333333333,99.0,0.8658892127522547,162.0,3.0,2.0,62.99999905500001,0.7122667485230011,0.3888888888648834,1.5187499998576173,1.0,6.0,6.0,0.8395061727876848,0.464062499992749,1.0,1.0,1.735178440487911,0.18593749999647757,0.3309993154894092,-0.5026303745098839,-0.570499784410848
16407.0,2734.5,1991.5,1604.354569081702,1238.0,6016.0,1238.0,6016.0,6.0,0.0,6.0,954.1371395858156,0.3210533251414285,4778.0,4.8594507269397464,0.9999999999983378,1740.3333333333333,3728.6666666666665,2.1425014364941055,6016.0,6.0,5.0,0.0,0.0,0.0,2.200036569748766,1.0,6.0,6.0,0.9999999999983378,0.6817821661481795,0.0,0.0,1.6416987929500702,0.29195871680771845,0.5867085642990802,-0.26047091759401453,0.8572919229045796
3464.0,577.3333333333334,501.5,472.49503230780704,106.0,1499.0,745.0,106.0,6.0,0.0,6.0,-247.2685705807935,-0.5896799168694525,-639.0,0.14228187919272103,0.0707138092056657,890.6666666666666,264.0,0.2964071856254146,1499.0,2.0,1.0,-190.66666514133334,-0.773799066182825,0.7965310206751399,2.5964203232806624,2.0,6.0,6.0,0.0707138092056657,0.22863741339425914,1.0,1.0,1.4663921213691526,0.4336989992294069,0.8184094092949589,-0.09986232460055693,0.21454013576299713
653.0,108.83333333333333,53.0,133.90346854689346,9.0,399.0,399.0,9.0,6.0,0.0,6.0,-76.55999973750858,-0.7955450383061651,-390.0,0.022556390976878286,0.022556390976878286,191.33333333333334,26.333333333333332,0.13763066201371266,399.0,1.0,0.0,-30.749999846250006,-0.7192164861241698,0.8726817042387799,3.666156201807092,0.0,6.0,6.0,0.022556390976878286,0.12098009188176141,0.0,0.0,1.1954634799318558,0.5699336396076147,1.2303534627986825,0.10328114656836271,0.9521683345371412
191.0,31.833333333333332,17.5,34.5128800433822,9.0,108.0,14.0,9.0,6.0,0.0,6.0,-5.177142839392654,-0.19193038489322814,-5.0,0.6428571423979591,0.08333333332561729,49.333333333333336,14.333333333333334,0.2905405404816472,108.0,3.0,2.0,-8.999999865000001,-0.5913430114030575,0.8672839505369799,3.3926701560023025,1.0,6.0,6.0,0.08333333332561729,0.22513089004056905,0.0,0.0,1.3549864666742633,0.4720767888164159,1.0841742418599096,0.040387334457664605,-0.09226026051457469
11087.0,1847.8333333333333,1473.5,802.7833698382702,1073.0,3403.0,1302.0,1073.0,6.0,0.0,6.0,-271.7142847826939,-0.13783646525654641,-229.0,0.8241167434652527,0.3153100205691587,2355.6666666666665,1340.0,0.5688410923988871,3403.0,2.0,1.0,-529.3333290986667,-0.3247344800833031,0.5311489861870963,1.8416163073770637,1.0,6.0,6.0,0.3153100205691587,0.3625868133847185,0.0,0.0,1.7057599656180724,0.22448212621367492,0.4344457670247637,-0.3942667237555179,0.05043885192639015
22762.0,3793.6666666666665,3230.5,2501.7999298283003,1332.0,8425.0,8425.0,1332.0,6.0,0.0,6.0,-1619.657137304033,-0.4535533044307486,-7093.0,0.15810089020752746,0.15810089020752746,5964.0,1623.3333333333333,0.27218868768118903,8425.0,1.0,0.0,-1215.74999392125,-0.4440931502610987,0.6596557863493654,2.2208066074978805,1.0,6.0,6.0,0.15810089020752746,0.2139530796941332,1.0,1.0,1.5836268111294458,0.3505989514687109,0.6594675151098425,-0.20520587585288239,0.7407970378785685
3895.0,649.1666666666666,430.5,390.1689448886925,302.0,1212.0,404.0,339.0,6.0,0.0,6.0,-127.43999956306288,-0.20339592443458132,-65.0,0.839108910870319,0.27970297029472196,932.3333333333334,366.0,0.39256346084670113,1212.0,3.0,2.0,-88.49999867250001,-0.22344267152634334,0.6980198019744388,1.8670089858505725,1.0,6.0,6.0,0.27970297029472196,0.28189987162957153,0.0,0.0,1.6222937021730441,0.3050492083861909,0.6010304670850047,-0.24919546573401224,0.268482616516758
119.0,19.833333333333332,17.5,9.334821309960297,10.0,39.0,39.0,10.0,6.0,0.0,6.0,-5.794285694419593,-0.26560300491409183,-29.0,0.2564102563445102,0.2564102563445102,26.666666666666668,13.0,0.48749999981718745,39.0,1.0,0.0,-3.3749999831250004,-0.20727850853904906,0.5897435895923734,1.9663865536303933,1.0,6.0,6.0,0.2564102563445102,0.3277310924094344,1.0,1.0,1.69238461886972,0.23949579829963352,0.47066325908842005,-0.35993062119161373,0.7391564486344915
27443.0,4573.833333333333,2599.5,4919.396352421933,328.0,14297.0,14297.0,328.0,6.0,0.0,6.0,-3140.67427494626,-0.9398323274411527,-13969.0,0.02294187591800871,0.02294187591800871,8356.666666666666,791.0,0.09465496609482091,14297.0,1.0,0.0,-2078.9999896050003,-1.004646290848872,0.8161012799882379,3.1258244360970906,0.0,6.0,6.0,0.02294187591800871,0.08647013810440314,0.0,0.0,1.249318434773715,0.5563228024145972,1.0755521668355161,0.03640099634445366,0.997338304980263
724.0,120.66666666666667,115.5,20.163222846448818,98.0,160.0,107.0,128.0,6.0,0.0,6.0,9.668571395422042,0.0770825959300446,21.0,1.1962616821311907,0.7999999999499999,104.66666666666667,136.66666666666666,1.3057324839516815,160.0,5.0,4.0,0.0,0.0,0.19999999998749998,1.3259668507188425,2.0,6.0,6.0,0.7999999999499999,0.5662983425336147,0.0,0.0,1.7783622930883531,0.08885819520889604,0.16709853186279972,-0.7136513715983669,0.329000690446816
223.0,37.166666666666664,38.5,8.15304987242334,26.0,51.0,29.0,51.0,6.0,0.0,6.0,4.902857126047348,0.12944501323947527,22.0,1.7586206890487515,0.9999999998039215,31.666666666666668,42.666666666666664,1.3473684206271466,51.0,6.0,5.0,0.0,0.0,0.0,1.3721973090478394,0.0,6.0,6.0,0.9999999998039215,0.573991031364395,0.0,0.0,1.7677120639469677,0.12032884901878194,0.21936457049945365,-0.6401985494065475,0.3763154914610204
99.0,16.5,16.0,5.220153254455275,8.0,25.0,16.0,8.0,6.0,0.0,6.0,-1.0628571392130612,-0.08898549630181923,-8.0,0.4999999996875,0.319999999872,18.333333333333332,14.666666666666666,0.7999999995636363,25.0,3.0,2.0,-5.999999910000001,-0.4769915678851239,0.41333333316800003,1.5151515142332415,2.0,6.0,6.0,0.319999999872,0.4444444443995511,1.0,1.0,1.7396479864526821,0.17340067337811327,0.31637292432069974,-0.5193262960995784,-0.5055635374513542
1094.0,182.33333333333334,187.0,113.17783450049848,30.0,367.0,255.0,30.0,6.0,0.0,6.0,-70.97142832809797,-0.5429005814826807,-225.0,0.1176470588189158,0.0817438692075819,277.6666666666667,87.0,0.3133253301207686,367.0,2.0,1.0,-85.06666598613334,-0.8844742774292108,0.6784741144229298,2.012797074843905,1.0,6.0,6.0,0.0817438692075819,0.2385740402171977,0.0,0.0,1.5782397090393079,0.3494820231543019,0.6207193847950161,-0.23401991653114557,0.6804063040595139
381.0,63.5,56.0,32.118271020298295,31.0,125.0,125.0,79.0,6.0,0.0,6.0,-9.428571396244898,-0.10386394654858061,-46.0,0.63199999994944,0.63199999994944,73.33333333333333,53.666666666666664,0.7318181817183885,125.0,1.0,0.0,5.874999970625001,0.10517039008257165,0.590399999952768,1.9685039366978734,0.0,6.0,6.0,0.63199999994944,0.42257217846659917,1.0,1.0,1.6722964379204304,0.2716535433007947,0.5057995435470913,-0.32819803832008076,0.32026453606271515
155.0,25.833333333333332,24.5,7.602996485304695,13.0,38.0,24.0,25.0,6.0,0.0,6.0,1.542857137567347,0.07650697564826289,1.0,1.0416666662326388,0.657894736668975,25.0,26.666666666666668,1.06666666624,38.0,3.0,2.0,0.7499999887500002,0.029415534423728164,0.298245613956602,1.470967741366077,2.0,6.0,6.0,0.657894736668975,0.5161290322247658,1.0,1.0,1.7463625514405283,0.15806451611478778,0.2943095412527071,-0.5452254162301765,-0.49071377410241346
659.0,109.83333333333333,79.5,76.66684782587292,31.0,216.0,213.0,40.0,6.0,0.0,6.0,-49.679999829668574,-0.4926420409412513,-173.0,0.18779342722123035,0.18518518517661178,174.33333333333334,45.333333333333336,0.26003824090286587,216.0,2.0,1.0,-26.133333124266667,-0.4326444383942307,0.7337962962623242,1.966616084798184,1.0,6.0,6.0,0.18518518517661178,0.20637329286485018,0.0,0.0,1.550770559155683,0.37253414263647144,0.6980289634497053,-0.17783621066496128,0.7954782454517417
1287.0,214.5,174.5,170.05366799925253,22.0,529.0,224.0,22.0,6.0,0.0,6.0,-87.87428541300245,-0.6233934386408009,-202.0,0.09821428570990115,0.04158790170053709,355.3333333333333,73.66666666666667,0.20731707316489728,529.0,2.0,1.0,-123.19999901440002,-1.1147320048624745,0.7476370510255645,2.4662004660854917,1.0,6.0,6.0,0.04158790170053709,0.17171717171583747,0.0,0.0,1.4738484575759039,0.433954933952861,0.7927909929665483,-0.11557900937686044,0.435447859867399
10771.0,1795.1666666666667,1894.5,519.8190123067408,866.0,2397.0,866.0,2015.0,6.0,0.0,6.0,302.98285610405884,0.20123497330865536,1149.0,2.3267898383103143,0.8406341259873149,1362.6666666666667,2227.6666666666665,1.634784735800136,2397.0,4.0,3.0,-511.9999795200008,-0.23909029173595234,0.1059657905711057,1.3352520657246203,1.0,6.0,6.0,0.8406341259873149,0.6204623526129232,0.0,0.0,1.7456880705796403,0.16038436542547463,0.28956587817501356,-0.5509095222221747,0.7830707550922091
218619.0,36436.5,33770.0,13245.43851985782,22942.0,63502.0,36673.0,30867.0,6.0,0.0,6.0,-5352.8571245044905,-0.13792874574434516,-5806.0,0.8416818913094535,0.4860791786084712,46178.0,26695.0,0.5780891333534198,63502.0,2.0,1.0,-2552.2666462485336,-0.06882725964919625,0.5336997259927981,1.7428128387738278,1.0,6.0,6.0,0.4860791786084712,0.3663222318279579,1.0,1.0,1.7315558803284021,0.18666797792810508,0.3635211537840952,-0.4667905917332124,0.2190425340766524
1821.0,303.5,176.0,345.8669060009452,24.0,1036.0,1036.0,24.0,6.0,0.0,6.0,-207.94285642991022,-0.8560852788083508,-1012.0,0.02316602316579956,0.02316602316579956,536.0,71.0,0.13246268656469287,1036.0,1.0,0.0,-104.374999478125,-0.8486591741580342,0.8484555984474088,3.4135090608430474,0.0,6.0,6.0,0.02316602316579956,0.11696869851665587,0.0,0.0,1.243291072698696,0.5550979315378712,1.1395944184169662,0.06524340185613205,0.9541755964906765
1249.0,208.16666666666666,213.0,44.29979934742619,146.0,262.0,250.0,146.0,6.0,0.0,6.0,-20.879999928411433,-0.10765643599733432,-104.0,0.58399999997664,0.5572519083756774,233.0,183.33333333333334,0.7868383404526392,262.0,3.0,2.0,-69.74999895375001,-0.3676547469076202,0.3002544529147485,1.2586068854479453,1.0,6.0,6.0,0.5572519083756774,0.44035228182193475,0.0,0.0,1.7686484251310994,0.11836135574955287,0.21280928428485874,-0.6490638931176019,0.18142669841943607
107382.0,17897.0,15232.5,6371.336542149797,10588.0,26832.0,16348.0,10588.0,6.0,0.0,6.0,-2812.388561786097,-0.1690940260444786,-5760.0,0.6476633227302131,0.39460345855679985,23171.666666666668,12622.333333333334,0.5447313529451724,26832.0,2.0,1.0,-6426.133281924267,-0.37378719829890744,0.4018149970183356,1.4992456836332908,1.0,6.0,6.0,0.39460345855679985,0.3526382447709716,0.0,0.0,1.730235539208188,0.19086066566089044,0.3560002537937217,-0.4749259776345782,0.38445002772077314
11734.0,1955.6666666666667,1776.5,920.8824873758625,966.0,3625.0,1045.0,3625.0,6.0,0.0,6.0,618.5142835936654,0.32049347065978995,2580.0,3.4688995214979057,0.9999999999972414,1195.3333333333333,2716.0,2.2721695482241597,3625.0,6.0,5.0,0.0,0.0,0.0,1.8535878643164125,0.0,6.0,6.0,0.9999999999972414,0.6943923640696315,0.0,0.0,1.685003387060791,0.25847963183889755,0.47087906291349263,-0.3597310957933688,0.9620667277416818
139.0,23.166666666666668,11.0,22.311556547124976,0.0,59.0,59.0,0.0,5.0,1.0,5.0,-14.159999951451429,-0.8617022529455799,-59.0,0.0,0.0,39.333333333333336,7.0,0.1779661016496696,59.0,1.0,0.0,-12.374999938125,-0.9899195188829796,0.7288135591985062,2.5467625888287353,1.0,5.0,0.0,0.0,0.15107913667977846,1.0,1.0,1.3093399321378962,0.499999999980016,0.9630887714026224,-0.01880262813553249,0.7524852981849346
214.0,35.666666666666664,15.0,43.68320297576887,0.0,128.0,128.0,10.0,5.0,1.0,5.0,-25.23428562776817,-0.8355721372510444,-118.0,0.07812499999389648,0.07812499999389648,64.33333333333333,7.0,0.10880829013852723,128.0,1.0,0.0,-11.374999943125001,-0.7375296127345228,0.865624999932373,3.5887850457227706,0.0,4.0,1.0,0.07812499999389648,0.09813084111690977,0.0,0.0,1.148572425006295,0.5887850467153002,1.2247626999118106,0.1010277186870735,0.9605760907952974
655.0,109.16666666666667,99.0,26.6546848081575,81.0,160.0,81.0,160.0,6.0,0.0,6.0,15.462857089841634,0.132101961488755,79.0,1.9753086417314436,0.9999999999375,93.0,125.33333333333333,1.3476702507511467,160.0,6.0,5.0,0.0,0.0,0.0,1.4656488548275741,1.0,6.0,6.0,0.9999999999375,0.5740458015179535,0.0,0.0,1.7635135331820226,0.13002544528932125,0.24416505165541239,-0.6075037610543033,0.6418834716069546
217.0,36.166666666666664,23.5,30.306306641064367,9.0,98.0,98.0,15.0,6.0,0.0,6.0,-18.54857136497633,-0.48863742042488667,-83.0,0.15306122447417744,0.15306122447417744,58.0,14.333333333333334,0.2471264367390012,98.0,1.0,0.0,-10.624999946875,-0.4128967340272812,0.7571428570655977,2.709677418605619,0.0,6.0,6.0,0.15306122447417744,0.1981566820185181,0.0,0.0,1.4868729550962527,0.4247311827834763,0.8379623953737717,-0.08816154495738651,0.9701913054928586
1316.0,219.33333333333334,131.0,197.92057890870154,19.0,580.0,383.0,19.0,6.0,0.0,6.0,-115.95428531672817,-0.729850878425031,-364.0,0.049608355090088554,0.03275862068909037,371.0,67.66666666666667,0.18238993710200208,580.0,2.0,1.0,-57.733332871466665,-0.866876135377891,0.8478448275715889,2.644376899575484,1.0,6.0,6.0,0.03275862068909037,0.15425531914776403,0.0,0.0,1.3977129795857925,0.4782168186402673,0.9023734600289262,-0.05131828317453331,0.47941901552846694
417.0,69.5,70.0,12.983964469041547,53.0,92.0,92.0,56.0,6.0,0.0,6.0,-7.097142832809798,-0.09781376629580633,-36.0,0.6086956521077506,0.6086956521077506,78.66666666666667,60.333333333333336,0.7669491524448794,92.0,1.0,0.0,-4.4999999775,-0.06814442109516995,0.29347826083766543,1.3237410070037785,1.0,6.0,6.0,0.6086956521077506,0.43405275778335606,1.0,1.0,1.774496455115794,0.10351718624592254,0.1868196326211993,-0.6851760325525901,0.2597435856290763
3714.0,619.0,435.0,548.7218481768944,75.0,1629.0,1629.0,75.0,6.0,0.0,6.0,-364.1828558942303,-0.7438503651410754,-1554.0,0.046040515653492695,0.046040515653492695,1084.0,154.0,0.14206642066289607,1629.0,1.0,0.0,-285.124998574375,-0.8077983474480033,0.744014732960442,2.631663974109343,0.0,6.0,6.0,0.046040515653492695,0.124394184167678,0.0,0.0,1.402935209310721,0.4766648716560564,0.886465021273069,-0.060183982968397456,0.9721747332115719
6973.0,1162.1666666666667,928.0,744.4632107916565,292.0,2483.0,596.0,292.0,6.0,0.0,6.0,-251.21142771013228,-0.25902664269717723,-304.0,0.4899328858978199,0.11759967780862828,1608.3333333333333,716.0,0.44518134714749114,2483.0,2.0,1.0,-624.7999950016001,-0.761174832286172,0.6079339508634397,2.1365266025916836,1.0,6.0,6.0,0.11759967780862828,0.3080453176533658,0.0,0.0,1.5902387323399079,0.3520483770731109,0.6405821403573073,-0.219079466241056,0.096025177183617
11215.0,1869.1666666666667,1711.5,820.938165894498,1020.0,3492.0,1898.0,1020.0,6.0,0.0,6.0,-159.7371423094727,-0.09515582164498779,-878.0,0.5374077976789389,0.292096219930435,2182.6666666666665,1555.6666666666667,0.7127367134970402,3492.0,3.0,2.0,-826.4999876025001,-0.5490357244184073,0.5545055364627114,1.8682122157724395,1.0,6.0,6.0,0.292096219930435,0.416139099420048,0.0,0.0,1.7027612918240205,0.23220389359467997,0.4392000887508369,-0.3896608370352195,-0.15460012221447164
2824.0,470.6666666666667,294.0,384.02676411359084,105.0,1016.0,989.0,105.0,6.0,0.0,6.0,-246.1028562990759,-0.6073080782184209,-884.0,0.10616784630832996,0.1033464566918962,781.0,160.33333333333334,0.2052923602193091,1016.0,2.0,1.0,-109.73333245546667,-0.5558598478835667,0.7984744094409599,2.1586402265830316,1.0,6.0,6.0,0.1033464566918962,0.17032577903622406,0.0,0.0,1.4650918366109265,0.42681775259584875,0.8159208869095572,-0.10136956648065935,0.7513361355731758
819.0,136.5,95.5,114.94455185001158,32.0,374.0,102.0,32.0,6.0,0.0,6.0,-34.11428559732245,-0.36709631065516696,-70.0,0.31372549016532103,0.08556149732391546,215.66666666666666,57.333333333333336,0.2658423492921557,374.0,3.0,2.0,-42.74999935875001,-0.75247657036069,0.8467023172679136,2.7399267397260125,1.0,6.0,6.0,0.08556149732391546,0.21001221000964576,0.0,0.0,1.4851797790697616,0.4238909238876871,0.8420846288761226,-0.08572644740375655,0.11142793853349237
18786.0,3131.0,1794.0,2726.9802590655718,525.0,7829.0,7829.0,525.0,6.0,0.0,6.0,-1781.2114224644183,-0.6621952129589104,-7304.0,0.06705837271673643,0.06705837271673643,5329.0,933.0,0.1750797522984142,7829.0,1.0,0.0,-1485.24999257375,-0.7028896788024603,0.7200919657673777,2.500479080158095,0.0,6.0,6.0,0.06705837271673643,0.14899393165115032,0.0,0.0,1.4266680413257733,0.46091060718960675,0.8709614369392725,-0.06896911957128808,0.9271773927939653
17067.0,2844.5,2870.0,319.98997380126355,2346.0,3222.0,2568.0,3222.0,6.0,0.0,6.0,117.83999959597716,0.04132157050981981,654.0,1.2546728971913759,0.9999999999968964,2632.3333333333335,3056.6666666666665,1.161200455864906,3222.0,6.0,5.0,0.0,0.0,0.0,1.1327122517098516,2.0,6.0,6.0,0.9999999999968964,0.5372941934724689,0.0,0.0,1.7853515864503438,0.0632311868907609,0.11249427801024385,-0.7977620555258877,-0.6700673314836368
218.0,36.333333333333336,33.5,13.27487183449325,22.0,63.0,63.0,32.0,6.0,0.0,6.0,-3.497142845152654,-0.0531451966584198,-31.0,0.5079365078558831,0.5079365078558831,37.0,35.666666666666664,0.9639639637034331,63.0,1.0,0.0,3.6249999818750003,0.12621359480973726,0.5079365078558831,1.7339449536512077,1.0,6.0,6.0,0.5079365078558831,0.49082568805087956,1.0,1.0,1.7302435061163697,0.19113149846056743,0.365363444885494,-0.464811444320234,-0.5397695574799439
3519.0,586.5,403.0,478.581846013128,96.0,1584.0,1584.0,96.0,6.0,0.0,6.0,-291.8742847135739,-0.5532017484666746,-1488.0,0.060606060605678,0.060606060605678,905.0,268.0,0.2961325966818107,1584.0,1.0,0.0,-157.99999921,-0.5152283932690219,0.7556818181770475,2.700767263381061,1.0,6.0,6.0,0.060606060605678,0.2284739982943209,1.0,1.0,1.4996830721966103,0.40470777682979464,0.8159963273741995,-0.10132381317907528,0.8639844218736153
1502.0,250.33333333333334,207.5,215.16944227489387,35.0,619.0,372.0,61.0,6.0,0.0,6.0,-123.22285672037877,-0.6582879645125612,-311.0,0.16397849461924788,0.098546042001639,447.3333333333333,53.333333333333336,0.11922503725515891,619.0,2.0,1.0,-119.86666570773333,-0.7733811542260898,0.7936187398902484,2.4727030624844457,1.0,6.0,6.0,0.098546042001639,0.10652463382086202,0.0,0.0,1.402881350597183,0.4593874833537215,0.8595317267628437,-0.07553959482140324,0.6018820843364218
19469.0,3244.8333333333335,1514.0,3727.846090200375,196.0,10688.0,10688.0,196.0,6.0,0.0,6.0,-2333.382849142688,-0.9832626737919903,-10492.0,0.018338323353276256,0.018338323353276256,5987.333333333333,502.3333333333333,0.08389934305742584,10688.0,1.0,0.0,-1462.374992688125,-1.0336949348054985,0.835684880238739,3.293851764333164,0.0,6.0,6.0,0.018338323353276256,0.0774051055523769,0.0,0.0,1.1890332699262933,0.5826099611346458,1.1488559525981468,0.06927218756624852,0.9960957036908517
5263.0,877.1666666666666,729.0,477.55223681696737,410.0,1863.0,849.0,609.0,6.0,0.0,6.0,-55.9199998082743,-0.04642739224424215,-240.0,0.7173144876240599,0.3268921094990505,1040.6666666666667,713.6666666666666,0.685778347206735,1863.0,3.0,2.0,-268.4999959725001,-0.3463298423869669,0.6169261048454988,2.1238837164872826,1.0,6.0,6.0,0.3268921094990505,0.40680220406534906,0.0,0.0,1.6611661734102119,0.2758566090311474,0.5444258827416186,-0.2949795923118431,-0.230109039930925
440.0,73.33333333333333,71.5,16.33673433979046,55.0,101.0,55.0,64.0,6.0,0.0,6.0,2.879999990125714,0.037433423381018203,9.0,1.1636363634247933,0.6336633662738947,72.66666666666667,74.0,1.0183486237130712,101.0,5.0,4.0,0.0,0.0,0.3663366336270954,1.3772727270849177,2.0,6.0,6.0,0.6336633662738947,0.5045454545339876,0.0,0.0,1.7673930742876005,0.12348484847996155,0.22277365005767355,-0.6356256939044312,-0.7183974395136113
1113.0,185.5,194.5,39.82775414205526,113.0,231.0,162.0,180.0,6.0,0.0,6.0,-2.7771428476212248,-0.01467526801733774,18.0,1.111111111042524,0.7792207791870467,203.66666666666666,167.33333333333334,0.8216039279465661,231.0,2.0,1.0,-2.3999999808,0.005224664847662436,0.22077922076966322,1.2452830188007933,2.0,6.0,6.0,0.7792207791870467,0.4510332434820213,1.0,1.0,1.7671198921357003,0.11784965558358107,0.21470487406958605,-0.6464904707639453,-0.4153384198423377
1384.0,230.66666666666666,196.5,169.5038511525787,67.0,561.0,561.0,67.0,6.0,0.0,6.0,-109.98857105146779,-0.5138862513897219,-494.0,0.11942959001569645,0.11942959001569645,369.0,92.33333333333333,0.250225835584908,561.0,1.0,0.0,-76.624999616875,-0.5031111179414732,0.7065953654062995,2.4320809247500543,0.0,6.0,6.0,0.11942959001569645,0.20014450866907413,0.0,0.0,1.5400869448215595,0.3863198458555477,0.734843285311692,-0.15284188311990143,0.8631173581675373
40297.0,6716.166666666667,4356.5,6235.809474763926,630.0,17485.0,6175.0,630.0,6.0,0.0,6.0,-2967.1885612553533,-0.7257921050184393,-5545.0,0.10202429149781049,0.036030883614506126,11995.666666666666,1436.6666666666667,0.119765470864379,17485.0,2.0,1.0,-4864.933294413867,-1.2953441844753915,0.7621246782952461,2.603419609396327,1.0,6.0,6.0,0.036030883614506126,0.10695585279298535,0.0,0.0,1.3521949515994158,0.5023823113382437,0.928477475954236,-0.03708755997208876,0.4181426245876342
213.0,35.5,28.0,26.348624252510795,11.0,89.0,42.0,15.0,6.0,0.0,6.0,-13.199999954742859,-0.3961426787726481,-27.0,0.3571428570578231,0.16853932582375963,55.666666666666664,15.333333333333334,0.27544910174692533,89.0,2.0,1.0,-9.5999999232,-0.4099471112735901,0.7696629212618357,2.5070422528149177,1.0,6.0,6.0,0.16853932582375963,0.2159624413044149,0.0,0.0,1.5472560961554491,0.3810641627421931,0.7422147674672859,-0.14796409550917466,0.32859452290022867
1848.0,308.0,251.0,260.43041297052844,70.0,853.0,853.0,70.0,6.0,0.0,6.0,-158.3999994569143,-0.5508943674677872,-783.0,0.08206330597793596,0.08206330597793596,490.6666666666667,125.33333333333333,0.25543478260348973,853.0,1.0,0.0,-84.374999578125,-0.5011569248965172,0.7667057444224302,2.7694805193906014,1.0,6.0,6.0,0.08206330597793596,0.20346320346210248,1.0,1.0,1.4827143728865269,0.4204545454531139,0.845553288837899,-0.08368585836222851,0.6876667316688443
426.0,71.0,68.5,14.719601443879744,56.0,102.0,68.0,56.0,6.0,0.0,6.0,-5.074285696888164,-0.06685929098359926,-12.0,0.8235294116435987,0.5490196077893118,77.0,65.0,0.8441558440462136,102.0,2.0,1.0,-1.8666666517333332,-0.03174196196468672,0.37254901957131875,1.4366197181075184,2.0,6.0,6.0,0.5490196077893118,0.4577464788624942,1.0,1.0,1.7717990503238714,0.10093896713119088,0.20731833016628962,-0.6565639317210447,-0.3254261939922239
23645.0,3940.8333333333335,3204.0,2240.766864019746,1163.0,8328.0,2863.0,1163.0,6.0,0.0,6.0,-310.4571417927184,-0.1487249697494359,-1700.0,0.40621725462659375,0.13964937560021654,4837.333333333333,3044.3333333333335,0.6293412348388314,8328.0,3.0,2.0,-1442.9999783550004,-0.731745951163774,0.6344460454683383,2.11325861703841,2.0,6.0,6.0,0.13964937560021654,0.3862550222032623,1.0,1.0,1.638585944757034,0.29688447169933974,0.5686022915662661,-0.27502045021268023,-0.40095445221653775
123.0,20.5,17.0,7.297259759663212,15.0,36.0,18.0,16.0,6.0,0.0,6.0,-2.7085714192848984,-0.11565931224244981,-2.0,0.8888888883950616,0.4444444443209876,25.333333333333332,15.666666666666666,0.6184210523874654,36.0,2.0,1.0,-2.5333333130666666,-0.12899563062606637,0.5208333331886574,1.7560975601189768,1.0,6.0,6.0,0.4444444443209876,0.38211382110714526,0.0,0.0,1.7359250160050688,0.1693766937488339,0.3559638905416377,-0.47496553076593956,0.08237672748444903
209.0,34.833333333333336,36.0,5.520165053893065,26.0,43.0,43.0,35.0,6.0,0.0,6.0,-0.9942857108767349,-0.021081529582745548,-8.0,0.8139534881828014,0.8139534881828014,35.666666666666664,34.0,0.953271027770111,43.0,1.0,0.0,1.2499999937500001,0.043223712691264134,0.22790697669118434,1.2344497604111626,1.0,6.0,6.0,0.8139534881828014,0.4880382774886106,1.0,1.0,1.7789492994439928,0.08851674640147378,0.15847363786531085,-0.7264095913293861,-0.7644984858935043
1546.0,257.6666666666667,258.5,160.92717469574725,54.0,555.0,294.0,54.0,6.0,0.0,6.0,-72.27428546648817,-0.42010559703749384,-240.0,0.1836734693815077,0.09729729729554419,385.0,130.33333333333334,0.3385281385193456,555.0,3.0,2.0,-126.74999809875003,-1.0532346341684067,0.7651651651513783,2.1539456661518517,1.0,6.0,6.0,0.09729729729554419,0.2529107373851688,0.0,0.0,1.5927484660874272,0.33980163863571944,0.6245556585621023,-0.23110586542254544,0.32594013776558967
148078.0,24679.666666666668,23011.5,7142.387921572324,15901.0,38386.0,27861.0,21852.0,6.0,0.0,6.0,-1105.43999620992,-0.034392730460547416,-6009.0,0.7843221707760725,0.5692700463709245,27382.666666666668,21976.666666666668,0.8025758387298038,38386.0,3.0,2.0,-1739.2499739112504,-0.07564254382383506,0.42748224178942995,1.5553694674422038,1.0,6.0,6.0,0.5692700463709245,0.4452383203446531,0.0,0.0,1.751895514898056,0.15600561866042084,0.28940374349610726,-0.5511045396663475,-0.46577356352193516
4748.0,791.3333333333334,466.0,737.5573800653674,157.0,2204.0,2204.0,157.0,6.0,0.0,6.0,-473.96571266068895,-0.6760652675260699,-2047.0,0.07123411978189095,0.07123411978189095,1365.0,217.66666666666666,0.15946275946159125,2204.0,1.0,0.0,-334.24999832875,-0.6762047164507832,0.7691470054411563,2.78517270426135,0.0,6.0,6.0,0.07123411978189095,0.1375315922490785,0.0,0.0,1.3911329879656065,0.48525695029428095,0.9320438669621486,-0.03517318327355859,0.9911086539592879
3116.0,519.3333333333334,519.0,265.9615678167723,139.0,904.0,529.0,139.0,6.0,0.0,6.0,-133.16571382914614,-0.3594258061200016,-390.0,0.26275992438066614,0.15376106194520175,735.6666666666666,303.0,0.41187131852634523,904.0,3.0,2.0,-277.4999958375001,-0.9695762127881573,0.6648230088422032,1.7406931963721304,1.0,6.0,6.0,0.15376106194520175,0.2917201540427095,0.0,0.0,1.64841614633894,0.2879760376543352,0.512121119021151,-0.32264537200261756,0.6072561069838468
16085.0,2680.8333333333335,1793.0,2623.7233350505703,242.0,7934.0,7934.0,242.0,6.0,0.0,6.0,-1682.297137089267,-0.8147925716270665,-7692.0,0.030501638517733173,0.030501638517733173,4649.666666666667,712.0,0.1531292565772031,7934.0,1.0,0.0,-1096.7499945162501,-0.8635791140141191,0.7945298714383735,2.9595275100915406,0.0,6.0,6.0,0.030501638517733173,0.1327945290642631,0.0,0.0,1.348466586191828,0.50841363589248,0.9786969232356045,-0.010766215134064115,0.9873411553499843
20551.0,3425.1666666666665,2446.0,1620.5584856942237,2101.0,5708.0,2680.0,2101.0,6.0,0.0,6.0,-104.67428535540246,-0.044314506883128,-579.0,0.7839552238776718,0.3680798878760195,3529.0,3321.3333333333335,0.9411542457704511,5708.0,4.0,3.0,-107.99999568000017,-0.050730759154750976,0.627189908898691,1.6664882487421544,1.0,6.0,6.0,0.3680798878760195,0.48484258673520275,0.0,0.0,1.686622690577435,0.236184776085397,0.47313273875417033,-0.3576509077440518,0.13354868366838862
21565.0,3594.1666666666665,3573.0,1670.282552610652,1403.0,5682.0,5682.0,1403.0,6.0,0.0,6.0,-1154.6399960412346,-0.36468006245547824,-4279.0,0.24692009855641162,0.24692009855641162,5149.666666666667,2038.6666666666667,0.3958832286871722,5682.0,1.0,0.0,-1321.8749933906251,-0.4447298305256465,0.44093629003794277,1.5808949686948828,0.0,6.0,6.0,0.24692009855641162,0.283607697658111,0.0,0.0,1.6774987926473353,0.2602751371820522,0.4647203948822643,-0.3654483183174218,0.9538116395028065
577.0,96.16666666666667,65.0,82.16531439049503,13.0,246.0,157.0,13.0,6.0,0.0,6.0,-48.51428554795101,-0.6530034237619027,-144.0,0.08280254776542659,0.05284552845313636,164.33333333333334,28.0,0.17038539552715706,246.0,2.0,1.0,-31.999999744000004,-0.7817656863604551,0.8231707316738548,2.5580589252106005,1.0,6.0,6.0,0.05284552845313636,0.14558058925224296,0.0,0.0,1.4350032454793602,0.4601386481755436,0.8544053488591089,-0.07851285110155641,0.5465963978979727
236896.0,39482.666666666664,39861.0,9142.209482516917,28450.0,56620.0,56620.0,41366.0,6.0,0.0,6.0,-2375.862848997042,-0.048483431515222615,-15254.0,0.7305898975625696,0.7305898975625696,41885.333333333336,37080.0,0.8852740816194486,56620.0,1.0,0.0,2095.4999895225,0.05641672907945377,0.36320734722706416,1.434047007969379,1.0,6.0,6.0,0.7305898975625696,0.4695731460218632,1.0,1.0,1.765779938725952,0.12388840109864452,0.2315499497462499,-0.6239698604281777,0.233287244398165
4376.0,729.3333333333334,634.0,309.5607999874805,399.0,1346.0,505.0,1346.0,6.0,0.0,6.0,192.4799993400686,0.24818777159823457,841.0,2.6653465346006864,0.9999999999925706,507.3333333333333,951.3333333333334,1.8751642575188865,1346.0,6.0,5.0,0.0,0.0,0.0,1.845521023740692,0.0,6.0,6.0,0.9999999999925706,0.652193784276389,0.0,0.0,1.7093393595673194,0.22189213893914195,0.42444351003185926,-0.4040570832756693,0.8763272664966361
302.0,50.333333333333336,41.0,33.895263517029754,17.0,119.0,52.0,17.0,6.0,0.0,6.0,-7.679999973668573,-0.1952607100178603,-35.0,0.3269230768602071,0.14285714284513806,65.66666666666667,35.0,0.5329949237767013,119.0,3.0,2.0,-30.749999538750007,-0.8903742511515526,0.7058823528818586,2.36423841012631,1.0,6.0,6.0,0.14285714284513806,0.34768211919378533,0.0,0.0,1.5892445188140432,0.3465783664375648,0.6734158313303761,-0.1951602000868559,-0.10534176458907175
44098.0,7349.666666666667,6552.5,4058.7960721814484,3198.0,15638.0,6864.0,3198.0,6.0,0.0,6.0,-533.7599981699658,-0.09109763969412532,-3666.0,0.46590909090841215,0.20450185445696092,8851.333333333334,5848.0,0.660691421254055,15638.0,3.0,2.0,-2282.2499657662506,-0.5013467796407026,0.6260391354389141,2.127715542652101,2.0,6.0,6.0,0.20450185445696092,0.39784117193514495,1.0,1.0,1.6548667293316373,0.28339153703110287,0.5522421976746237,-0.2884587231263206,-0.4477231339100582
38994.0,6499.0,4329.5,4617.27762503693,1501.0,15072.0,3740.0,1501.0,6.0,0.0,6.0,-1681.7142799484084,-0.3129855477155981,-2239.0,0.40133689839464887,0.09958864118889357,9611.333333333334,3386.6666666666665,0.3523617951026367,15072.0,2.0,1.0,-3399.7333061354666,-0.7572326072996333,0.6652401804666499,2.3191260193840297,2.0,6.0,6.0,0.09958864118889357,0.2605529055751499,1.0,1.0,1.5549035824193052,0.3708519259372578,0.7104597053438721,-0.16927630259280485,0.10588575982517874
15861.0,2643.5,2127.5,1933.7510827404856,643.0,5941.0,2413.0,643.0,6.0,0.0,6.0,-932.6057110882092,-0.481451740386242,-1770.0,0.26647326978754055,0.1082309375524184,4237.666666666667,1049.3333333333333,0.2476205458973154,5941.0,2.0,1.0,-1643.5999868512001,-0.9011271446455915,0.6841020030286414,2.247399281247409,1.0,6.0,6.0,0.1082309375524184,0.1984742450033425,0.0,0.0,1.5219532821000672,0.4008679570433171,0.7315116636024855,-0.15506007960415924,0.45205625590921783
626.0,104.33333333333333,66.0,97.31506677910787,16.0,294.0,294.0,16.0,6.0,0.0,6.0,-61.988571216039205,-0.6896134280207944,-278.0,0.05442176870563191,0.05442176870563191,173.66666666666666,35.0,0.20153550862563135,294.0,1.0,0.0,-41.874999790625004,-0.6969042764652746,0.774149659837614,2.8178913735318316,1.0,6.0,6.0,0.05442176870563191,0.16773162939029182,1.0,1.0,1.3905053927779465,0.4824281150115839,0.9327322693589191,-0.034804474272862866,0.9363607789041273
87452.0,14575.333333333334,15015.0,5545.094909517379,7393.0,22986.0,7393.0,12951.0,6.0,0.0,6.0,1296.8228526966075,0.12170137184389793,5558.0,1.7517922358964537,0.5634299138603657,11478.666666666666,17672.0,1.5395516320116684,22986.0,4.0,3.0,-8255.999669760013,-0.553315921837543,0.3467762986163983,1.577047980605422,2.0,6.0,6.0,0.5634299138603657,0.6062297031513738,0.0,0.0,1.7170407978670588,0.21421656070375006,0.3804437800974414,-0.44880945449161264,-0.6024073178311861
15277.0,2546.1666666666665,2350.0,1456.8254776129577,684.0,4916.0,1595.0,684.0,6.0,0.0,6.0,-444.8571413319184,-0.2585227918651429,-911.0,0.4288401253891609,0.1391375101705876,3367.0,1725.3333333333333,0.5124245124229905,4916.0,3.0,2.0,-1815.7499727637503,-1.133754107078494,0.6490371575793688,1.9307455652211925,1.0,6.0,6.0,0.1391375101705876,0.33880997578036337,0.0,0.0,1.621818104758035,0.3194235342888563,0.572164225020843,-0.2721317329107636,0.39645085129758373
12188.0,2031.3333333333333,1578.0,1547.8307042079534,430.0,5287.0,1150.0,430.0,6.0,0.0,6.0,-241.16571345886047,-0.2057696372122781,-720.0,0.3739130434750095,0.08133156799681988,2689.0,1373.6666666666667,0.5108466592270577,5287.0,3.0,2.0,-1301.2499804812503,-1.2108969849294366,0.7401803164981902,2.602723990797821,1.0,6.0,6.0,0.08133156799681988,0.3381194617653937,0.0,0.0,1.5392080193207867,0.37515042117909125,0.7619777014442076,-0.13508814462054441,-0.004732897462286671
9629.0,1604.8333333333333,1271.0,1371.4926681863412,295.0,4394.0,1056.0,295.0,6.0,0.0,6.0,-553.0628552466417,-0.463637614372302,-761.0,0.2793560606034152,0.0671370050066747,2468.6666666666665,741.0,0.30016203078463344,4394.0,2.0,1.0,-803.5999935712001,-0.9169828880816125,0.7622325898935771,2.7379790216882047,1.0,6.0,6.0,0.0671370050066747,0.2308650950252042,0.0,0.0,1.460793005969331,0.4408038217880694,0.8546013094887083,-0.07839889347708122,0.09207846580320447
12623.0,2103.8333333333335,1002.0,2121.5744481136853,126.0,5530.0,5530.0,126.0,6.0,0.0,6.0,-1374.0685667174794,-0.915656868658585,-5404.0,0.022784810126541075,0.022784810126541075,3823.6666666666665,384.0,0.10042716415281905,5530.0,1.0,0.0,-1219.9999939000002,-1.037830459714335,0.7434719710655633,2.628535213486674,0.0,6.0,6.0,0.022784810126541075,0.09126198209610134,0.0,0.0,1.2810989064533724,0.5291531331693871,1.0084327567631788,0.004198675180702746,0.8730785120125454
24707.0,4117.833333333333,3688.0,1145.236571873059,3050.0,6244.0,3050.0,3069.0,6.0,0.0,6.0,-59.00571408340899,-0.011791952100571398,19.0,1.0062295081934223,0.4915118513765351,4357.333333333333,3878.3333333333335,0.890070379434922,6244.0,3.0,2.0,-1424.2499786362503,-0.3611557828484711,0.3788703822330041,1.5163314040518485,1.0,6.0,6.0,0.4915118513765351,0.4709191727039013,0.0,0.0,1.7552089816620344,0.14737388864145684,0.2781163002882449,-0.5648028270561334,0.20339974309254644
5422.0,903.6666666666666,862.0,604.7014874207676,158.0,1972.0,1015.0,158.0,6.0,0.0,6.0,-334.3542845679283,-0.5216820364387286,-857.0,0.15566502462900822,0.08012170385354908,1409.3333333333333,398.0,0.28240302743413626,1972.0,2.0,1.0,-484.1333294602667,-0.9251964649278676,0.6913032454325999,2.1822205827866226,1.0,6.0,6.0,0.08012170385354908,0.22021394319398707,0.0,0.0,1.557438319656736,0.3724947743755258,0.6691643165777308,-0.1982043829510518,0.5331798430961268
46850.0,7808.333333333333,7715.0,5469.410683265814,1413.0,16960.0,10095.0,1413.0,6.0,0.0,6.0,-2809.0285617976165,-0.5499027106904516,-8682.0,0.13997028231784053,0.08331367924523389,12687.0,2929.6666666666665,0.23091878826076748,16960.0,3.0,2.0,-2941.4999558775007,-0.9960402909136027,0.8272602201252984,2.172038420488147,1.0,6.0,6.0,0.08331367924523389,0.187598719316929,0.0,0.0,1.5283686287099272,0.38914976876550833,0.7004581451345328,-0.17615361820063388,0.4525443373674705
274.0,45.666666666666664,46.0,5.557777333511022,37.0,52.0,48.0,44.0,6.0,0.0,6.0,1.2342857100538778,0.027598303278329076,-4.0,0.9166666664756944,0.8461538459911242,42.0,49.333333333333336,1.1746031743235072,52.0,4.0,3.0,-15.999999360000025,-0.3272588344732513,0.07692307690828402,1.138686131137514,0.0,6.0,6.0,0.8461538459911242,0.5401459853817465,0.0,0.0,1.7842530830225714,0.06812652067375424,0.12170315326191221,-0.7830029219094401,0.11641256099430801
26522.0,4420.333333333333,4262.5,1444.3614121434043,2580.0,7245.0,3433.0,4150.0,6.0,0.0,6.0,-344.4342845333682,-0.07093023101317045,717.0,1.2088552286594558,0.5728088336776083,5017.666666666667,3823.0,0.7619079253289804,7245.0,2.0,1.0,-377.8666636437334,-0.10216234626494647,0.4532781228427146,1.6390166654061407,2.0,6.0,6.0,0.5728088336776083,0.43243345147408474,1.0,1.0,1.7410209068592106,0.17261141693679827,0.32675395795342815,-0.5074385028274714,-0.25881713053584804
637.0,106.16666666666667,107.0,7.7977917101930565,93.0,118.0,93.0,110.0,6.0,0.0,6.0,4.079999986011429,0.038806810529495694,17.0,1.182795698797549,0.9322033897515082,102.33333333333333,110.0,1.0749185666702035,118.0,5.0,4.0,0.0,0.0,0.06779661016374605,1.1114599684981357,2.0,6.0,6.0,0.9322033897515082,0.5180533751880996,0.0,0.0,1.7890426551301037,0.040554683408667636,0.07344858753022201,-0.8631539722898004,0.0445728549256082
79228.0,13204.666666666666,12616.5,2890.7966414506263,9800.0,18836.0,11837.0,11200.0,6.0,0.0,6.0,-318.7199989072457,-0.03184441321711286,-637.0,0.9461856889406554,0.5946060734760062,13130.666666666666,13278.666666666666,1.011271324125956,18836.0,4.0,3.0,2799.9998880000044,0.2670372668036288,0.4425568061157132,1.4264653910222953,1.0,6.0,6.0,0.5946060734760062,0.502802039682877,0.0,0.0,1.7689062231191315,0.11699567492971163,0.21892234877430483,-0.6407936092158417,-0.16314727329367662
765.0,127.5,129.0,10.372238588334406,110.0,138.0,110.0,138.0,6.0,0.0,6.0,6.754285691128165,0.05365071580322598,28.0,1.254545454431405,0.9999999999275362,118.0,137.0,1.161016949054151,138.0,4.0,3.0,5.9999997600000095,0.04363809304375455,0.010869565216603655,1.0823529410915802,1.0,6.0,6.0,0.9999999999275362,0.5372549019537614,0.0,0.0,1.7884035673596153,0.04422657951805897,0.08135089088251685,-0.8495384031073575,0.7677720112670787
53468.0,8911.333333333334,7515.5,3849.597929943103,5849.0,17336.0,5849.0,8317.0,6.0,0.0,6.0,1515.0171376627986,0.1574289927444928,2468.0,1.4219524705053481,0.4797531149051224,6616.0,11206.666666666666,1.693873438127226,17336.0,5.0,4.0,0.0,0.0,0.5202468850943007,1.9453878955615183,2.0,6.0,6.0,0.4797531149051224,0.6287873120369888,0.0,0.0,1.7126980998009542,0.1947707039724269,0.4319889949059754,-0.39665877818439377,-0.025962847840787187
452.0,75.33333333333333,59.5,47.42947981535909,25.0,144.0,144.0,25.0,6.0,0.0,6.0,-31.611428463046533,-0.4551975108979847,-119.0,0.17361111109905478,0.17361111109905478,114.33333333333333,36.333333333333336,0.3177842565319723,144.0,1.0,0.0,-31.874999840625,-0.510288320406386,0.5722222221824845,1.911504424525022,0.0,6.0,6.0,0.17361111109905478,0.24115044247254092,0.0,0.0,1.5947429846888443,0.3399705014693708,0.6295948647220772,-0.2272989091729564,0.8412575457551508
2572.0,428.6666666666667,272.5,367.3979072099108,76.0,1154.0,1154.0,76.0,6.0,0.0,6.0,-234.37714205356406,-0.6075238423200915,-1078.0,0.06585788561468062,0.06585788561468062,695.0,162.33333333333334,0.2335731414834498,1154.0,1.0,0.0,-155.24999922375,-0.5991829869224186,0.7542461005133948,2.692068429175146,0.0,6.0,6.0,0.06585788561468062,0.18934681181885946,0.0,0.0,1.4602792341839819,0.4429756350430212,0.8570713231757544,-0.07696455974372428,0.9773266392511567
17469.0,2911.5,1587.0,2980.035052925832,211.0,8496.0,8496.0,211.0,6.0,0.0,6.0,-1931.8285648051594,-0.8996176252493722,-8285.0,0.024835216572475474,0.024835216572475474,5231.666666666667,591.3333333333334,0.11302962726961512,8496.0,1.0,0.0,-1427.374992863125,-0.9810500686686582,0.7887711864397494,2.918083462122899,0.0,6.0,6.0,0.024835216572475474,0.10155131948016397,0.0,0.0,1.2880212747877822,0.5375713168086607,1.023539430848565,0.011632800672497091,0.9795559556909542
15543.0,2590.5,2041.0,1381.771899892791,1560.0,5571.0,2686.0,2069.0,6.0,0.0,6.0,-530.9828553223446,-0.18253879703171427,-617.0,0.7702903946360005,0.37138754263081786,3423.3333333333335,1757.6666666666667,0.5134371957141769,5571.0,2.0,1.0,11.1999999104,0.003981826135969719,0.6730389517130263,2.1505500868475176,1.0,6.0,6.0,0.37138754263081786,0.33925239657701906,0.0,0.0,1.6726356955024357,0.24916897209875666,0.5333996911358645,-0.30429138049104565,0.05606386920174614
206136.0,34356.0,32267.0,12617.322682196356,15661.0,57285.0,29054.0,35058.0,6.0,0.0,6.0,5657.759980601966,0.17571291499255867,6004.0,1.2066496867896996,0.6119926682376517,24730.333333333332,43981.666666666664,1.7784502163327984,57285.0,5.0,4.0,0.0,0.0,0.3880073317621737,1.6673943415992354,1.0,6.0,6.0,0.6119926682376517,0.6400871269452866,0.0,0.0,1.7241573758734954,0.19836903791670402,0.36725237752336376,-0.46278772878969293,0.32187552017958226
122598.0,20433.0,18883.0,6847.9493524217405,12973.0,33151.0,24662.0,14046.0,6.0,0.0,6.0,-2849.4857045160493,-0.15080398689266059,-10616.0,0.5695401832776865,0.42369762601417044,25401.333333333332,15464.666666666666,0.6088131856593058,33151.0,3.0,2.0,-3996.749940048751,-0.24121974910317698,0.5335082903480438,1.6224245093713001,1.0,6.0,6.0,0.42369762601417044,0.37842379157895084,0.0,0.0,1.7382742150116828,0.18178926246755855,0.33514165087938086,-0.49796839809635624,0.05240721228735079
77758.0,12959.666666666666,11876.0,4005.81151439866,8830.0,19709.0,12883.0,8913.0,6.0,0.0,6.0,-579.0171408719414,-0.047761316645927206,-3970.0,0.6918419622753303,0.4522299457098522,13807.333333333334,12112.0,0.87721500651764,19709.0,3.0,2.0,-5730.749914038751,-0.46429881539165285,0.3854584200109668,1.5207952879434752,1.0,6.0,6.0,0.4522299457098522,0.4672959695464818,0.0,0.0,1.745437634420873,0.17004038169703128,0.3090983446895935,-0.5277691000926732,-0.028092791440593706
21894.0,3649.0,3488.0,2694.8066721009877,348.0,8403.0,5174.0,348.0,6.0,0.0,6.0,-1628.3657087027464,-0.6930761118594321,-4826.0,0.06725937379190712,0.04141378079252479,5877.333333333333,1420.6666666666667,0.24171960072554158,8403.0,2.0,1.0,-1739.8666527477333,-1.1249237583152563,0.7525586100193352,2.302822691141949,1.0,6.0,6.0,0.04141378079252479,0.19466520507892815,0.0,0.0,1.4956241742306724,0.41070612953308516,0.7385055281155393,-0.15041336806398792,0.5839188400826522
817.0,136.16666666666666,117.0,44.801103657040514,110.0,236.0,115.0,236.0,6.0,0.0,6.0,21.839999925120004,0.13187693648436719,121.0,2.0521739128650283,0.9999999999576271,114.66666666666667,157.66666666666666,1.3749999998800873,236.0,6.0,5.0,0.0,0.0,0.0,1.73317013451164,1.0,6.0,6.0,0.9999999999576271,0.5789473684139663,0.0,0.0,1.745225637584689,0.13361893104589906,0.32901667309975774,-0.5048720158354536,0.6911687310902178
263.0,43.833333333333336,45.0,3.5784850922639815,37.0,48.0,46.0,42.0,6.0,0.0,6.0,-1.268571424222041,-0.02843749376373217,-4.0,0.9130434780623818,0.8749999998177084,46.666666666666664,41.0,0.8785714283831633,48.0,3.0,2.0,3.7499999437500007,0.09271046558472555,0.1458333333029514,1.0950570339707093,2.0,6.0,6.0,0.8749999998177084,0.46768060834723646,1.0,1.0,1.7883400111920311,0.04372623573377443,0.08163844315089575,-0.8490467054274714,-0.213902093129349
16643.0,2773.8333333333335,1998.0,2752.7361791901203,389.0,8451.0,2894.0,389.0,6.0,0.0,6.0,-1304.468566956108,-0.6461323615257051,-2505.0,0.1344160331716157,0.04603005561466568,4839.333333333333,708.3333333333334,0.14637002341890132,8451.0,2.0,1.0,-1175.9999905920001,-0.9122623268684076,0.8432729854445115,3.0466862945272606,1.0,6.0,6.0,0.04603005561466568,0.12768130745651163,0.0,0.0,1.3563181383488918,0.4978970137593719,0.9923942243033814,-0.0038174050096299165,0.2629421286966089
11650.0,1941.6666666666667,1639.0,672.7170446942921,1311.0,3160.0,1311.0,2510.0,6.0,0.0,6.0,385.43999867849146,0.19367473757822817,1199.0,1.914569031259233,0.7943037974658408,1410.6666666666667,2472.6666666666665,1.7528355387399372,3160.0,5.0,4.0,0.0,0.0,0.20569620253099463,1.6274678111504166,2.0,6.0,6.0,0.7943037974658408,0.6367381974243461,0.0,0.0,1.735421695342076,0.18340486409136614,0.34646371400385967,-0.48537237148977996,0.49119986036308977
17186.0,2864.3333333333335,2790.0,890.5808341875667,1623.0,4372.0,3373.0,1623.0,6.0,0.0,6.0,-462.5828555568588,-0.18137314179188704,-1750.0,0.48117402905282786,0.3712259835307154,3637.0,2091.6666666666665,0.5751076894860917,4372.0,3.0,2.0,-593.2499911012501,-0.29760527955970784,0.5215767002122867,1.5263586640235318,1.0,6.0,6.0,0.3712259835307154,0.36512277435100365,0.0,0.0,1.74345623183941,0.17361030295964341,0.3109208079312664,-0.5256451708571642,0.309960572385582
5624.0,937.3333333333334,600.5,796.8549986596613,194.0,2428.0,194.0,2428.0,6.0,0.0,6.0,515.931426802521,0.6162946757934176,2234.0,12.515463916880647,0.9999999999958814,341.0,1533.6666666666667,4.497556207101733,2428.0,6.0,5.0,0.0,0.0,0.0,2.5903271692469025,0.0,6.0,6.0,0.9999999999958814,0.81810099573112,0.0,0.0,1.4550979070848804,0.4459459459454682,0.8501297994144665,-0.08100523575280835,0.9462605967629296
4591.0,765.1666666666666,534.5,537.1677008987872,264.0,1747.0,309.0,1747.0,6.0,0.0,6.0,348.03428452102537,0.46159067294111666,1438.0,5.653721682664928,0.9999999999942759,344.6666666666667,1185.6666666666667,3.440038684619728,1747.0,6.0,5.0,0.0,0.0,0.0,2.283162709619475,0.0,6.0,6.0,0.9999999999942759,0.7747767370926274,0.0,0.0,1.5629118320527535,0.3717781166043932,0.7020270540950995,-0.17506945331738688,0.9524024354529713
26304.0,4384.0,2865.5,3742.723206436725,2099.0,12722.0,2723.0,3008.0,6.0,0.0,6.0,-1021.7828536396019,-0.1577565193607689,285.0,1.1046639735545183,0.23644081119302274,6183.0,2585.0,0.41808183729513493,12722.0,2.0,1.0,34.7999997216,0.018403614832498423,0.7866098097777184,2.9019160583875414,1.0,6.0,6.0,0.23644081119302274,0.2948220802918587,1.0,1.0,1.519132757059108,0.3470194647200986,0.8537233591305173,-0.07890963888797964,-0.19320538012013017
54787.0,9131.166666666666,7923.5,3892.896154821269,4477.0,16344.0,7214.0,6480.0,6.0,0.0,6.0,140.3314280902922,0.03749769158901424,-734.0,0.8982533961728608,0.3964757709248675,9345.0,8917.333333333334,0.9542357767066657,16344.0,3.0,2.0,-3869.249941961251,-0.4391794605555928,0.4543971284056609,1.7899136656486503,1.0,6.0,6.0,0.3964757709248675,0.4882910179421235,0.0,0.0,1.705215075498595,0.23190112009535713,0.426330642833191,-0.402199419922863,-0.08881808950362438
170.0,28.333333333333332,29.5,4.068851871911234,23.0,33.0,31.0,32.0,6.0,0.0,6.0,-0.34285714168163267,-0.011085798495315907,1.0,1.0322580641831425,0.9696969694031221,29.0,27.666666666666668,0.9540229881767737,33.0,2.0,1.0,4.266666632533334,0.1526137578449742,0.19696969691000918,1.1647058819418685,1.0,6.0,6.0,0.9696969694031221,0.4882352940889273,1.0,1.0,1.781231603184911,0.07843137253681265,0.14360653660500597,-0.7488532424660715,0.167976399602592
79120.0,13186.666666666666,10505.0,6453.26518559059,8471.0,27321.0,9719.0,12599.0,6.0,0.0,6.0,-190.42285648997878,-0.0005536698051851269,2880.0,1.2963267825894675,0.46114710296092337,15601.333333333334,10772.0,0.6904538073664491,27321.0,3.0,2.0,1014.7499847787502,0.08519653937371206,0.6057245342408383,2.071865520726437,1.0,6.0,6.0,0.46114710296092337,0.4084428715874105,0.0,0.0,1.692052978082613,0.21986012807546773,0.48937804744077573,-0.34284240555034123,-0.2163171547027271
13623.0,2270.5,1152.5,2620.3435366378967,145.0,7687.0,7687.0,145.0,6.0,0.0,6.0,-1608.582851627716,-0.9264765144436913,-7542.0,0.018863015480657132,0.018863015480657132,4173.333333333333,367.6666666666667,0.08809904153333524,7687.0,1.0,0.0,-901.1249954943751,-0.9436932916535711,0.8455574346287946,3.3855978859132985,0.0,6.0,6.0,0.018863015480657132,0.08096601335969979,0.0,0.0,1.2061035830129179,0.5739925126621961,1.154082156629093,0.07153030638098755,0.9764658026415445
2981.0,496.8333333333333,480.5,93.12252979572428,376.0,687.0,484.0,687.0,6.0,0.0,6.0,45.222856987807354,0.08442271481673454,203.0,1.4194214875739788,0.999999999985444,447.0,546.6666666666666,1.2229679343499709,687.0,6.0,5.0,0.0,0.0,0.0,1.3827574639104443,1.0,6.0,6.0,0.999999999985444,0.5501509560531695,0.0,0.0,1.7750460053860264,0.08884043385818186,0.18743212974273724,-0.6843067910021787,0.07229211548274075
19585.0,3264.1666666666665,2536.0,1927.4642596484694,1254.0,7125.0,1254.0,7125.0,6.0,0.0,6.0,1232.879995772983,0.37532222700534346,5871.0,5.681818181772873,0.9999999999985965,1869.0,4659.333333333333,2.49295523451493,7125.0,6.0,5.0,0.0,0.0,0.0,2.18279295378448,0.0,6.0,6.0,0.9999999999985965,0.713709471533973,0.0,0.0,1.6350341931934507,0.3060079993190816,0.5904919866150313,-0.2574725410930499,0.9627979092555384
18542.0,3090.3333333333335,2071.5,2649.3084422585116,455.0,8037.0,2413.0,455.0,6.0,0.0,6.0,-1180.7314245232067,-0.5460087255627715,-1958.0,0.18856195607049914,0.056613164115893226,5149.0,1031.6666666666667,0.20036252994069978,8037.0,2.0,1.0,-1926.1333179242667,-1.0433083334612383,0.7482891626219382,2.600690324659905,1.0,6.0,6.0,0.056613164115893226,0.16691834753523518,0.0,0.0,1.4413094036570993,0.457106389098477,0.8572888929726907,-0.07683840008091396,0.3160539453555753
44068.0,7344.666666666667,6745.0,2127.85930508157,5560.0,11911.0,6454.0,5850.0,6.0,0.0,6.0,456.06856986490783,0.04642996202303342,-604.0,0.906414626586758,0.4911426412555695,6350.0,8339.333333333334,1.313280839892945,11911.0,5.0,4.0,0.0,0.0,0.5088573587435908,1.6217209766702072,2.0,6.0,6.0,0.4911426412555695,0.567713533629716,0.0,0.0,1.754171658934169,0.13826359262952304,0.28971489131505934,-0.550730330762744,-0.25692996449974825
895.0,149.16666666666666,127.5,96.09963001431842,34.0,292.0,292.0,34.0,6.0,0.0,6.0,-66.06857120205062,-0.5277128444221337,-258.0,0.11643835616039594,0.11643835616039594,231.66666666666666,66.66666666666667,0.2877697841602402,292.0,1.0,0.0,-66.874999665625,-0.6156515748088327,0.5869863013497607,1.957541899310109,0.0,6.0,6.0,0.11643835616039594,0.2234636871483412,0.0,0.0,1.575551869624262,0.3588454376135466,0.6442433296617385,-0.21636497704047875,0.9383079297979522
26452.0,4408.666666666667,4357.5,1248.7632103627795,2899.0,6563.0,4633.0,3105.0,6.0,0.0,6.0,-431.38285566383024,-0.11195387660817763,-1528.0,0.6701921001496435,0.4731068109089241,5092.666666666667,3724.6666666666665,0.7313784526756157,6563.0,3.0,2.0,-1548.7499767687502,-0.3822977707812246,0.4324749860321513,1.4886587025521956,1.0,6.0,6.0,0.4731068109089241,0.4224255254799552,0.0,0.0,1.752187084717384,0.15793386763437378,0.2832519001270105,-0.5585404547616729,0.21102067511427197
21065.0,3510.8333333333335,2900.0,1827.954632612333,1696.0,6381.0,1696.0,6381.0,6.0,0.0,6.0,1222.6628529508705,0.3577784185177311,4685.0,3.7623820754495143,0.9999999999984328,1836.6666666666667,5185.0,2.823049001799512,6381.0,6.0,5.0,0.0,0.0,0.0,1.817517208634747,0.0,6.0,6.0,0.9999999999984328,0.7384286731541712,0.0,0.0,1.6579106665477634,0.2821504865890143,0.5206611818486949,-0.31521736983232257,0.9253228708755458
16463.0,2743.8333333333335,1504.5,3365.9212417339113,223.0,10002.0,10002.0,223.0,6.0,0.0,6.0,-1947.8742790358594,-0.8790966259655819,-9779.0,0.022295540891799342,0.022295540891799342,4837.666666666667,650.0,0.13436229587238813,10002.0,1.0,0.0,-828.9999958550001,-0.8377857500669009,0.8708058388313628,3.6452651399976483,0.0,6.0,6.0,0.022295540891799342,0.11844742756477042,0.0,0.0,1.182195380702777,0.5751584360888313,1.2267221922085807,0.1018188047909785,0.9123566049889895
166507.0,27751.166666666668,23839.0,14198.684544899066,11627.0,46151.0,16241.0,31437.0,6.0,0.0,6.0,6916.4228334294085,0.27201396527985056,15196.0,1.935656671386038,0.6811770059152172,14466.666666666666,41035.666666666664,2.8365668202745367,46151.0,5.0,4.0,0.0,0.0,0.31882299408456616,1.6630291819557148,1.0,6.0,6.0,0.6811770059152172,0.739350297585042,0.0,0.0,1.6590943925468045,0.27804336554417675,0.5116427974161067,-0.32306389010571507,0.40582674506606214
250356.0,41726.0,35259.5,12119.99196919426,30983.0,59435.0,37334.0,31627.0,6.0,0.0,6.0,-4635.839984105692,-0.11253957428196232,-5707.0,0.8471366582737325,0.532127534281058,51520.333333333336,31931.666666666668,0.6197876566532399,59435.0,3.0,2.0,-1168.4999824725003,-0.036063971482977276,0.46274641765506364,1.424411637827392,1.0,6.0,6.0,0.532127534281058,0.38263512757831314,0.0,0.0,1.7513769000780592,0.14972279474028105,0.290466183415409,-0.5498275163681279,0.31481255340440345
39633.0,6605.5,4231.0,6505.240983238054,465.0,18800.0,10968.0,465.0,6.0,0.0,6.0,-3746.914272867723,-0.8768561715954019,-10503.0,0.04239606126910795,0.02473404255317833,11863.666666666666,1347.3333333333333,0.11356803686315621,18800.0,2.0,1.0,-2369.9999810400004,-1.1480519353735483,0.86881648936124,2.846113087574224,1.0,6.0,6.0,0.02473404255317833,0.10198571897153838,0.0,0.0,1.3122281361477817,0.5254417614949791,0.9848218883094702,-0.00764709003785904,0.4982175601370389
4697.0,782.8333333333334,685.0,278.8765656861273,461.0,1236.0,461.0,1236.0,6.0,0.0,6.0,189.4971422074384,0.24160651708825545,775.0,2.681127982588262,0.9999999999919095,544.3333333333334,1021.3333333333334,1.87630128594226,1236.0,6.0,5.0,0.0,0.0,0.0,1.5788801362370166,0.0,6.0,6.0,0.9999999999919095,0.6523312752807061,0.0,0.0,1.7301098384759799,0.1961180895602288,0.35624002429111973,-0.4746652245664163,0.956970738834431
884.0,147.33333333333334,121.0,87.83633770952784,41.0,284.0,241.0,41.0,6.0,0.0,6.0,-57.257142660832656,-0.4479087655579406,-200.0,0.1701244813207417,0.14436619717801527,223.0,71.66666666666667,0.3213751868316274,284.0,2.0,1.0,-44.13333298026667,-0.5291342358592626,0.6839788732153529,1.9276018098239183,1.0,6.0,6.0,0.14436619717801527,0.24321266968050664,0.0,0.0,1.6119266996265826,0.3310708898915955,0.5961742378070096,-0.2529960405074166,0.7485125117861091
55389.0,9231.5,5050.0,10714.663173271789,512.0,31252.0,12180.0,512.0,6.0,0.0,6.0,-5303.96569610069,-0.92047184146342,-11668.0,0.04203612479471097,0.016382951491099328,17267.0,1196.0,0.06926507210281505,31252.0,2.0,1.0,-3194.2666411125333,-1.1504719286436864,0.9043501215919287,3.385365325241417,1.0,6.0,6.0,0.016382951491099328,0.06477820505875449,0.0,0.0,1.1833961767073649,0.5802686453988533,1.160663291259295,0.07435831946158498,0.2912864655194855
2581.0,430.1666666666667,366.5,290.41144184683145,79.0,907.0,697.0,79.0,6.0,0.0,6.0,-185.93142793394944,-0.5561818938285479,-618.0,0.11334289813323754,0.08710033075978942,674.6666666666666,185.66666666666666,0.27519762845441903,907.0,2.0,1.0,-156.13333208426667,-0.7492298332831226,0.730705622924689,2.1084850832520305,1.0,6.0,6.0,0.08710033075978942,0.2158078264230306,0.0,0.0,1.5548688474533645,0.3773085367418674,0.6751137741342432,-0.19394875193502745,0.6867561060892082
296.0,49.333333333333336,52.0,10.386957633921922,36.0,65.0,55.0,36.0,6.0,0.0,6.0,-2.4685714201077555,-0.060804150852315414,-19.0,0.6545454544264463,0.5538461537609468,53.0,45.666666666666664,0.8616352199632135,65.0,5.0,4.0,0.0,0.0,0.44615384608520714,1.317567567300493,1.0,6.0,6.0,0.5538461537609468,0.4628378378222014,0.0,0.0,1.769139159678365,0.11373873873152918,0.21054643848276602,-0.652146449089545,-0.8093029882792454
13643.0,2273.8333333333335,1217.0,2460.86173366612,167.0,7104.0,7104.0,167.0,6.0,0.0,6.0,-1568.8799946209829,-0.9336320782914386,-6937.0,0.02350788288284979,0.02350788288284979,4150.333333333333,397.3333333333333,0.09573528230641137,7104.0,1.0,0.0,-1048.6249947568751,-0.9940729921615815,0.815906531530383,3.1242395367450375,0.0,6.0,6.0,0.02350788288284979,0.08737081287100537,0.0,0.0,1.2439144351699662,0.5590046177524828,1.082252466607915,0.03950167807763767,0.9980854141751129
23701.0,3950.1666666666665,3318.0,3308.5513152368603,377.0,10765.0,3354.0,377.0,6.0,0.0,6.0,-904.2857111853062,-0.4794791015505994,-2977.0,0.11240310077485867,0.035020901068244285,5800.333333333333,2100.0,0.36204815815120617,10765.0,3.0,2.0,-2960.2499555962504,-1.82795489039047,0.8049233627489039,2.7252014682855785,1.0,6.0,6.0,0.035020901068244285,0.26581156913199194,0.0,0.0,1.4671030401455822,0.42323811934787603,0.837572587290448,-0.08839237907141628,0.0957482413941059
29050.0,4841.666666666667,3210.0,4344.828330581338,2137.0,14460.0,3641.0,2282.0,6.0,0.0,6.0,-1467.1542806840425,-0.26640440958158834,-1359.0,0.6267508926101985,0.15781466113405407,6960.0,2723.3333333333335,0.3912835249036524,14460.0,2.0,1.0,-413.99999668800007,-0.1537733186372517,0.8107019363756496,2.986574870906052,2.0,6.0,6.0,0.15781466113405407,0.281239242684929,1.0,1.0,1.4881831157996157,0.3837292025242942,0.8973827877257895,-0.054083558118044515,-0.18335009017669437
35003.0,5833.833333333333,2538.5,7668.734715641745,193.0,22057.0,22057.0,193.0,6.0,0.0,6.0,-4557.702841516448,-1.1537280521127264,-21864.0,0.00875005667134753,0.00875005667134753,11131.333333333334,536.3333333333334,0.04818230819903439,22057.0,1.0,0.0,-2224.6249888768752,-1.1909420225927767,0.8826132293598936,3.7808759249142403,0.0,6.0,6.0,0.00875005667134753,0.0459674885009725,0.0,0.0,1.050590568077328,0.6329600319971715,1.3145275631737738,0.13589277059383773,0.9653015271738307
34982.0,5830.333333333333,2628.0,6432.635169370498,223.0,17596.0,17596.0,223.0,6.0,0.0,6.0,-4131.6342715486835,-1.065633299817029,-17373.0,0.012673334848822077,0.012673334848822077,10800.333333333334,860.3333333333334,0.07965803524575199,17596.0,1.0,0.0,-3119.4999844025,-1.1903945182430806,0.8023869061145701,3.018009261900947,0.0,6.0,6.0,0.012673334848822077,0.07378080155506439,0.0,0.0,1.1966241739793178,0.5741333638251223,1.103304871538414,0.04911550053348616,0.9459994024580413
1294.0,215.66666666666666,183.5,110.03585274304412,82.0,411.0,207.0,82.0,6.0,0.0,6.0,-54.582856955715926,-0.2928332856257977,-125.0,0.3961352656813461,0.1995133819902795,305.6666666666667,125.66666666666667,0.41112322790367095,411.0,2.0,1.0,-90.13333261226667,-0.5364766730184825,0.5888077858737516,1.9057187016117905,1.0,6.0,6.0,0.1995133819902795,0.2913446676948119,0.0,0.0,1.6650776378295071,0.28129829984357557,0.5102126092949397,-0.3243168462799125,0.4099319994734693
24815.0,4135.833333333333,2167.0,4747.456947906134,1543.0,14720.0,2481.0,1543.0,6.0,0.0,6.0,-1421.8628522678994,-0.2661426036934152,-938.0,0.6219266424803631,0.10482336956514618,6351.333333333333,1920.3333333333333,0.30235121234338874,14720.0,2.0,1.0,-17.866666523733333,-0.022277826698058906,0.8706861413037563,3.559137618367377,2.0,6.0,6.0,0.10482336956514618,0.23215796897028726,1.0,1.0,1.3224782178212697,0.4627644569815548,1.14788400916252,0.0688510219984361,-0.2225457078402458
853.0,142.16666666666666,139.0,7.51480021173033,136.0,158.0,158.0,139.0,6.0,0.0,6.0,-2.502857134275919,-0.01647220059710296,-19.0,0.8797468353873578,0.8797468353873578,144.33333333333334,140.0,0.9699769052445743,158.0,1.0,0.0,1.374999993125,0.009801789122694545,0.12025316454935106,1.1113716294646163,2.0,6.0,6.0,0.8797468353873578,0.4923798358676157,2.0,1.0,1.7903945592995045,0.025595935910136314,0.05285908706589735,-0.899589436515432,-0.6012318519016016
1289.0,214.83333333333334,166.5,115.46055122373568,81.0,392.0,132.0,81.0,6.0,0.0,6.0,-36.651428445766534,-0.1964773994206705,-51.0,0.6136363635898759,0.20663265305595324,291.6666666666667,138.0,0.47314285712663506,392.0,3.0,2.0,-77.24999884125002,-0.6102274242071426,0.6479591836569398,1.824670286959286,1.0,6.0,6.0,0.20663265305595324,0.3211792086864145,0.0,0.0,1.6507709575231966,0.290535298679264,0.5374424416680895,-0.3008617075664299,0.24706092224438508
72753.0,12125.5,11109.0,2172.6477510171776,10082.0,15959.0,11256.0,10962.0,6.0,0.0,6.0,388.285712954449,0.028507430668720746,-294.0,0.97388059701406,0.6868851431789668,11916.666666666666,12334.333333333334,1.0350489510480825,15959.0,5.0,4.0,0.0,0.0,0.3131148568204066,1.3161519112603057,2.0,6.0,6.0,0.6868851431789668,0.5086113287423875,0.0,0.0,1.7763100117036945,0.09427102662430276,0.17918005451448482,-0.6960938173455237,-0.6925356288971491
8935.0,1489.1666666666667,1567.5,870.838564577589,362.0,2826.0,2133.0,362.0,6.0,0.0,6.0,-555.3257123817405,-0.4926447085160746,-1771.0,0.169714017814488,0.1280962491149041,2225.6666666666665,752.6666666666666,0.3381758274659061,2826.0,2.0,1.0,-667.4666613269334,-0.7664669427408154,0.648266100493106,1.8977056519178666,1.0,6.0,6.0,0.1280962491149041,0.2527140458866785,0.0,0.0,1.6018585512601922,0.32797985450447786,0.5847824720123611,-0.26200285232438203,0.7158746940094505
11169.0,1861.5,1669.5,821.6184739078514,981.0,3554.0,981.0,3554.0,6.0,0.0,6.0,516.8571410850612,0.26707364134627215,2573.0,3.6228338429803992,0.9999999999971863,1290.0,2433.0,1.8860465116132865,3554.0,6.0,5.0,0.0,0.0,0.0,1.9092130002583443,0.0,6.0,6.0,0.9999999999971863,0.6535052377109378,0.0,0.0,1.704113573653082,0.2249529948963811,0.44137441520464016,-0.38756452098580974,0.843833205672431
234.0,39.0,34.5,10.246950765959598,27.0,53.0,53.0,27.0,6.0,0.0,6.0,-4.731428555206532,-0.11668423332657638,-26.0,0.5094339621680313,0.5094339621680313,46.0,32.0,0.6956521737618148,53.0,1.0,0.0,-3.3749999831250004,-0.08833402912115523,0.31698113201566386,1.358974358625904,2.0,6.0,6.0,0.5094339621680313,0.41025641023887793,2.0,1.0,1.7581693312408455,0.13960113959183573,0.2627423272649276,-0.5838544068412962,-0.4528593979363337
101035.0,16839.166666666668,15930.5,6811.304217173748,9948.0,30609.0,10692.0,16500.0,6.0,0.0,6.0,-1041.565710714632,-0.03593316213660197,5808.0,1.5432098765417663,0.5390571400566699,18887.333333333332,14791.0,0.7831174331999666,30609.0,2.0,1.0,-607.999995136,-0.04989439382290049,0.5121206181186866,1.817726530409174,2.0,6.0,6.0,0.5390571400566699,0.43918444103524135,1.0,1.0,1.716813297487113,0.2080846571319941,0.40449176328023173,-0.42400265511586016,-0.4405266349329776
34402.0,5733.666666666667,5302.5,2038.8650982565987,2476.0,9281.0,2476.0,5356.0,6.0,0.0,6.0,25.439999912777175,0.06466701143376562,2880.0,2.1631663974064494,0.5770929856690258,6184.333333333333,5283.0,0.8542553764875963,9281.0,2.0,1.0,-576.6666620533333,-0.095357932457444,0.390017239521183,1.6186849601739108,1.0,6.0,6.0,0.5770929856690258,0.4606999593045577,0.0,0.0,1.726378037684047,0.18791543127330979,0.35559533136207944,-0.4753665446669026,-0.4673243036586366
480.0,80.0,68.0,48.387326164330815,23.0,150.0,136.0,23.0,6.0,0.0,6.0,-32.22857131807347,-0.46123717298169126,-113.0,0.1691176470463884,0.1533333333231111,123.0,37.0,0.300813008105625,150.0,2.0,1.0,-26.399999788800002,-0.5551671973712314,0.6766666666215555,1.8749999997656253,1.0,6.0,6.0,0.1533333333231111,0.23124999999518228,0.0,0.0,1.6040795664716332,0.3361111111058932,0.60484157697853,-0.24622892911364078,0.8287742432617085
9286.0,1547.6666666666667,1199.5,1240.8030553726978,177.0,3284.0,3054.0,177.0,6.0,0.0,6.0,-825.2571400276898,-0.7397624741434582,-2877.0,0.057956777995880955,0.05389768574892236,2670.6666666666665,424.6666666666667,0.15901148277524088,3284.0,2.0,1.0,-645.8666614997334,-0.9855101623935486,0.7755785627260183,2.121903941403477,1.0,6.0,6.0,0.05389768574892236,0.1371957785912802,0.0,0.0,1.4456630050339703,0.4402685045585457,0.8017249980818526,-0.11004731694502383,0.8484260671564082
327.0,54.5,53.0,7.251436639269031,47.0,66.0,60.0,48.0,6.0,0.0,6.0,-1.8857142792489798,-0.03531327472817343,-12.0,0.7999999998666667,0.7272727271625345,55.333333333333336,53.666666666666664,0.9698795178970097,66.0,4.0,3.0,1.9999999200000032,0.041238572755928606,0.2803030302605602,1.211009174089723,1.0,6.0,6.0,0.7272727271625345,0.49235474004610535,0.0,0.0,1.7830004910694017,0.07186544341876377,0.13305388326492645,-0.7651411193732974,-0.1787391020946807
16038.0,2673.0,2022.0,2219.514286204679,329.0,6241.0,4764.0,329.0,6.0,0.0,6.0,-1403.9314237579495,-0.726477881792661,-4435.0,0.06905961376979626,0.0527159109116284,4680.666666666667,665.3333333333334,0.14214499359035293,6241.0,2.0,1.0,-1129.4666576309335,-0.9442074184283678,0.7983896811395635,2.334829779265489,1.0,6.0,6.0,0.0527159109116284,0.12445442075063944,0.0,0.0,1.4277906438567916,0.45622895622878756,0.8303457860816968,-0.09268970661426133,0.728181725384108
10791.0,1798.5,1298.0,1495.0156911105203,285.0,4066.0,3422.0,285.0,6.0,0.0,6.0,-959.7599967093944,-0.6987618696904645,-3137.0,0.0832846288717613,0.07009345794375285,3158.0,439.0,0.1390120329317954,4066.0,2.0,1.0,-705.4666610229334,-0.8243857367810756,0.7969134284289304,2.260772866264883,1.0,6.0,6.0,0.07009345794375285,0.12204614956897224,0.0,0.0,1.4286307418362552,0.4522441540787665,0.8312569869903852,-0.0921460036482256,0.7743907530726737
67271.0,11211.833333333334,6617.5,11370.678980264203,4823.0,36555.0,4823.0,7398.0,6.0,0.0,6.0,1294.7999955606858,0.10362306206774571,2575.0,1.5339000621987686,0.2023799753795097,6019.333333333333,16404.333333333332,2.7252741167304375,36555.0,4.0,3.0,4275.999828960007,0.6820474391075902,0.8268636301461286,3.260394523640266,2.0,6.0,6.0,0.2023799753795097,0.731563377978515,0.0,0.0,1.4181229517739629,0.41139322045652205,1.0141676782198028,0.0070340113059588075,-0.28920088033660435
41035.0,6839.166666666667,4799.5,7080.714357009154,1584.0,22221.0,3875.0,1584.0,6.0,0.0,6.0,-1359.6685667668507,-0.31914508604517083,-2291.0,0.4087741935473322,0.07128392061560178,10606.666666666666,3071.6666666666665,0.2895977372718828,22221.0,3.0,2.0,-3200.2499519962507,-0.9796492921767364,0.8617673972064585,3.2490800536080187,1.0,6.0,6.0,0.07128392061560178,0.2245643962470514,0.0,0.0,1.3692349154807295,0.4762073027090026,1.0353182927255467,0.01735271227760307,-0.002069812927662566
22971.0,3828.5,2364.5,3449.0594732477434,481.0,10137.0,6615.0,481.0,6.0,0.0,6.0,-2020.0114216456755,-0.6988967584510166,-6134.0,0.07271352985627708,0.04744993587841822,6516.0,1141.0,0.17510742786959008,10137.0,2.0,1.0,-1049.1999916064,-0.7899621008312382,0.8466262207745421,2.647773279345311,1.0,6.0,6.0,0.04744993587841822,0.14901397414124373,0.0,0.0,1.4023519041377686,0.4785816899567825,0.9008905506696446,-0.052138430217788787,0.49485059661965614
11279.0,1879.8333333333333,1345.5,1373.589387537468,246.0,4263.0,3084.0,246.0,6.0,0.0,6.0,-582.8914265729437,-0.47180141434002254,-2838.0,0.0797665369647219,0.05770584095693712,2801.0,958.6666666666666,0.34225871712361444,4263.0,3.0,2.0,-1041.7499843737503,-1.417965864131548,0.7751192430977205,2.267754233519278,1.0,6.0,6.0,0.05770584095693712,0.25498714425015073,0.0,0.0,1.521629323225828,0.39795194609428064,0.7306974310826285,-0.1556034949122165,-0.16817483063522728
27649.0,4608.166666666667,3100.5,3314.735455340123,2425.0,11929.0,3210.0,2938.0,6.0,0.0,6.0,-865.5428541752817,-0.13080175208163963,-272.0,0.9152647975049369,0.24629055243503536,6043.333333333333,3173.0,0.525041367897642,11929.0,2.0,1.0,209.59999832320003,0.06465757704571158,0.73782379076139,2.58866505117164,2.0,6.0,6.0,0.24629055243503536,0.3442800824621707,1.0,1.0,1.5897871852027432,0.3097942059386427,0.7193176148141913,-0.16325220120191247,-0.2737780968099298
701.0,116.83333333333333,119.0,15.323366325829175,94.0,135.0,102.0,94.0,6.0,0.0,6.0,-2.1599999925942863,-0.02015921216292688,-8.0,0.9215686273606306,0.6962962962447188,121.0,112.66666666666667,0.9311294765070692,135.0,2.0,1.0,-10.133333252266667,-0.0943959025867979,0.1407407407303155,1.1554921539667198,2.0,6.0,6.0,0.6962962962447188,0.48216833094889916,1.0,1.0,1.7830324541119769,0.07346647645924831,0.1311557745322478,-0.7681030720472094,-0.6701915039946348
8087.0,1347.8333333333333,798.0,1437.426220328852,107.0,4281.0,4281.0,107.0,6.0,0.0,6.0,-901.6799969085259,-0.8665608515148968,-4174.0,0.02499416024287551,0.02499416024287551,2406.6666666666665,289.0,0.12008310249257584,4281.0,1.0,0.0,-543.74999728125,-0.8997671239120556,0.8221910768492825,3.1762087300370263,0.0,6.0,6.0,0.02499416024287551,0.107209101026206,0.0,0.0,1.281185819239456,0.5420015662994706,1.0664717845813187,0.032166799994419286,0.9877926951845756
69931.0,11655.166666666666,12229.5,3445.0108087235694,7080.0,17028.0,7080.0,7626.0,6.0,0.0,6.0,-431.27999852132587,-0.023670463509016745,546.0,1.0771186440662752,0.4478505990131267,12615.333333333334,10695.0,0.8477778364945981,17028.0,2.0,1.0,-2365.466647742933,-0.22892977075765533,0.327240427530933,1.4609829689252598,2.0,6.0,6.0,0.4478505990131267,0.4588093978349432,1.0,1.0,1.7469449233878693,0.1636637066060036,0.29557799620087916,-0.5437125405524734,-0.4049464876197525
96464.0,16077.333333333334,13837.5,5112.406239292371,11527.0,26947.0,16899.0,26947.0,6.0,0.0,6.0,1508.0228519724933,0.06292036639770404,10048.0,1.5945913959396445,0.9999999999996289,14815.666666666666,17339.0,1.1703152068748148,26947.0,6.0,5.0,0.0,0.0,0.0,1.676086415656612,1.0,6.0,6.0,0.9999999999996289,0.5392374357272621,0.0,0.0,1.7466586185620496,0.1522813346602303,0.3179884458008702,-0.5174639856452506,-0.6563557802297345
574.0,95.66666666666667,89.0,24.513035081133648,75.0,148.0,77.0,88.0,6.0,0.0,6.0,9.188571397067756,0.08967171878524867,11.0,1.14285714270872,0.5945945945544192,82.66666666666667,108.66666666666667,1.314516128873244,148.0,5.0,4.0,0.0,0.0,0.4054054053780131,1.547038327364421,2.0,6.0,6.0,0.5945945945544192,0.5679442508611856,0.0,0.0,1.7619708999336976,0.12311265969428042,0.25623381615231333,-0.5920603108911839,-0.10409642605269294
20126.0,3354.3333333333335,2749.5,2162.0527026159393,1347.0,7992.0,2027.0,2810.0,6.0,0.0,6.0,-476.84571265081473,-0.08634316618928574,783.0,1.3862851504618339,0.35160160160116166,4426.666666666667,2282.0,0.5155120481916065,7992.0,2.0,1.0,-1.4666666549333334,0.032602472312560096,0.6838400900892344,2.382589684977494,1.0,6.0,6.0,0.35160160160116166,0.3401570108315909,1.0,1.0,1.6176304793387914,0.30680049024466904,0.6445551135673737,-0.21613437184152076,-0.1809128960705258
23389.0,3898.1666666666665,3613.0,1715.9895509264875,1990.0,7036.0,2190.0,1990.0,6.0,0.0,6.0,-431.62285566300744,-0.09558882367916689,-200.0,0.9086757990826089,0.28283115406440756,4724.333333333333,3072.0,0.6502504762562967,7036.0,2.0,1.0,-1180.9333238858667,-0.36362205835534966,0.4967666287656385,1.8049510453585749,2.0,6.0,6.0,0.28283115406440756,0.39403138227354995,1.0,1.0,1.6983811824239712,0.23882309347689024,0.4402042543731033,-0.388691912223243,-0.17596049725564025
108.0,18.0,18.0,2.581988897471611,14.0,22.0,22.0,20.0,6.0,0.0,6.0,-0.6857142833632653,-0.03609598582290861,-2.0,0.9090909086776859,0.9090909086776859,18.666666666666668,17.333333333333332,0.9285714280739794,22.0,1.0,0.0,0.24999999875,0.009375471723117567,0.21818181808264464,1.22222222154321,1.0,6.0,6.0,0.9090909086776859,0.4814814814368999,1.0,1.0,1.7813980348610607,0.08024691356100444,0.14344382755762072,-0.7491020995027059,-0.35478743759344955
54957.0,9159.5,8940.5,3167.8673030920977,5940.0,15518.0,9194.0,6144.0,6.0,0.0,6.0,-1104.3085676423707,-0.11275519651936276,-3050.0,0.6682619099405391,0.39592731022013405,10217.333333333334,8101.666666666667,0.7929335769273199,15518.0,2.0,1.0,-23.333333146666668,0.001942644405295204,0.5127432658844485,1.6941972815091497,2.0,6.0,6.0,0.39592731022013405,0.4422548537947046,1.0,1.0,1.7362682566684566,0.1770687385895231,0.34585592042018004,-0.4860431712292817,-0.36648582185275974
10033.0,1672.1666666666667,1778.0,879.2907021508239,543.0,3209.0,1641.0,543.0,6.0,0.0,6.0,-350.3657130844605,-0.3023509523541711,-1098.0,0.33089579524478435,0.16921159239585787,2255.0,1089.3333333333333,0.4830746489261652,3209.0,3.0,2.0,-1073.9999838900003,-0.9674104590777459,0.6605380700093679,1.9190670786290098,1.0,6.0,6.0,0.16921159239585787,0.32572510714609215,0.0,0.0,1.6485139897535137,0.2870361141563751,0.5258391520854573,-0.31075414945310453,0.41768539891408835
172955.0,28825.833333333332,28260.0,6587.569010812883,19497.0,39148.0,19497.0,34646.0,6.0,0.0,6.0,2440.9028487740475,0.08907518738597592,15149.0,1.7769913319988833,0.885000510881556,25339.0,32312.666666666668,1.2752147545938637,39148.0,4.0,3.0,23003.999079840036,0.8068647023610647,0.2619035455194999,1.3580873637646702,2.0,6.0,6.0,0.885000510881556,0.5604810499840674,0.0,0.0,1.7655725328753262,0.12802270340067934,0.2285300457625601,-0.6279618124913131,-0.4430212467923538
4901.0,816.8333333333334,705.5,477.18913673953455,214.0,1640.0,567.0,214.0,6.0,0.0,6.0,-162.27428515791675,-0.28695228561992936,-353.0,0.37742504408505423,0.13048780487725314,1129.0,504.6666666666667,0.44700324770788014,1640.0,3.0,2.0,-472.4999929125001,-1.0265239340242747,0.6922764227600064,2.0077535196652794,1.0,6.0,6.0,0.13048780487725314,0.30891654764270776,0.0,0.0,1.6192841856533264,0.3257498469694984,0.5841940053870955,-0.26247163742995,0.372429653991345
64373.0,10728.833333333334,9737.5,3258.0609476940253,8101.0,17786.0,8101.0,9596.0,6.0,0.0,6.0,638.2971406686955,0.060581692713702,1495.0,1.1845451178852184,0.5395254694700666,8830.0,12627.666666666666,1.4300868252154433,17786.0,4.0,3.0,-1809.999927600003,-0.18023032395113942,0.4350331721576324,1.65777577555653,2.0,6.0,6.0,0.5395254694700666,0.5884920696564416,0.0,0.0,1.75088363967928,0.14157333043353293,0.303673367501063,-0.5341266070601363,-0.22980659646757642
10367.0,1727.8333333333333,1090.0,1301.3876461514285,458.0,4003.0,1103.0,458.0,6.0,0.0,6.0,-441.9085699134564,-0.33882802346488855,-645.0,0.4152311876662264,0.11441418935769569,2697.3333333333335,758.3333333333334,0.2811418685110684,4003.0,3.0,2.0,-464.2499930362501,-0.6403593964509067,0.8105587476039373,2.3167743802316,1.0,6.0,6.0,0.11441418935769569,0.21944632005380585,0.0,0.0,1.5258192587220116,0.3937011671647921,0.7531904964660345,-0.14077734508924167,0.2613981783847159
109949.0,18324.833333333332,16995.5,5543.479545576246,11309.0,29635.0,17451.0,16519.0,6.0,0.0,6.0,-587.0057122731233,-0.030945529559479955,-932.0,0.9465933184339312,0.5574152184914603,21208.666666666668,15441.0,0.7280514255175267,29635.0,3.0,2.0,3907.4999413875007,0.28416335421115196,0.47896068837507033,1.6172043401932075,2.0,6.0,6.0,0.5574152184914603,0.42131351808561956,1.0,1.0,1.74904237246782,0.14926465906918485,0.3025118670787304,-0.535494647342483,-0.5484396827845069
2226.0,371.0,361.5,58.011493114152245,298.0,472.0,322.0,472.0,6.0,0.0,6.0,36.274285589916744,0.09543035070881621,150.0,1.4658385092712471,0.9999999999788135,332.3333333333333,409.6666666666667,1.2326980942457564,472.0,6.0,5.0,0.0,0.0,0.0,1.2722371967312065,1.0,6.0,6.0,0.9999999999788135,0.5521114105994964,0.0,0.0,1.7797496730553006,0.08745133273341255,0.1563652105460609,-0.7295573939210798,0.5982722834873111
9242.0,1540.3333333333333,1458.5,672.0904370362337,786.0,2729.0,786.0,898.0,6.0,0.0,6.0,-67.74857119629063,-0.03029635366889993,112.0,1.1424936386623092,0.32905826309883085,1753.3333333333333,1327.3333333333333,0.7570342205280017,2729.0,3.0,2.0,-760.4999885925001,-0.5663586927310942,0.5136191523127631,1.7716944384217377,1.0,6.0,6.0,0.32905826309883085,0.43085912140182764,0.0,0.0,1.6989077078341013,0.24038808338718054,0.4363279184366179,-0.3924396889607376,0.2517331341916152
32172.0,5362.0,4931.0,3939.5564471143193,747.0,12028.0,8296.0,747.0,6.0,0.0,6.0,-2032.2514216037098,-0.607627736726523,-7549.0,0.09004339440683456,0.06210508812765039,8698.0,2026.0,0.23292710968011848,12028.0,3.0,2.0,-2508.7499623687504,-1.2747228547676013,0.8315596940465317,2.243192838488916,1.0,6.0,6.0,0.06210508812765039,0.1889220440133691,0.0,0.0,1.5005861110945324,0.4105744125325552,0.7347177260550116,-0.1529253260969507,0.29981122969989804
30715.0,5119.166666666667,4835.0,2158.2487821276663,2403.0,9490.0,2403.0,3982.0,6.0,0.0,6.0,81.29142829271511,0.0574986752968124,1579.0,1.65709529753784,0.4195995785032459,5687.666666666667,4550.666666666667,0.8000937701445231,9490.0,3.0,2.0,-588.7499911687502,-0.13491871714887566,0.520477695819613,1.8538173530811906,2.0,6.0,6.0,0.4195995785032459,0.44447338433975436,1.0,1.0,1.7090695199670192,0.2123555266155852,0.4216015853081785,-0.40686393478133426,-0.07799018698025154
23621.0,3936.8333333333335,2822.5,4271.82027620805,434.0,13113.0,3657.0,434.0,6.0,0.0,6.0,-1854.0685650717653,-0.6677410866446091,-3223.0,0.11867651080087865,0.033096926713922746,6687.333333333333,1186.3333333333333,0.17740005981430954,13113.0,2.0,1.0,-1353.9999891680002,-0.9581622580808136,0.8693853427889351,3.3308496676601393,1.0,6.0,6.0,0.033096926713922746,0.15067101308151615,0.0,0.0,1.3051740675063517,0.5150007761454014,1.0850904558309638,0.04080899972255305,0.08288032556772164
457.0,76.16666666666667,75.0,12.42868545833477,56.0,94.0,77.0,56.0,6.0,0.0,6.0,-3.805714272666123,-0.05724880526216076,-21.0,0.7272727271782763,0.5957446807876868,79.33333333333333,73.0,0.9201680671109033,94.0,4.0,3.0,-25.999998960000042,-0.4108879319941009,0.3351063829430738,1.2341356672340305,1.0,6.0,6.0,0.5957446807876868,0.4792122538188356,0.0,0.0,1.7782393019631062,0.09153902260664393,0.16317748958472206,-0.719428047548229,0.29963639577960094
8088.0,1348.0,1234.5,673.1327258919051,450.0,2548.0,1256.0,450.0,6.0,0.0,6.0,-202.8342850188539,-0.22574732757078717,-806.0,0.35828025477421754,0.17660910517984063,1672.3333333333333,1023.6666666666666,0.6121187960896226,2548.0,3.0,2.0,-998.2499850262502,-1.030518185938284,0.5982469911017861,1.890207715119509,1.0,6.0,6.0,0.17660910517984063,0.3796983184960686,0.0,0.0,1.6668109080765157,0.2752225519284863,0.4993566215778276,-0.33390547065974796,0.2707956507563143
231.0,38.5,40.0,4.9916597106239795,31.0,44.0,38.0,33.0,6.0,0.0,6.0,-0.2399999991771429,-0.007925648688893235,-5.0,0.8684210524030471,0.7499999998295455,37.0,40.0,1.081081080788897,44.0,5.0,4.0,0.0,0.0,0.2499999999431818,1.142857142560297,2.0,6.0,6.0,0.7499999998295455,0.5194805194580311,0.0,0.0,1.7831765870100345,0.07142857141963854,0.12965349894356998,-0.7704543929714917,-0.5217014801332216
15829.0,2638.1666666666665,1842.0,1849.600895388576,673.0,6262.0,1661.0,673.0,6.0,0.0,6.0,-306.75428466255676,-0.2001116420578876,-988.0,0.4051776038506612,0.10747365059069391,3315.3333333333335,1961.0,0.5914940679652378,6262.0,3.0,2.0,-2234.9999664750003,-1.267760700502823,0.6868412647705416,2.3736180428237783,1.0,6.0,6.0,0.10747365059069391,0.37165961210413057,0.0,0.0,1.5671167678863012,0.364257586286612,0.7010932700921974,-0.17571448618323662,0.15344223344480046
17468.0,2911.3333333333335,1451.0,3530.233876419836,303.0,10452.0,10452.0,303.0,6.0,0.0,6.0,-2075.9314214539495,-0.8383337289714269,-10149.0,0.028989667049340802,0.028989667049340802,5275.666666666667,547.0,0.10368357869443921,10452.0,1.0,0.0,-956.4999952175001,-0.7839302954109417,0.8657481821652642,3.5901076253597775,0.0,6.0,6.0,0.028989667049340802,0.09394321044189721,0.0,0.0,1.1904493395029394,0.5777039920615081,1.2125831954686432,0.09607918739844323,0.9582827585996958
1849.0,308.1666666666667,270.0,172.40496577019533,94.0,540.0,342.0,94.0,6.0,0.0,6.0,-92.60571396820899,-0.37812830333609376,-248.0,0.274853801161554,0.1740740740708505,466.0,150.33333333333334,0.32260371959250495,540.0,2.0,1.0,-173.99999860800003,-0.7067505221079066,0.5523148148045868,1.7522985396943547,1.0,6.0,6.0,0.1740740740708505,0.24391563006898911,0.0,0.0,1.6294602586216076,0.31052821344737924,0.5594536476947565,-0.28250044682253034,0.5616109674241526
12599.0,2099.8333333333335,826.0,2398.962304599405,123.0,6664.0,6664.0,123.0,6.0,0.0,6.0,-1505.5885662665532,-0.9698558059230615,-6541.0,0.018457382953153575,0.018457382953153575,3860.6666666666665,339.0,0.08780866862349904,6664.0,1.0,0.0,-1032.999994835,-1.0228047472439645,0.821878751499367,3.1735852051599003,0.0,6.0,6.0,0.018457382953153575,0.08072069211835803,0.0,0.0,1.1829499655755418,0.5809058920017796,1.1424536731111898,0.06649090008517491,0.9429421557484092
3263.0,543.8333333333334,366.5,464.4342137363363,77.0,1292.0,1292.0,77.0,6.0,0.0,6.0,-308.1257132292833,-0.7224464138590191,-1215.0,0.059597523219352966,0.059597523219352966,916.0,171.66666666666666,0.18740902474322332,1292.0,1.0,0.0,-281.12499859437503,-0.8157474675792143,0.6948916408614947,2.375727857755886,0.0,6.0,6.0,0.059597523219352966,0.15783021759069008,0.0,0.0,1.4224384345307823,0.45903565226191345,0.8540010059352674,-0.07874806625182715,0.8808951579454533
395.0,65.83333333333333,63.5,8.19383236885457,55.0,77.0,77.0,61.0,6.0,0.0,6.0,-4.765714269374694,-0.06946312467336418,-16.0,0.7922077921049081,0.7922077921049081,73.0,58.666666666666664,0.8036529679264403,77.0,1.0,0.0,-4.4999999775,-0.0658951032748794,0.17402597400337325,1.1696202529868933,0.0,6.0,6.0,0.7922077921049081,0.4455696202418843,1.0,1.0,1.7840673634077802,0.068776371302804,0.12446327647002439,-0.7786263381820782,0.6998695760113083
624.0,104.0,105.5,8.906926143924924,92.0,115.0,113.0,93.0,6.0,0.0,6.0,-3.8399999868342864,-0.03625832098075866,-20.0,0.8230088494846896,0.8086956521035917,106.66666666666667,101.33333333333333,0.9499999999109374,115.0,2.0,1.0,0.7999999936000001,0.008034232511318073,0.1391304347705104,1.1057692306629068,2.0,6.0,6.0,0.8086956521035917,0.4871794871716798,1.0,1.0,1.7880611716581951,0.04754273503949191,0.08564352060642778,-0.8422253363485923,-0.13051314045549647
381.0,63.5,65.5,11.514483632943916,45.0,79.0,73.0,79.0,6.0,0.0,6.0,1.748571422576327,0.028310236095860714,6.0,1.0821917806736725,0.9999999998734178,61.666666666666664,65.33333333333333,1.0594594592876552,79.0,6.0,5.0,0.0,0.0,0.0,1.244094487993056,1.0,6.0,6.0,0.9999999998734178,0.5144356955245555,0.0,0.0,1.7748252936289401,0.10192475939952494,0.18133045088394664,-0.6930063881329669,-0.7388469134631522
338.0,56.333333333333336,54.0,6.7494855771055295,49.0,66.0,54.0,50.0,6.0,0.0,6.0,-0.9599999967085716,-0.017758682491296203,-4.0,0.9259259257544582,0.7575757574609734,58.0,54.666666666666664,0.9425287354696789,66.0,2.0,1.0,0.5333333290666668,0.006814543821996032,0.1742424242160239,1.1715976329281188,2.0,6.0,6.0,0.7575757574609734,0.4852071005773607,1.0,1.0,1.784693803353036,0.06410256409649517,0.11981335341847447,-0.7860119221806464,-0.6094996937909495
602.0,100.33333333333333,107.0,18.190351532856337,70.0,124.0,83.0,70.0,6.0,0.0,6.0,-2.8799999901257145,-0.03449336965267108,-13.0,0.8433734938742924,0.5645161289867326,105.0,95.66666666666667,0.9111111110243387,124.0,3.0,2.0,-30.749999538750007,-0.3418642405623704,0.22849462363748696,1.235880398547919,1.0,6.0,6.0,0.5645161289867326,0.4767441860385923,0.0,0.0,1.7746329949663493,0.0985603543708049,0.18129918469478418,-0.693051198047748,0.07053509363248157
389.0,64.83333333333333,65.5,7.73340517208012,50.0,74.0,50.0,68.0,6.0,0.0,6.0,4.285714271020408,0.06937229107108221,18.0,1.359999999728,0.9189189187947407,58.666666666666664,71.0,1.210227272520984,74.0,4.0,3.0,-5.9999997600000095,-0.08511922543282224,0.06081081080259314,1.1413881746311485,1.0,6.0,6.0,0.9189189187947407,0.5475578406028905,0.0,0.0,1.7843666506549145,0.06383890316525065,0.11928131368977854,-0.7868608859846301,0.5471015675091252
241.0,40.166666666666664,39.0,5.112620550059322,34.0,47.0,34.0,36.0,6.0,0.0,6.0,1.1999999958857144,0.02904279865983749,2.0,1.058823529100346,0.765957446645541,37.333333333333336,43.0,1.1517857139772,47.0,5.0,4.0,0.0,0.0,0.23404255314169306,1.1701244810364835,2.0,6.0,6.0,0.765957446645541,0.5352697095213581,0.0,0.0,1.7836924245307126,0.06984785614635891,0.1272851588909495,-0.7741739824896531,-0.3008706860090137
1162.0,193.66666666666666,143.0,136.92658211205335,41.0,405.0,353.0,41.0,6.0,0.0,6.0,-88.18285684051592,-0.5417873143330665,-312.0,0.1161473087785794,0.10123456789873495,305.0,82.33333333333333,0.26994535518240614,405.0,2.0,1.0,-53.33333290666666,-0.5980802442815962,0.7506172839320835,2.0912220308730864,1.0,6.0,6.0,0.10123456789873495,0.21256454388801582,0.0,0.0,1.5416214208149503,0.38382099827660565,0.7070219385799473,-0.17163110487738822,0.702738000627297
260.0,43.333333333333336,40.5,12.064640713902572,31.0,59.0,57.0,31.0,6.0,0.0,6.0,-6.651428548623675,-0.14919535138694137,-26.0,0.543859649027393,0.5254237287245045,49.333333333333336,37.333333333333336,0.7567567566033602,59.0,2.0,1.0,-2.666666645333333,-0.06771072211990446,0.3898305084085033,1.3615384612242603,2.0,6.0,6.0,0.5254237287245045,0.4307692307526627,1.0,1.0,1.753033454224009,0.1487179487095167,0.2784147856411944,-0.5644374754052319,0.12184977700550478
11799.0,1966.5,1766.0,925.2867573532723,967.0,3418.0,1004.0,3418.0,6.0,0.0,6.0,631.7142835484082,0.334197063950409,2414.0,3.4043824700856136,0.9999999999970743,1142.0,2791.0,2.443957968454957,3418.0,6.0,5.0,0.0,0.0,0.0,1.738113399431792,0.0,6.0,6.0,0.9999999999970743,0.7096364098646414,0.0,0.0,1.6816298821678708,0.26130745543387457,0.4705246668439192,-0.36005879064060203,0.9627956895926607
214.0,35.666666666666664,37.5,7.1336448530109,26.0,46.0,27.0,40.0,6.0,0.0,6.0,0.9599999967085716,0.027439765453225247,13.0,1.4814814809327845,0.8695652172022684,36.333333333333336,35.0,0.9633027520284487,46.0,3.0,2.0,0.7499999887500002,0.018519459164986887,0.23913043473062381,1.2897196258066208,1.0,6.0,6.0,0.8695652172022684,0.49065420558454886,0.0,0.0,1.7713200653793768,0.11059190030157895,0.20000873414049006,-0.6666545357706353,-0.12809325052698306
63274.0,10545.666666666666,5618.5,11587.432094970636,3983.0,36412.0,6193.0,5449.0,6.0,0.0,6.0,-3351.565702794632,-0.2260469812528429,-744.0,0.8798643629890524,0.14964846753813313,16076.0,5015.333333333333,0.31197644521835116,36412.0,2.0,1.0,147.86666548373333,0.03318301453032561,0.8580893661427942,3.4527926162372036,2.0,6.0,6.0,0.14964846753813313,0.23779119385525843,1.0,1.0,1.3607260120436744,0.43300038983885947,1.0987861138818138,0.04706821396871743,-0.1984852035488299
1322.0,220.33333333333334,265.0,101.1544473674896,63.0,312.0,310.0,63.0,6.0,0.0,6.0,-66.23999977289144,-0.39111470882115146,-247.0,0.20322580644505722,0.20192307691660502,309.3333333333333,131.33333333333334,0.42456896550351614,312.0,2.0,1.0,-112.79999909760001,-0.7250484165679828,0.4391025640884903,1.41603630855903,1.0,6.0,6.0,0.20192307691660502,0.29803328290243547,0.0,0.0,1.6689053210882427,0.2440746343905562,0.45909734052752776,-0.37071046900238086,0.9044211892267328
4068.0,678.0,633.5,204.42439515217683,443.0,1009.0,443.0,858.0,6.0,0.0,6.0,126.37714242384982,0.1888908267211265,415.0,1.9367945823490564,0.8503468780886982,494.0,862.0,1.744939271219738,1009.0,5.0,4.0,0.0,0.0,0.14965312190139096,1.4882005899485515,2.0,6.0,6.0,0.8503468780886982,0.6356932153376704,0.0,0.0,1.7470811919377045,0.16805965257237987,0.3015109072996485,-0.5366755582055127,0.6515545783623418
1907.0,317.8333333333333,261.0,234.4037945274967,76.0,757.0,357.0,76.0,6.0,0.0,6.0,-123.11999957787431,-0.48691459523548425,-281.0,0.21288515405566147,0.10039630118757732,516.0,119.66666666666667,0.23191214469834795,757.0,2.0,1.0,-149.46666547093332,-0.7369981438306834,0.7381109643231425,2.3817514419806476,1.0,6.0,6.0,0.10039630118757732,0.18825380178191792,0.0,0.0,1.5296691732329226,0.3972207655990525,0.7375053839122863,-0.15107556988698348,0.4499158075191385
80580.0,13430.0,11629.0,5499.301713248085,8624.0,25301.0,13084.0,12375.0,6.0,0.0,6.0,546.5142838405225,0.03776791556132544,-709.0,0.9458116783850918,0.4891111023277779,10863.666666666666,15996.333333333334,1.472461722560088,25301.0,4.0,3.0,4123.9998350400065,0.3645138207034408,0.5516382751667714,1.8839166046151272,1.0,6.0,6.0,0.4891111023277779,0.5955448001984865,0.0,0.0,1.719303517471615,0.19274840737980137,0.4094789064217417,-0.41896412275986133,-0.27733520527874544
120736.0,20122.666666666668,19977.5,8159.312770625287,9883.0,33211.0,11959.0,16429.0,6.0,0.0,6.0,1913.0057077268377,0.13488369041696463,4470.0,1.3737770716603612,0.4946854957693251,18351.0,21894.333333333332,1.1930866619432947,33211.0,3.0,2.0,-6974.249895386251,-0.33638236621769024,0.34075055453504144,1.650427378742885,1.0,6.0,6.0,0.4946854957693251,0.5440216671083568,0.0,0.0,1.7084677661420125,0.227830417881419,0.40547870248912826,-0.4230027082284966,0.0669260737235684
25560.0,4260.0,3649.5,1719.9682167606081,2873.0,8037.0,2873.0,3886.0,6.0,0.0,6.0,-261.2571419614041,-0.025005899622323753,1013.0,1.3525931082445088,0.4835137489106837,4791.666666666667,3728.3333333333335,0.7780869565201153,8037.0,2.0,1.0,207.46666500693334,0.05656206486824196,0.5442951349999449,1.8866197183054305,1.0,6.0,6.0,0.4835137489106837,0.4375978090765111,1.0,1.0,1.7223481770492273,0.17850808555025122,0.40374840768933584,-0.4247567363512006,-0.4381038714519724
2919.0,486.5,391.0,356.1548118445124,65.0,1041.0,1041.0,65.0,6.0,0.0,6.0,-244.21714201982698,-0.6520724876347738,-976.0,0.06243996157480846,0.06243996157480846,808.6666666666666,164.33333333333334,0.20321516899996026,1041.0,1.0,0.0,-237.24999881374998,-0.7647281961584964,0.6391930835673469,2.1397738951255953,0.0,6.0,6.0,0.06243996157480846,0.16889345666266223,0.0,0.0,1.507139990661014,0.40670320886058375,0.7320756666745973,-0.15468396586809288,0.9585086902171023
68297.0,11382.833333333334,9644.5,5122.539780768477,7661.0,22584.0,8155.0,7661.0,6.0,0.0,6.0,-345.42857024424495,-0.02104998772675836,-494.0,0.9394236664611412,0.33922245837746223,13218.333333333334,9547.333333333334,0.7222796620849409,22584.0,3.0,2.0,-2210.2499668462506,-0.2440722347379242,0.577252332034223,1.9840402945939197,1.0,6.0,6.0,0.33922245837746223,0.41937420384490987,0.0,0.0,1.7063850180315006,0.20359849871391678,0.45002326141095295,-0.3792882177993549,-0.18345793508356922
6558.0,1093.0,817.0,670.4068416516446,405.0,2226.0,405.0,2226.0,6.0,0.0,6.0,442.2171413409699,0.4169550080127797,1821.0,5.496296296160585,0.9999999999955077,528.3333333333334,1657.6666666666667,3.1375394321172703,2226.0,6.0,5.0,0.0,0.0,0.0,2.0365965233116508,1.0,6.0,6.0,0.9999999999955077,0.7583104605050957,0.0,0.0,1.6111321584711416,0.331859306698816,0.6133639905265426,-0.2396458652446585,0.9260235938912217
140422.0,23403.666666666668,20063.0,6974.325861488135,17397.0,37876.0,19249.0,19315.0,6.0,0.0,6.0,-1350.5142810839511,-0.04515010487584621,66.0,1.0034287495449097,0.5099535325798633,25978.666666666668,20828.666666666668,0.8017604188048648,37876.0,2.0,1.0,518.5333291850667,0.022568246028439494,0.45019933467091294,1.6183788864985749,2.0,6.0,6.0,0.5099535325798633,0.44498725270965767,1.0,1.0,1.7515444800290347,0.1465416150365646,0.29800141835973654,-0.540830365599246,-0.4030172498536284
238980.0,39830.0,36965.0,10917.98192585669,27429.0,58419.0,27429.0,30636.0,6.0,0.0,6.0,-2355.977134779507,-0.04664195155257236,3207.0,1.1169200481238408,0.524418425512158,44804.666666666664,34855.333333333336,0.7779397979375413,58419.0,2.0,1.0,-8343.733266583467,-0.21614250278057537,0.344682380732237,1.466708511172115,1.0,6.0,6.0,0.524418425512158,0.4375512595196067,0.0,0.0,1.7551897203160653,0.1517058610204387,0.2741145349197577,-0.5697175922459018,-0.038432633344588414
22730.0,3788.3333333333335,3488.5,1345.0321764015741,2486.0,6526.0,4122.0,3437.0,6.0,0.0,6.0,-206.1257135789976,-0.046755514862162575,-685.0,0.8338185346898743,0.5266625804466339,4378.0,3198.6666666666665,0.7306228110231522,6526.0,3.0,2.0,-77.24999884125002,-0.022139449294739714,0.509858003881127,1.7226572811217176,1.0,6.0,6.0,0.5266625804466339,0.4221733391991103,0.0,0.0,1.7341829039976244,0.18193283472640043,0.35504588906239076,-0.47596477443375634,-0.3691589987868836
680.0,113.33333333333333,109.5,65.85252884708039,27.0,204.0,180.0,27.0,6.0,0.0,6.0,-44.159999848594296,-0.4824599606452681,-153.0,0.14999999999166666,0.1323529411699827,174.66666666666666,52.0,0.29770992364707766,204.0,2.0,1.0,-49.06666627413333,-0.706648946687935,0.6372549019295463,1.7999999998411766,1.0,6.0,6.0,0.1323529411699827,0.22941176470250865,0.0,0.0,1.6085137387608315,0.32745098038849485,0.5810517250700283,-0.26498075186197984,0.8694225344201674
388.0,64.66666666666667,64.0,11.8133634311129,48.0,80.0,60.0,48.0,6.0,0.0,6.0,-1.78285713674449,-0.032348517062744137,-12.0,0.7999999998666667,0.5999999999250001,64.66666666666667,64.66666666666667,0.9999999998453609,80.0,2.0,1.0,-1.0666666581333335,-0.028159641574159178,0.22499999997187503,1.2371134018705494,2.0,6.0,6.0,0.5999999999250001,0.4999999999871134,1.0,1.0,1.7749347128477995,0.10309278349970041,0.18268087777246533,-0.6910732535155935,-0.7256692850130119
93.0,15.5,15.0,1.8027756377319946,14.0,19.0,19.0,14.0,6.0,0.0,6.0,-1.131428567549388,-0.06648215751177301,-5.0,0.7368421048753462,0.7368421048753462,17.0,14.0,0.8235294112802768,19.0,1.0,0.0,-0.74999999625,-0.046936178373071395,0.22105263146260384,1.2258064508220603,0.0,6.0,6.0,0.7368421048753462,0.45161290317724595,0.0,0.0,1.785206079308802,0.059139784924268524,0.11630810558509119,-0.7916200638053933,0.7572401854185357
13050.0,2175.0,1046.5,2352.1867839665,150.0,6832.0,6832.0,150.0,6.0,0.0,6.0,-1469.142852105796,-0.8725992011169754,-6682.0,0.021955503512848425,0.021955503512848425,3831.6666666666665,518.3333333333334,0.13527620704618895,6832.0,1.0,0.0,-931.7499953412502,-0.9053874127481155,0.8179742388746809,3.141149425272914,0.0,6.0,6.0,0.021955503512848425,0.11915708812251405,0.0,0.0,1.2627330894273214,0.5472541507022077,1.0814651880256025,0.03913838602675596,0.9597832039794402
38874.0,6479.0,2748.5,7580.323827735418,462.0,21882.0,9981.0,462.0,6.0,0.0,6.0,-3838.697129695896,-0.8628844820496815,-9519.0,0.04628794709944265,0.021113243761986512,11850.0,1108.0,0.09350210970456244,21882.0,2.0,1.0,-1391.0666555381333,-0.9023431311172799,0.9198999177401883,3.377373051391608,1.0,6.0,6.0,0.021113243761986512,0.08550702268866453,0.0,0.0,1.1891374642104977,0.5820685633927667,1.1699836128605832,0.07833405370192886,0.2732725444694566
54543.0,9090.5,6737.0,8369.71388897693,608.0,23485.0,15595.0,608.0,6.0,0.0,6.0,-5100.85712536849,-0.8905725775157362,-14987.0,0.03898685476111639,0.025888865233116502,16527.0,1654.0,0.10007865916373203,23485.0,2.0,1.0,-4169.4666333109335,-1.2411845636913508,0.8353949329355608,2.583466255978677,1.0,6.0,6.0,0.025888865233116502,0.09097409383420586,0.0,0.0,1.3397809897933541,0.5028295717751232,0.9207099597346375,-0.04128163123349291,0.6515612877445008
423.0,70.5,73.0,14.407752542757436,49.0,90.0,80.0,49.0,6.0,0.0,6.0,-2.0228571359216327,-0.03658749069542846,-31.0,0.6124999999234375,0.5444444443839507,67.66666666666667,73.33333333333333,1.0837438422043728,90.0,4.0,3.0,-63.9999974400001,-0.989392444096517,0.2777777777469136,1.2765957444997738,1.0,6.0,6.0,0.5444444443839507,0.5200945626354587,0.0,0.0,1.770384681705079,0.11465721039684262,0.20436528426544376,-0.6606257470116129,-0.15276507386686441
13112.0,2185.3333333333335,1012.0,2590.874412668862,108.0,7427.0,7427.0,108.0,6.0,0.0,6.0,-1609.5085659102563,-1.0527754673836165,-7319.0,0.01454153763294124,0.01454153763294124,4064.3333333333335,306.3333333333333,0.07537111457375041,7427.0,1.0,0.0,-968.3749951581251,-1.1146636171800592,0.8469099232518555,3.3985661988862175,0.0,6.0,6.0,0.01454153763294124,0.07008846857834801,0.0,0.0,1.153501579944218,0.59670530811448,1.1855740143335904,0.08490859294680543,0.9984239616489228
548.0,91.33333333333333,88.0,9.122621455602673,79.0,107.0,79.0,89.0,6.0,0.0,6.0,-0.7542857116995919,-0.005256049050528005,10.0,1.1265822783384074,0.8317757008568435,95.0,87.66666666666667,0.9228070174467222,107.0,2.0,1.0,-3.9999999680000005,-0.04214420592597707,0.15420560746222378,1.1715328465870587,1.0,6.0,6.0,0.8317757008568435,0.4799270072905123,0.0,0.0,1.7868362723028337,0.054136253037649684,0.0998827166562465,-0.8183756955202562,-0.21056946332494045
937.0,156.16666666666666,108.0,122.15211373074511,41.0,402.0,134.0,41.0,6.0,0.0,6.0,-54.274285528202455,-0.40880689922027036,-93.0,0.3059701492308977,0.10199004974870671,247.66666666666666,64.66666666666667,0.261103633906012,402.0,2.0,1.0,-67.86666612373334,-0.6589039778000204,0.7506218905285915,2.574172892044343,1.0,6.0,6.0,0.10199004974870671,0.20704375666801447,0.0,0.0,1.520362325825054,0.40288153681684524,0.7821906961980142,-0.12221436471563281,0.23348105587052323
266.0,44.333333333333336,41.5,10.027739304327548,33.0,61.0,61.0,42.0,6.0,0.0,6.0,-4.525714270197552,-0.08850869571134184,-19.0,0.6885245900510615,0.6885245900510615,49.333333333333336,39.333333333333336,0.797297297135683,61.0,1.0,0.0,-1.99999999,-0.03511963050072819,0.3278688524052674,1.3759398493136976,0.0,6.0,6.0,0.6885245900510615,0.44360902253971396,1.0,1.0,1.7668461064415941,0.12406015036785267,0.22618960831727034,-0.6310691154193392,0.5081990842225586
1682.0,280.3333333333333,213.5,165.29636683511495,97.0,552.0,166.0,97.0,6.0,0.0,6.0,-51.63428553725388,-0.22376575545194222,-69.0,0.5843373493623892,0.175724637677976,388.6666666666667,172.0,0.4425385934706036,552.0,3.0,2.0,-122.99999815500003,-0.7375327577549018,0.6884057970889782,1.969084423235348,1.0,6.0,6.0,0.175724637677976,0.3067776456581048,0.0,0.0,1.622392447157348,0.32104637336356734,0.5896422122326463,-0.2581447476506904,0.30825688412716523
11942.0,1990.3333333333333,1724.5,861.3504255270068,1143.0,3488.0,1205.0,3488.0,6.0,0.0,6.0,573.1199980350173,0.28415443642268307,2283.0,2.8946058091046094,0.9999999999971331,1231.0,2749.6666666666665,2.233685350645272,3488.0,6.0,5.0,0.0,0.0,0.0,1.7524702729772947,0.0,6.0,6.0,0.9999999999971331,0.6907553173666967,0.0,0.0,1.7016962527610249,0.23502484229311094,0.43276691953911195,-0.39590045856051,0.9579734927154022
54242.0,9040.333333333334,8734.5,2487.070275556273,5396.0,12453.0,8015.0,5396.0,6.0,0.0,6.0,-236.50285633199024,-0.04116713746312084,-2619.0,0.6732376793503765,0.43330924275240235,9209.0,8871.666666666666,0.9633691678420058,12453.0,3.0,2.0,-4776.749928348751,-0.5845280708363969,0.2875879975371764,1.3774934552545508,1.0,6.0,6.0,0.43330924275240235,0.4906714354189575,0.0,0.0,1.7532142740826064,0.15529786266480694,0.2751082492039587,-0.5684942837186412,0.13353204218777154
118336.0,19722.666666666668,15333.5,10479.289681186518,10747.0,42346.0,14694.0,14521.0,6.0,0.0,6.0,2083.9542785693,0.06125664507459642,-173.0,0.9882264870008246,0.3429131440985352,16907.333333333332,22538.0,1.3330310318985847,42346.0,5.0,4.0,0.0,0.0,0.6570868559012287,2.147072742021626,2.0,6.0,6.0,0.3429131440985352,0.5713730394807521,0.0,0.0,1.6732160537136236,0.24770709392462398,0.5313322918392308,-0.3060522596290067,-0.47049964578404446
11957.0,1992.8333333333333,1447.5,1925.859757499376,274.0,5917.0,2390.0,274.0,6.0,0.0,6.0,-966.8914252563725,-0.662208610072067,-2116.0,0.11464435146395546,0.046307250295679725,3470.3333333333335,515.3333333333334,0.14849678224911586,5917.0,2.0,1.0,-773.3333271466668,-0.8803354893724568,0.8457833361486466,2.9691394162266334,1.0,6.0,6.0,0.046307250295679725,0.1292966463158574,0.0,0.0,1.3711198179996604,0.49141367678603065,0.9663927862288428,-0.017090793864531686,0.31565799273322326
14327.0,2387.8333333333335,2371.0,690.7779229889218,1199.0,3311.0,2307.0,1199.0,6.0,0.0,6.0,-241.67999917138292,-0.1342516984806781,-1108.0,0.5197225834394464,0.3621262458460824,2684.3333333333335,2091.3333333333335,0.7790885384299798,3311.0,3.0,2.0,-1394.9999790750003,-0.7020700088467003,0.36836806604137207,1.3866126893220354,1.0,6.0,6.0,0.3621262458460824,0.43791442730478264,0.0,0.0,1.7470253436233767,0.16073381261472197,0.28929067759588,-0.5512405656458951,0.45610993040364606
531.0,88.5,83.5,10.719919153924002,79.0,110.0,81.0,94.0,6.0,0.0,6.0,1.268571424222041,0.015215589478712072,13.0,1.1604938270172231,0.8545454544677686,91.33333333333333,85.66666666666667,0.9379562042768663,110.0,3.0,2.0,11.249999831250003,0.1288876907616793,0.221212121192011,1.2429378529668997,1.0,6.0,6.0,0.8545454544677686,0.48399246703419974,1.0,1.0,1.7847211685986566,0.061205273065825905,0.12112902997415494,-0.7839159868450746,-0.40005702411023475
8511.0,1418.5,1007.0,951.4873882506273,376.0,2925.0,1204.0,376.0,6.0,0.0,6.0,-146.02285664220736,-0.19044138943357014,-828.0,0.31229235880139294,0.12854700854656909,1611.3333333333333,1225.6666666666667,0.7606537029328053,2925.0,3.0,2.0,-1586.2499762062503,-1.4164467480977985,0.5809686609666748,2.0620373633975184,1.0,6.0,6.0,0.12854700854656909,0.432029138761095,0.0,0.0,1.5713333791701989,0.3622175224216644,0.6707701009826716,-0.19705278351380637,0.1339188078436814
304.0,50.666666666666664,50.5,5.734883511361751,43.0,61.0,52.0,46.0,6.0,0.0,6.0,0.6857142833632653,0.012039485205603336,-6.0,0.8846153844452662,0.754098360532115,49.333333333333336,52.0,1.0540540538403944,61.0,5.0,4.0,0.0,0.0,0.24590163930395054,1.2039473681834314,2.0,6.0,6.0,0.754098360532115,0.5131578947199619,0.0,0.0,1.785442984003319,0.06249999999326117,0.1131884903334842,-0.7966409257460794,-0.5262393081894237
7843.0,1307.1666666666667,622.0,1477.169750645545,76.0,4347.0,4347.0,76.0,6.0,0.0,6.0,-906.6857111770777,-0.9000450293302813,-4271.0,0.0174833218311077,0.0174833218311077,2347.3333333333335,267.0,0.11374609485893036,4347.0,1.0,0.0,-512.874997435625,-0.9205473264836723,0.8391534391515088,3.325513196455498,0.0,6.0,6.0,0.0174833218311077,0.10212928726239688,0.0,0.0,1.2340812892730815,0.5619660844061098,1.130054635191313,0.06105694804738282,0.9954978490019208
22974.0,3829.0,3493.0,2425.7502619464626,829.0,8261.0,5060.0,829.0,6.0,0.0,6.0,-1153.9199960437031,-0.43160134577902864,-4231.0,0.1638339920945379,0.10035104708860869,5835.333333333333,1822.6666666666667,0.31235005141040956,8261.0,3.0,2.0,-1478.9999778150002,-0.9124972558922727,0.7793648872201354,2.157482371370704,1.0,6.0,6.0,0.10035104708860869,0.2380081831634726,0.0,0.0,1.5897172077684574,0.3497431879514872,0.6335205698459461,-0.22434944310863755,0.21706940497454802
23439.0,3906.5,1160.5,5471.972610494317,119.0,15588.0,15588.0,119.0,6.0,0.0,6.0,-3154.731417755207,-1.1183919239691311,-15469.0,0.007634077495504469,0.007634077495504469,7409.0,404.0,0.05452827642049598,15588.0,1.0,0.0,-1370.24999314875,-1.1013385763486097,0.8992686682057356,3.9902726225419425,0.0,6.0,6.0,0.007634077495504469,0.051708690643776735,0.0,0.0,0.988462441384155,0.6542727932077717,1.4007353412211212,0.16692191527444633,0.9991022165609544
4350.0,725.0,560.0,466.2978304331542,226.0,1599.0,481.0,226.0,6.0,0.0,6.0,-183.9771422263641,-0.2965522331357114,-255.0,0.4698544698447016,0.14133833645940377,1039.0,411.0,0.3955726660212169,1599.0,2.0,1.0,-360.5333304490667,-0.6814632840211581,0.6450906816720132,2.2055172413488893,1.0,6.0,6.0,0.14133833645940377,0.28344827586141735,0.0,0.0,1.5975307397505696,0.3459770114936731,0.643169421278238,-0.21715994351354648,0.19493145703934958
44838.0,7473.0,6602.5,5138.540811034458,1107.0,16318.0,11425.0,1107.0,6.0,0.0,6.0,-2423.6571345474613,-0.5088558771152732,-10318.0,0.09689277899335064,0.06783919597985792,11275.666666666666,3670.3333333333335,0.3255092086200442,16318.0,3.0,2.0,-4510.499932342501,-1.395473976465761,0.775074559790349,2.183594272712186,1.0,6.0,6.0,0.06783919597985792,0.24557295151428576,0.0,0.0,1.5433916555628655,0.3829266842112511,0.6876141858728197,-0.18510499422252655,0.12637519974687222
5672.0,945.3333333333334,595.5,771.3280034388022,284.0,2389.0,289.0,2389.0,6.0,0.0,6.0,497.1428554383674,0.5510669486545489,2100.0,8.266435985873134,0.9999999999958142,340.3333333333333,1550.3333333333333,4.555337903881822,2389.0,6.0,5.0,0.0,0.0,0.0,2.52715091675747,0.0,6.0,6.0,0.9999999999958142,0.8199929478123766,0.0,0.0,1.4853899229315215,0.4263634226605568,0.8159323026417237,-0.10136264280332803,0.9772960721080991
8161.0,1360.1666666666667,886.5,1383.2165914595187,187.0,4183.0,1234.0,187.0,6.0,0.0,6.0,-628.2171407032555,-0.6594013419757574,-1047.0,0.15153970826457425,0.04470475735107649,2400.0,320.3333333333333,0.13347222222166608,4183.0,2.0,1.0,-678.9333279018667,-1.010433509978229,0.8360028687524839,3.075358411936709,1.0,6.0,6.0,0.04470475735107649,0.11775517706149032,0.0,0.0,1.3286789966117944,0.5170730711102227,1.0169463973405337,0.00840200680108827,0.2548353132147878
9578.0,1596.3333333333333,1393.0,1136.865085321131,473.0,3875.0,1362.0,473.0,6.0,0.0,6.0,-512.159998244023,-0.39397955073641056,-889.0,0.34728340675222263,0.12206451612871726,2381.0,811.6666666666666,0.34089318213492553,3875.0,2.0,1.0,-691.3333278026668,-0.6864599109762912,0.7199354838691099,2.427437878456291,1.0,6.0,6.0,0.12206451612871726,0.2542284401751365,0.0,0.0,1.558407701812294,0.36848332985286847,0.7121727408523758,-0.16810643708652317,0.2074353813261523
898.0,149.66666666666666,149.0,19.661016137411504,126.0,181.0,128.0,126.0,6.0,0.0,6.0,-0.06857142833632654,-0.0010398358365135577,-2.0,0.9843749999230956,0.6961325966466225,145.33333333333334,154.0,1.0596330274500252,181.0,4.0,3.0,-57.99999768000009,-0.4113378251283788,0.2237569060649858,1.2093541201864575,2.0,6.0,6.0,0.6961325966466225,0.5144766146936027,0.0,0.0,1.7831789388637642,0.07386785448916,0.13136536393829298,-0.7677755247616621,-0.414527831403054
766.0,127.66666666666667,120.5,46.63570401408012,78.0,219.0,138.0,78.0,6.0,0.0,6.0,-14.399999950628573,-0.12633868051816183,-60.0,0.56521739126339,0.3561643835453806,153.33333333333334,102.0,0.665217391260964,219.0,3.0,2.0,-44.99999932500001,-0.42376955414120915,0.534246575318071,1.7154046996045376,1.0,6.0,6.0,0.3561643835453806,0.39947780678329664,0.0,0.0,1.7295477508079273,0.19234116622854858,0.365292720708307,-0.4648873238583453,0.0017691782006639145
335.0,55.833333333333336,53.0,10.542243067245646,46.0,77.0,59.0,47.0,6.0,0.0,6.0,-4.079999986011429,-0.06771471069772919,-12.0,0.7966101693565067,0.6103896103103391,60.666666666666664,51.0,0.8406593405207705,77.0,2.0,1.0,1.1999999904,0.023251448174484594,0.3538961038501434,1.3791044773649364,2.0,6.0,6.0,0.6103896103103391,0.45671641789681444,1.0,1.0,1.7748976587454122,0.09800995024246428,0.1888162937078952,-0.6823457168331147,-0.1315611362160533
67833.0,11305.5,7786.5,7722.691861218686,6786.0,28477.0,9502.0,7702.0,6.0,0.0,6.0,324.9942846000196,-0.0021342944953018713,-1800.0,0.8105661965893384,0.2704638831336621,8289.333333333334,14321.666666666666,1.7277223741333505,28477.0,4.0,3.0,1831.999926720003,0.2532016811703475,0.7456192716926834,2.5188625005506,1.0,6.0,6.0,0.2704638831336621,0.6333937758906972,0.0,0.0,1.610356456639497,0.2816844308816886,0.683091580311517,-0.18828946885287318,-0.29201844535763166
4055.0,675.8333333333334,565.0,401.3711568555413,255.0,1451.0,882.0,255.0,6.0,0.0,6.0,-169.26857084822208,-0.3113234714041758,-627.0,0.28911564625522546,0.17574086836543254,985.3333333333334,366.3333333333333,0.3717861975605028,1451.0,3.0,2.0,-188.99999716500002,-0.5139779946145199,0.7475304387727026,2.1469790381926463,1.0,6.0,6.0,0.17574086836543254,0.27102342786616274,0.0,0.0,1.6280134883386548,0.3177558569660974,0.5938907376319641,-0.2547911552310004,0.04143627998464923
24654.0,4109.0,2988.5,3060.4948401633787,1924.0,10880.0,2559.0,2859.0,6.0,0.0,6.0,-699.2914261738581,-0.09088846756598583,300.0,1.1172332942512027,0.2627757352938761,5121.0,3097.0,0.6047646943944449,10880.0,2.0,1.0,347.86666388373334,0.15023223683332654,0.7423023897052,2.647846191280974,2.0,6.0,6.0,0.2627757352938761,0.3768556826476933,1.0,1.0,1.576275844375145,0.31978583596972165,0.7448271696655951,-0.14624533292937908,-0.40717505661095493
39019.0,6503.166666666667,5072.5,6170.308296367551,446.0,18531.0,6738.0,446.0,6.0,0.0,6.0,-3082.2514180037097,-0.808115565255342,-6292.0,0.06619174829316386,0.024067778317401076,11418.333333333334,1588.0,0.13907458765131592,18531.0,2.0,1.0,-3748.7999700096,-1.376155751258659,0.8145000269813747,2.8495348419956694,1.0,6.0,6.0,0.024067778317401076,0.12209436428403546,0.0,0.0,1.346808673431064,0.5039467951510088,0.9488159557689426,-0.026264175474345394,0.3726410613832271
392.0,65.33333333333333,62.0,11.77096238867305,50.0,83.0,58.0,57.0,6.0,0.0,6.0,-2.4685714201077555,-0.04019021631611044,-1.0,0.982758620520214,0.6867469878690666,67.33333333333333,63.333333333333336,0.9405940592662486,83.0,4.0,3.0,13.999999440000023,0.25723474535479696,0.3554216867041661,1.2704081630708561,2.0,6.0,6.0,0.6867469878690666,0.4846938775386558,0.0,0.0,1.7756877625025933,0.1003401360490348,0.18016779163578633,-0.6946742776930167,-0.30105302540306883
1919.0,319.8333333333333,317.0,162.81729706091494,105.0,622.0,349.0,105.0,6.0,0.0,6.0,-71.89714261063838,-0.30001583246593133,-244.0,0.30085959884524754,0.16881028938635353,446.6666666666667,193.0,0.4320895522291323,622.0,3.0,2.0,-134.999997975,-0.7444145263646211,0.6897106109213873,1.9447628972815603,1.0,6.0,6.0,0.16881028938635353,0.30171964564720316,0.0,0.0,1.662681847330635,0.27696717039999674,0.509069193504401,-0.325320275953868,0.3100231099474361
19803.0,3300.5,2644.0,3084.661880444381,476.0,9673.0,3651.0,476.0,6.0,0.0,6.0,-1509.9771376800786,-0.6338284822100412,-3175.0,0.13037523966000994,0.04920913884001942,5538.0,1063.0,0.1919465511011341,9673.0,2.0,1.0,-1296.6666562933335,-0.9094683849515526,0.832549364208795,2.9307680654357497,1.0,6.0,6.0,0.04920913884001942,0.16103620663527696,0.0,0.0,1.400867888413623,0.4720244407411638,0.9346044176443069,-0.03380307713361521,0.25085238655607567
21761.0,3626.8333333333335,3143.5,3009.369170699327,389.0,9005.0,5309.0,389.0,6.0,0.0,6.0,-1780.765708180232,-0.7309604728611426,-4920.0,0.07327180259922157,0.04319822320928018,6258.666666666667,995.0,0.158979548359354,9005.0,2.0,1.0,-1769.7333191754667,-1.089758349634849,0.7932537479169425,2.482882220479345,1.0,6.0,6.0,0.04319822320928018,0.13717200496294418,0.0,0.0,1.4323406701698307,0.4544138596570606,0.8297511614423131,-0.09304480420208065,0.5965848775113217
4007.0,667.8333333333334,686.5,419.655579678807,138.0,1168.0,1168.0,138.0,6.0,0.0,6.0,-287.55428472838537,-0.5701117192911642,-1030.0,0.1181506849304953,0.1181506849304953,1060.3333333333333,275.3333333333333,0.25966677145306827,1168.0,1.0,0.0,-336.624998316875,-0.7191945299518562,0.5138698630092992,1.7489393561005897,0.0,6.0,6.0,0.1181506849304953,0.20613925630095797,0.0,0.0,1.567577996073709,0.34884784959590887,0.6283836980372195,-0.22821175524892337,0.9323742195105004
1521.0,253.5,205.0,130.2404826977132,113.0,499.0,187.0,113.0,6.0,0.0,6.0,-40.76571414594613,-0.1911190486553687,-74.0,0.6042780748339958,0.2264529058070851,342.0,165.0,0.48245614033677026,499.0,3.0,2.0,-82.49999876250001,-0.5065856949966224,0.6693386773412958,1.96844181451801,1.0,6.0,6.0,0.2264529058070851,0.3254437869801089,0.0,0.0,1.6689384550348982,0.27492877492719514,0.5137691624953669,-0.32120540536290226,0.25677956278796615
825.0,137.5,132.0,26.669270706189174,106.0,182.0,106.0,140.0,6.0,0.0,6.0,3.9428571293387757,0.03343637559967886,34.0,1.3207547168565326,0.7692307691885037,137.33333333333334,137.66666666666666,1.002427184393027,182.0,3.0,2.0,-14.999999775000003,-0.0994833544624707,0.24358974357635957,1.3236363635400992,1.0,6.0,6.0,0.7692307691885037,0.5006060605999927,0.0,0.0,1.7732970269937727,0.10848484848227247,0.19395833239454247,-0.6751003327864665,0.06325298849899574
46967.0,7827.833333333333,5225.0,6136.275999243261,4573.0,21535.0,5174.0,5454.0,6.0,0.0,6.0,-592.7657122533748,-0.05604238491058295,280.0,1.0541167375317857,0.2532621314138596,10661.666666666666,4994.0,0.4684070658116601,21535.0,3.0,2.0,374.2499943862501,0.07195024055935126,0.7680984443924922,2.751080545911703,1.0,6.0,6.0,0.2532621314138596,0.3189899290990868,0.0,0.0,1.5602157787722266,0.30663018715262935,0.7839047841125159,-0.12113607060800217,-0.23712349538138242
33276.0,5546.0,3344.0,5797.574722818729,371.0,16741.0,8898.0,371.0,6.0,0.0,6.0,-3220.5942746722485,-0.921002682230765,-8527.0,0.04169476286801337,0.022161161220941306,10129.333333333334,962.6666666666666,0.09503751480838318,16741.0,2.0,1.0,-1932.6666512053332,-1.180021177593297,0.8859536467350302,3.0185719437377956,1.0,6.0,6.0,0.022161161220941306,0.08678927755737265,0.0,0.0,1.2623446627589923,0.5490443562927376,1.0453614718370494,0.022177728711253595,0.4399126089873096
17965.0,2994.1666666666665,1931.0,3459.1219221389442,141.0,10444.0,2750.0,141.0,6.0,0.0,6.0,-1487.8971377557814,-0.8009146537852774,-2609.0,0.05127272727254083,0.01350057449251867,5262.333333333333,726.0,0.13796161398592902,10444.0,2.0,1.0,-1047.5999916192002,-1.2289425410714434,0.8857956721554138,3.488115780673015,1.0,6.0,6.0,0.01350057449251867,0.12123573615356457,0.0,0.0,1.2420110873838046,0.5453659894237208,1.155287032160554,0.0720493511289896,0.08901830027239427
23480.0,3913.3333333333335,3941.0,2531.245126195582,616.0,8748.0,4006.0,616.0,6.0,0.0,6.0,-935.108568222485,-0.41769657333833654,-3390.0,0.15376934598064462,0.07041609510737264,5543.333333333333,2283.3333333333335,0.4119061936252341,8748.0,3.0,2.0,-2781.7499582737505,-1.4606471650460042,0.7389879591517233,2.235434412260046,1.0,6.0,6.0,0.07041609510737264,0.2917376490629081,0.0,0.0,1.5780806017081601,0.34098523566144867,0.646825841445259,-0.21445750343718128,0.24490421158439382
16619.0,2769.8333333333335,2428.0,1256.0422520317097,1664.0,5434.0,2815.0,2606.0,6.0,0.0,6.0,-409.88571288039185,-0.12819569715399923,-209.0,0.9257548845437806,0.4795730585195444,3366.3333333333335,2173.3333333333335,0.6456084760848234,5434.0,2.0,1.0,224.26666487253334,0.09678304797077922,0.6149245491339438,1.961850893548486,2.0,6.0,6.0,0.4795730585195444,0.3923220410371308,1.0,1.0,1.7023257400130494,0.2216439015583178,0.4534721410531951,-0.3760153658997393,-0.11584854497168363
252.0,42.0,43.5,6.757711644237764,33.0,50.0,50.0,33.0,6.0,0.0,6.0,-4.114285700179592,-0.09725775771589737,-17.0,0.659999999868,0.659999999868,48.333333333333336,35.666666666666664,0.7379310343300831,50.0,1.0,0.0,-4.4999999775,-0.10849114995626635,0.19199999996160003,1.1904761901927436,2.0,6.0,6.0,0.659999999868,0.42460317458632524,2.0,1.0,1.778588130359659,0.08862433861603636,0.1608978962530663,-0.722804396680482,0.37703187990689546
392.0,65.33333333333333,65.0,6.79869268479038,58.0,74.0,60.0,58.0,6.0,0.0,6.0,0.4114285700179593,0.005369391774065811,-2.0,0.9666666665055555,0.7837837836778672,62.666666666666664,68.0,1.0851063828055683,74.0,4.0,3.0,-27.999998880000046,-0.4258439774515834,0.12162162160518628,1.1326530610511247,2.0,6.0,6.0,0.7837837836778672,0.5204081632520304,0.0,0.0,1.7863447298122699,0.05612244897439278,0.10406162271045559,-0.8114930894318808,-0.5345224838248488
308.0,51.333333333333336,51.5,8.975274678557506,41.0,68.0,41.0,42.0,6.0,0.0,6.0,-1.6457142800718372,-0.02642883384880293,1.0,1.0243902436525878,0.617647058732699,54.0,48.666666666666664,0.9012345677343392,68.0,2.0,1.0,-4.933333293866667,-0.10118124520658761,0.2683823529017085,1.3246753244172709,2.0,6.0,6.0,0.617647058732699,0.47402597401058355,1.0,1.0,1.776863217023603,0.09415584414902156,0.1748430131845924,-0.702355103924811,-0.41002125683068813
2759.0,459.8333333333333,454.0,78.47805779678518,337.0,602.0,447.0,602.0,6.0,0.0,6.0,35.279999879040005,0.07410232245015927,155.0,1.3467561520951508,0.9999999999833887,422.3333333333333,497.3333333333333,1.1775848460652505,602.0,6.0,5.0,0.0,0.0,0.0,1.3091699890980246,1.0,6.0,6.0,0.9999999999833887,0.5407756433470795,0.0,0.0,1.777289693700574,0.0906729491354008,0.17066630908679634,-0.708428767834274,-0.24516924986319857
309.0,51.5,49.0,8.88350531415762,39.0,65.0,50.0,48.0,6.0,0.0,6.0,-0.9257142825404083,-0.021302083088411007,-2.0,0.959999999808,0.738461538347929,52.333333333333336,50.666666666666664,0.9681528660570408,65.0,4.0,3.0,17.99999928000003,0.40588167175811357,0.33076923071834324,1.2621359220850221,1.0,6.0,6.0,0.738461538347929,0.4919093850973492,0.0,0.0,1.7769863094477958,0.09546925565662279,0.17249524878510034,-0.7057638415832876,-0.08993864702923113
2554.0,425.6666666666667,427.0,269.706424757653,100.0,816.0,626.0,100.0,6.0,0.0,6.0,-170.33142798743512,-0.5124844171496289,-526.0,0.15974440894313507,0.1225490196063413,683.6666666666666,167.66666666666666,0.24524622135184915,816.0,2.0,1.0,-215.19999827840002,-0.777525681071851,0.6593137254821162,1.9169929521867581,1.0,6.0,6.0,0.1225490196063413,0.1969459671096439,0.0,0.0,1.5749195634637452,0.3489950404584208,0.6336094551714571,-0.224282825766698,0.7654408642050353
276.0,46.0,46.5,7.958224257542215,36.0,59.0,51.0,48.0,6.0,0.0,6.0,-0.13714285667265308,-0.003820068942359214,-3.0,0.9411764704036909,0.8135593218960069,44.333333333333336,47.666666666666664,1.0751879696822884,59.0,4.0,3.0,23.999999040000038,0.5618047484606143,0.28813559317150245,1.282608695373346,1.0,6.0,6.0,0.8135593218960069,0.5181159420102132,0.0,0.0,1.7768286878957253,0.09661835748029413,0.17300487512635143,-0.7050227515611789,-0.5546648188090622
548.0,91.33333333333333,90.0,16.918103387266026,70.0,116.0,73.0,70.0,6.0,0.0,6.0,-1.1657142817175512,-0.012686670166040434,-3.0,0.9589041094576845,0.6034482758100476,92.66666666666667,90.0,0.9712230214779256,116.0,2.0,1.0,-5.1999999584,-0.07102634491491891,0.22629310342876785,1.270072992561671,2.0,6.0,6.0,0.6034482758100476,0.4927007299180164,1.0,1.0,1.7746175527402421,0.1034063260302005,0.18523470859941987,-0.6874294900238714,-0.7819131549708558
73575.0,12262.5,8838.0,10130.401008022009,1599.0,33142.0,8298.0,1599.0,6.0,0.0,6.0,-2840.5371331181586,-0.413390447423087,-6699.0,0.19269703542999192,0.04824693742078081,18761.333333333332,5763.666666666667,0.30720986425966146,33142.0,3.0,2.0,-5834.249912486252,-1.326352118815518,0.8260917667408446,2.7027115188561037,1.0,6.0,6.0,0.04824693742078081,0.2350118926265396,0.0,0.0,1.4848151314836695,0.41768037150296555,0.8261285225699284,-0.09521316560160017,0.10390217693252005
753.0,125.5,129.5,10.626225419530053,107.0,140.0,117.0,130.0,6.0,0.0,6.0,5.588571409410613,0.045078397926372596,13.0,1.1111111110161445,0.928571428505102,118.0,133.0,1.1271186439722782,140.0,5.0,4.0,0.0,0.0,0.07142857142346938,1.1155378485166902,2.0,6.0,6.0,0.928571428505102,0.5298804780806124,0.0,0.0,1.7881133927767041,0.04537405931559979,0.08467111887397086,-0.8438768813136445,0.3435192538212838
10939.0,1823.1666666666667,1871.0,579.1503594826554,1010.0,2663.0,1010.0,2663.0,6.0,0.0,6.0,395.622855786436,0.23169462991195652,1653.0,2.6366336633402314,0.9999999999962449,1293.0,2353.3333333333335,1.820056715634287,2663.0,6.0,5.0,0.0,0.0,0.0,1.4606453971946578,1.0,6.0,6.0,0.9999999999962449,0.6453972026687581,0.0,0.0,1.7397850549924587,0.1793125514213143,0.3176617750138836,-0.5178401907981598,0.8552672469840518
225.0,37.5,36.5,4.856267428111155,30.0,45.0,35.0,37.0,6.0,0.0,6.0,0.2399999991771429,0.007342069319077937,2.0,1.0571428568408163,0.8222222220395061,35.666666666666664,39.333333333333336,1.1028037380085598,45.0,4.0,3.0,1.9999999200000032,0.05333649203086294,0.18888888884691357,1.19999999968,2.0,6.0,6.0,0.8222222220395061,0.5244444444211358,0.0,0.0,1.7833640291629416,0.07185185184267762,0.12950046471509735,-0.7706942690260946,-0.8142322036336987
161.0,26.833333333333332,25.5,6.148622248565572,20.0,39.0,23.0,23.0,6.0,0.0,6.0,0.4457142841861224,0.022173824586662016,0.0,0.9999999995652173,0.5897435895923734,27.333333333333332,26.333333333333332,0.9634146337938727,39.0,3.0,2.0,-3.7499999437500007,-0.14193149759992382,0.32478632470304625,1.4534161485266772,1.0,6.0,6.0,0.5897435895923734,0.49068322978318735,0.0,0.0,1.766933956895287,0.11904761903430927,0.22914120172450286,-0.6271523538721998,-0.23326959847036335
6070.0,1011.6666666666666,1163.0,521.0955340007775,265.0,1714.0,1151.0,265.0,6.0,0.0,6.0,-273.1199990635886,-0.39600652083917487,-886.0,0.23023457862528035,0.15460910151601745,1415.6666666666667,607.6666666666666,0.42924417235392576,1714.0,3.0,2.0,-682.4999897625001,-1.1147833480359046,0.6454686892222163,1.6942339373802877,1.0,6.0,6.0,0.15460910151601745,0.30032948929110326,0.0,0.0,1.6381968397371451,0.28187808896171096,0.5150861950533377,-0.3200569093164409,0.6554502192492107
58575.0,9762.5,7631.5,7530.756817876939,1383.0,20688.0,5653.0,1383.0,6.0,0.0,6.0,-2784.9942761657344,-0.4753222104356091,-4270.0,0.24464885901248073,0.06685034802780991,15031.666666666666,4493.333333333333,0.29892449273735516,20688.0,3.0,2.0,-6170.249907446251,-1.4534477921825348,0.7828048466095726,2.1191293213806714,1.0,6.0,6.0,0.06685034802780991,0.23013230900550916,0.0,0.0,1.4770018504894755,0.4247631241996985,0.7713963449802023,-0.12905279818748203,0.40110392850784177
18428.0,3071.3333333333335,1919.0,3231.274138100256,217.0,9509.0,9509.0,217.0,6.0,0.0,6.0,-2067.4971357685813,-0.9363424686585978,-9292.0,0.02282048585548131,0.02282048585548131,5535.0,607.6666666666666,0.1097862089730025,9509.0,1.0,0.0,-1354.7499932262501,-1.00935295028224,0.8124092964551346,3.096049489896583,0.0,6.0,6.0,0.02282048585548131,0.09892554807895651,0.0,0.0,1.271395030465052,0.5453838361911483,1.0520753651258092,0.025376926215315888,0.9911519186888842
666.0,111.0,77.5,90.81666513733406,12.0,233.0,231.0,35.0,6.0,0.0,6.0,-58.69714265589552,-0.6490424763301484,-196.0,0.1515151515085924,0.15021459226823114,192.0,30.0,0.15624999999186198,233.0,2.0,1.0,-34.93333305386667,-0.620112917335819,0.7832618025414909,2.099099098909991,1.0,6.0,6.0,0.15021459226823114,0.13513513513310607,0.0,0.0,1.4386020455116866,0.4409409409369178,0.8181681543166881,-0.1000082666509791,0.8312684130485729
29334.0,4889.0,2696.5,5359.652756164962,1892.0,16849.0,2642.0,2941.0,6.0,0.0,6.0,-1504.0457091289863,-0.21324519450481622,299.0,1.1131718395113053,0.1745504184223547,7414.0,2364.0,0.31885621796558017,16849.0,2.0,1.0,27.066666450133333,0.003077755344369414,0.8539527568396617,3.4463080384466225,1.0,6.0,6.0,0.1745504184223547,0.24176723256281388,0.0,0.0,1.362073348905994,0.4371491557009155,1.0962676940384535,0.045923378161230675,-0.20339638214285485
18052.0,3008.6666666666665,2196.0,2449.70621821384,318.0,7304.0,5097.0,318.0,6.0,0.0,6.0,-1502.8114234189327,-0.6991841961227031,-4779.0,0.06238964096515129,0.04353778751363152,5007.0,1010.3333333333334,0.20178416882990124,7304.0,2.0,1.0,-1031.5999917472002,-0.9267711036676354,0.8065785870744707,2.427653445593527,1.0,6.0,6.0,0.04353778751363152,0.16790383337017067,0.0,0.0,1.4562738794559795,0.4454354088188186,0.8142165582336688,-0.102404225625571,0.587198227189628
683.0,113.83333333333333,108.5,15.485656445742155,98.0,145.0,103.0,98.0,6.0,0.0,6.0,-5.108571411056327,-0.042412860645578886,-5.0,0.9514563105872373,0.675862068918906,122.66666666666667,105.0,0.8559782607997843,145.0,2.0,1.0,-9.1999999264,-0.08392147407190402,0.2499999999827586,1.2737920935923464,1.0,6.0,6.0,0.675862068918906,0.4612005856447848,0.0,0.0,1.7829006790522153,0.07052220595110481,0.1360379775494739,-0.7605045248806863,-0.05677283916262783
168365.0,28060.833333333332,31345.5,8152.548505767316,13534.0,37408.0,13534.0,32048.0,6.0,0.0,6.0,4680.994269665163,0.20202784569232865,18514.0,2.367962169349514,0.85671514114605,21781.333333333332,34340.333333333336,1.5765946376094624,37408.0,4.0,3.0,-3033.999878640005,-0.09249533280844394,0.12300844739089954,1.3331036735658837,1.0,6.0,6.0,0.85671514114605,0.6118908324176277,0.0,0.0,1.7449200310467927,0.1563755333155017,0.29053123294382127,-0.5497493969498579,0.814415284840516
