h3_freq_sum,h3_freq_mean,h3_freq_median,h3_freq_std,h3_freq_min,h3_freq_max,h3_freq_first,h3_freq_last,h3_active_month_count,h3_zero_month_count,h3_nonzero_month_count,h3_freq_slope,h3_freq_log_slope,h3_freq_first_to_last_diff,h3_freq_first_to_last_ratio,h3_freq_last_to_max_ratio,h3_freq_early_mean,h3_freq_late_mean,h3_freq_late_to_early_ratio,h3_peak_value,h3_peak_month,h3_time_to_peak,h3_post_peak_slope,h3_post_peak_log_slope,h3_post_peak_decay_rate,h3_peak_sharpness,h3_peak_count,h3_longest_active_streak,h3_current_active_streak,h3_retention_ratio,h3_late_activity_ratio,h3_revival_count,h3_has_revival,h3_freq_entropy,h3_freq_gini,h3_freq_cv,h3_freq_burstiness,h3_freq_autocorr_lag1
6793.0,2264.3333333333335,2091.0,969.6106893433513,1173.0,3529.0,1173.0,2091.0,3.0,0.0,3.0,688.4999896725002,0.4332778620984103,918.0,1.782608695636977,0.5925191272298314,1173.0,2810.0,2.39556692240072,3529.0,2.0,1.0,0.0,0.0,0.407480872767335,1.5585161195279322,1.0,3.0,3.0,0.5925191272298314,0.8273222434847235,0.0,0.0,1.006176811116398,0.23121841110870767,0.42821022641207235,-0.40035406763607406,-1.0
1484.0,494.6666666666667,417.0,198.40418902387677,300.0,767.0,300.0,417.0,3.0,0.0,3.0,87.74999868375002,0.24627837213773512,117.0,1.3899999999536665,0.5436766623136418,300.0,592.0,1.9733333332675556,767.0,2.0,1.0,0.0,0.0,0.4563233376733204,1.5505390835266062,1.0,3.0,3.0,0.5436766623136418,0.7978436657628178,0.0,0.0,1.021014572895985,0.2097933512993193,0.4010866354849041,-0.4274634767946391,-1.0
66781.0,22260.333333333332,23574.0,1998.0010566118883,19437.0,23770.0,23574.0,23770.0,3.0,0.0,3.0,146.99999779500004,0.0062096412595549055,196.0,1.008314244506232,0.9999999999995792,23574.0,21603.5,0.9164121489772985,23770.0,3.0,2.0,0.0,0.0,0.0,1.0678186909445495,0.0,3.0,3.0,0.9999999999995792,0.646995402883957,0.0,0.0,1.0944909301980994,0.0432558162750194,0.08975611580888235,-0.8352730220880943,-1.0
10294.0,3431.3333333333335,3253.0,976.1360333250461,2335.0,4706.0,2335.0,3253.0,3.0,0.0,3.0,688.4999896725002,0.24858370414439343,918.0,1.3931477516000295,0.6912452188680595,2335.0,3979.5,1.7042826552389538,4706.0,2.0,1.0,0.0,0.0,0.30875478112981564,1.3714785311792166,1.0,3.0,3.0,0.6912452188680595,0.7731688362145199,0.0,0.0,1.0583819878823464,0.1535522310726356,0.284477180878823,-0.5570537412184395,-1.0
10517.0,3505.6666666666665,3878.0,1602.1099282578027,1384.0,5255.0,1384.0,5255.0,3.0,0.0,3.0,2903.2499564512505,1.0002525911534672,3871.0,3.7969653178916407,0.9999999999980971,1384.0,4566.5,3.2994942196293393,5255.0,3.0,2.0,0.0,0.0,0.0,1.4990016164262652,0.0,3.0,3.0,0.9999999999980971,0.8684035371295346,0.0,0.0,0.9814336690256836,0.24538049507097126,0.4570057796671768,-0.37267815125208814,1.0
3360.0,1120.0,1028.0,174.26416728633572,968.0,1364.0,1028.0,1364.0,3.0,0.0,3.0,251.99999622000004,0.2119252256598797,336.0,1.3268482490143305,0.9999999999926688,1028.0,1166.0,1.1342412451251533,1364.0,3.0,2.0,0.0,0.0,0.0,1.2178571428462692,0.0,3.0,3.0,0.9999999999926688,0.6940476190455535,0.0,0.0,1.0868454540807218,0.07857142857002786,0.1555930065042677,-0.73071313925755,-1.0
15345.0,5115.0,6303.0,2262.570367229861,1948.0,7094.0,7094.0,1948.0,3.0,0.0,3.0,-3859.499942107501,-0.9690554030291058,-5146.0,0.2745982520435937,0.2745982520435937,7094.0,4125.5,0.5815477868613173,7094.0,1.0,0.0,-8709.999651600014,-2.347735770150877,0.4184522131372731,1.3869012707695272,0.0,3.0,3.0,0.2745982520435937,0.5376995764089034,0.0,0.0,0.9841730368744896,0.22356902356868558,0.4423402477469086,-0.3866353678490642,1.0
182.0,60.666666666666664,60.0,7.363574011458174,52.0,70.0,70.0,60.0,3.0,0.0,3.0,-7.499999887500001,-0.11385450794318545,-10.0,0.8571428570204083,0.8571428570204083,70.0,56.0,0.7999999998857144,70.0,1.0,0.0,15.999999360000025,0.2811638899958232,0.1999999999714286,1.1538461536559594,0.0,3.0,3.0,0.8571428570204083,0.615384615350803,0.0,0.0,1.091259357611702,0.06593406590843842,0.1213775935754571,-0.7835205655021726,-1.0
678.0,226.0,254.0,62.806581396113785,139.0,285.0,285.0,139.0,3.0,0.0,3.0,-109.49999835750002,-0.5357620331214809,-146.0,0.4877192982285011,0.4877192982285011,285.0,196.5,0.6894736841863343,285.0,1.0,0.0,-229.99999080000038,-1.199242197128556,0.31052631577857803,1.2610619468468556,0.0,3.0,3.0,0.4877192982285011,0.5796460176905657,0.0,0.0,1.0570024573693775,0.14355948868497115,0.277905227404136,-0.5650612870709032,1.0
92001.0,30667.0,26806.0,6181.615053258061,25805.0,39390.0,25805.0,26806.0,3.0,0.0,3.0,750.7499887387502,0.02854201788070891,1001.0,1.0387909319895219,0.6805280528051079,25805.0,33098.0,1.2826196473546667,39390.0,2.0,1.0,0.0,0.0,0.3194719471946384,1.2844425604065333,1.0,3.0,3.0,0.6805280528051079,0.7195139183268965,0.0,0.0,1.07906020911098,0.09844095897503169,0.201572212908209,-0.6644858948252482,-1.0
90038.0,30012.666666666668,31292.0,1950.2096183629994,27257.0,31489.0,31292.0,31489.0,3.0,0.0,3.0,147.74999778375002,0.004706703492641435,197.0,1.0062955387955368,0.9999999999996824,31292.0,29373.0,0.9386744215771,31489.0,3.0,2.0,0.0,0.0,0.0,1.0491903418553112,0.0,3.0,3.0,0.9999999999996824,0.6524578511294506,0.0,0.0,1.0964666932149374,0.03133491784944997,0.0649795514681251,-0.8779703302683807,-0.9999999999999999
4502.0,1500.6666666666667,1218.0,454.55130501285424,1142.0,2142.0,1142.0,1218.0,3.0,0.0,3.0,56.99999914500001,0.04828084854063293,76.0,1.0665499124249864,0.5686274509777375,1142.0,1680.0,1.47110332748274,2142.0,2.0,1.0,0.0,0.0,0.431372549017594,1.4273656152725853,1.0,3.0,3.0,0.5686274509777375,0.7463349622373471,0.0,0.0,1.055058165464243,0.1480823337764834,0.3028995813037485,-0.535037717942954,-0.9999999999999998
85880.0,28626.666666666668,29073.0,6240.712156655058,20770.0,36037.0,29073.0,36037.0,3.0,0.0,3.0,5222.999921655001,0.16104722255965884,6964.0,1.2395349637116089,0.9999999999997226,29073.0,28403.5,0.9769717607398696,36037.0,3.0,2.0,0.0,0.0,0.0,1.2588612016763183,0.0,3.0,3.0,0.9999999999997226,0.6614694923147809,0.0,0.0,1.0743672572215595,0.11851420586859751,0.21800345214204275,-0.6420314708323273,-1.0
103384.0,34461.333333333336,36662.0,5332.74221724204,27114.0,39608.0,27114.0,36662.0,3.0,0.0,3.0,7160.999892585001,0.2262607404793007,9548.0,1.3521428044547643,0.9256210866489282,27114.0,38135.0,1.406468982812788,39608.0,2.0,1.0,0.0,0.0,0.07437891335081945,1.1493461270599465,1.0,3.0,3.0,0.9256210866489282,0.7377350460418693,0.0,0.0,1.0862211754629503,0.08056694781908824,0.15474567294476396,-0.7319831083665621,-0.9999999999999998
520.0,173.33333333333334,152.0,39.718453589679896,139.0,229.0,152.0,139.0,3.0,0.0,3.0,-9.749999853750001,-0.06659662308839921,-13.0,0.9144736841503636,0.6069868995368127,152.0,184.0,1.2105263157098338,229.0,2.0,1.0,0.0,0.0,0.3930131004195191,1.3211538460776255,1.0,3.0,3.0,0.6069868995368127,0.7076923076786982,0.0,0.0,1.0733594771308634,0.11538461537532885,0.22914492454262564,-0.6271474258306221,-1.0
3642.0,1214.0,1107.0,542.9604037128306,609.0,1926.0,609.0,1107.0,3.0,0.0,3.0,373.4999943975001,0.4476396758903089,498.0,1.8177339901179355,0.5747663551372026,609.0,1516.5,2.4901477832103422,1926.0,2.0,1.0,0.0,0.0,0.42523364485760523,1.5864909390314128,1.0,3.0,3.0,0.5747663551372026,0.8327841845117167,0.0,0.0,0.997944127462135,0.24107633168444575,0.44724909695910886,-0.38193211119914877,-1.0
223.0,74.33333333333333,50.0,41.6839963961657,40.0,133.0,133.0,40.0,3.0,0.0,3.0,-69.74999895375001,-0.8882007866119406,-93.0,0.3007518796766352,0.3007518796766352,133.0,45.0,0.3383458646362146,133.0,1.0,0.0,-19.999999200000033,-0.436507114579751,0.6616541352885974,1.7892376679207307,0.0,3.0,3.0,0.3007518796766352,0.40358744392809026,0.0,0.0,0.9516885403490593,0.27802690580551026,0.5607712518909148,-0.28141775897167454,1.0
,,,,,,,,,,,,,,,,,,,,,,,,,,,,,,,,,,,,,
,,,,,,,,,,,,,,,,,,,,,,,,,,,,,,,,,,,,,
,,,,,,,,,,,,,,,,,,,,,,,,,,,,,,,,,,,,,
,,,,,,,,,,,,,,,,,,,,,,,,,,,,,,,,,,,,,
,,,,,,,,,,,,,,,,,,,,,,,,,,,,,,,,,,,,,
22027.0,7342.333333333333,6512.0,4105.4956934442025,2781.0,12734.0,12734.0,2781.0,3.0,0.0,3.0,-7464.749888028751,-1.1408879940843069,-9953.0,0.2183917072402871,0.2183917072402871,12734.0,4646.5,0.36488927281265515,12734.0,1.0,0.0,-7461.999701520012,-1.7012601040756226,0.6351107271865595,1.7343260543854349,0.0,3.0,3.0,0.2183917072402871,0.4218913152038762,0.0,0.0,0.9383475096261149,0.30123636143496113,0.5591540872708872,-0.28274685377594644,1.0
1109.0,369.6666666666667,367.0,31.899146627387317,332.0,410.0,332.0,410.0,3.0,0.0,3.0,58.499999122500014,0.1578380410192721,78.0,1.2349397589989475,0.9999999999756097,332.0,388.5,1.17018072285632,410.0,3.0,2.0,0.0,0.0,0.0,1.109107303847364,0.0,3.0,3.0,0.9999999999756097,0.7006311992723118,0.0,0.0,1.0948956436665909,0.04688908926546387,0.08629165002666654,-0.8411261836762274,1.0
28715.0,9571.666666666666,8386.0,2396.400680650509,7415.0,12914.0,12914.0,8386.0,3.0,0.0,3.0,-3395.9999490600007,-0.32377989905244775,-4528.0,0.6493727737334293,0.6493727737334293,12914.0,7900.5,0.6117779154401333,12914.0,1.0,0.0,1941.9999223200032,0.24608610963399868,0.38822208455909224,1.3491903186473801,0.0,3.0,3.0,0.6493727737334293,0.5502698937835451,0.0,0.0,1.0684628802049836,0.12766846595838888,0.2503639924061994,-0.5995342253499774,-1.0
1292.0,430.6666666666667,432.0,165.75148734040235,227.0,633.0,227.0,633.0,3.0,0.0,3.0,304.49999543250004,0.7670274826066762,406.0,2.7885462553837645,0.9999999999842022,227.0,532.5,2.345814977870228,633.0,3.0,2.0,0.0,0.0,0.0,1.4698142414519393,0.0,3.0,3.0,0.9999999999842022,0.8243034055663754,0.0,0.0,1.0213992547323691,0.20949432404142732,0.38487187462048056,-0.44417692107789647,0.9999999999999998
7767.0,2589.0,1744.0,1541.6136567462895,1271.0,4752.0,1271.0,4752.0,3.0,0.0,3.0,2610.7499608387507,0.9886391347058695,3481.0,3.738788355596076,0.9999999999978957,1271.0,3248.0,2.5554681353064086,4752.0,3.0,2.0,0.0,0.0,0.0,1.8354577056707786,0.0,3.0,3.0,0.9999999999978957,0.83635895455023,0.0,0.0,0.9321970222505731,0.2987854598508082,0.5954475306065412,-0.253566765204618,1.0
300.0,100.0,100.0,5.715476066494082,93.0,107.0,93.0,100.0,3.0,0.0,3.0,5.2499999212500015,0.053869300120402384,7.0,1.0752688170886808,0.9345794391649926,93.0,103.5,1.1129032256867846,107.0,2.0,1.0,0.0,0.0,0.06542056074154949,1.069999999893,1.0,3.0,3.0,0.9345794391649926,0.689999999977,0.0,0.0,1.0969776189227418,0.031111111095950772,0.05715476065922535,-0.8918705891773415,-1.0
12660.0,4220.0,3546.0,2696.875723252124,1306.0,7808.0,7808.0,1306.0,3.0,0.0,3.0,-4876.499926852501,-1.3406568399189875,-6502.0,0.16726434426208087,0.16726434426208087,7808.0,2426.0,0.31070696721271684,7808.0,1.0,0.0,-4479.999820800007,-1.9967354024293833,0.6892930327860024,1.85023696682026,0.0,3.0,3.0,0.16726434426208087,0.38325434439148237,0.0,0.0,0.8888532577741779,0.3423907319637507,0.639070076598515,-0.2202040831275111,1.0
93041.0,31013.666666666668,31806.0,13404.299069908711,14215.0,47020.0,31806.0,14215.0,3.0,0.0,3.0,-13193.249802101252,-0.6039887163120329,-17591.0,0.44692825253082846,0.3023181624839851,31806.0,30617.5,0.9626328365714133,47020.0,2.0,1.0,0.0,0.0,0.6976818375158024,1.5161058028176235,1.0,3.0,3.0,0.3023181624839851,0.6581507077524255,0.0,0.0,0.9988717528794866,0.2350576627507741,0.4322062016714477,-0.3964469625013419,-1.0
67423.0,22474.333333333332,21948.0,9325.696625751641,11325.0,34150.0,11325.0,34150.0,3.0,0.0,3.0,17118.749743218752,0.8277681629384723,22825.0,3.0154525386286837,0.9999999999997072,11325.0,28049.0,2.4767328918300424,34150.0,3.0,2.0,0.0,0.0,0.0,1.5195111460474084,0.0,3.0,3.0,0.9999999999997072,0.8320306126988073,0.0,0.0,1.0095308909139793,0.2256895520321176,0.414948754538399,-0.41347875220542396,1.0
74364.0,24788.0,25457.0,1022.702628659312,23343.0,25564.0,23343.0,25564.0,3.0,0.0,3.0,1665.7499750137504,0.06816317654120077,2221.0,1.0951462965338237,0.9999999999996088,23343.0,25510.5,1.0928543888955606,25564.0,3.0,2.0,0.0,0.0,0.0,1.0313054703884819,0.0,3.0,3.0,0.9999999999996088,0.6860981119895802,0.0,0.0,1.0977525966127675,0.01991106807947607,0.0412579727553211,-0.9207536002891805,1.0
,,,,,,,,,,,,,,,,,,,,,,,,,,,,,,,,,,,,,
,,,,,,,,,,,,,,,,,,,,,,,,,,,,,,,,,,,,,
66060.0,22020.0,26003.0,6204.186059965212,13258.0,26799.0,13258.0,26799.0,3.0,0.0,3.0,10155.749847663752,0.5277939823712612,13541.0,2.021345602653476,0.9999999999996269,13258.0,26401.0,1.9913259918524728,26799.0,3.0,2.0,0.0,0.0,0.0,1.2170299727514908,0.0,3.0,3.0,0.9999999999996269,0.7993036633362399,0.0,0.0,1.05531049176359,0.13665354728017598,0.2817523187993821,-0.5603638633343347,1.0
,,,,,,,,,,,,,,,,,,,,,,,,,,,,,,,,,,,,,
,,,,,,,,,,,,,,,,,,,,,,,,,,,,,,,,,,,,,
6448.0,2149.3333333333335,2248.0,1039.2950602318008,830.0,3370.0,3370.0,830.0,3.0,0.0,3.0,-1904.9999714250005,-1.050251174530191,-2540.0,0.2462908011862128,0.2462908011862128,3370.0,1539.0,0.4566765578621464,3370.0,1.0,0.0,-2835.9998865600046,-1.9912222345588448,0.5433234421348863,1.5679280396949382,0.0,3.0,3.0,0.2462908011862128,0.4773573200985153,0.0,0.0,0.9703806814523743,0.2626137303548408,0.48354298707830273,-0.34812406341804614,0.9999999999999999
129029.0,43009.666666666664,33752.0,23488.39501162696,20011.0,75266.0,20011.0,75266.0,3.0,0.0,3.0,41441.24937838126,0.9935322586792527,55255.0,3.7612313227705956,0.9999999999998672,20011.0,54509.0,2.723951826494066,75266.0,3.0,2.0,0.0,0.0,0.0,1.749978686961439,0.0,3.0,3.0,0.9999999999998672,0.844910833998493,0.0,0.0,0.954250431763735,0.2854913753238517,0.5461189735242814,-0.29356151386001866,1.0
,,,,,,,,,,,,,,,,,,,,,,,,,,,,,,,,,,,,,
,,,,,,,,,,,,,,,,,,,,,,,,,,,,,,,,,,,,,
541.0,180.33333333333334,163.0,95.50334490942654,73.0,305.0,305.0,73.0,3.0,0.0,3.0,-173.99999739000003,-1.0646399905915587,-232.0,0.2393442622872346,0.2393442622872346,305.0,118.0,0.38688524588895457,305.0,1.0,0.0,-179.99999280000029,-1.5916026055759547,0.6131147540782586,1.6913123843794096,0.0,3.0,3.0,0.2393442622872346,0.4362292051675373,0.0,0.0,0.9548242532075554,0.2858903265457844,0.5295934098195781,-0.3075370141536209,1.0
,,,,,,,,,,,,,,,,,,,,,,,,,,,,,,,,,,,,,
247.0,82.33333333333333,79.0,5.436502143433363,78.0,90.0,90.0,78.0,3.0,0.0,3.0,-8.999999865000001,-0.10605873894649011,-12.0,0.8666666665703704,0.8666666665703704,90.0,78.5,0.8722222221253088,90.0,1.0,0.0,-1.9999999200000032,-0.02515756340741688,0.12777777776358026,1.0931174087741153,0.0,3.0,3.0,0.8666666665703704,0.6356275303386385,0.0,0.0,1.0964630770135342,0.03238866394918061,0.06603039039805336,-0.8761191218308018,1.0
,,,,,,,,,,,,,,,,,,,,,,,,,,,,,,,,,,,,,
1332.0,444.0,305.0,235.79228146824485,251.0,776.0,251.0,776.0,3.0,0.0,3.0,393.7499940937501,0.8445084344745415,525.0,3.0916334660122855,0.9999999999871134,251.0,540.5,2.1533864540974745,776.0,3.0,2.0,0.0,0.0,0.0,1.747747747708384,0.0,3.0,3.0,0.9999999999871134,0.8115615615554688,0.0,0.0,0.9668046252593209,0.26276276275876875,0.5310636969885906,-0.3062813806579214,0.9999999999999998
2531.0,843.6666666666666,758.0,245.59632642927613,595.0,1178.0,1178.0,595.0,3.0,0.0,3.0,-437.24999344125007,-0.5116359174294771,-583.0,0.5050933786035222,0.5050933786035222,1178.0,676.5,0.5742784380256853,1178.0,1.0,0.0,-325.9999869600005,-0.4835222013196709,0.42572156196582583,1.3962860529269505,0.0,3.0,3.0,0.5050933786035222,0.5345713156833878,0.0,0.0,1.0574027674872828,0.15356249176677617,0.2911058788143403,-0.549059633920035,0.9999999999999999
25569.0,8523.0,8991.0,1617.4030625254381,6350.0,10228.0,6350.0,10228.0,3.0,0.0,3.0,2908.4999563725005,0.3574609016286115,3878.0,1.6107086614147863,0.9999999999990222,6350.0,9609.5,1.5133070866117901,10228.0,3.0,2.0,0.0,0.0,0.0,1.2000469318301066,0.0,3.0,3.0,0.9999999999990222,0.7516523915676203,0.0,0.0,1.0799602606223049,0.10111202367431482,0.18976922005438698,-0.6809982694857429,1.0
3413.0,1137.6666666666667,1194.0,277.6236461270705,773.0,1446.0,773.0,1194.0,3.0,0.0,3.0,315.74999526375007,0.32574718819570464,421.0,1.544631306577689,0.8257261410731278,773.0,1320.0,1.7076326002366413,1446.0,2.0,1.0,0.0,0.0,0.17427385891995661,1.2710225607857806,1.0,3.0,3.0,0.8257261410731278,0.7735130383803882,0.0,0.0,1.0676255825601435,0.13145815020855078,0.24402898868265183,-0.6076795783586072,-1.0
,,,,,,,,,,,,,,,,,,,,,,,,,,,,,,,,,,,,,
54640.0,18213.333333333332,13575.0,7689.100872158086,12015.0,29050.0,13575.0,29050.0,3.0,0.0,3.0,11606.249825906252,0.57056202507765,15475.0,2.1399631675859005,0.9999999999996557,13575.0,20532.5,1.5125230202567126,29050.0,3.0,2.0,0.0,0.0,0.0,1.594985358710691,0.0,3.0,3.0,0.9999999999996557,0.7515556368959093,0.0,0.0,1.0148974402519553,0.20784529038545996,0.4221687887346558,-0.4063028353891159,-1.0
82208.0,27402.666666666668,31708.0,11768.654704576711,11327.0,39173.0,11327.0,31708.0,3.0,0.0,3.0,15285.749770713754,0.7719922499014946,20381.0,2.799329036812219,0.8094350700735687,11327.0,35440.5,3.1288514169655435,39173.0,2.0,1.0,0.0,0.0,0.19056492992617607,1.429532405604772,1.0,3.0,3.0,0.8094350700735687,0.862215356169611,0.0,0.0,0.9937730330068298,0.22581743869203486,0.4294711477437384,-0.3991188301746511,-1.0
4284.0,1428.0,1160.0,735.9841483800222,691.0,2433.0,691.0,2433.0,3.0,0.0,3.0,1306.4999804025003,0.9432789742981676,1742.0,3.5209840809910133,0.9999999999958898,691.0,1796.5,2.599855282162086,2433.0,3.0,2.0,0.0,0.0,0.0,1.7037815125931108,0.0,3.0,3.0,0.9999999999958898,0.8387021475237192,0.0,0.0,0.9693586341852336,0.27108621226143437,0.5153950618871627,-0.3197878561794591,1.0
283.0,94.33333333333333,91.0,44.15377170248942,42.0,150.0,91.0,42.0,3.0,0.0,3.0,-36.74999944875001,-0.5704413374599885,-49.0,0.4615384614877431,0.2799999999813333,91.0,96.0,1.054945054829127,150.0,2.0,1.0,0.0,0.0,0.7199999999519999,1.5901060068985755,1.0,3.0,3.0,0.2799999999813333,0.6784452296580055,0.0,0.0,0.9844376003752531,0.2544169611120406,0.46806118407571184,-0.3623410397252541,-0.9999999999999998
8225.0,2741.6666666666665,2276.0,940.1405332301242,1896.0,4053.0,1896.0,2276.0,3.0,0.0,3.0,284.9999957250001,0.13693882004246144,380.0,1.2004219409219388,0.5615593387600257,1896.0,3164.5,1.669040084379383,4053.0,2.0,1.0,0.0,0.0,0.43844066123750697,1.4782978723350337,1.0,3.0,3.0,0.5615593387600257,0.7694832826738364,0.0,0.0,1.0425233904679765,0.1748328267471091,0.3429084011769101,-0.48930485373654276,-1.0
51734.0,17244.666666666668,15564.0,8061.170524323513,8320.0,27850.0,8320.0,15564.0,3.0,0.0,3.0,5432.999918505001,0.4696817659362319,7244.0,1.8706730769208284,0.5588509874324744,8320.0,21707.0,2.609014423073787,27850.0,2.0,1.0,0.0,0.0,0.44114901256716654,1.6149920748434596,1.0,3.0,3.0,0.5588509874324744,0.8391773301888817,0.0,0.0,0.9886378444636286,0.2516720145357929,0.4674587616066129,-0.36290030924601036,-1.0
1451.0,483.6666666666667,445.0,148.6883392274667,324.0,682.0,324.0,682.0,3.0,0.0,3.0,268.4999959725001,0.5570022495757558,358.0,2.104938271539971,0.9999999999853373,324.0,563.5,1.7391975308105185,682.0,3.0,2.0,0.0,0.0,0.0,1.4100620261596817,0.0,3.0,3.0,0.9999999999853373,0.7767057201876175,0.0,0.0,1.0521142644144883,0.16448426372272507,0.30741903354457445,-0.5297314393206266,1.0
663.0,221.0,190.0,68.51277253184256,157.0,316.0,316.0,157.0,3.0,0.0,3.0,-119.24999821125003,-0.5222300478042843,-159.0,0.496835443022252,0.496835443022252,316.0,173.5,0.5490506328940173,316.0,1.0,0.0,-65.99999736000011,-0.379356774865055,0.450949367074337,1.4298642533289654,0.0,3.0,3.0,0.496835443022252,0.5233785821942175,0.0,0.0,1.052461712919648,0.15987933634241736,0.31001254537892503,-0.5267029365556536,1.0
8285.0,2761.6666666666665,2780.0,37.04351795148812,2710.0,2795.0,2710.0,2780.0,3.0,0.0,3.0,52.49999921250001,0.01911975326467814,70.0,1.0258302582987977,0.9946332736994825,2710.0,2787.5,1.0285977859740643,2795.0,2.0,1.0,0.0,0.0,0.005366726296939654,1.0120700060313383,1.0,3.0,3.0,0.9946332736994825,0.672902836450606,0.0,0.0,1.0985220742350539,0.006839670085962535,0.013413464556917557,-0.973528150102895,-1.0
10487.0,3495.6666666666665,3292.0,1948.9980901877652,1217.0,5978.0,5978.0,1217.0,3.0,0.0,3.0,-3570.7499464387506,-1.1932823525590608,-4761.0,0.20357979257242625,0.20357979257242625,5978.0,2254.5,0.3771328203406204,5978.0,1.0,0.0,-4149.999834000007,-1.9891775886459384,0.6228671796577068,1.710117288066053,0.0,3.0,3.0,0.20357979257242625,0.42996090397594167,0.0,0.0,0.9340416074981259,0.3026604367306711,0.5575468933485811,-0.2840704883673359,1.0
4690.0,1563.3333333333333,1619.0,449.5748609025593,987.0,2084.0,987.0,1619.0,3.0,0.0,3.0,473.9999928900001,0.37087404229581034,632.0,1.6403242147756807,0.7768714011479038,987.0,1851.5,1.8758865248036891,2084.0,2.0,1.0,0.0,0.0,0.22312859884729785,1.3330490405032003,1.0,3.0,3.0,0.7768714011479038,0.7895522388042867,0.0,0.0,1.0555836198598674,0.1559346126499721,0.2875745378889234,-0.5533081317938734,-1.0
167.0,55.666666666666664,62.0,17.326921891156037,32.0,73.0,32.0,73.0,3.0,0.0,3.0,30.749999538750007,0.6056681397182447,41.0,2.2812499992871094,0.9999999998630138,32.0,67.5,2.10937499934082,73.0,3.0,2.0,0.0,0.0,0.0,1.3113772452734054,0.0,3.0,3.0,0.9999999998630138,0.8083832334845279,0.0,0.0,1.046200881807788,0.16367265466073855,0.3112620698450913,-0.5252481146325184,1.0
337.0,112.33333333333333,124.0,29.352266617001757,72.0,141.0,72.0,141.0,3.0,0.0,3.0,51.74999922375001,0.49902570485426684,69.0,1.9583333330613428,0.999999999929078,72.0,132.5,1.840277777522184,141.0,3.0,2.0,0.0,0.0,0.0,1.255192878226541,0.0,3.0,3.0,0.999999999929078,0.7863501483446187,0.0,0.0,1.062189700443649,0.13649851630593646,0.2612961419678528,-0.5856704332660633,1.0
79139.0,26379.666666666668,24450.0,4266.93194487822,22393.0,32296.0,22393.0,32296.0,3.0,0.0,3.0,7427.249888591252,0.27463595649553074,9903.0,1.4422364131641843,0.9999999999996904,22393.0,28373.0,1.2670477381318863,32296.0,3.0,2.0,0.0,0.0,0.0,1.2242762733919215,0.0,3.0,3.0,0.9999999999996904,0.7170421663148743,0.0,0.0,1.0858650277283546,0.08342283829711361,0.16175079081906274,-0.7215396071213965,1.0
218922.0,72974.0,62485.0,29970.51885881635,42654.0,113783.0,62485.0,42654.0,3.0,0.0,3.0,-14873.249776901253,-0.28634851917223475,-19831.0,0.6826278306792538,0.37487146586042075,62485.0,78218.5,1.251796431143274,113783.0,2.0,1.0,0.0,0.0,0.6251285341394914,1.5592265738480062,1.0,3.0,3.0,0.37487146586042075,0.7145787083983923,0.0,0.0,1.0166625184503504,0.21660378277801318,0.4107013300464857,-0.4177345391273989,-1.0
111337.0,37112.333333333336,30302.0,13479.526706165252,25098.0,55937.0,30302.0,25098.0,3.0,0.0,3.0,-3902.9999414550007,-0.14131403248668498,-5204.0,0.8282621609131977,0.4486833401862008,30302.0,40517.5,1.337122962180273,55937.0,2.0,1.0,0.0,0.0,0.5513166598136204,1.5072347916681317,1.0,3.0,3.0,0.4486833401862008,0.7278353108130515,0.0,0.0,1.035839003966482,0.18465858908833788,0.3632088175403043,-0.4671266604689484,-1.0
1146.0,382.0,398.0,55.86292748027682,307.0,441.0,307.0,398.0,3.0,0.0,3.0,68.24999897625001,0.19414622252502325,91.0,1.2964169380685207,0.9024943310452949,307.0,419.5,1.3664495113561417,441.0,2.0,1.0,0.0,0.0,0.09750566893202935,1.1544502617498835,1.0,3.0,3.0,0.9024943310452949,0.7321116928382888,0.0,0.0,1.0876463825113027,0.07795229784348101,0.14623803004925245,-0.7448382862396254,-1.0
22261.0,7420.333333333333,7357.0,1452.4215029467935,5674.0,9230.0,5674.0,7357.0,3.0,0.0,3.0,1262.2499810662503,0.19478819206451436,1683.0,1.2966161438116028,0.7970747562288222,5674.0,8293.5,1.461667254139123,9230.0,2.0,1.0,0.0,0.0,0.20292524377009433,1.2438794303922862,1.0,3.0,3.0,0.7970747562288222,0.7451147747177821,0.0,0.0,1.0793523731716115,0.10649416767718756,0.19573534472101473,-0.6726109241717583,-1.0
549.0,183.0,162.0,40.00833246545858,148.0,239.0,148.0,162.0,3.0,0.0,3.0,10.499999842500003,0.06735292013568354,14.0,1.0945945945206355,0.6778242677540659,148.0,200.5,1.354729729638194,239.0,2.0,1.0,0.0,0.0,0.32217573220409307,1.3060109288903818,1.0,3.0,3.0,0.6778242677540659,0.730418943520393,0.0,0.0,1.075579660110321,0.11050394656075402,0.2186247675588652,-0.6411942816095324,-1.0
280.0,93.33333333333333,51.0,62.71806402907822,47.0,182.0,51.0,47.0,3.0,0.0,3.0,-2.9999999550000007,-0.060032029854672174,-4.0,0.9215686272702807,0.2582417582275691,51.0,114.5,2.245098038775471,182.0,2.0,1.0,0.0,0.0,0.7417582417174858,1.9499999997910717,1.0,3.0,3.0,0.2582417582275691,0.8178571428279336,0.0,0.0,0.889756538527263,0.32142857140887204,0.6719792573824118,-0.19618708848337174,-1.0
30.0,10.0,10.0,0.0,10.0,10.0,10.0,10.0,3.0,0.0,3.0,0.0,0.0,0.0,0.9999999989999999,0.9999999989999999,10.0,10.0,0.9999999989999999,10.0,1.0,0.0,0.0,0.0,0.0,0.9999999989999999,0.0,3.0,3.0,0.9999999989999999,0.6666666664444444,0.0,0.0,1.0986122886681096,-1.4814793836137596e-10,0.0,-0.9999999989999999,
30315.0,10105.0,9619.0,2524.4294404874936,7285.0,13411.0,7285.0,9619.0,3.0,0.0,3.0,1750.4999737425003,0.20841717144217486,2334.0,1.3203843514051883,0.7172470360146765,7285.0,11515.0,1.580645161288153,13411.0,2.0,1.0,0.0,0.0,0.2827529639845778,1.3271647699145697,1.0,3.0,3.0,0.7172470360146765,0.7596899224803695,0.0,0.0,1.067668916483741,0.1347187860793373,0.24981983577288425,-0.600230643452876,-1.0
2224.0,741.3333333333334,692.0,227.23018187634221,491.0,1041.0,1041.0,491.0,3.0,0.0,3.0,-412.49999381250007,-0.5628138709235453,-550.0,0.47166186358816853,0.47166186358816853,1041.0,591.5,0.568203650330757,1041.0,1.0,0.0,-401.99998392000066,-0.6851025379910892,0.431796349659637,1.4042266186860939,0.0,3.0,3.0,0.47166186358816853,0.531924460429263,0.0,0.0,1.0520941166048938,0.16486810551334208,0.30651553310244206,-0.5307893012472079,1.0
14091.0,4697.0,4759.0,708.44383451807,3800.0,5532.0,3800.0,4759.0,3.0,0.0,3.0,719.2499892112502,0.16873760614609848,959.0,1.252368421049336,0.8602675343440704,3800.0,5145.5,1.3540789473648578,5532.0,2.0,1.0,0.0,0.0,0.13973246565412195,1.177773046622998,1.0,3.0,3.0,0.8602675343440704,0.7303243204877365,0.0,0.0,1.0870960033893777,0.0819435573530587,0.15082900458091586,-0.7378776447559106,-1.0
4571.0,1523.6666666666667,1415.0,439.51210323367536,1048.0,2108.0,1048.0,1415.0,3.0,0.0,3.0,275.24999587125006,0.22499899601804096,367.0,1.3501908396817732,0.6712523719133242,1048.0,1761.5,1.6808206106709846,2108.0,2.0,1.0,0.0,0.0,0.328747628081932,1.3835047035568793,1.0,3.0,3.0,0.6712523719133242,0.7707285057957324,0.0,0.0,1.0576139913161056,0.1545978268785182,0.28845686057588543,-0.5522444415403415,-1.0
133.0,44.333333333333336,39.0,7.542472332656507,39.0,55.0,39.0,55.0,3.0,0.0,3.0,11.999999820000003,0.2523541736805974,16.0,1.410256409894806,0.9999999998181818,39.0,47.0,1.2051282048191978,55.0,3.0,2.0,0.0,0.0,0.0,1.2406015034795634,0.0,3.0,3.0,0.9999999998181818,0.7067669172400927,0.0,0.0,1.0846263201323445,0.08020050121770606,0.17013095483357588,-0.7092104020604171,
124.0,41.333333333333336,33.0,24.00462918318511,17.0,74.0,33.0,17.0,3.0,0.0,3.0,-11.999999820000003,-0.47699156788512426,-16.0,0.5151515149954086,0.2297297296986852,33.0,45.5,1.3787878783700642,74.0,2.0,1.0,0.0,0.0,0.7702702701661798,1.7903225802120186,1.0,3.0,3.0,0.2297297296986852,0.7338709676827524,0.0,0.0,0.9327800172272385,0.3064516128591457,0.5807571575171985,-0.2652164756915262,-1.0
488.0,162.66666666666666,162.0,51.44144459696114,100.0,226.0,100.0,162.0,3.0,0.0,3.0,46.49999930250001,0.3589722575895431,62.0,1.6199999998380001,0.7168141592603179,100.0,194.0,1.939999999806,226.0,2.0,1.0,0.0,0.0,0.28318584069543423,1.3893442622096714,1.0,3.0,3.0,0.7168141592603179,0.7950819671968221,0.0,0.0,1.0473880837169844,0.17213114753070058,0.31623838889630385,-0.5194815899691018,-1.0
77423.0,25807.666666666668,29503.0,6744.372534853697,16345.0,31575.0,29503.0,16345.0,3.0,0.0,3.0,-9868.499851972501,-0.44290696456657913,-13158.0,0.5540114564618669,0.5176563737132169,29503.0,23960.0,0.8121208012741714,31575.0,2.0,1.0,0.0,0.0,0.4823436262864664,1.223473644782084,1.0,3.0,3.0,0.5176563737132169,0.6189375250247835,0.0,0.0,1.0617883483868074,0.1311410476644983,0.261332131337629,-0.5856251896783398,-1.0
171.0,57.0,22.0,49.49747468305833,22.0,127.0,22.0,127.0,3.0,0.0,3.0,78.74999881875002,1.28740201668182,105.0,5.772727270103306,0.9999999999212599,22.0,74.5,3.38636363482438,127.0,3.0,2.0,0.0,0.0,0.0,2.2280701750477068,0.0,3.0,3.0,0.9999999999212599,0.8713450291888102,0.0,0.0,0.7485780345938677,0.4093567251122283,0.8683767486732379,-0.07044791755452487,
167.0,55.666666666666664,56.0,14.29063407348401,38.0,73.0,56.0,38.0,3.0,0.0,3.0,-13.499999797500003,-0.2846172120094198,-18.0,0.6785714284502551,0.5205479451341716,56.0,55.5,0.9910714283944515,73.0,2.0,1.0,0.0,0.0,0.4794520547288422,1.3113772452734054,1.0,3.0,3.0,0.5205479451341716,0.664670658642834,0.0,0.0,1.0649907728285406,0.1397205588528334,0.25671797732185925,-0.5914469562076914,-1.0
22253.0,7417.666666666667,7870.0,1748.6345784322373,5086.0,9297.0,5086.0,9297.0,3.0,0.0,3.0,3158.2499526262504,0.4523332862858251,4211.0,1.827959103417562,0.9999999999989243,5086.0,8583.5,1.6876720408932606,9297.0,3.0,2.0,0.0,0.0,0.0,1.2533590976480653,0.0,3.0,3.0,0.9999999999989243,0.7714465465327051,0.0,0.0,1.0695802376279877,0.12615527494398382,0.23573916933849995,-0.6184645187457043,1.0
83772.0,27924.0,25121.0,10151.323362005567,17132.0,41519.0,25121.0,17132.0,3.0,0.0,3.0,-5991.749910123751,-0.28705314162987156,-7989.0,0.681979220572158,0.41263036200283904,25121.0,29325.5,1.1673699295405566,41519.0,2.0,1.0,0.0,0.0,0.5873696379969201,1.4868571837840256,1.0,3.0,3.0,0.41263036200283904,0.7001265339253331,0.0,0.0,1.0336488450956944,0.1940743923983539,0.3635339980662488,-0.4667767747896445,-1.0
349.0,116.33333333333333,94.0,74.76333028668236,38.0,217.0,217.0,38.0,3.0,0.0,3.0,-134.24999798625004,-1.2907000431340812,-179.0,0.17511520736520206,0.17511520736520206,217.0,66.0,0.30414746542377197,217.0,1.0,0.0,-111.99999552000018,-1.780630419716572,0.6958525345301451,1.8653295127336396,0.0,3.0,3.0,0.17511520736520206,0.37822349569116837,0.0,0.0,0.8902131695769029,0.3419293218560149,0.6426647302027713,-0.21753390277464546,1.0
1040.0,346.6666666666667,313.0,111.5716013249887,230.0,497.0,230.0,313.0,3.0,0.0,3.0,62.24999906625001,0.23023145308637308,83.0,1.360869565158223,0.6297786720195215,230.0,405.0,1.7608695651408317,497.0,2.0,1.0,0.0,0.0,0.3702213279603577,1.4336538461124906,1.0,3.0,3.0,0.6297786720195215,0.7788461538386651,0.0,0.0,1.0479480310800056,0.1711538461490243,0.32184115765895277,-0.5130411005761498,-1.0
124377.0,41459.0,32546.0,14739.394356621306,29597.0,62234.0,29597.0,32546.0,3.0,0.0,3.0,2211.7499668237506,0.07123380420306846,2949.0,1.0996384768722844,0.5229617251019503,29597.0,47390.0,1.601175794843531,62234.0,2.0,1.0,0.0,0.0,0.47703827489788914,1.5010974697890687,1.0,3.0,3.0,0.5229617251019503,0.7620379973788753,0.0,0.0,1.0389041421531067,0.174935880428013,0.355517363096499,-0.47545140656186435,-1.0
264.0,88.0,89.0,3.7416573867739413,83.0,92.0,92.0,89.0,3.0,0.0,3.0,-2.2499999662500003,-0.02459236674835794,-3.0,0.9673913042426749,0.9673913042426749,92.0,86.0,0.9347826085940454,92.0,1.0,0.0,11.999999520000019,0.13798573745447382,0.06521739129725898,1.0454545453357438,0.0,3.0,3.0,0.9673913042426749,0.6515151514904729,0.0,0.0,1.0977030560730505,0.022727272710150848,0.042518833935781285,-0.9184305691014144,-1.0
16795.0,5598.333333333333,2895.0,3986.11459388156,2666.0,11234.0,2895.0,11234.0,3.0,0.0,3.0,6254.249906186251,1.016777558083703,8339.0,3.8804835923872867,0.9999999999991098,2895.0,6950.0,2.4006908462784087,11234.0,3.0,2.0,0.0,0.0,0.0,2.0066686513807563,0.0,3.0,3.0,0.9999999999991098,0.8276272700203468,0.0,0.0,0.8641897193099708,0.3401012206010374,0.7120180876227044,-0.16821195667120487,-1.0
1473.0,491.0,368.0,201.4166494276644,330.0,775.0,368.0,330.0,3.0,0.0,3.0,-28.499999572500005,-0.08150870027496764,-38.0,0.8967391304104146,0.42580645160740893,368.0,552.5,1.501358695611376,775.0,2.0,1.0,0.0,0.0,0.5741935483796878,1.5784114052631688,1.0,3.0,3.0,0.42580645160740893,0.7501697216513906,0.0,0.0,1.0195343946737403,0.20140303235678947,0.4102172086019597,-0.41822124122450877,-1.0
1865.0,621.6666666666666,444.0,357.17813793991115,301.0,1120.0,444.0,301.0,3.0,0.0,3.0,-107.24999839125002,-0.2907354442324962,-143.0,0.6779279279126593,0.26874999999760046,444.0,710.5,1.6002252251891842,1120.0,2.0,1.0,0.0,0.0,0.7312499999934711,1.8016085790594916,1.0,3.0,3.0,0.26874999999760046,0.7619302949020809,0.0,0.0,0.942276215273038,0.2927613940989704,0.5745492835402128,-0.27020476328763676,-1.0
45904.0,15301.333333333334,17031.0,3655.0925508878095,10218.0,18655.0,17031.0,10218.0,3.0,0.0,3.0,-5109.749923353751,-0.38313389047382024,-6813.0,0.5999647701247137,0.547735191637337,17031.0,14436.5,0.8476601491393061,18655.0,2.0,1.0,0.0,0.0,0.4522648083621269,1.219174799580939,1.0,3.0,3.0,0.547735191637337,0.6289865806899989,0.0,0.0,1.068223600570476,0.1225310793539085,0.2388741210495003,-0.6143690194327941,-1.0
829.0,276.3333333333333,247.0,174.33556403926565,79.0,503.0,503.0,79.0,3.0,0.0,3.0,-317.9999952300001,-1.3804122043419327,-424.0,0.1570576540724243,0.1570576540724243,503.0,163.0,0.32405566599753366,503.0,1.0,0.0,-335.99998656000054,-2.262804132470037,0.6759443339825856,1.8202653799100026,0.0,3.0,3.0,0.1570576540724243,0.39324487333663155,0.0,0.0,0.8879377142817915,0.340973059904808,0.6308886515064781,-0.22632529088750458,1.0
997.0,332.3333333333333,325.0,169.9104339219801,128.0,544.0,128.0,544.0,3.0,0.0,3.0,311.99999532000004,1.0807300265152286,416.0,4.249999999667969,0.9999999999816176,128.0,434.5,3.394531249734802,544.0,3.0,2.0,0.0,0.0,0.0,1.6369107321473348,0.0,3.0,3.0,0.9999999999816176,0.8716148445248584,0.0,0.0,0.9594835288930637,0.27816783683847723,0.5112650970417275,-0.32339455459195837,1.0
553.0,184.33333333333334,193.0,38.861577711439125,133.0,227.0,133.0,227.0,3.0,0.0,3.0,70.49999894250001,0.39862936577320696,94.0,1.7067669171649047,0.9999999999559471,133.0,210.0,1.5789473683023347,227.0,3.0,2.0,0.0,0.0,0.0,1.2314647377270451,0.0,3.0,3.0,0.9999999999559471,0.7594936708723419,0.0,0.0,1.0756124432957224,0.11332127786952007,0.2108223022206016,-0.6517700378311723,1.0
257.0,85.66666666666667,81.0,13.474255287605157,72.0,104.0,104.0,81.0,3.0,0.0,3.0,-17.249999741250004,-0.18543082438848993,-23.0,0.7788461537712649,0.7788461537712649,104.0,76.5,0.7355769230061946,104.0,1.0,0.0,17.99999928000003,0.23251960293094068,0.26442307689765165,1.2140077819594544,0.0,3.0,3.0,0.7788461537712649,0.5953307392764463,0.0,0.0,1.0864807719669425,0.08300907909965849,0.15728702668520178,-0.7281797460495479,-1.0
12867.0,4289.0,2609.0,2652.7752763222647,2224.0,8034.0,2224.0,2609.0,3.0,0.0,3.0,288.74999566875005,0.11969497749187388,385.0,1.173111510786092,0.3247448344531681,2224.0,5321.5,2.3927607913561477,8034.0,2.0,1.0,0.0,0.0,0.6752551655455872,1.8731639076664184,1.0,3.0,3.0,0.3247448344531681,0.827154736923271,0.0,0.0,0.9210364637520195,0.30102847076458294,0.6185067093299323,-0.23570695658449,-1.0
422.0,140.66666666666666,176.0,52.822554105440815,66.0,180.0,180.0,176.0,3.0,0.0,3.0,-2.9999999550000007,-0.016760473767590833,-4.0,0.9777777777234568,0.9777777777234568,180.0,121.0,0.6722222221848765,180.0,1.0,0.0,219.99999120000035,1.9429141486491603,0.3277777777595679,1.2796208529896005,0.0,3.0,3.0,0.9777777777234568,0.5734597156262213,0.0,0.0,1.0183355817205584,0.1800947867179037,0.37551578745274167,-0.45400003269509803,-1.0
10505.0,3501.6666666666665,2216.0,2165.7578093796383,1737.0,6552.0,6552.0,1737.0,3.0,0.0,3.0,-3611.249945831251,-0.9953909349797557,-4815.0,0.2651098901094855,0.2651098901094855,6552.0,1976.5,0.30166361416315374,6552.0,1.0,0.0,-957.9999616800015,-0.48683978810835626,0.69833638583532,1.8711089957109823,0.0,3.0,3.0,0.2651098901094855,0.37629700142753325,0.0,0.0,0.9202820073362268,0.3055687767724453,0.6184934248567692,-0.23571709917458394,0.9999999999999998
10231.0,3410.3333333333335,3513.0,1169.0298922135776,1930.0,4788.0,4788.0,1930.0,3.0,0.0,3.0,-2143.4999678475006,-0.6812127032173807,-2858.0,0.40309106098495595,0.40309106098495595,4788.0,2721.5,0.5684001670831905,4788.0,1.0,0.0,-3165.999873360005,-1.1974339247396986,0.431599832914721,1.403968331537277,0.0,3.0,3.0,0.40309106098495595,0.5320105561523487,0.0,0.0,1.0370299884093384,0.18623138826393015,0.34279050695244345,-0.4894356116176357,1.0
10204.0,3401.3333333333335,2505.0,2255.02554801985,1199.0,6500.0,1199.0,6500.0,3.0,0.0,3.0,3975.7499403637507,1.2672258218128958,5301.0,5.421184320221675,0.9999999999984616,1199.0,4502.5,3.7552126771997068,6500.0,3.0,2.0,0.0,0.0,0.0,1.9110152881166864,0.0,3.0,3.0,0.9999999999984616,0.8824970599756149,0.0,0.0,0.8836744243549794,0.34633477067761675,0.6629828149784065,-0.20265824877031555,1.0
6113.0,2037.6666666666667,1956.0,779.0397222792229,1127.0,3030.0,3030.0,1127.0,3.0,0.0,3.0,-1427.2499785912503,-0.7413348226298265,-1903.0,0.3719471947182444,0.3719471947182444,3030.0,1541.5,0.5087458745857797,3030.0,1.0,0.0,-1657.9999336800026,-1.1019330265988219,0.49125412541091995,1.4869949288328792,0.0,3.0,3.0,0.3719471947182444,0.5043350237191161,0.0,0.0,1.0242289644701308,0.20753585255382467,0.38231951035926703,-0.44684350109135723,1.0
37110.0,12370.0,8093.0,6934.327797270619,6866.0,22151.0,8093.0,22151.0,3.0,0.0,3.0,10543.499841847502,0.755103543234687,14058.0,2.7370567156768355,0.9999999999995485,8093.0,14508.5,1.7927221055210767,22151.0,3.0,2.0,0.0,0.0,0.0,1.7907033144690454,0.0,3.0,3.0,0.9999999999995485,0.7819186203177629,0.0,0.0,0.9522974996052462,0.2745890595525369,0.5605762164320949,-0.28157790625038487,-1.0
6937.0,2312.3333333333335,2537.0,1012.7458823526375,975.0,3425.0,975.0,3425.0,3.0,0.0,3.0,1837.4999724375004,0.9417645552267621,2450.0,3.512820512784484,0.9999999999970803,975.0,2981.0,3.057435897404539,3425.0,3.0,2.0,0.0,0.0,0.0,1.4811878333509534,0.0,3.0,3.0,0.9999999999970803,0.8594493296801795,0.0,0.0,0.9921181177695512,0.23545240497738273,0.437975731158249,-0.3908440571418626,1.0
88273.0,29424.333333333332,35961.0,10106.831759865316,15148.0,37164.0,15148.0,37164.0,3.0,0.0,3.0,16511.999752320004,0.6730746911546825,22016.0,2.453393187217815,0.999999999999731,15148.0,36562.5,2.4136849749125866,37164.0,3.0,2.0,0.0,0.0,0.0,1.2630362625033942,0.0,3.0,3.0,0.999999999999731,0.828395998776429,0.0,0.0,1.032508716455587,0.16627205751847485,0.3434854970329052,-0.48866512099808346,0.9999999999999999
6841.0,2280.3333333333335,1754.0,1155.2864964539701,1204.0,3883.0,1204.0,3883.0,3.0,0.0,3.0,2009.2499698612505,0.8777894744480034,2679.0,3.225083056451619,0.9999999999974247,1204.0,2818.5,2.3409468438343777,3883.0,3.0,2.0,0.0,0.0,0.0,1.7028212249596426,0.0,3.0,3.0,0.9999999999974247,0.8240023388381464,0.0,0.0,0.9761715335280934,0.2610729425514815,0.5066305349140054,-0.32746546259914316,1.0
6932.0,2310.6666666666665,1482.0,1201.0196593820694,1441.0,4009.0,1482.0,4009.0,3.0,0.0,3.0,1895.2499715712504,0.7460431224313651,2527.0,2.705128205109952,0.9999999999975057,1482.0,2725.0,1.838731443982195,4009.0,3.0,2.0,0.0,0.0,0.0,1.7349971148222665,0.0,3.0,3.0,0.9999999999975057,0.786208886323159,0.0,0.0,0.9730608129441312,0.24697057126294464,0.5197719241388655,-0.3159869374010933,-1.0
3917.0,1305.6666666666667,1133.0,434.7269896792187,881.0,1903.0,881.0,1903.0,3.0,0.0,3.0,766.4999885025002,0.5771401108512875,1022.0,2.1600454029266736,0.9999999999947452,881.0,1518.0,1.7230419977102946,1903.0,3.0,2.0,0.0,0.0,0.0,1.457492979309746,0.0,3.0,3.0,0.9999999999947452,0.7750829716600075,0.0,0.0,1.0451049098308869,0.1739426431780211,0.3329540385569741,-0.5004268280378938,1.0
4650.0,1550.0,1216.0,473.0546127739023,1215.0,2219.0,1215.0,1216.0,3.0,0.0,3.0,0.7499999887500002,0.0006165228368127761,1.0,1.0008230452592526,0.5479945921561605,1215.0,1717.5,1.413580246901946,2219.0,2.0,1.0,0.0,0.0,0.452005407839333,1.4316129032165703,1.0,3.0,3.0,0.5479945921561605,0.7387096774177663,0.0,0.0,1.0544818555265185,0.1439426523286902,0.3051965243682906,-0.5323362900935855,-0.9999999999999999
41534.0,13844.666666666666,8798.0,8196.30007313598,7331.0,25405.0,8798.0,7331.0,3.0,0.0,3.0,-1100.2499834962503,-0.13679230946258938,-1467.0,0.8332575585350838,0.2885652430622757,8798.0,16368.0,1.8604228233668327,25405.0,2.0,1.0,0.0,0.0,0.7114347569373306,1.835002648431284,1.0,3.0,3.0,0.2885652430622757,0.7881735445657081,0.0,0.0,0.9355593833440181,0.29010770292598664,0.592018592463769,-0.25626673549341317,-1.0
8945.0,2981.6666666666665,2290.0,1569.4806642821554,1501.0,5154.0,5154.0,1501.0,3.0,0.0,3.0,-2739.7499589037507,-0.9248771592220782,-3653.0,0.29123011253338915,0.29123011253338915,5154.0,1895.5,0.367772603802158,5154.0,1.0,0.0,-1577.9999368800025,-0.844381666483564,0.6322273961959017,1.7285634432585963,0.0,3.0,3.0,0.29123011253338915,0.42381218557806166,0.0,0.0,0.9660105725717238,0.27225638159060717,0.5263769695730213,-0.3102923064648395,1.0
1282.0,427.3333333333333,482.0,78.72878903058412,316.0,484.0,316.0,484.0,3.0,0.0,3.0,125.99999811000002,0.31893533301112226,168.0,1.5316455695717834,0.9999999999793389,316.0,483.0,1.5284810126098582,484.0,3.0,2.0,0.0,0.0,0.0,1.1326053041856645,0.0,3.0,3.0,0.9999999999793389,0.7535101403997386,0.0,0.0,1.0807377171221835,0.08736349453608772,0.18423273563668127,-0.6888572151329151,1.0
47.0,15.666666666666666,16.0,1.247219128924647,14.0,17.0,16.0,14.0,3.0,0.0,3.0,-1.4999999775000004,-0.09387235580741923,-2.0,0.874999999453125,0.8235294112802768,16.0,15.5,0.9687499993945312,17.0,2.0,1.0,0.0,0.0,0.1764705881314879,1.0851063822861022,1.0,3.0,3.0,0.8235294112802768,0.6595744679447714,0.0,0.0,1.095406133405713,0.04255319139178115,0.07960973158267338,-0.8525212776933438,-1.0
328.0,109.33333333333333,102.0,25.837096500101467,82.0,144.0,82.0,144.0,3.0,0.0,3.0,46.49999930250001,0.41841984469168425,62.0,1.7560975607614517,0.9999999999305555,82.0,123.0,1.4999999998170732,144.0,3.0,2.0,0.0,0.0,0.0,1.3170731706112435,0.0,3.0,3.0,0.9999999999305555,0.7499999999771342,0.0,0.0,1.0712108040182704,0.126016260147771,0.23631490699150903,-0.6177108183346304,1.0
101.0,33.666666666666664,35.0,1.8856180831641267,31.0,35.0,35.0,31.0,3.0,0.0,3.0,-2.9999999550000007,-0.0883372754172284,-4.0,0.8857142854612244,0.8857142854612244,35.0,33.0,0.9428571425877551,35.0,1.0,0.0,-7.999999680000013,-0.23556606189012427,0.05714285712653061,1.0396039600872464,0.0,3.0,3.0,0.8857142854612244,0.6534653464699539,0.0,0.0,1.097021827399778,0.02640264021915062,0.05600845789912997,-0.8939242245103406,
98027.0,32675.666666666668,22102.0,20341.706751291928,14793.0,61132.0,14793.0,61132.0,3.0,0.0,3.0,34754.24947868626,1.0641225780964183,46339.0,4.132495099030533,0.9999999999998365,14793.0,41617.0,2.8132900696256247,61132.0,3.0,2.0,0.0,0.0,0.0,1.8708723106893392,0.0,3.0,3.0,0.9999999999998365,0.8490925969374918,0.0,0.0,0.9157114888583143,0.31514446700053234,0.6225337943001122,-0.23263996535887474,1.0
91.0,30.333333333333332,27.0,6.182412330330469,25.0,39.0,27.0,25.0,3.0,0.0,3.0,-1.4999999775000004,-0.05558097828157658,-2.0,0.9259259255829904,0.6410256408612754,27.0,32.0,1.1851851847462276,39.0,2.0,1.0,0.0,0.0,0.35897435888231427,1.285714285290424,1.0,3.0,3.0,0.6410256408612754,0.703296703219418,0.0,0.0,1.0785694505283234,0.1025641025115056,0.20381579104260367,-0.6613837553486194,-1.0
169.0,56.333333333333336,50.0,18.90913947157711,37.0,82.0,50.0,37.0,3.0,0.0,3.0,-9.749999853750001,-0.220679601438261,-13.0,0.7399999998519999,0.4512195121400952,50.0,59.5,1.1899999997619999,82.0,2.0,1.0,0.0,0.0,0.5487804877379536,1.4556213015167536,1.0,3.0,3.0,0.4512195121400952,0.7041420117926542,0.0,0.0,1.043768000370675,0.17751479286960858,0.3356651976607182,-0.4973812324565182,-0.9999999999999999
103.0,34.333333333333336,34.0,5.312459150169743,28.0,41.0,34.0,41.0,3.0,0.0,3.0,5.2499999212500015,0.13674116554434868,7.0,1.2058823525865052,0.9999999997560975,34.0,34.5,1.0147058820544983,41.0,3.0,2.0,0.0,0.0,0.0,1.1941747569337353,0.0,3.0,3.0,0.9999999997560975,0.6699029125563202,0.0,0.0,1.0866276408276954,0.0841423947761335,0.15473181986278906,-0.7320038863624523,-1.0
424.0,141.33333333333334,103.0,84.86983497620864,62.0,259.0,259.0,62.0,3.0,0.0,3.0,-147.74999778375002,-1.0631601625205938,-197.0,0.23938223937299682,0.23938223937299682,259.0,82.5,0.31853281852051996,259.0,1.0,0.0,-81.99999672000013,-1.0025123053991876,0.6814671814408699,1.832547169681659,0.0,3.0,3.0,0.23938223937299682,0.3891509433870483,0.0,0.0,0.9259648675490715,0.30974842766003885,0.6004941153552148,-0.2496140915115854,1.0
136.0,45.333333333333336,38.0,17.913371790059205,28.0,70.0,28.0,70.0,3.0,0.0,3.0,31.499999527500005,0.6715380252180606,42.0,2.4999999991071427,0.9999999998571429,28.0,54.0,1.928571427882653,70.0,3.0,2.0,0.0,0.0,0.0,1.5441176467182092,0.0,3.0,3.0,0.9999999998571429,0.7941176470004325,0.0,0.0,1.0235029248015493,0.20588235290345058,0.39514790704649394,-0.4335397628294337,0.9999999999999999
56.0,18.666666666666668,19.0,3.6817870057290873,14.0,23.0,19.0,14.0,3.0,0.0,3.0,-3.7499999437500007,-0.21576155110241232,-5.0,0.7368421048753462,0.6086956519092628,19.0,18.5,0.9736842100138504,23.0,2.0,1.0,0.0,0.0,0.3913043476559546,1.2321428564827805,1.0,3.0,3.0,0.6086956519092628,0.660714285596301,0.0,0.0,1.0787890100645094,0.10714285705711446,0.19723858948696613,-0.6705108046352851,-1.0
48604.0,16201.333333333334,13559.0,4808.558088334681,12096.0,22949.0,12096.0,13559.0,3.0,0.0,3.0,1097.2499835412502,0.08562509461652619,1463.0,1.1209490740731474,0.5908318445245584,12096.0,18254.0,1.5090939153426677,22949.0,2.0,1.0,0.0,0.0,0.4091681554750058,1.4164883548670377,1.0,3.0,3.0,0.5908318445245584,0.7511315941073263,0.0,0.0,1.0566067203382734,0.14886291937553264,0.2968001453583067,-0.5422576926429797,-1.0
3408.0,1136.0,1242.0,474.6247640680653,509.0,1657.0,1657.0,509.0,3.0,0.0,3.0,-860.9999870850002,-0.8842174442193903,-1148.0,0.307181653588973,0.307181653588973,1657.0,875.5,0.5283645141790685,1657.0,1.0,0.0,-1465.9999413600024,-1.7817446603148943,0.4716354858148966,1.4586267605505403,0.0,3.0,3.0,0.307181653588973,0.5137910798106989,0.0,0.0,1.0024642218600428,0.22456964006107394,0.41780348949285856,-0.4106327250658605,1.0
803.0,267.6666666666667,241.0,170.06338687546932,74.0,488.0,488.0,74.0,3.0,0.0,3.0,-310.4999953425001,-1.4061557608615851,-414.0,0.1516393442591877,0.1516393442591877,488.0,157.5,0.3227459016327306,488.0,1.0,0.0,-333.99998664000054,-2.342899131524788,0.6772540983467775,1.823163138163518,0.0,3.0,3.0,0.1516393442591877,0.39227895391790435,0.0,0.0,0.8836090297610035,0.34371108343014933,0.6353551190626989,-0.22297596200936265,1.0
43192.0,14397.333333333334,12533.0,4364.3192927292675,10234.0,20425.0,20425.0,10234.0,3.0,0.0,3.0,-7643.249885351252,-0.5182465272582928,-10191.0,0.5010526315787021,0.5010526315787021,20425.0,11383.5,0.5573317013461163,20425.0,1.0,0.0,-4597.999816080008,-0.40526344916792284,0.442668298653394,1.4186654936089422,0.0,3.0,3.0,0.5010526315787021,0.5271115021299021,0.0,0.0,1.0543502201547619,0.15729764771242438,0.30313386456238905,-0.534761741972636,1.0
1954.0,651.3333333333334,694.0,119.80354288955269,488.0,772.0,694.0,488.0,3.0,0.0,3.0,-154.49999768250004,-0.26366201311250953,-206.0,0.7031700288083117,0.6321243523234181,694.0,630.0,0.907780979814009,772.0,2.0,1.0,0.0,0.0,0.36787564766362857,1.1852610030524269,1.0,3.0,3.0,0.6321243523234181,0.6448311156568842,0.0,0.0,1.0810291605679059,0.096895257588826,0.183935838619826,-0.6892807318985701,-1.0
126.0,42.0,51.0,22.55363976538303,11.0,64.0,64.0,11.0,3.0,0.0,3.0,-39.74999940375001,-1.2671104460740705,-53.0,0.17187499997314454,0.17187499997314454,64.0,31.0,0.48437499992431643,64.0,1.0,0.0,-79.99999680000013,-2.9326740202798938,0.5156249999194337,1.523809523446712,0.0,3.0,3.0,0.17187499997314454,0.49206349202443944,0.0,0.0,0.9230400733933143,0.2804232803805884,0.536991422857455,-0.3012434357269608,1.0
10920.0,3640.0,3524.0,1354.6040011752511,2042.0,5354.0,3524.0,5354.0,3.0,0.0,3.0,1372.4999794125004,0.31361269602241876,1830.0,1.5192962542522155,0.9999999999981323,3524.0,3698.0,1.0493757094181346,5354.0,3.0,2.0,0.0,0.0,0.0,1.47087912087508,0.0,3.0,3.0,0.9999999999981323,0.677289377288757,0.0,0.0,1.027973285210836,0.2021978021973334,0.3721439563658049,-0.45757301245151966,-1.0
1059.0,353.0,302.0,107.86102168995063,254.0,503.0,302.0,254.0,3.0,0.0,3.0,-35.999999460000005,-0.1293519433229281,-48.0,0.841059602621157,0.5049701789164022,302.0,378.5,1.2533112582366452,503.0,2.0,1.0,0.0,0.0,0.49502982106371707,1.4249291784298888,1.0,3.0,3.0,0.5049701789164022,0.7148253068865457,0.0,0.0,1.0538539850534667,0.15675165249767065,0.30555530222916455,-0.5319151908439117,-0.9999999999999999
2634.0,878.0,757.0,279.20243551946317,613.0,1264.0,613.0,757.0,3.0,0.0,3.0,107.99999838000002,0.158016340751177,144.0,1.2349102773044875,0.5988924050585531,613.0,1010.5,1.648450244671314,1264.0,2.0,1.0,0.0,0.0,0.4011075949335356,1.4396355352911203,1.0,3.0,3.0,0.5988924050585531,0.767274107817892,0.0,0.0,1.0499794930107997,0.1647684130580891,0.31799821812788515,-0.5174527343667098,-1.0
655.0,218.33333333333334,190.0,82.09073570683167,135.0,330.0,330.0,135.0,3.0,0.0,3.0,-146.24999780625004,-0.6670976072242938,-195.0,0.40909090907851237,0.40909090907851237,330.0,162.5,0.4924242424093205,330.0,1.0,0.0,-109.99999560000018,-0.6792370574516727,0.5075757575603764,1.5114503816101625,0.0,3.0,3.0,0.40909090907851237,0.4961832060992949,0.0,0.0,1.0299066217912045,0.19847328243495288,0.3759881024568173,-0.4535009397124961,1.0
96114.0,32038.0,29121.0,4613.721346881134,28442.0,38551.0,38551.0,28442.0,3.0,0.0,3.0,-7581.749886273751,-0.22807941762938372,-10109.0,0.7377759331792333,0.7377759331792333,38551.0,28781.5,0.7465824492229135,38551.0,1.0,0.0,-1357.9999456800022,-0.047183633482214715,0.2534175507768272,1.2032898433106924,0.0,3.0,3.0,0.7377759331792333,0.598903385562915,0.0,0.0,1.0885403283058217,0.07011812361704495,0.14400778284785862,-0.7482398546458732,1.0
85.0,28.333333333333332,32.0,13.719410418171119,10.0,43.0,43.0,10.0,3.0,0.0,3.0,-24.749999628750004,-1.0397207552441063,-33.0,0.23255813948080042,0.23255813948080042,43.0,21.0,0.4883720929096809,43.0,1.0,0.0,-43.999998240000075,-2.1972244894472395,0.5116279068577609,1.5176470582878894,0.0,3.0,3.0,0.23255813948080042,0.49411764700069205,0.0,0.0,0.9642865032595196,0.2588235293493273,0.4842144851763167,-0.3475141360107865,1.0
1489.0,496.3333333333333,520.0,84.54715975254416,383.0,586.0,383.0,520.0,3.0,0.0,3.0,102.74999845875003,0.2288306134417708,137.0,1.3577023498340026,0.8873720136367342,383.0,553.0,1.4438642297273143,586.0,2.0,1.0,0.0,0.0,0.11262798634620089,1.1806581598150305,1.0,3.0,3.0,0.8873720136367342,0.7427803895181815,0.0,0.0,1.0836613905037316,0.09088873964310684,0.17034350520652933,-0.7088999862710516,-1.0
47921.0,15973.666666666666,13281.0,5096.530868040425,11530.0,23110.0,13281.0,23110.0,3.0,0.0,3.0,7371.7498894237515,0.41542421342567093,9829.0,1.7400798132657629,0.9999999999995672,13281.0,17320.0,1.3041186657621382,23110.0,3.0,2.0,0.0,0.0,0.0,1.4467561194456835,0.0,3.0,3.0,0.9999999999995672,0.7228563677718072,0.0,0.0,1.050102183343348,0.16109847457263027,0.31905829603121183,-0.5162332142688328,-0.9999999999999999
29200.0,9733.333333333334,7645.0,5983.430138492654,3676.0,17879.0,17879.0,3676.0,3.0,0.0,3.0,-10652.249840216253,-1.186189157776837,-14203.0,0.2056043402873731,0.2056043402873731,17879.0,5660.5,0.31660048101106514,17879.0,1.0,0.0,-7937.999682480013,-1.4641708073433408,0.6833995189883755,1.836883561641948,0.0,3.0,3.0,0.2056043402873731,0.387705479451922,0.0,0.0,0.9121070760085805,0.3242694063925049,0.6147359731321752,-0.2385925831078647,1.0
1489.0,496.3333333333333,468.0,208.76195907194287,256.0,765.0,256.0,468.0,3.0,0.0,3.0,158.99999761500004,0.4511450058961192,212.0,1.828124999928589,0.611764705874356,256.0,616.5,2.4082031249059295,765.0,2.0,1.0,0.0,0.0,0.38823529411257207,1.541302887813137,1.0,3.0,3.0,0.611764705874356,0.8280725318950433,0.0,0.0,1.0086447252004258,0.2278934407845059,0.42060837958576924,-0.4078475311845099,-1.0
2138.0,712.6666666666666,498.0,519.898921800083,211.0,1429.0,211.0,498.0,3.0,0.0,3.0,215.24999677125004,0.642014856179407,287.0,2.360189573347858,0.34849545136215193,211.0,963.5,4.566350710684059,1429.0,2.0,1.0,0.0,0.0,0.6515045486308503,2.0051449952945957,1.0,3.0,3.0,0.34849545136215193,0.9013096351688433,0.0,0.0,0.8372143548187663,0.3797942001844199,0.7295120511591973,-0.15639552707682935,-1.0
793.0,264.3333333333333,205.0,85.32812484104457,203.0,385.0,205.0,385.0,3.0,0.0,3.0,134.999997975,0.4709708934418739,180.0,1.8780487803961927,0.999999999974026,205.0,294.0,1.4341463413934563,385.0,3.0,2.0,0.0,0.0,0.0,1.4564943252916838,0.0,3.0,3.0,0.999999999974026,0.7414880201671944,0.0,0.0,1.0493458687090353,0.15300546447462682,0.3228050119967838,-0.5119386317890906,-1.0
93.0,31.0,29.0,4.320493798938574,27.0,37.0,27.0,37.0,3.0,0.0,3.0,7.499999887500001,0.22903623372784288,10.0,1.3703703698628258,0.9999999997297297,27.0,33.0,1.2222222217695473,37.0,3.0,2.0,0.0,0.0,0.0,1.1935483867117584,0.0,3.0,3.0,0.9999999997297297,0.7096774192785293,0.0,0.0,1.089124899958268,0.07168458776326103,0.13937076766273762,-0.7553548471145562,0.9999999999999999
76.0,25.333333333333332,17.0,12.498888839501783,16.0,43.0,17.0,43.0,3.0,0.0,3.0,19.499999707500002,0.6703633969611215,26.0,2.529411763217993,0.9999999997674418,17.0,29.5,1.7352941166262974,43.0,3.0,2.0,0.0,0.0,0.0,1.6973684203826178,0.0,3.0,3.0,0.9999999997674418,0.7763157893715374,0.0,0.0,0.9852379340914955,0.2368421051942906,0.49337719083821097,-0.33924638187536005,-0.9999999999999998
450.0,150.0,130.0,48.641546028061235,103.0,217.0,130.0,103.0,3.0,0.0,3.0,-20.249999696250004,-0.17310481544826178,-27.0,0.7923076922467455,0.4746543778583108,130.0,160.0,1.2307692306745561,217.0,2.0,1.0,0.0,0.0,0.5253456220956062,1.4466666665702221,1.0,3.0,3.0,0.4746543778583108,0.7111111110953087,0.0,0.0,1.0479269411931367,0.16888888887776154,0.32427697349878976,-0.5102580804144451,-1.0
102419.0,34139.666666666664,36307.0,4932.4479610928365,27314.0,38798.0,36307.0,27314.0,3.0,0.0,3.0,-6744.749898828752,-0.21345157241075033,-8993.0,0.7523067177126306,0.7040053611009063,36307.0,33056.0,0.9104580383945492,38798.0,2.0,1.0,0.0,0.0,0.29599463889883604,1.1364492916350084,1.0,3.0,3.0,0.7040053611009063,0.6455052285219885,0.0,0.0,1.0878267400406685,0.07475175504540466,0.14447850382520994,-0.7475208082240716,-1.0
1829.0,609.6666666666666,582.0,137.34708668997033,457.0,790.0,790.0,457.0,3.0,0.0,3.0,-249.74999625375006,-0.409821581592778,-333.0,0.5784810126509053,0.5784810126509053,790.0,519.5,0.6575949367005368,790.0,1.0,0.0,-249.9999900000004,-0.48263598516717426,0.342405063286805,1.295790049185963,0.0,3.0,3.0,0.5784810126509053,0.5680699835944885,0.0,0.0,1.0734863026434005,0.12137780207498694,0.22528226356651312,-0.632276953199388,1.0
778.0,259.3333333333333,173.0,132.84159321872383,158.0,447.0,158.0,447.0,3.0,0.0,3.0,216.74999674875005,0.7769167609923137,289.0,2.829113923871575,0.9999999999776287,158.0,310.0,1.9620253163315173,447.0,3.0,2.0,0.0,0.0,0.0,1.7236503855376486,0.0,3.0,3.0,0.9999999999776287,0.7969151670848725,0.0,0.0,0.9764525560054466,0.2476435304131066,0.5122426473532188,-0.32253908026063877,1.0
45.0,15.0,14.0,3.7416573867739413,11.0,20.0,14.0,11.0,3.0,0.0,3.0,-2.2499999662500003,-0.16735766097529237,-3.0,0.7857142851530612,0.549999999725,14.0,15.5,1.1071428563520407,20.0,2.0,1.0,0.0,0.0,0.449999999775,1.3333333324444443,1.0,3.0,3.0,0.549999999725,0.6888888887358025,0.0,0.0,1.0680336896806568,0.13333333322469132,0.2494438256186335,-0.6007122195694385,-1.0
2519.0,839.6666666666666,837.0,39.23717058549909,793.0,889.0,793.0,889.0,3.0,0.0,3.0,71.99999892000001,0.08560349982523455,96.0,1.1210592685861152,0.9999999999887514,793.0,863.0,1.0882723833406271,889.0,3.0,2.0,0.0,0.0,0.0,1.058753473588026,0.0,3.0,3.0,0.9999999999887514,0.6851925367182009,0.0,0.0,1.097521601893229,0.025406907501179576,0.046729460799958475,-0.910713393372533,1.0
1037.0,345.6666666666667,296.0,111.416136872338,241.0,500.0,296.0,241.0,3.0,0.0,3.0,-41.24999938125001,-0.15359580718057267,-55.0,0.8141891891616828,0.48199999999036,296.0,370.5,1.2516891891469024,500.0,2.0,1.0,0.0,0.0,0.51799999998964,1.4464802313949907,1.0,3.0,3.0,0.48199999999036,0.7145612343229069,0.0,0.0,1.0487289579021135,0.1665059466361305,0.3223224788884709,-0.5124903583672324,-1.0
2296.0,765.3333333333334,553.0,449.1891460052089,353.0,1390.0,353.0,1390.0,3.0,0.0,3.0,777.7499883337501,1.0263609436968373,1037.0,3.9376770537128136,0.9999999999928059,353.0,971.5,2.7521246458143875,1390.0,3.0,2.0,0.0,0.0,0.0,1.8162020905686036,0.0,3.0,3.0,0.9999999999928059,0.8462543553970111,0.0,0.0,0.934582197148845,0.30110336817416616,0.5869196158527957,-0.2603032819101883,1.0
129206.0,43068.666666666664,42075.0,6847.765393826579,35223.0,51908.0,51908.0,35223.0,3.0,0.0,3.0,-12513.749812293752,-0.29082338345452435,-16685.0,0.6785659243275259,0.6785659243275259,51908.0,38649.0,0.7445673113969438,51908.0,1.0,0.0,-13703.999451840022,-0.3554996626271625,0.25543268860286367,1.2052381468350066,0.0,3.0,3.0,0.6785659243275259,0.5982539510548582,0.0,0.0,1.0860377678898676,0.0860899132650852,0.15899645667751475,-0.7256308148975286,1.0
69788.0,23262.666666666668,23072.0,10060.141328806249,11038.0,35678.0,23072.0,35678.0,3.0,0.0,3.0,9454.499858182502,0.3269243783487786,12606.0,1.5463765603322006,0.9999999999997198,23072.0,23358.0,1.0123959778081604,35678.0,3.0,2.0,0.0,0.0,0.0,1.5337020691229721,0.0,3.0,3.0,0.9999999999997198,0.669398750501423,0.0,0.0,1.0005990424316986,0.23537953038719306,0.4324586459907974,-0.3962008645745008,-1.0
576.0,192.0,199.0,33.436506994600975,148.0,229.0,148.0,229.0,3.0,0.0,3.0,60.74999908875001,0.3255997473493061,81.0,1.54729729719275,0.9999999999563318,148.0,214.0,1.4459459458482469,229.0,3.0,2.0,0.0,0.0,0.0,1.192708333271213,0.0,3.0,3.0,0.9999999999563318,0.7430555555426552,0.0,0.0,1.0830565931533935,0.0937499999917415,0.17414847392114316,-0.7033620912258142,1.0
78.0,26.0,23.0,7.2571803523590805,19.0,36.0,36.0,23.0,3.0,0.0,3.0,-9.749999853750001,-0.3246480568524881,-13.0,0.6388888887114197,0.6388888887114197,36.0,21.0,0.5833333331712963,36.0,1.0,0.0,7.999999680000013,0.36464309900218583,0.41666666655092593,1.3846153840828401,0.0,3.0,3.0,0.6388888887114197,0.538461538392505,0.0,0.0,1.0609730679662102,0.145299145235956,0.2791223211372253,-0.5635721201685003,-1.0
127.0,42.333333333333336,43.0,1.699673171197595,40.0,44.0,43.0,40.0,3.0,0.0,3.0,-2.2499999662500003,-0.05296317461601718,-3.0,0.9302325579232017,0.9090909088842976,43.0,42.0,0.9767441858193618,44.0,2.0,1.0,0.0,0.0,0.09090909088842974,1.039370078494637,1.0,3.0,3.0,0.9090909088842976,0.6614173227825656,0.0,0.0,1.0978002594855818,0.0209973752925372,0.04014975994006529,-0.9228000397548733,-0.9999999999999999
101.0,33.666666666666664,6.0,39.12657522565563,6.0,89.0,89.0,6.0,3.0,0.0,3.0,-62.24999906625001,-1.9154246122248444,-83.0,0.06741573032950386,0.06741573032950386,89.0,6.0,0.06741573032950386,89.0,1.0,0.0,0.0,0.0,0.9325842695581367,2.6435643556504265,0.0,3.0,3.0,0.06741573032950386,0.11881188117635527,0.0,0.0,0.4469052093156979,0.5478547854164624,1.1621755014069468,0.07500570679782814,
5263.0,1754.3333333333333,1644.0,159.583485639614,1639.0,1980.0,1639.0,1644.0,3.0,0.0,3.0,3.7499999437500007,0.0022831067516748725,5.0,1.0030506406284134,0.8303030302988369,1639.0,1812.0,1.1055521659481053,1980.0,2.0,1.0,0.0,0.0,0.16969696969611264,1.1286338590093372,1.0,3.0,3.0,0.8303030302988369,0.6885806574184142,0.0,0.0,1.0945555304786283,0.04319462917133676,0.09096531577353469,-0.8332388491894684,-1.0
12265.0,4088.3333333333335,3589.0,958.980129558944,3246.0,5430.0,3246.0,3589.0,3.0,0.0,3.0,257.24999614125005,0.07531553090487654,343.0,1.105668515092096,0.6609576427243813,3246.0,4509.5,1.389248305602621,5430.0,2.0,1.0,0.0,0.0,0.3390423572737771,1.3281695882560256,1.0,3.0,3.0,0.6609576427243813,0.7353444761510515,0.0,0.0,1.0721443411546252,0.11871178149165607,0.23456505411086792,-0.6200037360023538,-1.0
2374.0,791.3333333333334,701.0,397.49241781727386,356.0,1317.0,1317.0,356.0,3.0,0.0,3.0,-720.7499891887502,-0.9796011852680926,-961.0,0.2703113135894434,0.2703113135894434,1317.0,528.5,0.40129081244949666,1317.0,1.0,0.0,-689.9999724000011,-1.3523951903965366,0.5987091875429104,1.6642796966933746,0.0,3.0,3.0,0.2703113135894434,0.4452401010933225,0.0,0.0,0.9715980194001556,0.2698680146003887,0.5023071834190195,-0.33128565320154535,1.0
96.0,32.0,31.0,6.97614984548545,24.0,41.0,24.0,41.0,3.0,0.0,3.0,12.749999808750003,0.38909533922494577,17.0,1.7083333326215278,0.9999999997560975,24.0,36.0,1.499999999375,41.0,3.0,2.0,0.0,0.0,0.0,1.2812499995996094,0.0,3.0,3.0,0.9999999997560975,0.749999999921875,0.0,0.0,1.0749382970370558,0.11805555550516011,0.21800468260329384,-0.6420298117514736,1.0
233.0,77.66666666666667,32.0,65.29080248311311,31.0,170.0,32.0,170.0,3.0,0.0,3.0,103.49999844750002,1.2338669777691302,138.0,5.3124999983398435,0.9999999999411764,32.0,100.5,3.1406249990185544,170.0,3.0,2.0,0.0,0.0,0.0,2.1888412014349132,0.0,3.0,3.0,0.9999999999411764,0.8626609441689845,0.0,0.0,0.7710260850822065,0.3977110157120023,0.8406541091163936,-0.08657025237150345,-1.0
332.0,110.66666666666667,92.0,29.272664533466862,88.0,152.0,92.0,88.0,3.0,0.0,3.0,-2.9999999550000007,-0.032972342071252346,-4.0,0.9565217390264651,0.578947368382964,92.0,120.0,1.3043478259451797,152.0,2.0,1.0,0.0,0.0,0.4210526315512465,1.3734939757795035,1.0,3.0,3.0,0.578947368382964,0.7228915662432864,0.0,0.0,1.0652553686803237,0.1285140562102225,0.26451202889296754,-0.5816377813824064,-0.9999999999999999
207.0,69.0,79.0,16.30950643030009,46.0,82.0,82.0,79.0,3.0,0.0,3.0,-2.2499999662500003,-0.027610479427880603,-3.0,0.963414634028852,0.963414634028852,82.0,62.5,0.762195121858269,82.0,1.0,0.0,65.99999736000011,1.0637580233773247,0.2378048780197799,1.1884057969292166,0.0,3.0,3.0,0.963414634028852,0.6038647342703447,0.0,0.0,1.0686856412297674,0.11594202896216954,0.23636965837588977,-0.6176391795980313,-1.0
25.0,8.333333333333334,8.0,1.247219128924647,7.0,10.0,10.0,8.0,3.0,0.0,3.0,-1.4999999775000004,-0.15050301933906804,-2.0,0.7999999992,0.7999999992,10.0,7.5,0.7499999992499999,10.0,1.0,0.0,1.9999999200000032,0.23556606189012516,0.24999999974999998,1.1999999985599998,0.0,3.0,3.0,0.7999999992,0.59999999976,0.0,0.0,1.0875656532574847,0.0799999998115557,0.14966629529135805,-0.7396352376261871,-1.0
152.0,50.666666666666664,59.0,12.498888839501783,33.0,60.0,33.0,60.0,3.0,0.0,3.0,20.249999696250004,0.43838499809208736,27.0,1.818181817630854,0.9999999998333333,33.0,59.5,1.8030303024839303,60.0,3.0,2.0,0.0,0.0,0.0,1.1842105260820637,0.0,3.0,3.0,0.9999999998333333,0.782894736790599,0.0,0.0,1.0658533357179507,0.11842105259974223,0.24668859546779404,-0.6042498560373636,1.0
236.0,78.66666666666667,81.0,18.445113776342563,55.0,100.0,55.0,81.0,3.0,0.0,3.0,19.499999707500002,0.28602566310644284,26.0,1.4727272724595042,0.8099999999190001,55.0,90.5,1.645454545155372,100.0,2.0,1.0,0.0,0.0,0.189999999981,1.2711864405163746,1.0,3.0,3.0,0.8099999999190001,0.766949152509875,0.0,0.0,1.0703117842402339,0.12711864404716877,0.23447178526268447,-0.6201261330952974,-1.0
177.0,59.0,47.0,25.92296279363144,35.0,95.0,35.0,47.0,3.0,0.0,3.0,8.999999865000001,0.21576155110241232,12.0,1.3428571424734694,0.49473684205318563,35.0,71.0,2.0285714279918365,95.0,2.0,1.0,0.0,0.0,0.5052631578415513,1.6101694912525135,1.0,3.0,3.0,0.49473684205318563,0.8022598869603242,0.0,0.0,1.0065880197926407,0.22598870053560605,0.4393722506650461,-0.389494620940782,-1.0
131.0,43.666666666666664,47.0,10.077477638553983,30.0,54.0,54.0,30.0,3.0,0.0,3.0,-17.999999730000003,-0.4300094791103515,-24.0,0.5555555554526749,0.5555555554526749,54.0,38.5,0.7129629628309327,54.0,1.0,0.0,-33.99999864000006,-0.8744275778683858,0.287037036983882,1.2366412210908455,0.0,3.0,3.0,0.5555555554526749,0.5877862594971155,0.0,0.0,1.0706324604713855,0.12213740454311783,0.2307819306010572,-0.6249832322402431,1.0
104.0,34.666666666666664,26.0,19.754043186705402,16.0,62.0,16.0,62.0,3.0,0.0,3.0,34.49999948250001,0.9824410220148719,46.0,3.874999997578125,0.9999999998387097,16.0,44.0,2.74999999828125,62.0,3.0,2.0,0.0,0.0,0.0,1.7884615379456361,0.0,3.0,3.0,0.9999999998387097,0.8461538460724852,0.0,0.0,0.9429076257500711,0.2948717948196089,0.5698281686828978,-0.27402478794195634,1.0
350.0,116.66666666666667,130.0,23.976840677805924,83.0,137.0,137.0,83.0,3.0,0.0,3.0,-40.49999939250001,-0.37232765915050386,-54.0,0.6058394160141722,0.6058394160141722,137.0,106.5,0.7773722627169801,137.0,1.0,0.0,-93.99999624000016,-0.8887610131652351,0.22262773721002715,1.1742857141850613,0.0,3.0,3.0,0.6058394160141722,0.6085714285540408,0.0,0.0,1.076274196313107,0.10285714284346503,0.20551577722072087,-0.6590409165156043,1.0
8.0,2.6666666666666665,0.0,3.7712361663282534,0.0,8.0,8.0,0.0,1.0,2.0,1.0,-5.999999910000001,-1.6479184082833884,-8.0,0.0,0.0,8.0,0.0,0.0,8.0,1.0,0.0,0.0,0.0,0.9999999987499999,2.9999999887500004,0.0,1.0,0.0,0.0,0.0,0.0,0.0,3.8841360354997835e-07,0.6666666658333333,1.4142135570697942,0.1715728749873056,
710.0,236.66666666666666,166.0,115.84280536811751,144.0,400.0,144.0,166.0,3.0,0.0,3.0,16.499999752500003,0.10594505090796016,22.0,1.1527777776977237,0.414999999989625,144.0,283.0,1.9652777776413,400.0,2.0,1.0,0.0,0.0,0.584999999985375,1.690140844999008,1.0,3.0,3.0,0.414999999989625,0.7971830985803213,0.0,0.0,0.9866327134936117,0.24037558684707183,0.4894766423798144,-0.3427535169415227,-1.0
1730.0,576.6666666666666,565.0,77.59868269214081,488.0,677.0,488.0,677.0,3.0,0.0,3.0,141.74999787375003,0.2450885951728133,189.0,1.3872950819387848,0.9999999999852289,488.0,621.0,1.2725409835804806,677.0,3.0,2.0,0.0,0.0,0.0,1.1739884392860003,0.0,3.0,3.0,0.9999999999852289,0.7179190751403589,0.0,0.0,1.0896085331671874,0.07283236993948727,0.13456418963721706,-0.762791403298362,1.0
17795.0,5931.666666666667,5996.0,2495.22000811329,2844.0,8955.0,2844.0,8955.0,3.0,0.0,3.0,4583.249931251251,0.8600704604676037,6111.0,3.1487341772041186,0.9999999999988832,2844.0,7475.5,2.6285161743930083,8955.0,3.0,2.0,0.0,0.0,0.0,1.5096937341924535,0.0,3.0,3.0,0.9999999999988832,0.8401798257932901,0.0,0.0,1.005175944158849,0.22894071368332658,0.4206608611591599,-0.40779552296981986,1.0
38245.0,12748.333333333334,8848.0,5544.212618177225,8808.0,20589.0,8808.0,20589.0,3.0,0.0,3.0,8835.749867463752,0.6367736866324245,11781.0,2.33753405994285,0.9999999999995143,8808.0,14718.5,1.6710376930044606,20589.0,3.0,2.0,0.0,0.0,0.0,1.6150346450503736,0.0,3.0,3.0,0.9999999999995143,0.7696953850174482,0.0,0.0,1.0101973954804833,0.20536017780088578,0.43489705463507977,-0.393828214741058,1.0
4056.0,1352.0,947.0,808.112615914391,629.0,2480.0,947.0,2480.0,3.0,0.0,3.0,1149.7499827537501,0.721546850254382,1533.0,2.618796198493994,0.9999999999959678,947.0,1554.5,1.6414994719995617,2480.0,3.0,2.0,0.0,0.0,0.0,1.8343195266136516,0.0,3.0,3.0,0.9999999999959678,0.766518737670694,0.0,0.0,0.929464606076476,0.3042406311623622,0.5977164318849215,-0.2517865874566266,-1.0
63.0,21.0,18.0,8.04155872120988,13.0,32.0,13.0,32.0,3.0,0.0,3.0,14.249999786250003,0.6430876642421011,19.0,2.46153845964497,0.9999999996875,13.0,25.0,1.923076921597633,32.0,3.0,2.0,0.0,0.0,0.0,1.5238095230839002,0.0,3.0,3.0,0.9999999996875,0.7936507935248174,0.0,0.0,1.0276651722526333,0.20105820097701632,0.38293136749431267,-0.4462033666555289,1.0
135.0,45.0,32.0,22.015146301277824,27.0,76.0,76.0,32.0,3.0,0.0,3.0,-32.999999505000005,-0.6354733857583021,-44.0,0.4210526315235457,0.4210526315235457,76.0,29.5,0.3881578946857687,76.0,1.0,0.0,9.999999600000017,0.32860608943830927,0.6118421051826524,1.6888888885135802,0.0,3.0,3.0,0.4210526315235457,0.4370370370046639,0.0,0.0,0.9865571692734203,0.24197530860307892,0.48922547325301263,-0.34297998234548527,-0.9999999999999999
303.0,101.0,62.0,70.52659073002182,41.0,200.0,200.0,41.0,3.0,0.0,3.0,-119.24999821125003,-1.1742264497183836,-159.0,0.20499999998975,0.20499999998975,200.0,51.5,0.257499999987125,200.0,1.0,0.0,-41.99999832000007,-0.810930183779121,0.742499999962875,1.980198019605921,0.0,3.0,3.0,0.20499999998975,0.33993399338812097,0.0,0.0,0.8695009385309724,0.3498349834798331,0.6982830764657326,-0.17765997177758805,1.0
268.0,89.33333333333333,109.0,33.62869145371091,42.0,117.0,109.0,42.0,3.0,0.0,3.0,-50.24999924625001,-0.704460177007238,-67.0,0.38532110088208066,0.3589743589436774,109.0,79.5,0.7293577980982241,117.0,2.0,1.0,0.0,0.0,0.6410256409708526,1.3097014923907053,1.0,3.0,3.0,0.3589743589436774,0.5932835820674148,0.0,0.0,1.0181758159988905,0.18656716416020025,0.376440575932237,-0.45302313435034985,-0.9999999999999999
121.0,40.333333333333336,36.0,9.877021593352703,31.0,54.0,54.0,31.0,3.0,0.0,3.0,-17.249999741250004,-0.4061979557315891,-23.0,0.574074073967764,0.574074073967764,54.0,33.5,0.6203703702554869,54.0,1.0,0.0,-9.999999600000017,-0.2903640080744353,0.37962962955932783,1.3388429748746669,0.0,3.0,3.0,0.574074073967764,0.5537190082187009,0.0,0.0,1.0696300213833465,0.12672176304517757,0.24488483283232695,-0.6065743167596656,1.0
2439.0,813.0,739.0,325.92739477783493,456.0,1244.0,1244.0,456.0,3.0,0.0,3.0,-590.9999911350001,-0.7516555522286188,-788.0,0.36655948552760004,0.36655948552760004,1244.0,597.5,0.4803054662340812,1244.0,1.0,0.0,-565.9999773600009,-0.9639335520506781,0.5196945337578803,1.5301353013341927,0.0,3.0,3.0,0.36655948552760004,0.4899548995469867,0.0,0.0,1.0186855709101623,0.21538882055275566,0.4008947045188512,-0.42765904784729447,1.0
18009.0,6003.0,5202.0,2612.464098636892,3280.0,9527.0,5202.0,9527.0,3.0,0.0,3.0,3243.7499513437506,0.45374958050238084,4325.0,1.8314109957673368,0.9999999999989503,5202.0,6403.5,1.2309688581291216,9527.0,3.0,2.0,0.0,0.0,0.0,1.5870398134239763,0.0,3.0,3.0,0.9999999999989503,0.7111444277857121,0.0,0.0,1.005728416982838,0.2312547429985814,0.43519308656214223,-0.39354071499126914,-1.0
36425.0,12141.666666666666,10088.0,4969.33129863119,7348.0,18989.0,18989.0,7348.0,3.0,0.0,3.0,-8730.749869038751,-0.712011195777927,-11641.0,0.3869608720836342,0.3869608720836342,18989.0,8718.0,0.45910790457609185,18989.0,1.0,0.0,-5479.999780800009,-0.6337629184085,0.5408920954233815,1.5639533287564333,0.0,3.0,3.0,0.3869608720836342,0.47868222374729485,0.0,0.0,1.0181001716906772,0.2130587966139057,0.4092791735314013,-0.4191652282688137,1.0
132.0,44.0,45.0,2.943920288775949,40.0,47.0,47.0,40.0,3.0,0.0,3.0,-5.2499999212500015,-0.11822170637936147,-7.0,0.8510638296061566,0.8510638296061566,47.0,42.5,0.9042553189565414,47.0,1.0,0.0,-9.999999600000017,-0.23013865036402822,0.09574468083069262,1.0681818179390496,0.0,3.0,3.0,0.8510638296061566,0.6439393938906106,0.0,0.0,1.0963479266276819,0.03535353531897267,0.06690727927515627,-0.874577143321679,0.9999999999999999
126.0,42.0,49.0,13.589211407093005,23.0,54.0,23.0,54.0,3.0,0.0,3.0,23.249999651250004,0.6219595068340015,31.0,2.347826085935728,0.9999999998148148,23.0,51.5,2.239130433809074,54.0,3.0,2.0,0.0,0.0,0.0,1.2857142854081633,0.0,3.0,3.0,0.9999999998148148,0.8174603173954397,0.0,0.0,1.0408795289976909,0.16402116398155142,0.32355265247279713,-0.5110845768208007,1.0
115.0,38.333333333333336,17.0,33.76717669901086,12.0,86.0,12.0,86.0,3.0,0.0,3.0,55.499999167500015,1.4257190495089995,74.0,7.166666660694444,0.999999999883721,12.0,51.5,4.291666663090277,86.0,3.0,2.0,0.0,0.0,0.0,2.2434782602843097,0.0,3.0,3.0,0.999999999883721,0.8956521738351607,0.0,0.0,0.7357375933125576,0.42898550719529505,0.8808828701791833,-0.06333043457862918,0.9999999999999999
5049.0,1683.0,1689.0,700.5669132923707,822.0,2538.0,2538.0,822.0,3.0,0.0,3.0,-1286.9999806950002,-0.844927023096801,-1716.0,0.3238770685566435,0.3238770685566435,2538.0,1255.5,0.4946808510618807,2538.0,1.0,0.0,-1733.9999306400027,-1.4390551569178929,0.5053191489341792,1.5080213903653714,0.0,3.0,3.0,0.3238770685566435,0.49732620320757115,0.0,0.0,1.0075887495458637,0.22657952069613785,0.416260792209274,-0.412169291839386,1.0
195.0,65.0,65.0,19.595917942265423,41.0,89.0,65.0,89.0,3.0,0.0,3.0,17.999999730000003,0.23261619273863698,24.0,1.3692307690201184,0.9999999998876405,65.0,65.0,0.999999999846154,89.0,3.0,2.0,0.0,0.0,0.0,1.3692307690201184,0.0,3.0,3.0,0.9999999998876405,0.6666666666324786,0.0,0.0,1.0520751297114022,0.16410256407696688,0.30147566060385644,-0.5367171745019014,-1.0
156.0,52.0,54.0,5.0990195135927845,45.0,57.0,57.0,54.0,3.0,0.0,3.0,-2.2499999662500003,-0.039832368387975416,-3.0,0.9473684208864266,0.9473684208864266,57.0,49.5,0.8684210524792244,57.0,1.0,0.0,17.99999928000003,0.3573835631914097,0.13157894734533704,1.0961538459430473,0.0,3.0,3.0,0.9473684208864266,0.6346153845747041,0.0,0.0,1.0937093869014154,0.05128205125246543,0.09805806755023469,-0.8213973002991437,-1.0
9845.0,3281.6666666666665,3193.0,897.888387025668,2229.0,4423.0,3193.0,4423.0,3.0,0.0,3.0,922.4999861625001,0.24432765715549437,1230.0,1.3852176636348725,0.9999999999977391,3193.0,3326.0,1.0416536172845547,4423.0,3.0,2.0,0.0,0.0,0.0,1.3477907567251972,0.0,3.0,3.0,0.9999999999977391,0.6756729304208474,0.0,0.0,1.0609802862931794,0.14856949382038875,0.2736074312919041,-0.5703425960448587,-0.9999999999999999
309.0,103.0,72.0,48.873987628048795,65.0,172.0,65.0,72.0,3.0,0.0,3.0,5.2499999212500015,0.07560352320742147,7.0,1.1076923075218936,0.4186046511384532,65.0,122.0,1.8769230766343197,172.0,2.0,1.0,0.0,0.0,0.5813953488034073,1.6699029124592328,1.0,3.0,3.0,0.4186046511384532,0.789644012919429,0.0,0.0,0.9934571953279271,0.23085221141786216,0.47450473420683253,-0.356387642240264,-1.0
27827.0,9275.666666666666,8393.0,4639.053447513716,4087.0,15347.0,4087.0,15347.0,3.0,0.0,3.0,8444.999873325001,0.9921969747295221,11260.0,3.7550770736389647,0.9999999999993483,4087.0,11870.0,2.90433080498433,15347.0,3.0,2.0,0.0,0.0,0.0,1.6545441477683676,0.0,3.0,3.0,0.9999999999993483,0.8531282567287695,0.0,0.0,0.9714444671062245,0.2697619817681147,0.5001315392434018,-0.3332164198131791,1.0
212.0,70.66666666666667,63.0,12.283683848458853,61.0,88.0,61.0,63.0,3.0,0.0,3.0,1.4999999775000004,0.02381152337876202,2.0,1.0327868850765922,0.7159090908277377,61.0,75.5,1.2377049178298845,88.0,2.0,1.0,0.0,0.0,0.28409090905862605,1.2452830186917052,1.0,3.0,3.0,0.7159090908277377,0.7122641509097989,0.0,0.0,1.0840087606711635,0.08490566035505909,0.17382571481208392,-0.7038304533809501,-0.9999999999999998
49028.0,16342.666666666666,17035.0,1124.2343567463543,14757.0,17236.0,14757.0,17035.0,3.0,0.0,3.0,1708.4999743725004,0.10765758095372976,2278.0,1.1543674188512878,0.988338361568236,14757.0,17135.5,1.1611777461535804,17236.0,2.0,1.0,0.0,0.0,0.011661638431183764,1.0546626417550862,1.0,3.0,3.0,0.988338361568236,0.6990087297053319,0.0,0.0,1.0962057730191155,0.03370862908260808,0.06879136555105243,-0.8712726023644649,-1.0
204.0,68.0,81.0,24.26245384677046,34.0,89.0,34.0,89.0,3.0,0.0,3.0,41.24999938125001,0.7083461960054457,55.0,2.6176470580536333,0.9999999998876405,34.0,85.0,2.499999999264706,89.0,3.0,2.0,0.0,0.0,0.0,1.3088235292192907,0.0,3.0,3.0,0.9999999998876405,0.8333333332924836,0.0,0.0,1.0272608010658382,0.17973856206677996,0.3568007918118008,-0.4740557434243873,1.0
237.0,79.0,62.0,37.49666651850535,44.0,131.0,62.0,44.0,3.0,0.0,3.0,-13.499999797500003,-0.2523541736805971,-18.0,0.7096774192403746,0.3358778625697803,62.0,87.5,1.4112903223530178,131.0,2.0,1.0,0.0,0.0,0.6641221373538838,1.6582278478913637,1.0,3.0,3.0,0.3358778625697803,0.7383966244414178,0.0,0.0,0.9911085648588447,0.24472573837442968,0.47464134827542964,-0.35626198343915083,-1.0
314.0,104.66666666666667,55.0,78.87683789019154,43.0,216.0,55.0,43.0,3.0,0.0,3.0,-8.999999865000001,-0.18087153989959337,-12.0,0.781818181676033,0.19907407406485766,55.0,129.5,2.354545454117355,216.0,2.0,1.0,0.0,0.0,0.800925925888846,2.0636942673187555,1.0,3.0,3.0,0.19907407406485766,0.8248407643049414,0.0,0.0,0.8347590330480441,0.3673036093237725,0.7536003619361994,-0.14051071345366425,-1.0
4915.0,1638.3333333333333,1388.0,429.66679596584555,1284.0,2243.0,2243.0,1284.0,3.0,0.0,3.0,-719.2499892112502,-0.41812594571306044,-959.0,0.5724476147990528,0.5724476147990528,2243.0,1336.0,0.5956308515354631,2243.0,1.0,0.0,-207.99999168000033,-0.15565068462401963,0.4043691484600786,1.369074262453495,0.0,3.0,3.0,0.5724476147990528,0.5436419125116101,0.0,0.0,1.0657450618849997,0.13007799253885155,0.26225847159504967,-0.5844615385837748,1.0
95.0,31.666666666666668,26.0,14.839886193034712,17.0,52.0,52.0,17.0,3.0,0.0,3.0,-26.249999606250004,-0.8099401045928665,-35.0,0.3269230768602071,0.3269230768602071,52.0,21.5,0.4134615383820266,52.0,1.0,0.0,-17.99999928000003,-0.8109301837791218,0.5865384614256657,1.642105262639335,0.0,3.0,3.0,0.3269230768602071,0.452631578899723,0.0,0.0,0.9924052116639084,0.2456140350323177,0.4686279848952136,-0.3618152590405052,1.0
156.0,52.0,38.0,34.90940656422946,18.0,100.0,100.0,18.0,3.0,0.0,3.0,-61.499999077500014,-1.2530111344609476,-82.0,0.179999999982,0.179999999982,100.0,28.0,0.27999999997200004,100.0,1.0,0.0,-39.99999840000007,-1.4382452763966012,0.719999999928,1.9230769227071005,0.0,3.0,3.0,0.179999999982,0.35897435895134777,0.0,0.0,0.8782407370247731,0.3504273503913726,0.6713347414906944,-0.19664837339757282,1.0
300.0,100.0,102.0,9.899494936611665,87.0,111.0,111.0,87.0,3.0,0.0,3.0,-17.999999730000003,-0.18087153989959237,-24.0,0.7837837837131727,0.7837837837131727,111.0,94.5,0.8513513512746531,111.0,1.0,0.0,-29.99999880000005,-0.3147843349114846,0.1486486486352569,1.109999999889,0.0,3.0,3.0,0.7837837837131727,0.629999999979,0.0,0.0,1.093652189543953,0.053333333317926,0.09899494935621717,-0.8198445780588755,1.0
31533.0,10511.0,9167.0,2202.156670175853,8750.0,13616.0,8750.0,13616.0,3.0,0.0,3.0,3649.4999452575007,0.33161326946735836,4866.0,1.5561142857125072,0.9999999999992655,8750.0,11391.5,1.3018857142842264,13616.0,3.0,2.0,0.0,0.0,0.0,1.2954048140031438,0.0,3.0,3.0,0.9999999999992655,0.7225129229693583,0.0,0.0,1.0775072915171664,0.10287635175832355,0.2095097203095574,-0.6535625687135247,1.0
20345.0,6781.666666666667,5391.0,2044.2586811740719,5282.0,9672.0,5282.0,9672.0,3.0,0.0,3.0,3292.4999506125005,0.4536332789591748,4390.0,1.8311245740215238,0.999999999998966,5282.0,7531.5,1.4258803483501972,9672.0,3.0,2.0,0.0,0.0,0.0,1.4261980830649896,0.0,3.0,3.0,0.999999999998966,0.7403784713685228,0.0,0.0,1.0555344071055692,0.14385188826059214,0.30143897977454764,-0.5367604867229284,1.0
64.0,21.333333333333332,16.0,11.264496832477201,11.0,37.0,37.0,11.0,3.0,0.0,3.0,-19.499999707500002,-0.8645096194861447,-26.0,0.29729729721694664,0.29729729721694664,37.0,13.5,0.36486486476625274,37.0,1.0,0.0,-9.999999600000017,-0.6966133606718972,0.635135134963477,1.7343749991870117,0.0,3.0,3.0,0.29729729721694664,0.42187499993408206,0.0,0.0,0.9660357425114653,0.270833333249783,0.5280232887748579,-0.3088805741533001,1.0
22839.0,7613.0,8151.0,2360.3237066131414,4491.0,10197.0,8151.0,4491.0,3.0,0.0,3.0,-2744.9999588250007,-0.4469739375785602,-3660.0,0.5509753404483487,0.4404236540154551,8151.0,7344.0,0.9009937430979009,10197.0,2.0,1.0,0.0,0.0,0.5595763459835642,1.33941941415823,1.0,3.0,3.0,0.4404236540154551,0.6431104689344354,0.0,0.0,1.0475486879424178,0.16655720478107638,0.3100385796151374,-0.5266725966087545,-0.9999999999999999
92871.0,30957.0,26040.0,19702.223546256566,9664.0,57167.0,9664.0,57167.0,3.0,0.0,3.0,35627.24946559126,1.3331123714688844,47503.0,5.915459437079971,0.9999999999998251,9664.0,41603.5,4.3049979304591215,57167.0,3.0,2.0,0.0,0.0,0.0,1.8466582679194214,0.0,3.0,3.0,0.9999999999998251,0.8959416825488155,0.0,0.0,0.8906873621599094,0.34099629234810735,0.6364383999176342,-0.22216638285947196,1.0
1510.0,503.3333333333333,564.0,90.79035680560402,375.0,571.0,375.0,564.0,3.0,0.0,3.0,141.74999787375003,0.3054274362359985,189.0,1.5039999999598932,0.9877408055869047,375.0,567.5,1.5133333332929777,571.0,2.0,1.0,0.0,0.0,0.012259194395582151,1.1344370860701767,1.0,3.0,3.0,0.9877408055869047,0.751655629134095,0.0,0.0,1.0815026154374086,0.08653421633240654,0.18037819232543095,-0.6943722045897738,-1.0
5671.0,1890.3333333333333,1576.0,505.0969103933312,1492.0,2603.0,1576.0,1492.0,3.0,0.0,3.0,-62.99999905500001,-0.04105259145209727,-84.0,0.9467005076082062,0.5731847867822775,1576.0,2047.5,1.2991751268953098,2603.0,2.0,1.0,0.0,0.0,0.4268152132138809,1.3770058190722432,1.0,3.0,3.0,0.5731847867822775,0.722094868628598,0.0,0.0,1.0645702037720386,0.1306060071701265,0.2671999173288622,-0.5782829312445988,-1.0
41.0,13.666666666666666,13.0,0.9428090415820634,13.0,15.0,15.0,13.0,3.0,0.0,3.0,-1.4999999775000004,-0.10014854296616357,-2.0,0.8666666660888889,0.8666666660888889,15.0,13.0,0.8666666660888889,15.0,1.0,0.0,0.0,0.0,0.13333333324444444,1.0975609748066626,0.0,3.0,3.0,0.8666666660888889,0.6341463413087448,0.0,0.0,1.0962687421967694,0.03252032509220726,0.06898602738235632,-0.8709318438574222,
956.0,318.6666666666667,372.0,115.72764963002095,158.0,426.0,158.0,426.0,3.0,0.0,3.0,200.99999698500005,0.7409098471426473,268.0,2.6962025314749236,0.9999999999765258,158.0,399.0,2.5253164555363723,426.0,3.0,2.0,0.0,0.0,0.0,1.3368200836400579,0.0,3.0,3.0,0.9999999999765258,0.8347280334640719,0.0,0.0,1.0249862750233611,0.18688981868368137,0.3631620804175397,-0.46717696207923753,1.0
2984.0,994.6666666666666,590.0,640.6352749853504,495.0,1899.0,495.0,1899.0,3.0,0.0,3.0,1052.9999842050001,1.0072749137130794,1404.0,3.836363636286134,0.9999999999947341,495.0,1244.5,2.5141414140906235,1899.0,3.0,2.0,0.0,0.0,0.0,1.9091823056108326,0.0,3.0,3.0,0.9999999999947341,0.8341152814985452,0.0,0.0,0.906101589095337,0.31367292225017085,0.6440703166678047,-0.21649298069168882,1.0
250.0,83.33333333333333,53.0,63.730334657489095,25.0,172.0,25.0,172.0,3.0,0.0,3.0,110.24999834625002,1.4213962710362789,147.0,6.8799999972479995,0.9999999999418604,25.0,112.5,4.4999999982,172.0,3.0,2.0,0.0,0.0,0.0,2.0639999997523204,0.0,3.0,3.0,0.9999999999418604,0.8999999999639999,0.0,0.0,0.8163952674400679,0.39199999997699564,0.7647640157980976,-0.13329599990484808,1.0
153.0,51.0,54.0,8.831760866327848,39.0,60.0,39.0,54.0,3.0,0.0,3.0,11.249999831250003,0.23884029475629676,15.0,1.384615384260355,0.89999999985,39.0,57.0,1.4615384611637081,60.0,2.0,1.0,0.0,0.0,0.09999999998333334,1.1764705880046136,1.0,3.0,3.0,0.89999999985,0.745098039166987,0.0,0.0,1.083086834456137,0.09150326794281405,0.17317178165874764,-0.7047801788891661,-1.0
179.0,59.666666666666664,43.0,36.261396675926434,26.0,110.0,110.0,26.0,3.0,0.0,3.0,-62.99999905500001,-1.0602699855769537,-84.0,0.23636363634214877,0.23636363634214877,110.0,34.5,0.31363636360785124,110.0,1.0,0.0,-33.99999864000006,-0.9767054967596439,0.6863636363012398,1.8435754186854343,0.0,3.0,3.0,0.23636363634214877,0.3854748603136606,0.0,0.0,0.9220508713485773,0.31284916198051804,0.60773290508127,-0.24398772551794193,1.0
3308.0,1102.6666666666667,967.0,379.3453425164053,721.0,1620.0,967.0,1620.0,3.0,0.0,3.0,489.7499926537501,0.38667482004420234,653.0,1.6752843846776082,0.9999999999938273,967.0,1170.5,1.210444674237741,1620.0,3.0,2.0,0.0,0.0,0.0,1.4691656589951405,0.0,3.0,3.0,0.9999999999938273,0.7076783554996745,0.0,0.0,1.0411955901691894,0.1811769447788043,0.344025401311637,-0.4880671139393105,-0.9999999999999998
91.0,30.333333333333332,25.0,11.264496832477201,20.0,46.0,20.0,46.0,3.0,0.0,3.0,19.499999707500002,0.6042188639266936,26.0,2.2999999988499997,0.9999999997826087,20.0,35.5,1.7749999991124998,46.0,3.0,2.0,0.0,0.0,0.0,1.5164835159835768,0.0,3.0,3.0,0.9999999997826087,0.7802197801340418,0.0,0.0,1.0327930782144445,0.19047619042037334,0.37135703831088895,-0.45840940309297207,1.0
15884.0,5294.666666666667,4482.0,1889.0802582797328,3497.0,7905.0,7905.0,3497.0,3.0,0.0,3.0,-3305.9999504100006,-0.6115729320349684,-4408.0,0.44237824161866873,0.44237824161866873,7905.0,3989.5,0.504680581909545,7905.0,1.0,0.0,-1969.9999212000032,-0.49620215730569717,0.49531941808919,1.4930118358067999,0.0,3.0,3.0,0.44237824161866873,0.5023293880631439,0.0,0.0,1.0374870825262694,0.1850079744813402,0.356789270638913,-0.4740682604722471,1.0
91.0,30.333333333333332,30.0,4.496912521077347,25.0,36.0,36.0,30.0,3.0,0.0,3.0,-4.499999932500001,-0.13269802912883813,-6.0,0.8333333331018519,0.8333333331018519,36.0,27.5,0.7638888886766975,36.0,1.0,0.0,9.999999600000017,0.3517813188560755,0.23611111104552468,1.1868131864219298,0.0,3.0,3.0,0.8333333331018519,0.6043956043291874,0.0,0.0,1.0876232560132948,0.08058608053428862,0.14824986328334663,-0.7417811781413658,-1.0
169.0,56.333333333333336,39.0,25.94010194445829,37.0,93.0,37.0,39.0,3.0,0.0,3.0,1.4999999775000004,0.03846997021361339,2.0,1.0540540537691745,0.4193548386645855,37.0,66.0,1.78378378330168,93.0,2.0,1.0,0.0,0.0,0.5806451612278877,1.65088757367144,1.0,3.0,3.0,0.4193548386645855,0.7810650887111795,0.0,0.0,0.9996346980966215,0.22090729779971907,0.460475182364264,-0.3694173129219636,-1.0
165.0,55.0,45.0,15.57776192739723,43.0,77.0,43.0,45.0,3.0,0.0,3.0,1.4999999775000004,0.03333882142804322,2.0,1.046511627663602,0.5844155843396863,43.0,61.0,1.4186046508328827,77.0,2.0,1.0,0.0,0.0,0.4155844155304436,1.3999999997454544,1.0,3.0,3.0,0.5844155843396863,0.7393939393491276,0.0,0.0,1.0604640549530626,0.13737373734402625,0.28323203499208927,-0.55856458168184,-1.0
1287.0,429.0,420.0,145.88351517563592,255.0,612.0,255.0,612.0,3.0,0.0,3.0,267.74999598375007,0.6548906087691279,357.0,2.3999999999058823,0.9999999999836601,255.0,516.0,2.023529411685352,612.0,3.0,2.0,0.0,0.0,0.0,1.426573426540173,0.0,3.0,3.0,0.9999999999836601,0.8018648018585715,0.0,0.0,1.0396579139070352,0.18492618492225277,0.34005481392129455,-0.49247626231366676,1.0
2264.0,754.6666666666666,668.0,232.74926900470004,523.0,1073.0,523.0,1073.0,3.0,0.0,3.0,412.49999381250007,0.5382401849872235,550.0,2.051625238966508,0.9999999999906805,523.0,870.5,1.6644359464308902,1073.0,3.0,2.0,0.0,0.0,0.0,1.4218197879670254,0.0,3.0,3.0,0.9999999999906805,0.7689929328587942,0.0,0.0,1.0525169970772816,0.16195524145834028,0.30841334231662887,-0.5285689432405375,1.0
651.0,217.0,181.0,76.22772898799141,147.0,323.0,323.0,181.0,3.0,0.0,3.0,-106.49999840250003,-0.4325526150483612,-142.0,0.5603715170105148,0.5603715170105148,323.0,164.0,0.5077399380647758,323.0,1.0,0.0,67.99999728000012,0.4135888100818085,0.49226006190426436,1.4884792626042176,0.0,3.0,3.0,0.5603715170105148,0.5038402457679901,0.0,0.0,1.0396413610444253,0.18023553506649503,0.35127985707133,-0.4800783046441452,-1.0
72380.0,24126.666666666668,21363.0,4536.783025693671,20494.0,30523.0,20494.0,30523.0,3.0,0.0,3.0,7521.749887173752,0.29874922462207654,10029.0,1.4893627403135115,0.9999999999996724,20494.0,25943.0,1.2658826973742237,30523.0,3.0,2.0,0.0,0.0,0.0,1.2651146725609566,0.0,3.0,3.0,0.9999999999996724,0.7168554849404923,0.0,0.0,1.0815553161823566,0.09237358386287986,0.18804019172527456,-0.6834447301780094,1.0
64135.0,21378.333333333332,15409.0,8480.124579797686,15355.0,33371.0,33371.0,15409.0,3.0,0.0,3.0,-13471.499797927503,-0.5795254230879714,-17962.0,0.46174822450616954,0.46174822450616954,33371.0,15382.0,0.4609391387730482,33371.0,1.0,0.0,107.99999568000017,0.007020744106115901,0.5390608612266522,1.5609729476877394,0.0,3.0,3.0,0.46174822450616954,0.4796756841037687,0.0,0.0,1.0248059106714242,0.18727164054980272,0.3966691157617706,-0.431978395905671,-1.0
10626.0,3542.0,3109.0,2079.823229668009,1239.0,6278.0,1239.0,6278.0,3.0,0.0,3.0,3779.2499433112507,1.2165744961376517,5039.0,5.0669895076265785,0.9999999999984072,1239.0,4693.5,3.7881355931897653,6278.0,3.0,2.0,0.0,0.0,0.0,1.7724449463529859,0.0,3.0,3.0,0.9999999999984072,0.8833992094853346,0.0,0.0,0.9210796087635712,0.3161427944031465,0.5871889411807276,-0.2600894248351771,1.0
65.0,21.666666666666668,5.0,27.182510717166817,0.0,60.0,60.0,0.0,2.0,1.0,2.0,-44.99999932500001,-3.0831553518826533,-60.0,0.0,0.0,60.0,2.5,0.04166666665972222,60.0,1.0,0.0,-9.999999600000017,-3.583518795115358,0.9583333331736111,2.7692307679526627,0.0,2.0,0.0,0.0,0.07692307691124262,0.0,0.0,0.27118958556288436,0.6153846152846811,1.2545774171363557,0.11291580216448939,0.9999999999999999
16104.0,5368.0,4126.0,2114.656630913555,3633.0,8345.0,4126.0,3633.0,3.0,0.0,3.0,-369.74999445375005,-0.09541258416616101,-493.0,0.8805138148306337,0.43535050928647645,4126.0,5989.0,1.4515269025655562,8345.0,2.0,1.0,0.0,0.0,0.5646494907123251,1.5545827123667015,1.0,3.0,3.0,0.43535050928647645,0.7437903626423598,0.0,0.0,1.0254740507974391,0.1950654081798462,0.3939375243870372,-0.4347845330281977,-1.0
30258.0,10086.0,9833.0,2871.888693293434,6702.0,13723.0,6702.0,13723.0,3.0,0.0,3.0,5265.749921013751,0.5374431951536395,7021.0,2.047597732017237,0.9999999999992712,6702.0,11778.0,1.757385854966044,13723.0,3.0,2.0,0.0,0.0,0.0,1.360598849889589,0.0,3.0,3.0,0.9999999999992712,0.7785048582190566,0.0,0.0,1.057748295838337,0.15469187212180935,0.28474010443095243,-0.5567350883662691,1.0
118.0,39.333333333333336,39.0,6.944222218666553,31.0,48.0,39.0,31.0,3.0,0.0,3.0,-5.999999910000001,-0.16735766097529237,-8.0,0.7948717946679815,0.6458333331987847,39.0,39.5,1.0128205125608152,48.0,2.0,1.0,0.0,0.0,0.35416666659288193,1.2203389827405917,1.0,3.0,3.0,0.6458333331987847,0.6694915253669923,0.0,0.0,1.0829714384462186,0.09604519769973519,0.17654802246358658,-0.6998881146882056,-1.0
726.0,242.0,255.0,44.63929509598765,182.0,289.0,182.0,289.0,3.0,0.0,3.0,80.24999879625001,0.3452960724248826,107.0,1.5879120878248398,0.9999999999653979,182.0,272.0,1.4945054944233787,289.0,3.0,2.0,0.0,0.0,0.0,1.1942148759837101,0.0,3.0,3.0,0.9999999999653979,0.7493112947555192,0.0,0.0,1.0810090600805453,0.098255280066889,0.18445989708323574,-0.6885333179145459,1.0
103512.0,34504.0,35107.0,6658.723050755802,26064.0,42341.0,35107.0,42341.0,3.0,0.0,3.0,5425.499918617501,0.14051285527996424,7234.0,1.2060557723527485,0.9999999999997639,35107.0,34202.5,0.9742359073686233,42341.0,3.0,2.0,0.0,0.0,0.0,1.2271330860186567,0.0,3.0,3.0,0.9999999999997639,0.6608412551201155,0.0,0.0,1.079646930387308,0.10483164592828409,0.1929840902722546,-0.6764682918305173,-0.9999999999999999
64.0,21.333333333333332,21.0,0.4714045207910317,21.0,22.0,21.0,22.0,3.0,0.0,3.0,0.7499999887500002,0.033338821428042884,1.0,1.0476190471201814,0.9999999995454545,21.0,21.5,1.0238095233219955,22.0,3.0,2.0,0.0,0.0,0.0,1.0312499995166016,0.0,3.0,3.0,0.9999999995454545,0.6718749998950196,0.0,0.0,1.0983693902762919,0.010416666596679613,0.022097086901721602,-0.9567612755788601,
1656.0,552.0,674.0,236.73191588799344,221.0,761.0,674.0,221.0,3.0,0.0,3.0,-339.74999490375006,-0.8340264692397911,-453.0,0.3278931750693191,0.2904073587346858,674.0,491.0,0.7284866468734645,761.0,2.0,1.0,0.0,0.0,0.7095926412521736,1.378623188380822,1.0,3.0,3.0,0.2904073587346858,0.5929951690785448,0.0,0.0,0.9919507786111204,0.21739130434470466,0.42886216645598696,-0.3997151348352184,-1.0
22034.0,7344.666666666667,6505.0,3384.2045183797954,3684.0,11845.0,3684.0,6505.0,3.0,0.0,3.0,2115.7499682637504,0.42634072041228405,2821.0,1.765743756781309,0.5491768678762776,3684.0,9175.0,2.490499457105075,11845.0,2.0,1.0,0.0,0.0,0.4508231321228781,1.6127348642984305,1.0,3.0,3.0,0.5491768678762776,0.8328038485972439,0.0,0.0,0.9928893227679471,0.24692142446498155,0.46077033471569223,-0.36914061880089843,-0.9999999999999999
4507.0,1502.3333333333333,1271.0,474.10359861766733,1073.0,2163.0,1271.0,2163.0,3.0,0.0,3.0,668.9999899650002,0.3985259160718394,892.0,1.7018095987277593,0.9999999999953768,1271.0,1618.0,1.2730133752850274,2163.0,3.0,2.0,0.0,0.0,0.0,1.4397603727439112,0.0,3.0,3.0,0.9999999999953768,0.7179942311943244,0.0,0.0,1.0509747748225111,0.1612306782031694,0.31557816637309405,-0.52024414140828,-1.0
5360.0,1786.6666666666667,1188.0,878.654400521363,1143.0,3029.0,1143.0,1188.0,3.0,0.0,3.0,33.74999949375,0.028936293129234472,45.0,1.0393700787310642,0.3922086497180845,1143.0,2108.5,1.8447069116199064,3029.0,2.0,1.0,0.0,0.0,0.6077913502786141,1.6953358208860336,1.0,3.0,3.0,0.3922086497180845,0.7867537313418158,0.0,0.0,0.9860043179458031,0.23457711442688556,0.49178417939353275,-0.34067650510107933,-1.0
8861.0,2953.6666666666665,2544.0,710.4460257863052,2364.0,3953.0,2544.0,3953.0,3.0,0.0,3.0,1056.7499841487502,0.33044780110273697,1409.0,1.5538522012517537,0.9999999999974704,2544.0,3158.5,1.2415487421334845,3953.0,3.0,2.0,0.0,0.0,0.0,1.3383365308610597,0.0,3.0,3.0,0.9999999999974704,0.7128992213060457,0.0,0.0,1.070881289290269,0.11955008840181591,0.24053019719576796,-0.6122138779996136,-0.9999999999999998
66.0,22.0,15.0,10.614455552060438,14.0,37.0,37.0,15.0,3.0,0.0,3.0,-16.499999752500003,-0.6487480683837323,-22.0,0.40540540529583635,0.40540540529583635,37.0,14.5,0.39189189178597517,37.0,1.0,0.0,1.9999999200000032,0.12907703711206067,0.6081081079437546,1.681818181053719,0.0,3.0,3.0,0.40540540529583635,0.4393939393273646,0.0,0.0,0.990086287842572,0.23232323224415885,0.4824752521470766,-0.3490950332215288,-1.0
22461.0,7487.0,7068.0,2376.987308898949,4808.0,10585.0,10585.0,4808.0,3.0,0.0,3.0,-4332.749935008751,-0.5917823994784659,-5777.0,0.4542276806797787,0.4542276806797787,10585.0,5938.0,0.5609825224368814,10585.0,1.0,0.0,-4519.999819200008,-0.7704596989681923,0.4390174775621738,1.4137838920777164,0.0,3.0,3.0,0.4542276806797787,0.5287387026398963,0.0,0.0,1.0483556777066225,0.1714675808436099,0.31748194322101964,-0.5180473708117805,1.0
10256.0,3418.6666666666665,2845.0,981.4106627140795,2611.0,4800.0,2845.0,4800.0,3.0,0.0,3.0,1466.2499780062503,0.3921822915281232,1955.0,1.6871704745107656,0.9999999999979167,2845.0,3705.5,1.3024604569374254,4800.0,3.0,2.0,0.0,0.0,0.0,1.4040561622423828,0.0,3.0,3.0,0.9999999999979167,0.7226014040554576,0.0,0.0,1.0593520841737505,0.14229069162718555,0.28707410180710086,-0.5539120841519529,-1.0
1565.0,521.6666666666666,611.0,230.11060142655074,206.0,748.0,611.0,206.0,3.0,0.0,3.0,-303.74999544375004,-0.8130101047400664,-405.0,0.337152209487117,0.27540106951503474,611.0,477.0,0.7806873976958971,748.0,2.0,1.0,0.0,0.0,0.7245989304715963,1.4338658146689995,1.0,3.0,3.0,0.27540106951503474,0.6095846645328461,0.0,0.0,0.9869611357667332,0.23088391905950134,0.44110658419579496,-0.38782240114246963,-0.9999999999999999
859.0,286.3333333333333,260.0,55.8589493476401,235.0,364.0,235.0,364.0,3.0,0.0,3.0,96.74999854875001,0.32704915651192334,129.0,1.5489361701468538,0.9999999999725274,235.0,312.0,1.3276595744115889,364.0,3.0,2.0,0.0,0.0,0.0,1.2712456344142755,0.0,3.0,3.0,0.9999999999725274,0.7264260768250707,0.0,0.0,1.080164932731613,0.10011641442982766,0.19508364148669127,-0.6735230326448646,1.0
5007.0,1669.0,1457.0,390.03333190895364,1334.0,2216.0,1457.0,1334.0,3.0,0.0,3.0,-92.24999861625002,-0.06610075530917879,-123.0,0.9155799588132082,0.6019855595640705,1457.0,1775.0,1.2182566918241713,2216.0,2.0,1.0,0.0,0.0,0.3980144404314169,1.327741162364723,1.0,3.0,3.0,0.6019855595640705,0.7090073896530678,0.0,0.0,1.0723709391022667,0.11743559017279082,0.23369282918311368,-0.6211490840214278,-1.0
249.0,83.0,46.0,54.46099521676041,43.0,160.0,46.0,160.0,3.0,0.0,3.0,85.49999871750002,0.9234425586041651,114.0,3.4782608688090737,0.9999999999375,46.0,101.5,2.206521738650756,160.0,3.0,2.0,0.0,0.0,0.0,1.9277108431412397,0.0,3.0,3.0,0.9999999999375,0.8152610441439654,0.0,0.0,0.8994733113630426,0.3132530120261501,0.6561565687975764,-0.20761529287752253,-1.0
139.0,46.333333333333336,47.0,1.699673171197595,44.0,48.0,47.0,44.0,3.0,0.0,3.0,-2.2499999662500003,-0.04840389012711996,-3.0,0.9361702125667722,0.9166666664756944,47.0,46.0,0.9787234040470801,48.0,2.0,1.0,0.0,0.0,0.08333333331597222,1.0359712227979918,1.0,3.0,3.0,0.9166666664756944,0.6618705035495057,0.0,0.0,1.097934870607776,0.01918465224574306,0.03668359361505235,-0.9292289490276479,-0.9999999999999999
31310.0,10436.666666666666,10062.0,1132.0734173286742,9276.0,11972.0,10062.0,9276.0,3.0,0.0,3.0,-589.4999911575002,-0.06099533329511555,-786.0,0.9218843172322382,0.7748078850645048,10062.0,10624.0,1.0558537070154483,11972.0,2.0,1.0,0.0,0.0,0.22519211493465988,1.1471095496635448,1.0,3.0,3.0,0.7748078850645048,0.6786330245925651,0.0,0.0,1.0928106534303033,0.05740445012228368,0.10847078415786549,-0.8042875180679611,-1.0
79.0,26.333333333333332,21.0,8.259674462242577,20.0,38.0,38.0,21.0,3.0,0.0,3.0,-12.749999808750003,-0.42938938813765687,-17.0,0.552631578801939,0.552631578801939,38.0,20.5,0.5394736840685596,38.0,1.0,0.0,1.9999999200000032,0.09304002754818501,0.46052631566828256,1.4430379741355552,0.0,3.0,3.0,0.552631578801939,0.5189873417064573,0.0,0.0,1.0520062003653514,0.15189873411454724,0.31365852376351866,-0.5224656662603804,-1.0
107.0,35.666666666666664,36.0,4.4969125210773475,30.0,41.0,41.0,30.0,3.0,0.0,3.0,-8.249999876250001,-0.2277618069322395,-11.0,0.7317073168947055,0.7317073168947055,41.0,33.0,0.8048780485841761,41.0,1.0,0.0,-11.999999520000019,-0.3538614021637001,0.19512195117192146,1.149532709958075,0.0,3.0,3.0,0.7317073168947055,0.6168224298488951,0.0,0.0,1.0905946483183726,0.06853582550149939,0.12608165943410835,-0.7760701304066078,1.0
41.0,13.666666666666666,12.0,3.0912061651652345,11.0,18.0,18.0,11.0,3.0,0.0,3.0,-5.2499999212500015,-0.3446492418640913,-7.0,0.611111110771605,0.611111110771605,18.0,11.5,0.6388888885339505,18.0,1.0,0.0,-1.9999999200000032,-0.16008540894365642,0.3611111109104938,1.3170731697679952,0.0,3.0,3.0,0.611111110771605,0.5609756096192743,0.0,0.0,1.0740008622970474,0.11382113809372751,0.22618581679780803,-0.6310741584756748,1.0
41.0,13.666666666666666,11.0,4.4969125210773475,10.0,20.0,10.0,20.0,3.0,0.0,3.0,7.499999887500001,0.48497036641923374,10.0,1.9999999979999998,0.9999999995,10.0,15.5,1.54999999845,20.0,3.0,2.0,0.0,0.0,0.0,1.4634146330755502,0.0,3.0,3.0,0.9999999995,0.7560975607911957,0.0,0.0,1.0472953770035953,0.16260162589463967,0.3290423793502627,-0.5048429082043608,1.0
1210.0,403.3333333333333,327.0,113.65542466400606,319.0,564.0,319.0,564.0,3.0,0.0,3.0,183.74999724375004,0.4263785451188238,245.0,1.768025078314482,0.9999999999822695,319.0,445.5,1.3965517240941518,564.0,3.0,2.0,0.0,0.0,0.0,1.398347107403347,0.0,3.0,3.0,0.9999999999822695,0.7363636363575508,0.0,0.0,1.0608685866679326,0.13498622589127196,0.281790309077326,-0.5603176165490525,1.0
935.0,311.6666666666667,320.0,114.8690075211277,167.0,448.0,167.0,448.0,3.0,0.0,3.0,210.74999683875004,0.7372941701948342,281.0,2.682634730378285,0.9999999999776785,167.0,384.0,2.299401197467102,448.0,3.0,2.0,0.0,0.0,0.0,1.4374331550340929,0.0,3.0,3.0,0.9999999999776785,0.8213903743227658,0.0,0.0,1.0271614498759305,0.20035650623339163,0.3685636604837713,-0.46138616544950334,0.9999999999999999
1631.0,543.6666666666666,609.0,249.2673709538058,211.0,811.0,211.0,609.0,3.0,0.0,3.0,298.49999552250006,0.7926544999816912,398.0,2.8862559240338266,0.7509247842077568,211.0,710.0,3.3649289097931314,811.0,2.0,1.0,0.0,0.0,0.24907521577991276,1.4917228693778348,1.0,3.0,3.0,0.7509247842077568,0.8706315144030005,0.0,0.0,0.9798212143864042,0.24524831391461577,0.4584930183002223,-0.3712784188109963,-1.0
0.0,0.0,0.0,0.0,0.0,0.0,0.0,0.0,0.0,3.0,0.0,0.0,0.0,0.0,0.0,0.0,0.0,0.0,0.0,0.0,1.0,0.0,0.0,0.0,0.0,0.0,0.0,0.0,0.0,0.0,0.0,0.0,0.0,0.0,-1.3333333333333333,0.0,0.0,
124.0,41.333333333333336,35.0,18.90913947157711,22.0,67.0,67.0,22.0,3.0,0.0,3.0,-33.74999949375,-0.8130101047400664,-45.0,0.3283582089062152,0.3283582089062152,67.0,28.5,0.4253731342648697,67.0,1.0,0.0,-25.999998960000042,-0.8960494092119441,0.5746268655858766,1.6209677415433141,0.0,3.0,3.0,0.3283582089062152,0.45967741931776795,0.0,0.0,0.9964547845089511,0.24193548382862184,0.45747918065328186,-0.3722322941598452,1.0
4519.0,1506.3333333333333,1519.0,196.97941234781084,1259.0,1741.0,1741.0,1519.0,3.0,0.0,3.0,-166.49999750250004,-0.10224265614545462,-222.0,0.8724870763878663,0.8724870763878663,1741.0,1389.0,0.7978173463480884,1741.0,1.0,0.0,519.9999792000009,0.3751972127817085,0.20218265364616783,1.1557866784610151,0.0,3.0,3.0,0.8724870763878663,0.6147377738424105,0.0,0.0,1.0899889715515914,0.07110717710304315,0.13076747887574897,-0.7687102232386764,-0.9999999999999999
1700.0,566.6666666666666,441.0,314.5094946455865,260.0,999.0,260.0,441.0,3.0,0.0,3.0,135.74999796375002,0.3950921001398716,181.0,1.6961538460886094,0.44144144143702263,260.0,720.0,2.76923076912426,999.0,2.0,1.0,0.0,0.0,0.5585585585529674,1.7629411764394776,1.0,3.0,3.0,0.44144144143702263,0.8470588235244291,0.0,0.0,0.9496223403152706,0.2898039215654449,0.555016755247123,-0.28615977495658124,-1.0
370.0,123.33333333333333,115.0,18.517259216441534,106.0,149.0,149.0,106.0,3.0,0.0,3.0,-32.24999951625001,-0.2533548409254397,-43.0,0.7114093959254087,0.7114093959254087,149.0,110.5,0.741610738205261,149.0,1.0,0.0,-17.99999928000003,-0.16152270682800915,0.2583892617276249,1.2081081080101534,0.0,3.0,3.0,0.7114093959254087,0.5972972972811541,0.0,0.0,1.0876118216336512,0.07747747746476774,0.1501399395805957,-0.7389188316060296,1.0
106.0,35.333333333333336,39.0,6.649979114420001,26.0,41.0,41.0,39.0,3.0,0.0,3.0,-1.4999999775000004,-0.03659262257818478,-2.0,0.9512195119631172,0.9512195119631172,41.0,32.5,0.792682926635931,41.0,1.0,0.0,25.999998960000042,0.7860851447758085,0.20731707312016656,1.1603773581621573,0.0,3.0,3.0,0.9512195119631172,0.6132075471119616,0.0,0.0,1.0799875016549032,0.09433962259661399,0.18820695601522444,-0.6832084592604887,-1.0
130.0,43.333333333333336,42.0,22.065558884580486,17.0,71.0,71.0,17.0,3.0,0.0,3.0,-40.49999939250001,-1.0397207552441068,-54.0,0.2394366196845864,0.2394366196845864,71.0,29.5,0.4154929576879588,71.0,1.0,0.0,-49.99999800000008,-1.7416566459285299,0.5845070421711962,1.6384615380834318,0.0,3.0,3.0,0.2394366196845864,0.4538461538112426,0.0,0.0,0.9614035201747237,0.2769230768817883,0.5092052049112715,-0.3252008363480391,1.0
67897.0,22632.333333333332,19779.0,8170.595340746121,14362.0,33756.0,14362.0,33756.0,3.0,0.0,3.0,14545.499781817503,0.6408992512142485,19394.0,2.3503690293814574,0.9999999999997038,14362.0,26767.5,1.8637724550885226,33756.0,3.0,2.0,0.0,0.0,0.0,1.491494469563534,0.0,3.0,3.0,0.9999999999997038,0.7884737175426325,0.0,0.0,1.0353136897142337,0.19042569382046715,0.36101427194467406,-0.4694923052804396,0.9999999999999998
121.0,40.333333333333336,36.0,6.128258770283412,36.0,49.0,36.0,36.0,3.0,0.0,3.0,0.0,0.0,0.0,0.9999999997222222,0.7346938774010828,36.0,42.5,1.1805555552276235,49.0,2.0,1.0,0.0,0.0,0.2653061223948355,1.2148760327566421,1.0,3.0,3.0,0.7346938774010828,0.7024793387849191,0.0,0.0,1.0874222968686231,0.07162534431391299,0.1519403000520002,-0.7362010858217074,-1.0
26326.0,8775.333333333334,7861.0,5437.656378338824,2620.0,15845.0,15845.0,2620.0,3.0,0.0,3.0,-9918.749851218752,-1.3495208634085232,-13225.0,0.16535184600810013,0.16535184600810013,15845.0,5240.5,0.3307352477120033,15845.0,1.0,0.0,-10481.999580720018,-2.196970117437994,0.6692647522873655,1.8056294157846169,0.0,3.0,3.0,0.16535184600810013,0.3981235280709572,0.0,0.0,0.8961119152634608,0.334903390817485,0.6196524019979442,-0.23483285520506325,1.0
5964.0,1988.0,1262.0,1141.7261784975708,1102.0,3600.0,1102.0,1262.0,3.0,0.0,3.0,119.99999820000002,0.1015920757988601,160.0,1.1451905626030383,0.3505555555545818,1102.0,2431.0,2.2059891106877862,3600.0,2.0,1.0,0.0,0.0,0.6494444444426405,1.8108651911377724,1.0,3.0,3.0,0.3505555555545818,0.8152246814204976,0.0,0.0,0.9453557491978106,0.279230941201871,0.5743089429033339,-0.2703986781060764,-1.0
507.0,169.0,161.0,38.79003308411411,126.0,220.0,220.0,161.0,3.0,0.0,3.0,-44.249999336250006,-0.23292477122015504,-59.0,0.7318181817849173,0.7318181817849173,220.0,143.5,0.6522727272430785,220.0,1.0,0.0,69.99999720000011,0.4868184780748458,0.3477272727114669,1.301775147851966,0.0,3.0,3.0,0.7318181817849173,0.5660749506791701,0.0,0.0,1.0725431881237375,0.12360289282408354,0.22952682296934224,-0.6266420240517987,-1.0
149435.0,49811.666666666664,32058.0,27349.86106403874,28929.0,88448.0,32058.0,88448.0,3.0,0.0,3.0,42292.49936561251,0.7611361082382205,56390.0,2.7589993137429785,0.999999999999887,32058.0,58688.5,1.8306974858064038,88448.0,3.0,2.0,0.0,0.0,0.0,1.77564827516945,0.0,3.0,3.0,0.999999999999887,0.7854719443235664,0.0,0.0,0.9585139002391793,0.2655290483041324,0.5490653674982418,-0.29110110003286827,-1.0
997.0,332.3333333333333,333.0,35.92894221778438,288.0,376.0,288.0,376.0,3.0,0.0,3.0,65.99999901000001,0.19936387151122584,88.0,1.3055555555102236,0.9999999999734043,288.0,354.5,1.230902777735038,376.0,3.0,2.0,0.0,0.0,0.0,1.131394182513599,0.0,3.0,3.0,0.9999999999734043,0.711133400193469,0.0,0.0,1.0927451681513536,0.058843196250778496,0.10811116013050132,-0.8048730776561906,1.0
113833.0,37944.333333333336,32773.0,11436.09657570663,27259.0,53801.0,53801.0,32773.0,3.0,0.0,3.0,-15770.999763435004,-0.37175633672910513,-21028.0,0.609152246240663,0.609152246240663,53801.0,30016.0,0.5579078455789748,53801.0,1.0,0.0,11027.999558880018,0.36843016897408304,0.4420921544208394,1.417892878163252,0.0,3.0,3.0,0.609152246240663,0.5273690406120785,0.0,0.0,1.054964927268712,0.1554440862198283,0.30139142188215057,-0.5368166459151976,-1.0
18039.0,6013.0,6318.0,648.8548887591637,5111.0,6610.0,6610.0,6318.0,3.0,0.0,3.0,-218.99999671500004,-0.033880469911884634,-292.0,0.9558245083192801,0.9558245083192801,6610.0,5714.5,0.8645234493179055,6610.0,1.0,0.0,2413.999903440004,0.42394048447455107,0.13547655068058173,1.0992848827522048,0.0,3.0,3.0,0.9558245083192801,0.6335717057483045,0.0,0.0,1.0926460384884225,0.05539848845993167,0.10790867932115161,-0.8052029353392158,-1.0
688.0,229.33333333333334,286.0,108.12749675986935,78.0,324.0,324.0,78.0,3.0,0.0,3.0,-184.49999723250005,-1.060782981485292,-246.0,0.24074074073331048,0.24074074073331048,324.0,182.0,0.5617283950443911,324.0,1.0,0.0,-415.99998336000067,-2.580068623382455,0.4382716049247447,1.4127906976128142,0.0,3.0,3.0,0.24074074073331048,0.5290697674341704,0.0,0.0,0.9663501181078473,0.23837209301564122,0.4714861777114294,-0.35917008956682966,1.0
145.0,48.333333333333336,48.0,3.6817870057290873,44.0,53.0,53.0,44.0,3.0,0.0,3.0,-6.749999898750001,-0.13674116554434868,-9.0,0.8301886790886436,0.8301886790886436,53.0,46.0,0.8679245281381275,53.0,1.0,0.0,-7.999999680000013,-0.1703156098679893,0.1320754716731933,1.0965517239110583,0.0,3.0,3.0,0.8301886790886436,0.6344827585769321,0.0,0.0,1.0957167506339502,0.04137931031322495,0.07617490355104838,-0.8584339712752217,0.9999999999999999
14781.0,4927.0,4640.0,2412.7241864746993,2126.0,8015.0,8015.0,2126.0,3.0,0.0,3.0,-4416.749933748751,-0.9950452411676273,-5889.0,0.2652526512785212,0.2652526512785212,8015.0,3383.0,0.4220835932621059,8015.0,1.0,0.0,-5027.999798880008,-1.5604345856644934,0.5779164067366463,1.6267505581456734,0.0,3.0,3.0,0.2652526512785212,0.45774981395003195,0.0,0.0,0.974491909858147,0.26561125769533,0.48969437517146386,-0.34255726096016864,1.0
377.0,125.66666666666667,71.0,90.33763827380528,53.0,253.0,253.0,53.0,3.0,0.0,3.0,-149.99999775000003,-1.1612626479217567,-200.0,0.20948616599962505,0.20948616599962505,253.0,62.0,0.24505928852786327,253.0,1.0,0.0,-35.99999856000006,-0.5753641218889968,0.754940711432611,2.0132625993092894,0.0,3.0,3.0,0.20948616599962505,0.3289124668347769,0.0,0.0,0.857912885472567,0.3536693191716447,0.7188671480102118,-0.16355705688811178,1.0
1600.0,533.3333333333334,420.0,262.38563646324513,284.0,896.0,284.0,420.0,3.0,0.0,3.0,101.99999847000002,0.29260773567118176,136.0,1.4788732393845467,0.4687499999947684,284.0,658.0,2.316901408369123,896.0,2.0,1.0,0.0,0.0,0.5312499999940709,1.6799999999684998,1.0,3.0,3.0,0.4687499999947684,0.8224999999948595,0.0,0.0,0.9826524949594748,0.254999999996691,0.4919730683593601,-0.34050677079616387,-1.0
56655.0,18885.0,14707.0,11092.663882043844,7879.0,34069.0,7879.0,34069.0,3.0,0.0,3.0,19642.499705362505,1.0980669793813107,26190.0,4.324025891605123,0.9999999999997066,7879.0,24388.0,3.0953166645474104,34069.0,3.0,2.0,0.0,0.0,0.0,1.8040243579550945,0.0,3.0,3.0,0.9999999999997066,0.8609301915098648,0.0,0.0,0.9302877999055458,0.30818109610792566,0.5873796072034932,-0.2599380708455086,1.0
73321.0,24440.333333333332,25899.0,4025.005700479055,18946.0,28476.0,28476.0,25899.0,3.0,0.0,3.0,-1932.7499710087504,-0.07114033034136347,-2577.0,0.9095027391484374,0.9095027391484374,28476.0,22422.5,0.7874174743641005,28476.0,1.0,0.0,13905.999443760022,0.6251946971027476,0.21258252563554833,1.1651232252692278,0.0,3.0,3.0,0.9095027391484374,0.6116255915766818,0.0,0.0,1.0845807640846794,0.08665093674838853,0.16468702147314174,-0.7171995249589994,-1.0
92275.0,30758.333333333332,26893.0,6357.489092051638,25661.0,39721.0,26893.0,39721.0,3.0,0.0,3.0,9620.999855685002,0.2925014783436694,12828.0,1.4770014501909503,0.9999999999997483,26893.0,32691.0,1.2155951362803645,39721.0,3.0,2.0,0.0,0.0,0.0,1.2913898672442292,0.0,3.0,3.0,0.9999999999997483,0.7085559468977829,0.0,0.0,1.0780613111897317,0.10158042084344143,0.2066915987661741,-0.6574243178991617,-1.0
774.0,258.0,268.0,95.79144011862438,136.0,370.0,370.0,136.0,3.0,0.0,3.0,-175.49999736750004,-0.7471658413769948,-234.0,0.3675675675576333,0.3675675675576333,370.0,202.0,0.5459459459311906,370.0,1.0,0.0,-263.99998944000043,-1.3494608535689938,0.45405405404178234,1.4341085270761973,0.0,3.0,3.0,0.3675675675576333,0.521963824282662,0.0,0.0,1.0256007059452523,0.2015503875902891,0.37128465160818425,-0.45848638910653994,1.0
31410.0,10470.0,8396.0,4396.353261511181,6431.0,16583.0,6431.0,16583.0,3.0,0.0,3.0,7613.999885790002,0.7103646217871402,10152.0,2.5786036386213986,0.9999999999993969,6431.0,12489.5,1.942077437409513,16583.0,3.0,2.0,0.0,0.0,0.0,1.5838586437425177,0.0,3.0,3.0,0.9999999999993969,0.7952562878061779,0.0,0.0,1.0146240806328846,0.2154727793694633,0.4199000249767891,-0.4085498731023254,1.0
2916.0,972.0,1072.0,349.34319324507624,503.0,1341.0,503.0,1072.0,3.0,0.0,3.0,426.7499935987501,0.5667280974185758,569.0,2.1312127236156817,0.7994034302699523,503.0,1206.5,2.3986083498529105,1341.0,2.0,1.0,0.0,0.0,0.20059656972259066,1.379629629615436,1.0,3.0,3.0,0.7994034302699523,0.8275034293524435,0.0,0.0,1.0282518396498248,0.1915866483750286,0.3594065774089323,-0.4712301920752576,-1.0
38346.0,12782.0,12816.0,3689.826373512264,8246.0,17284.0,8246.0,12816.0,3.0,0.0,3.0,3427.4999485875005,0.33069218271196865,4570.0,1.5542081008955198,0.7414950242995015,8246.0,15050.0,1.8251273344629817,17284.0,2.0,1.0,0.0,0.0,0.25850497569991987,1.3522140510081737,1.0,3.0,3.0,0.7414950242995015,0.7849580138734719,0.0,0.0,1.0559722665491782,0.15713068725103962,0.28867363272644164,-0.5519833332570215,-0.9999999999999999
94899.0,31633.0,28535.0,13163.404118995968,17285.0,49079.0,17285.0,49079.0,3.0,0.0,3.0,23845.499642317503,0.7826660091442085,31794.0,2.839398322243078,0.9999999999997963,17285.0,38807.0,2.245125831644637,49079.0,3.0,2.0,0.0,0.0,0.0,1.5515126608283907,0.0,3.0,3.0,0.9999999999997963,0.817858986922853,0.0,0.0,1.0125259727456384,0.22335324924387834,0.4161288565419595,-0.41230085861217275,1.0
10854.0,3618.0,3455.0,265.9185338908642,3406.0,3993.0,3406.0,3455.0,3.0,0.0,3.0,36.74999944875001,0.010709784036589133,49.0,1.0143863769788186,0.8652642123694835,3406.0,3724.0,1.093364650613349,3993.0,2.0,1.0,0.0,0.0,0.1347357876280122,1.1036484245408966,1.0,3.0,3.0,0.8652642123694835,0.6861986364467604,0.0,0.0,1.095953381591666,0.03605429641871827,0.0734987655859948,-0.8630668838314766,-1.0
7041.0,2347.0,2214.0,1213.2900175418351,932.0,3895.0,3895.0,932.0,3.0,0.0,3.0,-2222.2499666662507,-1.0719753318566814,-2963.0,0.23928112965278747,0.23928112965278747,3895.0,1573.0,0.4038510911414535,3895.0,1.0,0.0,-2563.999897440004,-1.7292048940955886,0.596148908855979,1.6595654026345992,0.0,3.0,3.0,0.23928112965278747,0.446811532452142,0.0,0.0,0.9589846710411261,0.28054727074676244,0.5169535652052261,-0.3184319189923013,1.0
1628.0,542.6666666666666,261.0,425.4897831388617,223.0,1144.0,261.0,1144.0,3.0,0.0,3.0,662.2499900662501,1.1061115425787598,883.0,4.383141762284171,0.9999999999912589,261.0,683.5,2.618773946259817,1144.0,3.0,2.0,0.0,0.0,0.0,2.108108108069261,0.0,3.0,3.0,0.9999999999912589,0.839680589675432,0.0,0.0,0.8137104434433031,0.37714987714637505,0.7840720819367709,-0.1210309382849556,-1.0
63.0,21.0,19.0,3.559026084010437,18.0,26.0,19.0,26.0,3.0,0.0,3.0,5.2499999212500015,0.2250784409615771,7.0,1.3684210519113573,0.9999999996153845,19.0,22.0,1.157894736232687,26.0,3.0,2.0,0.0,0.0,0.0,1.2380952375056689,0.0,3.0,3.0,0.9999999996153845,0.6984126983018393,0.0,0.0,1.0846975488845931,0.08465608458105867,0.16947743249122202,-0.7101655354421055,-0.9999999999999999
4535.0,1511.6666666666667,1424.0,501.50063697755047,946.0,2165.0,1424.0,946.0,3.0,0.0,3.0,-358.4999946225001,-0.30647099504043984,-478.0,0.664325842691964,0.4369515011527162,1424.0,1555.5,1.0923455056103066,2165.0,2.0,1.0,0.0,0.0,0.563048498842665,1.4321940462970306,1.0,3.0,3.0,0.4369515011527162,0.6859977949268226,0.0,0.0,1.043662777613306,0.179198823960667,0.33175345334568884,-0.5017794734970636,-0.9999999999999999
128124.0,42708.0,42336.0,3826.174155297517,38219.0,47569.0,47569.0,42336.0,3.0,0.0,3.0,-3924.749941128751,-0.08740567536236854,-5233.0,0.8899913809411824,0.8899913809411824,47569.0,40277.5,0.8467173999872087,47569.0,1.0,0.0,8233.999670640012,0.2046049306173866,0.15328260001258104,1.1138194249318363,0.0,3.0,3.0,0.8899913809411824,0.6287268583559186,0.0,0.0,1.0946085605104308,0.04865078621748253,0.08958916725898242,-0.8355542254802811,-1.0
86265.0,28755.0,28117.0,9465.786919215961,17494.0,40654.0,17494.0,40654.0,3.0,0.0,3.0,17369.999739450002,0.6324050183940366,23160.0,2.3238824739897543,0.9999999999997541,17494.0,34385.5,1.9655596204401704,40654.0,3.0,2.0,0.0,0.0,0.0,1.4138062945569765,0.0,3.0,3.0,0.9999999999997541,0.797206282965189,0.0,0.0,1.043510963139062,0.1789833652117887,0.32918751240523975,-0.504678596009783,1.0
325.0,108.33333333333333,103.0,9.741092797468305,100.0,122.0,103.0,100.0,3.0,0.0,3.0,-2.2499999662500003,-0.02195278639579281,-3.0,0.9708737863135074,0.8196721310803547,103.0,111.0,1.0776699028079932,122.0,2.0,1.0,0.0,0.0,0.18032786883767804,1.1261538460498937,1.0,3.0,3.0,0.8196721310803547,0.6830769230559053,0.0,0.0,1.094641576892447,0.04512820511406712,0.0899177796606381,-0.8350008021067622,-1.0
2625.0,875.0,889.0,274.5214017157861,532.0,1204.0,889.0,1204.0,3.0,0.0,3.0,236.24999645625005,0.22726003399002678,315.0,1.354330708646183,0.9999999999916944,889.0,868.0,0.9763779527449227,1204.0,3.0,2.0,0.0,0.0,0.0,1.3759999999842742,0.0,3.0,3.0,0.9999999999916944,0.661333333330814,0.0,0.0,1.0476819121798087,0.17066666666475694,0.3137387448144557,-0.5223726999625325,-1.0
2964.0,988.0,973.0,322.28248478625085,601.0,1390.0,601.0,1390.0,3.0,0.0,3.0,591.7499911237501,0.6281405505388583,789.0,2.312811979994795,0.9999999999928059,601.0,1181.5,1.965890182995576,1390.0,3.0,2.0,0.0,0.0,0.0,1.4068825910788776,0.0,3.0,3.0,0.9999999999928059,0.7972334682834101,0.0,0.0,1.0443350322861003,0.17746288798750465,0.32619684694634504,-0.5080717501289567,1.0
1310.0,436.6666666666667,413.0,191.38501044288245,215.0,682.0,682.0,215.0,3.0,0.0,3.0,-350.2499947462501,-0.8634123259637837,-467.0,0.31524926685754767,0.31524926685754767,682.0,314.0,0.46041055717799984,682.0,1.0,0.0,-395.9999841600006,-1.3011750802352946,0.5395894428073373,1.561832061032935,0.0,3.0,3.0,0.31524926685754767,0.47938931297343984,0.0,0.0,1.0003463470678933,0.23765903307488312,0.4382862834469456,-0.3905437484837654,1.0
96538.0,32179.333333333332,32237.0,9467.77391411988,20555.0,43746.0,20555.0,32237.0,3.0,0.0,3.0,8761.499868577503,0.3374947538211453,11682.0,1.5683288737525816,0.7369130891965582,20555.0,37991.5,1.8482850887852842,43746.0,2.0,1.0,0.0,0.0,0.26308691080321334,1.359443949532404,1.0,3.0,3.0,0.7369130891965582,0.7870786633242053,0.0,0.0,1.0542992953759134,0.16015109766787883,0.2942190820438668,-0.5453334197802381,-1.0
3038.0,1012.6666666666666,1031.0,126.81307328329976,849.0,1158.0,849.0,1031.0,3.0,0.0,3.0,136.49999795250002,0.1455131952351619,182.0,1.2143698468643773,0.8903281519784947,849.0,1094.5,1.2891637220107284,1158.0,2.0,1.0,0.0,0.0,0.10967184801286986,1.1435154706931188,1.0,3.0,3.0,0.8903281519784947,0.720539828832388,0.0,0.0,1.0906695433079108,0.06780776826706036,0.12522686630880267,-0.7774193452658402,-1.0
139204.0,46401.333333333336,46006.0,3349.5233823469403,42511.0,50687.0,46006.0,50687.0,3.0,0.0,3.0,3510.7499473387506,0.07267172693524739,4681.0,1.1017475981391338,0.9999999999998027,46006.0,46599.0,1.01288962309242,50687.0,3.0,2.0,0.0,0.0,0.0,1.0923608516994283,0.0,3.0,3.0,0.9999999999998027,0.6695066233728434,0.0,0.0,1.096014518714782,0.039155962951223255,0.07218592962155294,-0.8653481124357975,-1.0
23033.0,7677.666666666667,6724.0,3185.8951995039356,4341.0,11968.0,6724.0,11968.0,3.0,0.0,3.0,3932.999941005001,0.43236602981700745,5244.0,1.7798929208777812,0.9999999999991643,6724.0,8154.5,1.212745389647215,11968.0,3.0,2.0,0.0,0.0,0.0,1.5588069291865252,0.0,3.0,3.0,0.9999999999991643,0.7080710285239838,0.0,0.0,1.0141362377940706,0.22075572728960569,0.4149561758563521,-0.4134713386358191,-0.9999999999999998
4097.0,1365.6666666666667,1654.0,528.7458957024842,624.0,1819.0,624.0,1654.0,3.0,0.0,3.0,772.4999884125001,0.7303534676007697,1030.0,2.6506410255985475,0.9092908191263921,624.0,1736.5,2.782852564057967,1819.0,2.0,1.0,0.0,0.0,0.09070918086811046,1.3319502074591265,1.0,3.0,3.0,0.9092908191263921,0.8476934342180921,0.0,0.0,1.0133085612130264,0.19445122447194874,0.38717053626942577,-0.44178379492644004,-1.0
3352.0,1117.3333333333333,1234.0,165.69919197818143,883.0,1235.0,1234.0,1235.0,3.0,0.0,3.0,0.7499999887500002,0.0006070417075627405,1.0,1.0008103727633646,0.9999999999919029,1234.0,1059.0,0.8581847649849419,1235.0,3.0,2.0,0.0,0.0,0.0,1.1053102625199407,0.0,3.0,3.0,0.9999999999919029,0.6318615751771126,0.0,0.0,1.0871637254207545,0.07000795544808724,0.14829879950181843,-0.741706950193396,-1.0
79078.0,26359.333333333332,27764.0,2240.746353834414,23197.0,28117.0,23197.0,28117.0,3.0,0.0,3.0,3689.9999446500005,0.14425790228465563,4920.0,1.212096391774276,0.9999999999996443,23197.0,27940.5,1.2044876492644718,28117.0,3.0,2.0,0.0,0.0,0.0,1.0666809985073977,0.0,3.0,3.0,0.9999999999996443,0.7066567186827302,0.0,0.0,1.0949211344385912,0.0414780343457779,0.08500770203470867,-0.8433048873745618,1.0
31011.0,10337.0,10168.0,2281.5653982883478,7631.0,13212.0,10168.0,7631.0,3.0,0.0,3.0,-1902.7499714587505,-0.21524545376857945,-2537.0,0.7504917387876174,0.5775809869810947,10168.0,10421.5,1.024931156568622,13212.0,2.0,1.0,0.0,0.0,0.4224190130181483,1.2781271161833432,1.0,3.0,3.0,0.5775809869810947,0.6721163458125594,0.0,0.0,1.0741542674709865,0.11997893220669531,0.220718332038903,-0.638379589711359,-0.9999999999999999
21019.0,7006.333333333333,8038.0,2231.2266183026372,3908.0,9073.0,3908.0,9073.0,3.0,0.0,3.0,3873.749941893751,0.6315986863492355,5165.0,2.32164790173408,0.9999999999988978,3908.0,8555.5,2.1892272261970596,9073.0,3.0,2.0,0.0,0.0,0.0,1.29497121651654,0.0,3.0,3.0,0.9999999999988978,0.8140729815876996,0.0,0.0,1.0430451566936034,0.16382003584035143,0.31845853061032203,-0.5169229471880022,1.0
88.0,29.333333333333332,24.0,9.741092797468305,21.0,43.0,21.0,24.0,3.0,0.0,3.0,2.2499999662500003,0.09587502719428796,3.0,1.1428571423129252,0.558139534753921,21.0,33.5,1.5952380944784579,43.0,2.0,1.0,0.0,0.0,0.44186046501352083,1.4659090904093492,1.0,3.0,3.0,0.558139534753921,0.7613636362771178,0.0,0.0,1.0462019528544229,0.1666666666098484,0.3320827088913913,-0.5014082731571263,-1.0
334.0,111.33333333333333,97.0,50.427065043376146,58.0,179.0,179.0,58.0,3.0,0.0,3.0,-90.74999863875001,-0.8365645426898999,-121.0,0.3240223463506133,0.3240223463506133,179.0,77.5,0.4329608938305608,179.0,1.0,0.0,-77.99999688000013,-1.014860028935304,0.5670391061135732,1.607784430993313,0.0,3.0,3.0,0.3240223463506133,0.46407185627353076,0.0,0.0,0.9973843561340147,0.24151696605214723,0.45293770992976146,-0.37652150277444757,1.0
237.0,79.0,80.0,14.30617582258329,61.0,96.0,96.0,80.0,3.0,0.0,3.0,-11.999999820000003,-0.1351963658452623,-16.0,0.8333333332465278,0.8333333332465278,96.0,70.5,0.7343749999235026,96.0,1.0,0.0,37.99999848000006,0.5346295178695142,0.26562499997233074,1.2151898732639002,0.0,3.0,3.0,0.8333333332465278,0.5949367088356566,0.0,0.0,1.081972113160497,0.09845288324287216,0.18109083317433397,-0.6933498624302755,-1.0
136317.0,45439.0,32431.0,22650.669585393425,26592.0,77294.0,26592.0,77294.0,3.0,0.0,3.0,38026.49942960251,0.8002359233870828,50702.0,2.9066636582419876,0.9999999999998707,26592.0,54862.5,2.063120487363845,77294.0,3.0,2.0,0.0,0.0,0.0,1.7010497590172098,0.0,3.0,3.0,0.9999999999998707,0.8049252844472219,0.0,0.0,0.9821366845962037,0.24796124719094514,0.4984852128213306,-0.33468117195110864,1.0
24122.0,8040.666666666667,8647.0,2350.526229497462,4907.0,10568.0,4907.0,8647.0,3.0,0.0,3.0,2804.9999579250007,0.4248461587434893,3740.0,1.762176482572321,0.8182248296737147,4907.0,9607.5,1.9579172610516449,10568.0,2.0,1.0,0.0,0.0,0.18177517032533896,1.3143188790299547,1.0,3.0,3.0,0.8182248296737147,0.7965757399880621,0.0,0.0,1.0532697359824952,0.1564546886657423,0.2923297690275937,-0.5475926098209787,-1.0
356.0,118.66666666666667,118.0,2.494438257849294,116.0,122.0,122.0,118.0,3.0,0.0,3.0,-2.9999999550000007,-0.02479564632373089,-4.0,0.9672131146748186,0.9672131146748186,122.0,117.0,0.9590163933640151,122.0,1.0,0.0,3.9999998400000063,0.03389911527158202,0.04098360655401774,1.0280898875538127,0.0,3.0,3.0,0.9672131146748186,0.6573033707680532,0.0,0.0,1.0983919238069664,0.011235955043590318,0.02102054711493614,-0.9588244385160161,-1.0
2818.0,939.3333333333334,613.0,552.998091216316,487.0,1718.0,487.0,1718.0,3.0,0.0,3.0,923.2499861512501,0.944386935481472,1231.0,3.5277207391472745,0.9999999999941793,487.0,1165.5,2.393223819252706,1718.0,3.0,2.0,0.0,0.0,0.0,1.8289567068648442,0.0,3.0,3.0,0.9999999999941793,0.8271823988615076,0.0,0.0,0.936905414018273,0.29122308965977695,0.5887133689252259,-0.25888032360574026,1.0
1370.0,456.6666666666667,420.0,188.76675790214992,246.0,704.0,420.0,704.0,3.0,0.0,3.0,212.99999680500005,0.38667372104731,284.0,1.6761904761505668,0.9999999999857955,420.0,475.0,1.1309523809254536,704.0,3.0,2.0,0.0,0.0,0.0,1.5416058393823004,0.0,3.0,3.0,0.9999999999857955,0.6934306569292451,0.0,0.0,1.012937922400406,0.22287104622492415,0.41335786401025476,-0.41506977879141804,-1.0
5201.0,1733.6666666666667,1559.0,716.1830926671072,957.0,2685.0,957.0,2685.0,3.0,0.0,3.0,1295.9999805600003,0.7732204377359355,1728.0,2.8056426331995232,0.9999999999962756,957.0,2122.0,2.2173458724951165,2685.0,3.0,2.0,0.0,0.0,0.0,1.5487406267936046,0.0,3.0,3.0,0.9999999999962756,0.8159969236669564,0.0,0.0,1.0139487253558988,0.2214958661785844,0.41310311055353366,-0.4153248868094289,1.0
221.0,73.66666666666667,62.0,20.13840995599095,57.0,102.0,62.0,102.0,3.0,0.0,3.0,29.999999550000005,0.3686956908481421,40.0,1.645161290057232,0.9999999999019609,62.0,79.5,1.282258064309313,102.0,3.0,2.0,0.0,0.0,0.0,1.3846153844274278,0.0,3.0,3.0,0.9999999999019609,0.719457013542106,0.0,0.0,1.0629433321550539,0.13574660631268354,0.27337208081344655,-0.5706328338741553,-0.9999999999999999
139.0,46.333333333333336,38.0,20.8539897594894,26.0,75.0,75.0,26.0,3.0,0.0,3.0,-36.74999944875001,-0.7761723440689162,-49.0,0.3466666666204445,0.3466666666204445,75.0,32.0,0.4266666666097778,75.0,1.0,0.0,-23.999999040000038,-0.7354495308326531,0.573333333256889,1.6187050356218622,0.0,3.0,3.0,0.3466666666204445,0.4604316546431344,0.0,0.0,1.00101787732364,0.2350119903700636,0.45008610981989655,-0.37922843770469367,1.0
9609.0,3203.0,2472.0,1119.715142346481,2352.0,4785.0,2472.0,4785.0,3.0,0.0,3.0,1734.7499739787504,0.495197243282219,2313.0,1.9356796116426551,0.9999999999979101,2472.0,3568.5,1.443567961159209,4785.0,3.0,2.0,0.0,0.0,0.0,1.4939119575351423,0.0,3.0,3.0,0.9999999999979101,0.7427411801428423,0.0,0.0,1.0409638311569513,0.16880008325476048,0.34958324768747584,-0.48193896406457143,-1.0
22225.0,7408.333333333333,5294.0,5010.082922356563,2609.0,14322.0,14322.0,2609.0,3.0,0.0,3.0,-8784.749868228751,-1.276887292444036,-11713.0,0.18216729507039367,0.18216729507039367,14322.0,3951.5,0.2759042033233655,14322.0,1.0,0.0,-5369.999785200009,-1.4148254588445184,0.7240957966759363,1.9332283464540836,0.0,3.0,3.0,0.18216729507039367,0.35559055118094235,0.0,0.0,0.8763789996934718,0.35134608173952997,0.6762766599347313,-0.19312047217583023,1.0
8442.0,2814.0,2237.0,1224.1130122119716,1689.0,4516.0,1689.0,4516.0,3.0,0.0,3.0,2120.2499681962504,0.7373396347430187,2827.0,2.673771462387959,0.9999999999977857,1689.0,3376.5,1.9991119005210238,4516.0,3.0,2.0,0.0,0.0,0.0,1.6048329779616033,0.0,3.0,3.0,0.9999999999977857,0.7999289267936508,0.0,0.0,1.0085097955314763,0.22324883518851912,0.4350081777567952,-0.3937202804814997,1.0
37860.0,12620.0,13779.0,3043.2407068781135,8451.0,15630.0,15630.0,8451.0,3.0,0.0,3.0,-5384.249919236251,-0.46113975970254534,-7179.0,0.5406909788864103,0.5406909788864103,15630.0,11115.0,0.7111324376195066,15630.0,1.0,0.0,-10655.999573760017,-0.9776302925581903,0.28886756237985356,1.2385103011083687,0.0,3.0,3.0,0.5406909788864103,0.5871632329633949,0.0,0.0,1.067834968339616,0.12641310089791702,0.24114427154324103,-0.611416211519394,1.0
187.0,62.333333333333336,47.0,40.66393433443886,22.0,118.0,118.0,22.0,3.0,0.0,3.0,-71.99999892000001,-1.2327219393959559,-96.0,0.18644067795030164,0.18644067795030164,118.0,34.5,0.29237288133115485,118.0,1.0,0.0,-49.99999800000008,-1.4714135311009409,0.7076271185840994,1.8930481280385483,0.0,3.0,3.0,0.18644067795030164,0.36898395719951954,0.0,0.0,0.8893938869861898,0.3422459892749452,0.6523625828007792,-0.21038809560159757,1.0
4214.0,1404.6666666666667,1304.0,348.639578297639,1037.0,1873.0,1037.0,1873.0,3.0,0.0,3.0,626.9999905950001,0.4430845426581321,836.0,1.8061716489700468,0.999999999994661,1037.0,1588.5,1.531822565076839,1873.0,3.0,2.0,0.0,0.0,0.0,1.3334124347318457,0.0,3.0,3.0,0.999999999994661,0.7539155196944616,0.0,0.0,1.0684098385027854,0.1322575541833051,0.2482009337649433,-0.6023061238708493,1.0
4757.0,1585.6666666666667,1431.0,801.943611206895,690.0,2636.0,1431.0,2636.0,3.0,0.0,3.0,903.7499864437502,0.45792737225561114,1205.0,1.8420684835650452,0.9999999999962064,1431.0,1663.0,1.162124388531362,2636.0,3.0,2.0,0.0,0.0,0.0,1.662392264021469,0.0,3.0,3.0,0.9999999999962064,0.6991801555587572,0.0,0.0,0.968535704358531,0.27272090252848,0.5057453928117538,-0.32824580406584775,-1.0
9664.0,3221.3333333333335,3293.0,1295.5468171994232,1600.0,4771.0,1600.0,4771.0,3.0,0.0,3.0,2378.2499643262504,0.8191027903792779,3171.0,2.9818749999813634,0.999999999997904,1600.0,4032.0,2.51999999998425,4771.0,3.0,2.0,0.0,0.0,0.0,1.4810637417172565,0.0,3.0,3.0,0.999999999997904,0.8344370860918517,0.0,0.0,1.0130729766519662,0.21874999999946465,0.4021771990465857,-0.4263532464775503,1.0
6408.0,2136.0,1843.0,1197.4882045348088,838.0,3727.0,1843.0,3727.0,3.0,0.0,3.0,1412.9999788050002,0.5279510708474414,1884.0,2.0222463374822452,0.9999999999973169,1843.0,2282.5,1.2384698860486247,3727.0,3.0,2.0,0.0,0.0,0.0,1.7448501872577489,0.0,3.0,3.0,0.9999999999973169,0.7123907615469532,0.0,0.0,0.9396400208569776,0.300561797751959,0.560621818599814,-0.2815404578860197,-0.9999999999999999
424.0,141.33333333333334,69.0,115.98946312297318,50.0,305.0,305.0,69.0,3.0,0.0,3.0,-176.99999734500003,-1.1063173783325053,-236.0,0.22622950818930396,0.22622950818930396,305.0,59.5,0.1950819672067186,305.0,1.0,0.0,37.99999848000006,0.6333391933164996,0.8049180327604945,2.158018867771838,0.0,3.0,3.0,0.22622950818930396,0.2806603773518712,0.0,0.0,0.7845221751043576,0.4009433962127811,0.8206801635478752,-0.09849057510020749,-1.0
4947.0,1649.0,1654.0,201.29745817239387,1400.0,1893.0,1400.0,1893.0,3.0,0.0,3.0,369.74999445375005,0.22612854216483463,493.0,1.352142857133199,0.9999999999947174,1400.0,1773.5,1.2667857142766659,1893.0,3.0,2.0,0.0,0.0,0.0,1.1479684657298486,0.0,3.0,3.0,0.9999999999947174,0.7170002021412634,0.0,0.0,1.0911220201490974,0.06643757159126751,0.12207244279634516,-0.7824161112179934,1.0
485.0,161.66666666666666,179.0,61.65134944905009,79.0,227.0,79.0,227.0,3.0,0.0,3.0,110.99999833500003,0.7854892339280813,148.0,2.873417721155264,0.9999999999559471,79.0,203.0,2.5696202528392886,227.0,3.0,2.0,0.0,0.0,0.0,1.4041237112533531,0.0,3.0,3.0,0.9999999999559471,0.8371134020445956,0.0,0.0,1.018804373278604,0.20343642610627666,0.38134855326950473,-0.4478604948797011,1.0
20126.0,6708.666666666667,5727.0,2717.2361366326304,3982.0,10417.0,5727.0,3982.0,3.0,0.0,3.0,-1308.7499803687504,-0.2724983400066538,-1745.0,0.6953029509329574,0.38225976768706704,5727.0,7199.5,1.257115418192322,10417.0,2.0,1.0,0.0,0.0,0.617740232311973,1.5527675643423142,1.0,3.0,3.0,0.38225976768706704,0.715442710920841,0.0,0.0,1.019075851974387,0.21315711020544814,0.4050337081330488,-0.42345339362429063,-1.0
99804.0,33268.0,34746.0,6898.191260516533,24178.0,40880.0,34746.0,40880.0,3.0,0.0,3.0,4600.499930992501,0.12192912573629411,6134.0,1.176538306567324,0.9999999999997554,34746.0,32529.0,0.9361940942839648,40880.0,3.0,2.0,0.0,0.0,0.0,1.2288084645902284,0.0,3.0,3.0,0.9999999999997554,0.6518576409762483,0.0,0.0,1.0763987827023742,0.11156533472267505,0.2073521480255639,-0.6565175315837947,-0.9999999999999999
57143.0,19047.666666666668,20355.0,3003.535731248904,14894.0,21894.0,14894.0,20355.0,3.0,0.0,3.0,4095.7499385637507,0.2342625884070669,5461.0,1.3666577145149947,0.9297067689773775,14894.0,21124.5,1.4183228145552447,21894.0,2.0,1.0,0.0,0.0,0.07029323102216575,1.1494321264190803,1.0,3.0,3.0,0.9297067689773775,0.7393556516107416,0.0,0.0,1.0857214520099085,0.08166646250042775,0.15768523167740547,-0.7275853101292603,-1.0
172.0,57.333333333333336,30.0,45.908120801831515,20.0,122.0,30.0,20.0,3.0,0.0,3.0,-7.499999887500001,-0.2920985706898139,-10.0,0.6666666664444444,0.16393442621607096,30.0,71.0,2.3666666658777777,122.0,2.0,1.0,0.0,0.0,0.8360655737019619,2.127906976373039,1.0,3.0,3.0,0.16393442621607096,0.8255813953008383,0.0,0.0,0.7984181326111093,0.3953488371758007,0.8007230371015863,-0.11066497102449911,-1.0
208.0,69.33333333333333,67.0,44.52964056545807,16.0,125.0,125.0,16.0,3.0,0.0,3.0,-81.74999877375002,-1.5023013996369254,-109.0,0.12799999998976,0.12799999998976,125.0,41.5,0.33199999997344004,125.0,1.0,0.0,-101.99999592000016,-2.772588611336237,0.66799999994656,1.8028846151245843,0.0,3.0,3.0,0.12799999998976,0.39903846151927697,0.0,0.0,0.8682350081387913,0.34935897433200824,0.6422544311399355,-0.21783809008663318,1.0
702.0,234.0,187.0,111.61541112229978,127.0,388.0,388.0,127.0,3.0,0.0,3.0,-195.74999706375004,-0.8336617972691948,-261.0,0.3273195876204299,0.3273195876204299,388.0,157.0,0.4046391752473031,388.0,1.0,0.0,-119.9999952000002,-0.76882336706773,0.5953608247269236,1.6581196580487982,0.0,3.0,3.0,0.3273195876204299,0.4472934472870756,0.0,0.0,0.9894047167156428,0.24786324785573988,0.47698893639970036,-0.35410628385101744,0.9999999999999998
433.0,144.33333333333334,110.0,79.3319327607462,69.0,254.0,110.0,69.0,3.0,0.0,3.0,-30.749999538750007,-0.3457762142605877,-41.0,0.6272727272157025,0.2716535432963916,110.0,161.5,1.4681818180483472,254.0,2.0,1.0,0.0,0.0,0.7283464566642383,1.759815242372299,1.0,3.0,3.0,0.2716535432963916,0.7459584295439732,0.0,0.0,0.9536728571714717,0.28483448805528755,0.5496438759024233,-0.29061910999779306,-1.0
68.0,22.666666666666668,24.0,1.8856180831641267,20.0,24.0,20.0,24.0,3.0,0.0,3.0,2.9999999550000007,0.1307650383971076,4.0,1.1999999994,0.9999999995833333,20.0,24.0,1.1999999994,24.0,2.0,1.0,0.0,0.0,0.0,1.0588235289446366,0.0,3.0,3.0,0.9999999995833333,0.7058823528373703,0.0,0.0,1.0950778623349966,0.03921568620722793,0.08318903304406924,-0.8463997866912064,
24526.0,8175.333333333333,7591.0,1496.4327211368002,6706.0,10229.0,10229.0,6706.0,3.0,0.0,3.0,-2642.2499603662504,-0.3166296123850072,-3523.0,0.6555870564076101,0.6555870564076101,10229.0,7148.5,0.6988464170488817,10229.0,1.0,0.0,-1769.999929200003,-0.24788659846458935,0.3011535829501406,1.2512028051848025,0.0,3.0,3.0,0.6555870564076101,0.5829323982709846,0.0,0.0,1.082268249391394,0.09576232025857889,0.1830424106419681,-0.6905564686505984,0.9999999999999998
103.0,34.333333333333336,11.0,34.4222150491349,9.0,83.0,9.0,83.0,3.0,0.0,3.0,55.499999167500015,1.5961737554443443,74.0,9.222222211975307,0.9999999998795182,9.0,47.0,5.222222216419753,83.0,3.0,2.0,0.0,0.0,0.0,2.4174757274512206,0.0,3.0,3.0,0.9999999998795182,0.912621359134697,0.0,0.0,0.6258393130758889,0.47896440123584805,1.0025887875468642,0.001292720629529575,1.0
853.0,284.3333333333333,294.0,37.77418283548817,234.0,325.0,234.0,294.0,3.0,0.0,3.0,44.99999932500001,0.17054237908861025,60.0,1.2564102563565636,0.9046153845875503,234.0,309.5,1.3226495725930492,325.0,2.0,1.0,0.0,0.0,0.09538461538168047,1.1430246189515936,1.0,3.0,3.0,0.9046153845875503,0.7256740914334622,0.0,0.0,1.0896027170327467,0.07112153184289016,0.13285175674382058,-0.7654560608295932,-1.0
1675.0,558.3333333333334,459.0,215.8708461608983,358.0,858.0,459.0,858.0,3.0,0.0,3.0,299.24999551125006,0.4684068173497339,399.0,1.8692810457109088,0.999999999988345,459.0,608.0,1.3246187363545834,858.0,3.0,2.0,0.0,0.0,0.0,1.5367164178829245,0.0,3.0,3.0,0.999999999988345,0.7259701492493973,0.0,0.0,1.0272011810994086,0.19900497512132875,0.38663435132602736,-0.4423413050956841,-1.0
198.0,66.0,64.0,39.21734310225516,19.0,115.0,64.0,19.0,3.0,0.0,3.0,-33.74999949375,-0.8839912339963659,-45.0,0.2968749999536133,0.1652173912899811,64.0,67.0,1.046874999836426,115.0,2.0,1.0,0.0,0.0,0.8347826086230624,1.742424242160239,1.0,3.0,3.0,0.1652173912899811,0.6767676767334966,0.0,0.0,0.905539504800106,0.32323232320443496,0.5942021681259566,-0.254546029252713,-1.0
23397.0,7799.0,6903.0,3359.741359092988,4206.0,12288.0,4206.0,12288.0,3.0,0.0,3.0,6061.499909077501,0.8039660494610659,8082.0,2.921540656198475,0.9999999999991861,4206.0,9595.5,2.2813837375124075,12288.0,3.0,2.0,0.0,0.0,0.0,1.5755866136663987,0.0,3.0,3.0,0.9999999999991861,0.8202333632513483,0.0,0.0,1.0068530449859077,0.2302859340938921,0.43079130133205285,-0.3978278999437144,1.0
252.0,84.0,69.0,35.505868059613285,50.0,133.0,50.0,69.0,3.0,0.0,3.0,14.249999786250003,0.23750220343124218,19.0,1.379999999724,0.5187969924421957,50.0,101.0,2.019999999596,133.0,2.0,1.0,0.0,0.0,0.4812030074826163,1.5833333331448414,1.0,3.0,3.0,0.5187969924421957,0.8015873015554925,0.0,0.0,1.0128777706506706,0.2195767195561784,0.42268890542126664,-0.4057887091547541,-1.0
409.0,136.33333333333334,142.0,14.055445761538676,117.0,150.0,117.0,150.0,3.0,0.0,3.0,24.749999628750004,0.1849464064877483,33.0,1.2820512819417051,0.9999999999333333,117.0,146.0,1.247863247756593,150.0,3.0,2.0,0.0,0.0,0.0,1.1002444986968034,0.0,3.0,3.0,0.9999999999333333,0.7139364303003928,0.0,0.0,1.0931843821299296,0.05378973104003992,0.1030961791724282,-0.8130785308558525,0.9999999999999999
207.0,69.0,69.0,10.614455552060438,56.0,82.0,69.0,82.0,3.0,0.0,3.0,9.749999853750001,0.12775902239404385,13.0,1.1884057969292166,0.9999999998780489,69.0,69.0,0.9999999998550726,82.0,3.0,2.0,0.0,0.0,0.0,1.1884057969292166,0.0,3.0,3.0,0.9999999998780489,0.6666666666344605,0.0,0.0,1.086709026959501,0.08373590980004719,0.15383268913800163,-0.7333535604275699,-1.0
74012.0,24670.666666666668,24788.0,1164.018709280721,23190.0,26034.0,23190.0,26034.0,3.0,0.0,3.0,2132.9999680050005,0.0867581343799707,2844.0,1.1226390685635521,0.9999999999996159,23190.0,25411.0,1.0957740405342407,26034.0,3.0,2.0,0.0,0.0,0.0,1.0552613089764948,0.0,3.0,3.0,0.9999999999996159,0.6866724314975022,0.0,0.0,1.0974959504916715,0.025617467437651698,0.047182296490308966,-0.9098871387557911,1.0
4212.0,1404.0,1273.0,296.9186196025212,1124.0,1815.0,1124.0,1815.0,3.0,0.0,3.0,518.2499922262501,0.35913992800493927,691.0,1.6147686832596553,0.9999999999944904,1124.0,1544.0,1.3736654804148252,1815.0,3.0,2.0,0.0,0.0,0.0,1.2927350427258353,0.0,3.0,3.0,0.9999999999944904,0.7331433998083259,0.0,0.0,1.0769319556297339,0.1093700538133564,0.21148049829088775,-0.6508726329597581,1.0
81.0,27.0,22.0,11.575836902790225,16.0,43.0,43.0,22.0,3.0,0.0,3.0,-15.749999763750003,-0.48652155619401016,-21.0,0.5116279068577609,0.5116279068577609,43.0,19.0,0.44186046501352083,43.0,1.0,0.0,11.999999520000019,0.6045617195633982,0.558139534753921,1.5925925920027435,0.0,3.0,3.0,0.5116279068577609,0.46913580241121783,0.0,0.0,1.0105484376628433,0.22222222215820753,0.42873469994455105,-0.39984001208009384,-1.0
3481.0,1160.3333333333333,817.0,639.8089992767807,607.0,2057.0,607.0,817.0,3.0,0.0,3.0,157.49999763750003,0.22251558763970075,210.0,1.3459637561557503,0.3971803597452738,607.0,1437.0,2.367380560092794,2057.0,2.0,1.0,0.0,0.0,0.6028196402498648,1.7727664464081638,1.0,3.0,3.0,0.3971803597452738,0.8256248204515207,0.0,0.0,0.955607755401405,0.2776979795062615,0.551401033557541,-0.28915732085413903,-0.9999999999999999
30892.0,10297.333333333334,9786.0,2689.459962313789,7289.0,13817.0,7289.0,9786.0,3.0,0.0,3.0,1872.7499719087505,0.22091356800363338,2497.0,1.3425709973914906,0.7082579431130431,7289.0,11801.5,1.6190835505534105,13817.0,2.0,1.0,0.0,0.0,0.29174205688623306,1.3418037032228325,1.0,3.0,3.0,0.7082579431130431,0.7640489447103573,0.0,0.0,1.0647687518025633,0.14087789719005217,0.2611802371789956,-0.5858161593719731,-1.0
97.0,32.333333333333336,33.0,2.494438257849294,29.0,35.0,29.0,33.0,3.0,0.0,3.0,2.9999999550000007,0.09387235580741923,4.0,1.1379310340903686,0.9428571425877551,29.0,34.0,1.1724137926991676,35.0,2.0,1.0,0.0,0.0,0.05714285712653061,1.0824742264693377,1.0,3.0,3.0,0.9428571425877551,0.7010309277627803,0.0,0.0,1.0956026204363452,0.041237113354825716,0.07714757496116963,-0.8567557929681271,-1.0
6845.0,2281.6666666666665,2357.0,750.6198919707778,1327.0,3161.0,3161.0,1327.0,3.0,0.0,3.0,-1375.4999793675004,-0.6506480060400583,-1834.0,0.4198038595367928,0.4198038595367928,3161.0,1842.0,0.5827269851294441,3161.0,1.0,0.0,-2059.9999176000033,-1.148279456190697,0.4172730148673924,1.3853907961955354,0.0,3.0,3.0,0.4198038595367928,0.5382030679320114,0.0,0.0,1.0419608985848454,0.17862186510761524,0.32897876930642284,-0.5049149363306925,1.0
4082.0,1360.6666666666667,1365.0,167.00166333170324,1154.0,1563.0,1365.0,1563.0,3.0,0.0,3.0,148.49999777250002,0.1015199092080922,198.0,1.1450549450465564,0.9999999999936021,1365.0,1358.5,0.9952380952308042,1563.0,3.0,2.0,0.0,0.0,0.0,1.1487016168460409,0.0,3.0,3.0,0.9999999999936021,0.6656050955397707,0.0,0.0,1.0910395767352958,0.06679732157324825,0.1227351763820254,-0.781363977957456,-1.0
67208.0,22402.666666666668,20580.0,6944.111862258236,14957.0,31671.0,20580.0,14957.0,3.0,0.0,3.0,-4217.249936741251,-0.23934153115051282,-5623.0,0.7267735665691317,0.47226169050536065,20580.0,23314.0,1.1328474246836089,31671.0,2.0,1.0,0.0,0.0,0.5277383094943235,1.4137156290911437,1.0,3.0,3.0,0.47226169050536065,0.6937864539934689,0.0,0.0,1.0513542556841586,0.16579375471166635,0.30996809288723676,-0.5267547437674235,-1.0
2714.0,904.6666666666666,737.0,261.52671416553653,703.0,1274.0,737.0,703.0,3.0,0.0,3.0,-25.499999617500006,-0.035374100801211214,-34.0,0.9538670284809516,0.551805337515292,737.0,988.5,1.3412483039166723,1274.0,2.0,1.0,0.0,0.0,0.4481946624768588,1.4082535003528933,1.0,3.0,3.0,0.551805337515292,0.7284450994814722,0.0,0.0,1.0588991003916484,0.1402603782836238,0.2890862721031456,-0.5514865399395994,-1.0
22503.0,7501.0,8289.0,2650.784034960223,3933.0,10281.0,3933.0,8289.0,3.0,0.0,3.0,3266.9999509950007,0.5590449284995787,4356.0,2.1075514874088292,0.8062445287415559,3933.0,9285.0,2.3607932875607407,10281.0,2.0,1.0,0.0,0.0,0.19375547125747128,1.3706172510313683,1.0,3.0,3.0,0.8062445287415559,0.8252233035591586,0.0,0.0,1.0306242331078495,0.18806381371350178,0.35339075256055047,-0.4777698134960377,-1.0
10949.0,3649.6666666666665,3277.0,2024.9841700341483,1377.0,6295.0,1377.0,3277.0,3.0,0.0,3.0,1424.9999786250003,0.6499502210483744,1900.0,2.37981118371547,0.5205718824455591,1377.0,4786.0,3.4756717501563137,6295.0,2.0,1.0,0.0,0.0,0.47942811755285236,1.7248150515981602,1.0,3.0,3.0,0.5205718824455591,0.8742350899617551,0.0,0.0,0.9400251554627637,0.29944896033073576,0.554840853967102,-0.2863052799869233,-0.9999999999999998
558.0,186.0,202.0,24.055491403558285,152.0,204.0,202.0,204.0,3.0,0.0,3.0,1.4999999775000004,0.007352999962170976,2.0,1.0099009900490148,0.9999999999509803,202.0,178.0,0.881188118768258,204.0,3.0,2.0,0.0,0.0,0.0,1.0967741934894206,0.0,3.0,3.0,0.9999999999509803,0.637992831529785,0.0,0.0,1.0899568252979732,0.06212664276346813,0.1293305989369085,-0.7709606042986259,-1.0
11443.0,3814.3333333333335,4374.0,1517.7066763889377,1740.0,5329.0,1740.0,4374.0,3.0,0.0,3.0,1975.4999703675005,0.6910851339013678,2634.0,2.513793103433829,0.8207918934118582,1740.0,4851.5,2.7882183907885736,5329.0,2.0,1.0,0.0,0.0,0.17920810658626532,1.397098662934378,1.0,3.0,3.0,0.8207918934118582,0.8479419732580198,0.0,0.0,1.009897274830435,0.20909435171384483,0.3978956592812091,-0.43072194746335235,-1.0
513.0,171.0,164.0,28.600699292150182,140.0,209.0,164.0,209.0,3.0,0.0,3.0,33.74999949375,0.18087153989959304,45.0,1.2743902438247323,0.999999999952153,164.0,174.5,1.064024390179023,209.0,3.0,2.0,0.0,0.0,0.0,1.2222222221507473,0.0,3.0,3.0,0.999999999952153,0.6803118908249451,0.0,0.0,1.084806270968908,0.0896686159751594,0.1672555514063019,-0.7134208507570886,-1.0
12107.0,4035.6666666666665,2929.0,2427.9975745915035,1774.0,7404.0,1774.0,7404.0,3.0,0.0,3.0,4222.499936662501,1.0712662525252927,5630.0,4.1736189402245,0.9999999999986494,1774.0,5166.5,2.9123449830726478,7404.0,3.0,2.0,0.0,0.0,0.0,1.8346411167047958,0.0,3.0,3.0,0.9999999999986494,0.8534731973231572,0.0,0.0,0.9254709725462198,0.3100134908175318,0.6016348165322922,-0.24872410324329264,1.0
716.0,238.66666666666666,244.0,30.44484995674784,199.0,273.0,273.0,199.0,3.0,0.0,3.0,-55.499999167500015,-0.23610805133840485,-74.0,0.7289377289110279,0.7289377289110279,273.0,221.5,0.8113553113255914,273.0,1.0,0.0,-89.99999640000014,-0.40588167175811535,0.18864468863777858,1.1438547485554251,0.0,3.0,3.0,0.7289377289110279,0.6187150837902414,0.0,0.0,1.090352643470507,0.06890130353164703,0.12756222048382215,-0.7737380373563126,1.0
8633.0,2877.6666666666665,3179.0,932.6111491696608,1615.0,3839.0,3179.0,3839.0,3.0,0.0,3.0,494.9999925750001,0.14144337523401185,660.0,1.2076124567436062,0.9999999999973952,3179.0,2727.0,0.8578169235581699,3839.0,3.0,2.0,0.0,0.0,0.0,1.3340669523873485,0.0,3.0,3.0,0.9999999999973952,0.6317618440859124,0.0,0.0,1.0418286091141162,0.17174408278253783,0.3240858852657547,-0.5104760365262174,-1.0
162.0,54.0,53.0,9.41629792788369,43.0,66.0,43.0,53.0,3.0,0.0,3.0,7.499999887500001,0.153595807180573,10.0,1.2325581392482423,0.8030303029086319,43.0,59.5,1.3837209299107625,66.0,2.0,1.0,0.0,0.0,0.19696969693985308,1.2222222219958847,1.0,3.0,3.0,0.8030303029086319,0.7345679011892242,0.0,0.0,1.0834340561036258,0.0946502057319345,0.17437588752110983,-0.703032241266844,-1.0
1147.0,382.3333333333333,373.0,47.00590979393501,330.0,444.0,444.0,373.0,3.0,0.0,3.0,-53.24999920125001,-0.130363861608323,-71.0,0.8400900900711691,0.8400900900711691,444.0,351.5,0.7916666666488363,444.0,1.0,0.0,85.99999656000014,0.24427483430394534,0.20833333332864112,1.1612903225502715,0.0,3.0,3.0,0.8400900900711691,0.6129032258011081,0.0,0.0,1.0911165977707251,0.06625980819122468,0.12294483816749494,-0.7810313846204536,-1.0
1123.0,374.3333333333333,331.0,146.13540144521983,221.0,571.0,221.0,571.0,3.0,0.0,3.0,262.49999606250003,0.7098461964829459,350.0,2.583710407122909,0.9999999999824869,221.0,451.0,2.040723981808112,571.0,3.0,2.0,0.0,0.0,0.0,1.5253784505380577,0.0,3.0,3.0,0.9999999999824869,0.8032056990133286,0.0,0.0,1.0238886315652291,0.20777678835992552,0.39038842771500254,-0.43844695489887914,1.0
12480.0,4160.0,3049.0,2585.993941730465,1698.0,7733.0,1698.0,7733.0,3.0,0.0,3.0,4526.2499321062505,1.1366897458211362,6035.0,4.554181389843615,0.9999999999987068,1698.0,5391.0,3.1749116607586876,7733.0,3.0,2.0,0.0,0.0,0.0,1.8588942307647622,0.0,3.0,3.0,0.9999999999987068,0.8639423076916154,0.0,0.0,0.9122762335707338,0.3223824786320366,0.621633159068329,-0.2333245585250914,1.0
64595.0,21531.666666666668,22285.0,2419.850454516192,18264.0,24046.0,24046.0,18264.0,3.0,0.0,3.0,-4336.499934952501,-0.20626768820529978,-5782.0,0.7595442069363888,0.7595442069363888,24046.0,20274.5,0.8431547866585531,24046.0,1.0,0.0,-8041.999678320013,-0.3979440208374699,0.156845213341031,1.1167737440973216,0.0,3.0,3.0,0.7595442069363888,0.6277420853006227,0.0,0.0,1.0921725839177745,0.05967438140199732,0.11238565467211399,-0.7979376051815897,1.0
22577.0,7525.666666666667,6697.0,3349.4812865410804,3901.0,11979.0,3901.0,11979.0,3.0,0.0,3.0,6058.499909122501,0.8413120002451082,8078.0,3.070751089456368,0.9999999999991651,3901.0,9338.0,2.3937451935339817,11979.0,3.0,2.0,0.0,0.0,0.0,1.5917526686429662,0.0,3.0,3.0,0.9999999999991651,0.8272135358990002,0.0,0.0,1.0001181422010323,0.2385318391871416,0.44507436150108026,-0.38401182200835565,1.0
25214.0,8404.666666666666,5092.0,4866.959717204252,4836.0,15286.0,5092.0,4836.0,3.0,0.0,3.0,-191.99999712000005,-0.03867926496602684,-256.0,0.9497250589140814,0.3163679183564592,5092.0,10061.0,1.975844461897141,15286.0,2.0,1.0,0.0,0.0,0.6836320816428865,1.8187514872668136,1.0,3.0,3.0,0.3163679183564592,0.7980487031011351,0.0,0.0,0.9431912234240092,0.2763015256072541,0.5790782561908219,-0.2665616742917916,-1.0
32282.0,10760.666666666666,9253.0,5430.454636175093,4993.0,18036.0,9253.0,18036.0,3.0,0.0,3.0,6587.249901191251,0.5005269773945361,8783.0,1.9492056630261003,0.9999999999994456,9253.0,11514.5,1.2444072192788884,18036.0,3.0,2.0,0.0,0.0,0.0,1.676104330585147,0.0,3.0,3.0,0.9999999999994456,0.7133696796974434,0.0,0.0,0.9720889035954376,0.26935547157326045,0.5046578250576215,-0.3292058610883705,-0.9999999999999998
37745.0,12581.666666666666,8382.0,9159.033148876699,4070.0,25293.0,4070.0,8382.0,3.0,0.0,3.0,3233.9999514900005,0.5417378739750901,4312.0,2.0594594594543993,0.331396038429474,4070.0,16837.5,4.136977886967722,25293.0,2.0,1.0,0.0,0.0,0.6686039615701306,2.0103060007932094,1.0,3.0,3.0,0.331396038429474,0.8921711484962533,0.0,0.0,0.842578532293668,0.3748487658407995,0.7279666034337862,-0.15742977672417907,-1.0
128447.0,42815.666666666664,35451.0,11166.627074556678,34400.0,58596.0,34400.0,58596.0,3.0,0.0,3.0,18146.999727795002,0.3994483942649912,24196.0,1.7033720930227607,0.9999999999998294,34400.0,47023.5,1.3669622093019282,58596.0,3.0,2.0,0.0,0.0,0.0,1.3685644662776006,0.0,3.0,3.0,0.9999999999998294,0.7321852592897669,0.0,0.0,1.0661833866460988,0.12558227647716036,0.2608070349923487,-0.5862855651117965,1.0
697.0,232.33333333333334,181.0,134.0157536344971,100.0,416.0,416.0,100.0,3.0,0.0,3.0,-236.99999644500005,-1.0634742627660425,-316.0,0.2403846153788369,0.2403846153788369,416.0,140.5,0.33774038460726585,416.0,1.0,0.0,-161.99999352000026,-1.1777722933601793,0.6622596153686957,1.790530846407868,0.0,3.0,3.0,0.2403846153788369,0.40315638449923735,0.0,0.0,0.9367279608527121,0.3022477283518148,0.5768253384306836,-0.26837129719607006,1.0
229.0,76.33333333333333,54.0,41.12041936664665,41.0,134.0,41.0,54.0,3.0,0.0,3.0,9.749999853750001,0.202247672178112,13.0,1.31707317041047,0.4029850745967921,41.0,94.0,2.292682926270077,134.0,2.0,1.0,0.0,0.0,0.5970149253285809,1.7554585150538704,1.0,3.0,3.0,0.4029850745967921,0.8209606986541065,0.0,0.0,0.9622280097616087,0.2707423580552537,0.538695450147507,-0.2998023745876845,-0.9999999999999999
122343.0,40781.0,36081.0,14845.9049572601,25410.0,60852.0,60852.0,25410.0,3.0,0.0,3.0,-26581.499601277505,-0.6549592166533317,-35442.0,0.4175704989153327,0.4175704989153327,60852.0,30745.5,0.5052504436993845,60852.0,1.0,0.0,-21341.999146320035,-0.7012239217272463,0.49474955630045114,1.4921654692132387,0.0,3.0,3.0,0.4175704989153327,0.5026115102620908,0.0,0.0,1.0339106973393688,0.1931291532821242,0.3640397478545514,-0.46623293283460565,0.9999999999999999
88.0,29.333333333333332,27.0,14.38363267359428,13.0,48.0,48.0,13.0,3.0,0.0,3.0,-26.249999606250004,-0.9395722122779425,-35.0,0.2708333332769097,0.2708333332769097,48.0,20.0,0.4166666665798611,48.0,1.0,0.0,-27.999998880000046,-1.3862943056681176,0.5833333332118056,1.6363636358057851,0.0,3.0,3.0,0.2708333332769097,0.4545454544938017,0.0,0.0,0.9756369863832421,0.26515151509096646,0.4903511137053671,-0.3419656490789043,1.0
18164.0,6054.666666666667,5594.0,2397.4210217555774,3376.0,9194.0,3376.0,5594.0,3.0,0.0,3.0,1663.4999750475004,0.3786641945903806,2218.0,1.6569905213221061,0.6084402871431276,3376.0,7394.0,2.190165876770764,9194.0,2.0,1.0,0.0,0.0,0.39155971285578467,1.5184981281630943,1.0,3.0,3.0,0.6084402871431276,0.8141378550975478,0.0,0.0,1.0201160776585259,0.21353593187962527,0.3959625118506305,-0.4327032302228116,-1.0
4963.0,1654.3333333333333,1607.0,324.2481902630898,1283.0,2073.0,1283.0,2073.0,3.0,0.0,3.0,592.4999911125001,0.35962417301031213,790.0,1.6157443491690122,0.9999999999951761,1283.0,1840.0,1.4341387373231946,2073.0,3.0,2.0,0.0,0.0,0.0,1.2530727382555729,0.0,3.0,3.0,0.9999999999951761,0.7414870038268356,0.0,0.0,1.0794944696807474,0.10611861105417453,0.19599930904360055,-0.6722417687626312,1.0
4563.0,1521.0,1025.0,1131.076478404533,452.0,3086.0,3086.0,452.0,3.0,0.0,3.0,-1975.4999703675005,-1.439297152674886,-2634.0,0.14646791963659603,0.14646791963659603,3086.0,738.5,0.23930654568943843,3086.0,1.0,0.0,-1145.9999541600018,-1.6350617350928915,0.7606934543073212,2.028928336607305,0.0,3.0,3.0,0.14646791963659603,0.32369055445907585,0.0,0.0,0.8289758343261786,0.3848345386794374,0.7436400252446395,-0.1470257455880652,1.0
19214.0,6404.666666666667,6245.0,994.7965732863288,5274.0,7695.0,6245.0,5274.0,3.0,0.0,3.0,-728.2499890762501,-0.12672193272323878,-971.0,0.8445156124886397,0.6853801169581737,6245.0,6484.5,1.038350680542773,7695.0,2.0,1.0,0.0,0.0,0.3146198830405268,1.2014676798149242,1.0,3.0,3.0,0.6853801169581737,0.6749765795770402,0.0,0.0,1.0866262242324247,0.08400124908896012,0.1553237077055442,-0.731116557774452,-0.9999999999999999
1307.0,435.6666666666667,478.0,72.96726815649755,333.0,496.0,496.0,478.0,3.0,0.0,3.0,-13.499999797500003,-0.027667071099279423,-18.0,0.9637096773999252,0.9637096773999252,496.0,405.5,0.8175403225641624,496.0,1.0,0.0,289.99998840000046,0.7211191800236628,0.1824596774156762,1.1384850803105167,0.0,3.0,3.0,0.9637096773999252,0.6205049732163695,0.0,0.0,1.0839464559580103,0.08314205559444932,0.1674841656193329,-0.7130853324388143,-0.9999999999999999
92773.0,30924.333333333332,22783.0,14391.26349174696,18841.0,51149.0,22783.0,51149.0,3.0,0.0,3.0,21274.499680882505,0.6065279587781335,28366.0,2.2450511346169315,0.9999999999998046,22783.0,34995.0,1.5360136944206049,51149.0,3.0,2.0,0.0,0.0,0.0,1.6540049367806406,0.0,3.0,3.0,0.9999999999998046,0.7544220840114306,0.0,0.0,0.9968431577949682,0.23216524922834725,0.4653702098156459,-0.3648428135107858,-1.0
31559.0,10519.666666666666,11217.0,1358.996279939312,8620.0,11722.0,11217.0,8620.0,3.0,0.0,3.0,-1947.7499707837503,-0.19748890493143448,-2597.0,0.7684764197193826,0.7353693908882994,11217.0,10171.0,0.9067486850308399,11722.0,2.0,1.0,0.0,0.0,0.2646306091108474,1.1142938622886205,1.0,3.0,3.0,0.7353693908882994,0.6445704870240995,0.0,0.0,1.0900015825659106,0.06552805855684096,0.12918624924154948,-0.7711869953627286,-1.0
6396.0,2132.0,2601.0,836.4651815825928,957.0,2838.0,957.0,2601.0,3.0,0.0,3.0,1232.9999815050003,0.749390899585329,1644.0,2.717868338529594,0.9164904862546988,957.0,2719.5,2.8416927899389584,2838.0,2.0,1.0,0.0,0.0,0.08350951374177763,1.3311444652845632,1.0,3.0,3.0,0.9164904862546988,0.8503752345202464,0.0,0.0,1.0106852915632667,0.1960600375226551,0.3923382652808018,-0.4364325465061874,-1.0
125.0,41.666666666666664,43.0,13.912424503139471,24.0,58.0,43.0,58.0,3.0,0.0,3.0,11.249999831250003,0.2200108541904312,15.0,1.3488372089886425,0.9999999998275861,43.0,41.0,0.9534883718712818,58.0,3.0,2.0,0.0,0.0,0.0,1.39199999966592,0.0,3.0,3.0,0.9999999998275861,0.65599999994752,0.0,0.0,1.0402290088289436,0.18133333329294232,0.33389818799521176,-0.49936480741900474,-1.0
385.0,128.33333333333334,133.0,29.578520735305357,90.0,162.0,90.0,133.0,3.0,0.0,3.0,32.24999951625001,0.29023521572201777,43.0,1.4777777776135803,0.8209876542703094,90.0,147.5,1.6388888887067903,162.0,2.0,1.0,0.0,0.0,0.1790123456679622,1.262337662239298,1.0,3.0,3.0,0.8209876542703094,0.7662337662138641,0.0,0.0,1.0711916198916198,0.12467532466270148,0.2304819797376665,-0.625379349601259,-1.0
12385.0,4128.333333333333,3220.0,1597.5552850805784,2791.0,6374.0,6374.0,2791.0,3.0,0.0,3.0,-2687.2499596912508,-0.6192194203199813,-3583.0,0.4378726074671511,0.4378726074671511,6374.0,3005.5,0.47152494508868603,6374.0,1.0,0.0,-857.9999656800014,-0.2858673594631777,0.5284750549097451,1.5439644731492679,0.0,3.0,3.0,0.4378726074671511,0.4853451756152722,0.0,0.0,1.0278961175278885,0.19286771632309896,0.38697342391845996,-0.4419886967604633,1.0
5787.0,1929.0,1591.0,496.50243369662013,1565.0,2631.0,1565.0,2631.0,3.0,0.0,3.0,799.4999880075002,0.38941455607962655,1066.0,1.6811501597336669,0.9999999999961992,1565.0,2111.0,1.3488817891287612,2631.0,3.0,2.0,0.0,0.0,0.0,1.3639191290753556,0.0,3.0,3.0,0.9999999999961992,0.7295662692228624,0.0,0.0,1.0670228479909802,0.12280398594467123,0.2573885089134506,-0.590598280338254,1.0
296.0,98.66666666666667,82.0,30.158838763380057,73.0,141.0,73.0,82.0,3.0,0.0,3.0,6.749999898750001,0.0860816346530972,9.0,1.1232876710790018,0.5815602836466979,73.0,111.5,1.5273972600647403,141.0,2.0,1.0,0.0,0.0,0.41843971628238014,1.4290540539092176,1.0,3.0,3.0,0.5815602836466979,0.7533783783529264,0.0,0.0,1.0541105987669273,0.15315315313641342,0.30566390635462926,-0.5317877672536595,-1.0
4025.0,1341.6666666666667,1348.0,129.4921705054874,1180.0,1497.0,1180.0,1348.0,3.0,0.0,3.0,125.99999811000002,0.0997515285115222,168.0,1.1423728813462513,0.9004676018643925,1180.0,1422.5,1.2055084745660551,1497.0,2.0,1.0,0.0,0.0,0.09953239812892764,1.1157763975072117,1.0,3.0,3.0,0.9004676018643925,0.7068322981348899,0.0,0.0,1.0939326679025752,0.05250517598228921,0.09651590348163148,-0.8239589536660561,-1.0
8644.0,2881.3333333333335,2255.0,1110.69837889901,1947.0,4442.0,2255.0,4442.0,3.0,0.0,3.0,1640.2499753962504,0.5083023601139338,2187.0,1.9698447893482491,0.9999999999977488,2255.0,3194.5,1.4166297117453808,4442.0,3.0,2.0,0.0,0.0,0.0,1.5416473854643395,0.0,3.0,3.0,0.9999999999977488,0.7391254049042814,0.0,0.0,1.0284056467677876,0.1924263458269606,0.3854806960533857,-0.443542306791884,-1.0
679.0,226.33333333333334,199.0,59.56135958451214,171.0,309.0,171.0,309.0,3.0,0.0,3.0,103.49999844750002,0.4418083588721792,138.0,1.8070175437539755,0.9999999999676376,171.0,254.0,1.4853801168721998,309.0,3.0,2.0,0.0,0.0,0.0,1.365243004357942,0.0,3.0,3.0,0.9999999999676376,0.7481590574263894,0.0,0.0,1.0652535553929858,0.13549337259956418,0.2631577006563206,-0.5833335765729354,1.0
4395.0,1465.0,1682.0,337.01928728190023,989.0,1724.0,1682.0,1724.0,3.0,0.0,3.0,31.499999527500005,0.018486851178687615,42.0,1.024970273477854,0.9999999999941996,1682.0,1356.5,0.8064803804946108,1724.0,3.0,2.0,0.0,0.0,0.0,1.1767918088656875,0.0,3.0,3.0,0.9999999999941996,0.6172923777005295,0.0,0.0,1.0703094445024877,0.11149032991926822,0.23004729507139918,-0.6259537401584891,-1.0
86581.0,28860.333333333332,26259.0,8445.283746302168,20066.0,40256.0,20066.0,26259.0,3.0,0.0,3.0,4644.749930328751,0.20172764252678688,6193.0,1.308631515996557,0.6523002782192339,20066.0,33257.5,1.6574055616457404,40256.0,2.0,1.0,0.0,0.0,0.3476997217805178,1.3948556842720476,1.0,3.0,3.0,0.6523002782192339,0.7682401450663808,0.0,0.0,1.056759999770015,0.15546135988259602,0.29262599460502564,-0.5472379546341808,-1.0
1593.0,531.0,466.0,166.11040505238276,368.0,759.0,368.0,759.0,3.0,0.0,3.0,293.2499956012501,0.5418913338015174,391.0,2.0624999999439537,0.9999999999868248,368.0,612.5,1.6644021738678152,759.0,3.0,2.0,0.0,0.0,0.0,1.4293785310465277,0.0,3.0,3.0,0.9999999999868248,0.768989328306535,0.0,0.0,1.0513062802171445,0.1636325591096528,0.3128256215616846,-0.523431571667567,1.0
228.0,76.0,66.0,33.4165627596057,41.0,121.0,41.0,121.0,3.0,0.0,3.0,59.99999910000001,0.7997635578409629,80.0,2.9512195114753124,0.9999999999173554,41.0,93.5,2.280487804321832,121.0,3.0,2.0,0.0,0.0,0.0,1.5921052629484074,0.0,3.0,3.0,0.9999999999173554,0.8201754385605186,0.0,0.0,1.0036249166401587,0.23391812863205774,0.4396916152001157,-0.38918639155262647,1.0
151.0,50.333333333333336,56.0,11.728408057172787,34.0,61.0,61.0,34.0,3.0,0.0,3.0,-20.249999696250004,-0.42883973623416255,-27.0,0.5573770490889546,0.5573770490889546,61.0,45.0,0.7377049179118517,61.0,1.0,0.0,-43.999998240000075,-0.9754063736740186,0.2622950819242139,1.2119205295605455,0.0,3.0,3.0,0.5573770490889546,0.5960264900267532,0.0,0.0,1.0697350821075264,0.11920529798118018,0.23301472956641006,-0.6220406389667584,1.0
2422.0,807.3333333333334,745.0,446.76193013978065,294.0,1383.0,745.0,1383.0,3.0,0.0,3.0,478.4999928225001,0.46350564502780595,638.0,1.8563758389012566,0.9999999999927695,745.0,838.5,1.1255033556895906,1383.0,3.0,2.0,0.0,0.0,0.0,1.7130470685171792,0.0,3.0,3.0,0.9999999999927695,0.6924029727469347,0.0,0.0,0.9385859356819704,0.29975227084828937,0.5533797648235923,-0.2875151622789043,-1.0
1477.0,492.3333333333333,392.0,144.73040070727671,388.0,697.0,392.0,388.0,3.0,0.0,3.0,-2.9999999550000007,-0.007672701073020959,-4.0,0.989795918342097,0.5566714490594452,392.0,542.5,1.3839285713932672,697.0,2.0,1.0,0.0,0.0,0.4433285509262076,1.4157075152048266,1.0,3.0,3.0,0.5566714490594452,0.7345971563931307,0.0,0.0,1.0576097580182051,0.13947190250175412,0.29396831558091474,-0.5456328998919944,-1.0
4194.0,1398.0,1234.0,566.3997410545547,801.0,2159.0,801.0,1234.0,3.0,0.0,3.0,324.7499951287501,0.323788226039849,433.0,1.5405742821280828,0.5715609078250506,801.0,1696.5,2.117977528063446,2159.0,2.0,1.0,0.0,0.0,0.42843909217031756,1.5443490700890963,1.0,3.0,3.0,0.5715609078250506,0.8090128755345517,0.0,0.0,1.017968598709647,0.21586393260089864,0.40515002936373623,-0.42333555719915816,-0.9999999999999998
263.0,87.66666666666667,90.0,27.402351886086144,53.0,120.0,120.0,53.0,3.0,0.0,3.0,-50.24999924625001,-0.6051048651977772,-67.0,0.44166666662986115,0.44166666662986115,120.0,71.5,0.5958333332836806,120.0,1.0,0.0,-73.99999704000012,-1.0437508781551152,0.4041666666329861,1.368821292619526,0.0,3.0,3.0,0.44166666662986115,0.5437262357207708,0.0,0.0,1.047791484451218,0.1698352344549663,0.3125743560793962,-0.5237232013734038,0.9999999999999999
112.0,37.333333333333336,31.0,11.14550233153366,28.0,53.0,53.0,28.0,3.0,0.0,3.0,-18.749999718750004,-0.46626615543935795,-25.0,0.5283018866927732,0.5283018866927732,53.0,29.5,0.5566037734798861,53.0,1.0,0.0,-5.9999997600000095,-0.19688013775129928,0.44339622633143466,1.4196428567625956,0.0,3.0,3.0,0.5283018866927732,0.5267857142386799,0.0,0.0,1.056170293066118,0.14880952376541234,0.2985402409432569,-0.5401910057707162,1.0
91.0,30.333333333333332,34.0,5.90668171555645,22.0,35.0,34.0,35.0,3.0,0.0,3.0,0.7499999887500002,0.02112815740809994,1.0,1.0294117644031142,0.9999999997142857,34.0,28.5,0.8382352938711073,35.0,3.0,2.0,0.0,0.0,0.0,1.153846153465765,0.0,3.0,3.0,0.9999999997142857,0.6263736263047941,0.0,0.0,1.0785916620105407,0.09523809518576654,0.19472577077832504,-0.6740243230606758,-1.0
167.0,55.666666666666664,40.0,36.42648609032841,21.0,106.0,106.0,21.0,3.0,0.0,3.0,-63.749999043750016,-1.1863397680325958,-85.0,0.19811320752847988,0.19811320752847988,106.0,30.5,0.2877358490294589,106.0,1.0,0.0,-37.99999848000006,-1.2450591768896166,0.7122641508762015,1.9041916164243968,0.0,3.0,3.0,0.19811320752847988,0.36526946105597186,0.0,0.0,0.8915585358244664,0.3393213572520428,0.6543680134811628,-0.20892085891573117,1.0
19668.0,6556.0,5614.0,2198.4659803296177,4461.0,9593.0,4461.0,9593.0,3.0,0.0,3.0,3848.9999422650008,0.5741555966898142,5132.0,2.150414705218224,0.9999999999989575,4461.0,7603.5,1.7044384667076788,9593.0,3.0,2.0,0.0,0.0,0.0,1.4632397803516424,0.0,3.0,3.0,0.9999999999989575,0.7731848688220596,0.0,0.0,1.0445520396645196,0.17395430818224078,0.33533648266111415,-0.49774983756363134,1.0
49.0,16.333333333333332,14.0,7.1336448530109,9.0,26.0,26.0,9.0,3.0,0.0,3.0,-12.749999808750003,-0.7449388185836301,-17.0,0.34615384602071003,0.34615384602071003,26.0,11.5,0.4423076921375739,26.0,1.0,0.0,-9.999999600000017,-0.810930183779121,0.5576923074778106,1.5918367337192836,0.0,3.0,3.0,0.34615384602071003,0.4693877550062474,0.0,0.0,1.0054461445907579,0.23129251690036567,0.4367537662434711,-0.3920269752394278,1.0
2209.0,736.3333333333334,774.0,123.34324284514153,570.0,865.0,774.0,570.0,3.0,0.0,3.0,-152.99999770500003,-0.22910536133642215,-204.0,0.7364341085176171,0.6589595375646363,774.0,717.5,0.9270025839673514,865.0,2.0,1.0,0.0,0.0,0.341040462423803,1.1747397012063185,1.0,3.0,3.0,0.6589595375646363,0.6496152104995491,0.0,0.0,1.0841384006264831,0.08902972687275956,0.16751006271181498,-0.713047333691456,-1.0
1261.0,420.3333333333333,402.0,28.075295585660754,399.0,460.0,399.0,460.0,3.0,0.0,3.0,45.74999931375001,0.10645012031974836,61.0,1.1528822054848902,0.9999999999782608,399.0,431.0,1.08020050122606,460.0,3.0,2.0,0.0,0.0,0.0,1.0943695479517597,0.0,3.0,3.0,0.9999999999782608,0.6835844567749122,0.0,0.0,1.096414079056933,0.03224953740056691,0.06679293160585129,-0.8747780761591611,1.0
26454.0,8818.0,7820.0,1888.2139709259648,7172.0,11462.0,7820.0,11462.0,3.0,0.0,3.0,2731.4999590275006,0.28673402083403887,3642.0,1.4657289002538803,0.9999999999991275,7820.0,9317.0,1.191432225062415,11462.0,3.0,2.0,0.0,0.0,0.0,1.299841233838399,0.0,3.0,3.0,0.9999999999991275,0.7043925304299145,0.0,0.0,1.0765081018795526,0.10811219475297484,0.21413177261553903,-0.6472676566978994,-1.0
26532.0,8844.0,7753.0,5138.885547146061,3167.0,15612.0,7753.0,15612.0,3.0,0.0,3.0,5894.249911586251,0.5249212881091658,7859.0,2.0136721269160147,0.9999999999993594,7753.0,9389.5,1.2110795820956906,15612.0,3.0,2.0,0.0,0.0,0.0,1.7652645861581124,0.0,3.0,3.0,0.9999999999993594,0.7077868234581984,0.0,0.0,0.9252673368663351,0.31270415598753143,0.581058971861177,-0.2649749538719146,-1.0
39086.0,13028.666666666666,11235.0,8531.255723644803,3593.0,24258.0,3593.0,11235.0,3.0,0.0,3.0,5731.499914027501,0.8548928278370794,7642.0,3.126913442796752,0.46314617858007123,3593.0,17746.5,4.939187308641973,24258.0,2.0,1.0,0.0,0.0,0.5368538214195165,1.8618942843970767,1.0,3.0,3.0,0.46314617858007123,0.9080745023791363,0.0,0.0,0.8738219864669479,0.3524706203413255,0.6548065079802171,-0.20860051634697951,-1.0
239.0,79.66666666666667,83.0,17.30767331432956,57.0,99.0,99.0,57.0,3.0,0.0,3.0,-31.499999527500005,-0.4085453754530739,-42.0,0.5757575756994184,0.5757575756994184,99.0,70.0,0.7070707069992859,99.0,1.0,0.0,-51.999997920000084,-0.7407475469638867,0.29292929289970415,1.2426778241117977,0.0,3.0,3.0,0.5757575756994184,0.5857740585528964,0.0,0.0,1.0742269095916248,0.11715481169525122,0.21725112944130187,-0.6430463291436369,1.0
20.0,6.666666666666667,7.0,0.4714045207910317,6.0,7.0,6.0,7.0,3.0,0.0,3.0,0.7499999887500002,0.10014854296616374,1.0,1.1666666647222221,0.9999999985714286,6.0,7.0,1.1666666647222221,7.0,2.0,1.0,0.0,0.0,0.0,1.049999998425,0.0,3.0,3.0,0.9999999985714286,0.6999999996499999,0.0,0.0,1.0960673286010059,0.03333333310555564,0.07071067801258873,-0.8679182337214773,
1593.0,531.0,447.0,133.18658591114448,427.0,719.0,427.0,447.0,3.0,0.0,3.0,14.999999775000003,0.034252527111103374,20.0,1.046838407469629,0.6216968011040098,427.0,583.0,1.3653395784223574,719.0,2.0,1.0,0.0,0.0,0.378303198882082,1.3540489641929558,1.0,3.0,3.0,0.6216968011040098,0.7319522912697304,0.0,0.0,1.0685577507017645,0.12220129733949481,0.250822195684814,-0.5989482812832446,-1.0
549.0,183.0,165.0,64.14566755959959,115.0,269.0,115.0,269.0,3.0,0.0,3.0,115.49999826750002,0.6336238164146506,154.0,2.3391304345792063,0.9999999999628253,115.0,217.0,1.8869565215750475,269.0,3.0,2.0,0.0,0.0,0.0,1.4699453551109318,0.0,3.0,3.0,0.9999999999628253,0.7905282331367846,0.0,0.0,1.0382886836392555,0.18700667880072674,0.35052277353057026,-0.4809080151361723,1.0
729.0,243.0,228.0,85.98061797095126,146.0,355.0,146.0,228.0,3.0,0.0,3.0,61.499999077500014,0.3324670575946221,82.0,1.5616438355094764,0.6422535211086688,146.0,291.5,1.9965753423290016,355.0,2.0,1.0,0.0,0.0,0.3577464788631621,1.4609053497341191,1.0,3.0,3.0,0.6422535211086688,0.7997256515665333,0.0,0.0,1.0359821234352873,0.1911294009989739,0.35382970356960064,-0.47729067746520115,-1.0
582.0,194.0,138.0,85.63877626402656,129.0,315.0,138.0,315.0,3.0,0.0,3.0,132.74999800875003,0.6159512011028976,177.0,2.2826086954867675,0.999999999968254,138.0,222.0,1.6086956520573408,315.0,3.0,2.0,0.0,0.0,0.0,1.623711340122489,0.0,3.0,3.0,0.999999999968254,0.7628865979250363,0.0,0.0,1.0074718449530766,0.2130584192351297,0.4414369910289288,-0.3875042838471978,-1.0
309.0,103.0,76.0,52.19833969262496,57.0,176.0,176.0,76.0,3.0,0.0,3.0,-74.99999887500002,-0.6242582236762352,-100.0,0.43181818179364667,0.43181818179364667,176.0,66.5,0.37784090906944084,176.0,1.0,0.0,37.99999848000006,0.566724799945538,0.6221590908737409,1.7087378639117732,0.0,3.0,3.0,0.43181818179364667,0.43042071196018056,0.0,0.0,0.9773709305579714,0.2567421790551232,0.5067799969665744,-0.32733378723455375,-1.0
37726.0,12575.333333333334,11590.0,3230.163084978149,9205.0,16931.0,11590.0,16931.0,3.0,0.0,3.0,4005.749939913751,0.28423228655056704,5341.0,1.4608283002575833,0.9999999999994094,11590.0,13068.0,1.127523727350192,16931.0,3.0,2.0,0.0,0.0,0.0,1.3463659014992209,0.0,3.0,3.0,0.9999999999994094,0.6927848168370109,0.0,0.0,1.0663300531278388,0.13652830055298137,0.25686500702239146,-0.5912607868185912,-0.9999999999999999
13779.0,4593.0,4265.0,1730.257784262218,2657.0,6857.0,6857.0,2657.0,3.0,0.0,3.0,-3149.999952750001,-0.7108814096490355,-4200.0,0.3874872393169207,0.3874872393169207,6857.0,3461.0,0.5047396820759739,6857.0,1.0,0.0,-3215.9998713600053,-0.9462052816679987,0.4952603179225678,1.4929240148018879,0.0,3.0,3.0,0.3874872393169207,0.502358661731256,0.0,0.0,1.0276651347052164,0.20320777995463235,0.37671626045252576,-0.4527321696196311,1.0
10103.0,3367.6666666666665,2871.0,1226.3032070232696,2177.0,5055.0,2871.0,5055.0,3.0,0.0,3.0,1637.9999754300004,0.42417524788130495,2184.0,1.7607105538078693,0.9999999999980218,2871.0,3616.0,1.2594914663836312,5055.0,3.0,2.0,0.0,0.0,0.0,1.501039295254377,0.0,3.0,3.0,0.9999999999980218,0.7158269820838208,0.0,0.0,1.0347434913657452,0.18991058761373747,0.36414031684241166,-0.46612483723554865,-1.0
421.0,140.33333333333334,141.0,44.90978611493144,85.0,195.0,195.0,85.0,3.0,0.0,3.0,-82.49999876250001,-0.617825512965375,-110.0,0.4358974358750822,0.4358974358750822,195.0,113.0,0.5794871794574622,195.0,1.0,0.0,-111.99999552000018,-1.0029594825771277,0.4205128204912557,1.3895486934876804,0.0,3.0,3.0,0.4358974358750822,0.5368171021250162,0.0,0.0,1.0458741308485666,0.17418844020975843,0.320022228824688,-0.5151260003473478,1.0
12028.0,4009.3333333333335,3266.0,1648.7984177036992,2467.0,6295.0,2467.0,6295.0,3.0,0.0,3.0,2870.9999569350007,0.7023797932682735,3828.0,2.551682205097075,0.9999999999984115,2467.0,4780.5,1.9377786785490971,6295.0,3.0,2.0,0.0,0.0,0.0,1.5700864649112818,0.0,3.0,3.0,0.9999999999984115,0.7948952444290032,0.0,0.0,1.0177912718326056,0.21217159960050314,0.4112400443214799,-0.4171933456998097,1.0
3746.0,1248.6666666666667,1238.0,462.19861050803206,688.0,1820.0,688.0,1238.0,3.0,0.0,3.0,412.49999381250007,0.4401139513599034,550.0,1.7994186046250085,0.6802197802160428,688.0,1529.0,2.2223837208979305,1820.0,2.0,1.0,0.0,0.0,0.31978021977846277,1.4575547250283698,1.0,3.0,3.0,0.6802197802160428,0.8163374265861817,0.0,0.0,1.0278687946810332,0.20145933439977326,0.370153719037104,-0.4596902319817965,-1.0
320.0,106.66666666666667,76.0,55.82313339666829,59.0,185.0,76.0,185.0,3.0,0.0,3.0,81.74999877375002,0.6614559289727993,109.0,2.434210525995499,0.9999999999459459,76.0,122.0,1.6052631576835181,185.0,3.0,2.0,0.0,0.0,0.0,1.7343749998374023,0.0,3.0,3.0,0.9999999999459459,0.7624999999761719,0.0,0.0,0.9699576575468789,0.2624999999833768,0.5233418755447019,-0.31290292219604954,-1.0
30578.0,10192.666666666666,9974.0,3033.145928276815,6592.0,14012.0,9974.0,6592.0,3.0,0.0,3.0,-2536.4999619525006,-0.31055510732524594,-3382.0,0.6609183878076389,0.4704538966596699,9974.0,10302.0,1.03288550230496,14012.0,2.0,1.0,0.0,0.0,0.5295461033396164,1.3747138465549988,1.0,3.0,3.0,0.4704538966596699,0.6738177774868619,0.0,0.0,1.0538061449514666,0.16177208014460343,0.29758119513446,-0.5413293653595,-1.0
68.0,22.666666666666668,23.0,2.0548046676563256,20.0,25.0,20.0,25.0,3.0,0.0,3.0,3.7499999437500007,0.16018057282083575,5.0,1.249999999375,0.9999999996,20.0,24.0,1.1999999994,25.0,3.0,2.0,0.0,0.0,0.0,1.1029411759839964,0.0,3.0,3.0,0.9999999996,0.7058823528373703,0.0,0.0,1.0944649398505535,0.04901960777537484,0.0906531470624909,-0.8337635617203515,1.0
176.0,58.666666666666664,72.0,21.01322334996598,29.0,75.0,72.0,29.0,3.0,0.0,3.0,-32.24999951625001,-0.6669465346104786,-43.0,0.4027777777218364,0.3866666666151111,72.0,52.0,0.7222222221219137,75.0,2.0,1.0,0.0,0.0,0.6133333332515556,1.2784090906911802,1.0,3.0,3.0,0.3866666666151111,0.5909090908755165,0.0,0.0,1.026261567057216,0.17424242421387182,0.35817994340427584,-0.4725589267770726,-1.0
416.0,138.66666666666666,131.0,13.021349989749739,128.0,157.0,128.0,131.0,3.0,0.0,3.0,2.2499999662500003,0.0172421384098919,3.0,1.023437499920044,0.8343949044054525,128.0,144.0,1.1249999999121094,157.0,2.0,1.0,0.0,0.0,0.16560509553085317,1.1322115383798885,1.0,3.0,3.0,0.8343949044054525,0.6923076922910503,0.0,0.0,1.0942878697474265,0.046474358963302986,0.09390396626546177,-0.8283140582767912,-1.0
2681.0,893.6666666666666,432.0,668.511946207562,410.0,1839.0,1839.0,410.0,3.0,0.0,3.0,-1071.7499839237503,-1.1241957102171618,-1429.0,0.22294725394114767,0.22294725394114767,1839.0,421.0,0.22892876563225162,1839.0,1.0,0.0,-43.999998240000075,-0.10428902284095005,0.7710712343623107,2.057814248391744,0.0,3.0,3.0,0.22294725394114767,0.314061917193905,0.0,0.0,0.8398961401733746,0.35534004724395296,0.7480551430810312,-0.1441286665955595,1.0
2273.0,757.6666666666666,530.0,407.50978175035533,413.0,1330.0,530.0,1330.0,3.0,0.0,3.0,599.9999910000001,0.6891928375269873,800.0,2.509433962216803,0.9999999999924812,530.0,871.5,1.644339622610484,1330.0,3.0,2.0,0.0,0.0,0.0,1.7553893532544385,0.0,3.0,3.0,0.9999999999924812,0.7668279806389493,0.0,0.0,0.9629468202436973,0.26895439213726036,0.5378483700989576,-0.30051833384464655,-1.0
86.0,28.666666666666668,16.0,18.62495339293199,15.0,55.0,16.0,55.0,3.0,0.0,3.0,29.249999561250007,0.8941037465976439,39.0,3.437499997851562,0.9999999998181818,16.0,35.0,2.1874999986328123,55.0,3.0,2.0,0.0,0.0,0.0,1.91860465049351,0.0,3.0,3.0,0.9999999998181818,0.8139534882774473,0.0,0.0,0.9033531479018022,0.3100775193161469,0.6497076762709852,-0.21233599650332086,-0.9999999999999999
154.0,51.333333333333336,38.0,23.976840677805924,31.0,85.0,85.0,31.0,3.0,0.0,3.0,-40.49999939250001,-0.7414585339684576,-54.0,0.36470588231003465,0.36470588231003465,85.0,34.5,0.4058823528934256,85.0,1.0,0.0,-13.999999440000023,-0.39565147083378066,0.5941176469889273,1.6558441555215886,0.0,3.0,3.0,0.36470588231003465,0.44805194802285375,0.0,0.0,0.9959965421992913,0.23376623373231387,0.46708131181432033,-0.3632509552806047,1.0
458.0,152.66666666666666,136.0,47.21816976075582,105.0,217.0,105.0,136.0,3.0,0.0,3.0,23.249999651250004,0.19240637090094806,31.0,1.2952380951147393,0.6267281105701968,105.0,176.5,1.6809523807922904,217.0,2.0,1.0,0.0,0.0,0.3732718893837202,1.4213973798195592,1.0,3.0,3.0,0.6267281105701968,0.7707423580617742,0.0,0.0,1.0521429271857752,0.16302765646654782,0.30928932155674405,-0.5275462550603401,-1.0
54749.0,18249.666666666668,12711.0,8731.665947699914,11461.0,30577.0,12711.0,30577.0,3.0,0.0,3.0,13399.499799007503,0.6583007653034944,17866.0,2.4055542443533904,0.9999999999996729,12711.0,21019.0,1.6536071119489784,30577.0,3.0,2.0,0.0,0.0,0.0,1.675482657216565,0.0,3.0,3.0,0.9999999999996729,0.7678313759154016,0.0,0.0,0.9917262290583025,0.23277137481953591,0.47845618811458446,-0.3527624396837699,-1.0
12170.0,4056.6666666666665,3892.0,1166.8819801314767,2717.0,5561.0,2717.0,3892.0,3.0,0.0,3.0,881.2499867812502,0.2694628106325833,1175.0,1.4324622745622655,0.6998741233578496,2717.0,4726.5,1.739602502753995,5561.0,2.0,1.0,0.0,0.0,0.30012587664035223,1.3708299096104253,1.0,3.0,3.0,0.6998741233578496,0.7767460969590988,0.0,0.0,1.057224640870723,0.15579293344248457,0.28764551687640105,-0.553222508667742,-0.9999999999999998
3736.0,1245.3333333333333,978.0,543.4312795152259,755.0,2003.0,2003.0,755.0,3.0,0.0,3.0,-935.9999859600002,-0.7311443035517519,-1248.0,0.3769345981009639,0.3769345981009639,2003.0,866.5,0.4326010983503116,2003.0,1.0,0.0,-445.99998216000074,-0.5169805120227334,0.567398901644696,1.6084047109078556,0.0,3.0,3.0,0.3769345981009639,0.4638650963585014,0.0,0.0,1.0082091791094605,0.22269807280375087,0.4363741537828123,-0.39239486781685795,1.0
18083.0,6027.666666666667,5177.0,2936.338460660752,2933.0,9973.0,9973.0,2933.0,3.0,0.0,3.0,-5279.999920800001,-0.9177112567866874,-7040.0,0.29409405394535837,0.29409405394535837,9973.0,4055.0,0.40659781409765705,9973.0,1.0,0.0,-4487.999820480008,-1.1361043577729366,0.5934021859013402,1.6545374108251043,0.0,3.0,3.0,0.29409405394535837,0.4484875297238022,0.0,0.0,0.9813043075542685,0.25954395472698266,0.4871434707718654,-0.34486015593390595,0.9999999999999999
22330.0,7443.333333333333,5755.0,3046.2992119765404,4855.0,11720.0,4855.0,5755.0,3.0,0.0,3.0,674.9999898750001,0.12752079953813103,900.0,1.1853759011304112,0.4910409556309803,4855.0,8737.5,1.7996910401610717,11720.0,2.0,1.0,0.0,0.0,0.5089590443681664,1.5745633676647006,1.0,3.0,3.0,0.4910409556309803,0.7825794894756907,0.0,0.0,1.0195454978967062,0.20495596357642376,0.4092654561539339,-0.4191790420073965,-1.0
31205.0,10401.666666666666,11225.0,4198.9726785912235,4897.0,15083.0,11225.0,4897.0,3.0,0.0,3.0,-4745.999928810001,-0.6220541591617106,-6328.0,0.43625835189270706,0.3246701584563252,11225.0,9990.0,0.889977728284285,15083.0,2.0,1.0,0.0,0.0,0.6753298415430118,1.450056080754895,1.0,3.0,3.0,0.3246701584563252,0.6402820060885627,0.0,0.0,1.0098173713553358,0.2176146984990066,0.4036826802038635,-0.4248234506309995,-1.0
1965.0,655.0,537.0,268.8394812274913,401.0,1027.0,537.0,1027.0,3.0,0.0,3.0,367.4999944875001,0.48563390710548554,490.0,1.9124767224969743,0.999999999990263,537.0,714.0,1.329608938522726,1027.0,3.0,2.0,0.0,0.0,0.0,1.567938931273772,0.0,3.0,3.0,0.999999999990263,0.7267175572482101,0.0,0.0,1.0179623160405775,0.21238337573953237,0.4104419560662395,-0.41799525417039246,-1.0
1297.0,432.3333333333333,267.0,308.00685418058833,166.0,864.0,864.0,166.0,3.0,0.0,3.0,-523.4999921475,-1.2335517523830664,-698.0,0.1921296296274059,0.1921296296274059,864.0,216.5,0.2505787037008035,864.0,1.0,0.0,-201.99999192000033,-0.9459862983487503,0.7494212962876224,1.9984579799075146,0.0,3.0,3.0,0.1921296296274059,0.3338473400128462,0.0,0.0,0.8591089392108724,0.3587766640922847,0.712429115281721,-0.16793155531453274,1.0
102994.0,34331.333333333336,29438.0,11994.745775639523,22712.0,50844.0,22712.0,29438.0,3.0,0.0,3.0,5044.499924332501,0.19453715565933294,6726.0,1.2961430081008734,0.5789867044291207,22712.0,40141.0,1.7673916872130295,50844.0,2.0,1.0,0.0,0.0,0.4210132955706827,1.4809794745320657,1.0,3.0,3.0,0.5789867044291207,0.7794822999397266,0.0,0.0,1.039811984588373,0.18209474985592955,0.34938187978822155,-0.4821601134243765,-0.9999999999999999
2656.0,885.3333333333334,626.0,375.26997689071203,614.0,1416.0,614.0,626.0,3.0,0.0,3.0,8.999999865000001,0.014493204402404458,12.0,1.0195439739247631,0.44209039547710394,614.0,1021.0,1.6628664494843182,1416.0,2.0,1.0,0.0,0.0,0.557909604515834,1.5993975903433801,1.0,3.0,3.0,0.44209039547710394,0.7688253012019246,0.0,0.0,1.0145360552566824,0.20130522088160818,0.4238742208808057,-0.4046184491994728,-1.0
89.0,29.666666666666668,18.0,21.638443156156644,11.0,60.0,18.0,60.0,3.0,0.0,3.0,31.499999527500005,0.874826150632761,42.0,3.3333333314814815,0.9999999998333333,18.0,35.5,1.9722222211265432,60.0,3.0,2.0,0.0,0.0,0.0,2.022471909430627,0.0,3.0,3.0,0.9999999998333333,0.7977528088991289,0.0,0.0,0.8474654483294761,0.3670411984381883,0.7293857241189703,-0.15647999851612893,-1.0
46027.0,15342.333333333334,14123.0,3074.2019379922904,12338.0,19566.0,19566.0,12338.0,3.0,0.0,3.0,-5420.999918685001,-0.3458096167225293,-7228.0,0.6305836655419449,0.6305836655419449,19566.0,13230.5,0.6761985076149053,19566.0,1.0,0.0,-3569.999857200006,-0.27022098949064643,0.32380149238458356,1.275294935580458,0.0,3.0,3.0,0.6305836655419449,0.5749016881394454,0.0,0.0,1.0790667386972987,0.10469217343432913,0.20037382001805157,-0.6661476338839775,1.0
444.0,148.0,98.0,98.04420771604342,61.0,285.0,285.0,61.0,3.0,0.0,3.0,-167.99999748000005,-1.1466430521314248,-224.0,0.21403508771178822,0.21403508771178822,285.0,79.5,0.278947368411265,285.0,1.0,0.0,-73.99999704000012,-0.9359708927401605,0.7210526315536473,1.9256756755455624,0.0,3.0,3.0,0.21403508771178822,0.3581081081000426,0.0,0.0,0.8907580548287222,0.33633633632380144,0.6624608629014784,-0.20303583955766025,1.0
44055.0,14685.0,13135.0,7114.152842515169,6851.0,24069.0,13135.0,24069.0,3.0,0.0,3.0,8200.499876992502,0.45420726750057233,10934.0,1.8324324324310373,0.9999999999995844,13135.0,15460.0,1.1770079939085063,24069.0,3.0,2.0,0.0,0.0,0.0,1.6390194075576172,0.0,3.0,3.0,0.9999999999995844,0.7018499602767673,0.0,0.0,0.9804902127697286,0.26055309650803204,0.48445031273478545,-0.3473000630884993,-1.0
594.0,198.0,150.0,83.92059739221753,128.0,316.0,128.0,316.0,3.0,0.0,3.0,140.99999788500003,0.674317017021951,188.0,2.468749999807129,0.9999999999683544,128.0,233.0,1.820312499857788,316.0,3.0,2.0,0.0,0.0,0.0,1.5959595958789918,0.0,3.0,3.0,0.9999999999683544,0.7845117844985773,0.0,0.0,1.014034699128866,0.2109988776568783,0.42384140094938944,-0.4046508260090866,1.0
237.0,79.0,74.0,19.510680835549195,58.0,105.0,58.0,105.0,3.0,0.0,3.0,35.24999947125001,0.4394262310633669,47.0,1.8103448272740785,0.999999999904762,58.0,89.5,1.5431034480098098,105.0,3.0,2.0,0.0,0.0,0.0,1.3291139238823908,0.0,3.0,3.0,0.999999999904762,0.7552742615715073,0.0,0.0,1.0685987578062677,0.13220815750400083,0.24697064345670242,-0.6038869963524224,1.0
170.0,56.666666666666664,33.0,36.33486235314814,29.0,108.0,33.0,29.0,3.0,0.0,3.0,-2.9999999550000007,-0.09387235580741923,-4.0,0.8787878785215794,0.2685185184936557,33.0,68.5,2.0757575751285584,108.0,2.0,1.0,0.0,0.0,0.7314814814137518,1.9058823526048443,1.0,3.0,3.0,0.2685185184936557,0.8058823528937716,0.0,0.0,0.9081131476719604,0.30980392153640923,0.641203453177696,-0.2186179574208987,-0.9999999999999999
219.0,73.0,73.0,35.92584956081995,29.0,117.0,29.0,73.0,3.0,0.0,3.0,32.999999505000005,0.6771507734992488,44.0,2.5172413784423306,0.6239316238782965,29.0,95.0,3.2758620678359094,117.0,2.0,1.0,0.0,0.0,0.3760683760362335,1.602739725807844,1.0,3.0,3.0,0.6239316238782965,0.8675799086361835,0.0,0.0,0.9688458540012553,0.2678843226544716,0.49213492542326853,-0.34036136128619937,-1.0
107.0,35.666666666666664,30.0,10.208928554075703,27.0,50.0,50.0,27.0,3.0,0.0,3.0,-17.249999741250004,-0.4497158351661039,-23.0,0.539999999892,0.539999999892,50.0,28.5,0.569999999886,50.0,1.0,0.0,-5.9999997600000095,-0.20356538047726971,0.429999999914,1.4018691584854572,0.0,3.0,3.0,0.539999999892,0.5327102803240458,0.0,0.0,1.059514190944709,0.1433021806393573,0.28623164162280523,-0.5549298703274612,1.0
184.0,61.333333333333336,62.0,18.78533707147383,38.0,84.0,38.0,84.0,3.0,0.0,3.0,34.49999948250001,0.5843171990057447,46.0,2.210526315207756,0.9999999998809525,38.0,73.0,1.921052631073407,84.0,3.0,2.0,0.0,0.0,0.0,1.3695652171680055,0.0,3.0,3.0,0.9999999998809525,0.7934782608264414,0.0,0.0,1.0502661027391547,0.1666666666394927,0.30628266959365763,-0.5310621861492598,1.0
582.0,194.0,164.0,51.89091121445707,151.0,267.0,267.0,164.0,3.0,0.0,3.0,-77.24999884125002,-0.3637811245009903,-103.0,0.6142322097148227,0.6142322097148227,267.0,157.5,0.589887640427345,267.0,1.0,0.0,25.999998960000042,0.1641298995434117,0.41011235953520175,1.3762886597228716,0.0,3.0,3.0,0.6142322097148227,0.5412371133927623,0.0,0.0,1.064438248176137,0.13287514317602422,0.2674789237720736,-0.5779355083841273,-1.0
216.0,72.0,73.0,30.62678566222711,34.0,109.0,73.0,34.0,3.0,0.0,3.0,-29.249999561250007,-0.5615377653630004,-39.0,0.4657534245937324,0.31192660547597006,73.0,71.5,0.9794520546603491,109.0,2.0,1.0,0.0,0.0,0.6880733944322869,1.5138888886786266,1.0,3.0,3.0,0.31192660547597006,0.6620370370063872,0.0,0.0,1.0027936165374065,0.23148148145733316,0.42537202302740823,-0.40314245512776814,-1.0
56.0,18.666666666666668,12.0,9.428090415820632,12.0,32.0,12.0,12.0,3.0,0.0,3.0,0.0,0.0,0.0,0.9999999991666666,0.3749999998828125,12.0,22.0,1.8333333318055554,32.0,2.0,1.0,0.0,0.0,0.6249999998046875,1.7142857133673468,1.0,3.0,3.0,0.3749999998828125,0.7857142855739796,0.0,0.0,0.9799711890892282,0.23809523800170074,0.5050762720055286,-0.3288363099361512,-0.9999999999999999
399.0,133.0,128.0,7.788880963698615,127.0,144.0,144.0,128.0,3.0,0.0,3.0,-11.999999820000003,-0.08769100222881165,-16.0,0.8888888888271604,0.8888888888271604,144.0,127.5,0.8854166666051794,144.0,1.0,0.0,1.9999999200000032,0.015564280261538894,0.11458333332537615,1.0827067668358867,0.0,3.0,3.0,0.8888888888271604,0.6390977443448848,0.0,0.0,1.0969194397955877,0.028404344182441754,0.058563014760248,-0.8893537484660641,-1.0
143.0,47.666666666666664,48.0,5.312459150169743,41.0,54.0,54.0,41.0,3.0,0.0,3.0,-9.749999853750001,-0.202247672178112,-13.0,0.7592592591186557,0.7592592591186557,54.0,44.5,0.8240740739214677,54.0,1.0,0.0,-13.999999440000023,-0.3083013473224622,0.17592592589334705,1.1328671326294684,0.0,3.0,3.0,0.7592592591186557,0.6223776223340994,0.0,0.0,1.092360422434581,0.06060606057356788,0.11145019193822184,-0.7994508564549121,1.0
3113.0,1037.6666666666667,1041.0,282.51764939950607,690.0,1382.0,1382.0,690.0,3.0,0.0,3.0,-518.9999922150001,-0.5204028731167731,-692.0,0.49927641099494013,0.49927641099494013,1382.0,865.5,0.6262662807480011,1382.0,1.0,0.0,-701.9999719200011,-0.8215147642306936,0.3737337192447632,1.331834243482186,0.0,3.0,3.0,0.49927641099494013,0.5560552521665402,0.0,0.0,1.0607664160148005,0.14819573830015886,0.2722624311565533,-0.5720027181595373,1.0
176.0,58.666666666666664,60.0,4.189935029992179,53.0,63.0,63.0,60.0,3.0,0.0,3.0,-2.2499999662500003,-0.036006913849666394,-3.0,0.9523809522297808,0.9523809522297808,63.0,56.5,0.8968253966830436,63.0,1.0,0.0,13.999999440000023,0.24377962546688864,0.10317460315822626,1.0738636361805916,0.0,3.0,3.0,0.9523809522297808,0.6420454545089747,0.0,0.0,1.096031535453928,0.03787878785281795,0.07141934708996565,-0.86668273749364,-1.0
63.0,21.0,20.0,2.943920288775949,18.0,25.0,18.0,25.0,3.0,0.0,3.0,5.2499999212500015,0.23524316561263392,7.0,1.3888888881172838,0.9999999996,18.0,22.5,1.2499999993055555,25.0,3.0,2.0,0.0,0.0,0.0,1.190476189909297,0.0,3.0,3.0,0.9999999996,0.7142857141723356,0.0,0.0,1.0889564295874672,0.07407407399960819,0.14018668035114676,-0.7540987225950257,0.9999999999999999
322.0,107.33333333333333,115.0,23.098821518760552,76.0,131.0,131.0,115.0,3.0,0.0,3.0,-11.999999820000003,-0.0969087971563726,-16.0,0.8778625953528348,0.8778625953528348,131.0,95.5,0.7290076335321368,131.0,1.0,0.0,77.99999688000013,0.8195695057225806,0.2709923663915273,1.220496894296227,0.0,3.0,3.0,0.8778625953528348,0.5931677018449326,0.0,0.0,1.074384534733692,0.11387163559578473,0.2152064116454207,-0.6458109344558024,-1.0
271.0,90.33333333333333,71.0,31.67894498804459,65.0,135.0,71.0,65.0,3.0,0.0,3.0,-4.499999932500001,-0.06525853176334462,-6.0,0.9154929576175362,0.48148148144581615,71.0,100.0,1.408450704026979,135.0,2.0,1.0,0.0,0.0,0.5185185184801097,1.4944649444840077,1.0,3.0,3.0,0.48148148144581615,0.738007380046568,0.0,0.0,1.040504289609744,0.17220172199870198,0.3506894278731111,-0.48072529377729506,-0.9999999999999999
125.0,41.666666666666664,44.0,3.299831645537222,37.0,44.0,44.0,44.0,3.0,0.0,3.0,0.0,0.0,0.0,0.9999999997727272,0.9999999997727272,44.0,40.5,0.9204545452453512,44.0,1.0,0.0,13.999999440000023,0.3381526465617621,0.07954545452737603,1.0559999997465601,0.0,3.0,3.0,0.9999999997727272,0.64799999994816,0.0,0.0,1.0954125330752191,0.037333333296782234,0.0791959594738863,-0.8532315491016204,-1.0
2384.0,794.6666666666666,772.0,315.5749602797338,420.0,1192.0,772.0,420.0,3.0,0.0,3.0,-263.99999604000004,-0.4557346543427611,-352.0,0.5440414507701549,0.3523489932856347,772.0,806.0,1.0440414507636782,1192.0,2.0,1.0,0.0,0.0,0.6476510067059761,1.4999999999811242,1.0,3.0,3.0,0.3523489932856347,0.676174496641459,0.0,0.0,1.0175915073359187,0.21588366890163702,0.39711614128661404,-0.43152021573925997,-1.0
160.0,53.333333333333336,49.0,16.21384867602041,36.0,75.0,36.0,75.0,3.0,0.0,3.0,29.249999561250007,0.5398615626336566,39.0,2.0833333327546297,0.9999999998666668,36.0,62.0,1.7222222217438272,75.0,3.0,2.0,0.0,0.0,0.0,1.406249999736328,0.0,3.0,3.0,0.9999999998666668,0.7749999999515624,0.0,0.0,1.0531895372959321,0.1624999999688368,0.3040096626183809,-0.5337309662235233,1.0
164.0,54.666666666666664,54.0,12.256517540566822,40.0,70.0,54.0,70.0,3.0,0.0,3.0,11.999999820000003,0.19151001598398296,16.0,1.2962962960562414,0.9999999998571429,54.0,55.0,1.018518518329904,70.0,3.0,2.0,0.0,0.0,0.0,1.2804878046438133,0.0,3.0,3.0,0.9999999998571429,0.6707317072761748,0.0,0.0,1.0733116511713798,0.12195121948261622,0.22420458911569713,-0.6337138559999771,-1.0
19.0,6.333333333333333,9.0,4.4969125210773475,0.0,10.0,9.0,10.0,2.0,1.0,2.0,0.7499999887500002,0.07148263378100407,1.0,1.1111111098765432,0.9999999989999999,9.0,5.0,0.5555555549382716,10.0,3.0,2.0,0.0,0.0,0.0,1.578947365927978,0.0,1.0,1.0,0.9999999989999999,0.5263157891966759,0.0,0.0,0.6917616861970577,0.3508771926869807,0.710038817996362,-0.1695640925651241,-1.0
16798.0,5599.333333333333,5791.0,1243.9888352482196,3989.0,7018.0,3989.0,5791.0,3.0,0.0,3.0,1351.4999797275002,0.2795148139435097,1802.0,1.4517422912974387,0.8251638643476416,3989.0,6404.5,1.6055402356440072,7018.0,2.0,1.0,0.0,0.0,0.17483613565093356,1.2533634956520063,1.0,3.0,3.0,0.8251638643476416,0.762531253720227,0.0,0.0,1.0731870816594518,0.12021272373666458,0.2221673119263004,-0.6364371559291212,-1.0
95282.0,31760.666666666668,26005.0,9906.313015221936,23577.0,45700.0,45700.0,26005.0,3.0,0.0,3.0,-14771.249778431253,-0.4228446678096062,-19695.0,0.569037199124602,0.569037199124602,45700.0,24791.0,0.5424726477022883,45700.0,1.0,0.0,4855.999805760008,0.19602640567732935,0.4575273522974929,1.4388866732431815,0.0,3.0,3.0,0.569037199124602,0.5203711089187338,0.0,0.0,1.0523865816449995,0.15478964197499745,0.31190507174132,-0.5245005473948218,-1.0
3099.0,1033.0,783.0,512.3774650261921,569.0,1747.0,569.0,1747.0,3.0,0.0,3.0,883.4999867475002,0.8404433839335127,1178.0,3.0702987697175694,0.9999999999942759,569.0,1265.0,2.2231985939855323,1747.0,3.0,2.0,0.0,0.0,0.0,1.6911907066632026,0.0,3.0,3.0,0.9999999999942759,0.8163923846375721,0.0,0.0,0.9819129529639814,0.25341508013166947,0.49600916265366124,-0.33689020757243615,1.0
423.0,141.0,146.0,14.719601443879744,121.0,156.0,121.0,156.0,3.0,0.0,3.0,26.249999606250004,0.1891685676237597,35.0,1.2892561982405575,0.9999999999358974,121.0,151.0,1.2479338841943857,156.0,3.0,2.0,0.0,0.0,0.0,1.1063829786449373,0.0,3.0,3.0,0.9999999999358974,0.713947990526857,0.0,0.0,1.0930583261501818,0.05516154451230526,0.10439433647401276,-0.8109473526588837,0.9999999999999999
13855.0,4618.333333333333,4439.0,1084.3988606084429,3389.0,6027.0,3389.0,4439.0,3.0,0.0,3.0,787.4999881875002,0.20236833825330533,1050.0,1.3098259073434353,0.7365189978418176,3389.0,5233.0,1.544113307755845,6027.0,2.0,1.0,0.0,0.0,0.2634810021565232,1.3050162396218585,1.0,3.0,3.0,0.7365189978418176,0.7553951642001043,0.0,0.0,1.071201025084937,0.12693371827223388,0.23480307338998807,-0.6196914658683995,-1.0
43578.0,14526.0,11563.0,9499.929087454637,4659.0,27356.0,27356.0,4659.0,3.0,0.0,3.0,-17022.749744658755,-1.3274677221995475,-22697.0,0.17030998684011905,0.17030998684011905,27356.0,8111.0,0.2964980260270886,27356.0,1.0,0.0,-13807.999447680022,-1.817762679322583,0.7035019739725459,1.8832438386328767,0.0,3.0,3.0,0.17030998684011905,0.37225205378852355,0.0,0.0,0.8833561092105188,0.3472241345019904,0.6539948428643877,-0.2091936130439876,1.0
1242.0,414.0,416.0,62.069853122644545,337.0,489.0,416.0,489.0,3.0,0.0,3.0,54.74999917875001,0.1209893751645622,73.0,1.1754807692025124,0.9999999999795501,416.0,413.0,0.9927884615145964,489.0,3.0,2.0,0.0,0.0,0.0,1.1811594202613247,0.0,3.0,3.0,0.9999999999795501,0.66505636070318,0.0,0.0,1.087281585923071,0.08158883520822635,0.14992718145204173,-0.7392405643028592,-0.9999999999999999
2546.0,848.6666666666666,956.0,412.8351836858008,298.0,1292.0,1292.0,298.0,3.0,0.0,3.0,-745.4999888175001,-1.0982075875627648,-994.0,0.2306501547969764,0.2306501547969764,1292.0,627.0,0.4852941176433027,1292.0,1.0,0.0,-1315.9999473600021,-2.3267195430557552,0.5147058823489574,1.522388059683554,0.0,3.0,3.0,0.2306501547969764,0.4925373134309013,0.0,0.0,0.963115575360975,0.26027755956848186,0.4864515125855495,-0.3454862019073839,1.0
2601.0,867.0,890.0,94.0886107170611,742.0,969.0,742.0,890.0,3.0,0.0,3.0,110.99999833500003,0.13623628502124302,148.0,1.1994609164258834,0.9184726522093036,742.0,929.5,1.2526954177728746,969.0,2.0,1.0,0.0,0.0,0.08152734778037639,1.1176470588106384,1.0,3.0,3.0,0.9184726522093036,0.714725105725818,0.0,0.0,1.0926306394446526,0.05818275022248942,0.10852204234829975,-0.8042040875900437,-1.0
4521.0,1507.0,1261.0,942.1050896794901,496.0,2764.0,496.0,2764.0,3.0,0.0,3.0,1700.9999744850004,1.287154396587539,2268.0,5.57258064504894,0.9999999999963821,496.0,2012.5,4.057459677337551,2764.0,3.0,2.0,0.0,0.0,0.0,1.8341074983289045,0.0,3.0,3.0,0.9999999999963821,0.8902897589009284,0.0,0.0,0.8994105460333187,0.3344392833431631,0.6251526806059978,-0.23065360188040365,0.9999999999999998
9534.0,3178.0,3164.0,1370.1170266319102,1507.0,4863.0,4863.0,1507.0,3.0,0.0,3.0,-2516.9999622450005,-0.8783076431339617,-3356.0,0.30989101377686634,0.30989101377686634,4863.0,2335.5,0.480259099320419,4863.0,1.0,0.0,-3313.9998674400053,-1.4827375127112488,0.5197409006775247,1.5302076777799554,0.0,3.0,3.0,0.30989101377686634,0.4899307740712293,0.0,0.0,1.001030137965906,0.23466890427188036,0.4311255590395214,-0.39750141932977817,1.0
138710.0,46236.666666666664,52477.0,10522.50351495414,31417.0,54816.0,54816.0,31417.0,3.0,0.0,3.0,-17549.249736761252,-0.4174645345478066,-23399.0,0.5731355808522014,0.5731355808522014,54816.0,41947.0,0.7652327787505901,54816.0,1.0,0.0,-42119.99831520007,-1.0260260731105446,0.23476722124922747,1.1855525917379024,0.0,3.0,3.0,0.5731355808522014,0.6048158027539035,0.0,0.0,1.0709749283582162,0.11246004854248803,0.227579197929894,-0.6292227852772738,0.9999999999999999
17272.0,5757.333333333333,5836.0,3128.492963428593,1887.0,9549.0,9549.0,1887.0,3.0,0.0,3.0,-5746.499913802501,-1.2157672968404885,-7662.0,0.19761231542549207,0.19761231542549207,9549.0,3861.5,0.4043878940198927,9549.0,1.0,0.0,-7897.999684080013,-2.2573977067007838,0.5956121059790599,1.658580361275489,0.0,3.0,3.0,0.19761231542549207,0.4471398795736179,0.0,0.0,0.9361695725136971,0.29573876794780984,0.5433927101823459,-0.29584647303535,1.0
12433.0,4144.333333333333,3502.0,1528.5287770343816,2678.0,6253.0,3502.0,6253.0,3.0,0.0,3.0,2063.2499690512504,0.43470112959470836,2751.0,1.7855511136442446,0.9999999999984008,3502.0,4465.5,1.275128497997501,6253.0,3.0,2.0,0.0,0.0,0.0,1.5088072066238831,0.0,3.0,3.0,0.9999999999984008,0.7183302501401766,0.0,0.0,1.0332371063263532,0.1916941472957654,0.3688238020664426,-0.461108432639972,-1.0
2956.0,985.3333333333334,686.0,470.0328593714368,621.0,1649.0,621.0,686.0,3.0,0.0,3.0,48.74999926875001,0.07454564849419258,65.0,1.1046698872607943,0.41600970284768946,621.0,1167.5,1.8800322060888883,1649.0,2.0,1.0,0.0,0.0,0.5839902971462463,1.6735453315121087,1.0,3.0,3.0,0.41600970284768946,0.7899188091989516,0.0,0.0,0.9923683836068665,0.23184483536133826,0.47702928893775354,-0.3540692895996711,-1.0
2991.0,997.0,977.0,437.05453511737716,472.0,1542.0,1542.0,472.0,3.0,0.0,3.0,-802.4999879625002,-0.886791334601551,-1070.0,0.30609597924574516,0.30609597924574516,1542.0,724.5,0.46984435797360674,1542.0,1.0,0.0,-1009.9999596000016,-1.4528285049726302,0.5301556420199083,1.5466399197437648,0.0,3.0,3.0,0.30609597924574516,0.48445336007862105,0.0,0.0,0.998412892872435,0.23849325754867734,0.43836964404512885,-0.3904631596404992,1.0
802.0,267.3333333333333,285.0,56.51155240794183,191.0,326.0,191.0,326.0,3.0,0.0,3.0,101.24999848125002,0.39934859316187504,135.0,1.7068062826331514,0.9999999999693251,191.0,305.5,1.5994764397068337,326.0,3.0,2.0,0.0,0.0,0.0,1.219451371525457,0.0,3.0,3.0,0.9999999999693251,0.7618453865241666,0.0,0.0,1.07529790174935,0.112219451365563,0.21138984690459325,-0.6509961719368031,1.0
2305.0,768.3333333333334,722.0,343.270868104022,373.0,1210.0,373.0,1210.0,3.0,0.0,3.0,627.7499905837501,0.881209446385778,837.0,3.243967828331261,0.9999999999917356,373.0,966.0,2.589812332370246,1210.0,3.0,2.0,0.0,0.0,0.0,1.5748373101747308,0.0,3.0,3.0,0.9999999999917356,0.8381778741829147,0.0,0.0,0.9966297043122784,0.24208242949880643,0.44677336412089486,-0.38238652271722456,1.0
464.0,154.66666666666666,146.0,31.626290048347787,121.0,197.0,146.0,121.0,3.0,0.0,3.0,-18.749999718750004,-0.13980865443697962,-25.0,0.8287671232309063,0.6142131979383648,146.0,159.0,1.089041095815819,197.0,2.0,1.0,0.0,0.0,0.38578680201087373,1.2737068964693725,1.0,3.0,3.0,0.6142131979383648,0.6853448275714366,0.0,0.0,1.0780561971016347,0.10919540228848779,0.20448032357523482,-0.660467141545978,-1.0
182.0,60.666666666666664,17.0,62.46243315430128,16.0,149.0,16.0,17.0,3.0,0.0,3.0,0.7499999887500002,0.042868809736929116,1.0,1.0624999993359374,0.1140939597238863,16.0,83.0,5.187499996757812,149.0,2.0,1.0,0.0,0.0,0.8859060402089995,2.456043955639114,1.0,3.0,3.0,0.1140939597238863,0.9120879120377974,0.0,0.0,0.5989844884120341,0.48717948714614456,1.0296005463297573,0.014584419849571305,-1.0
2824.0,941.3333333333334,447.0,784.0128967193219,329.0,2048.0,329.0,2048.0,3.0,0.0,3.0,1289.2499806612502,1.3695108497911181,1719.0,6.224924011968847,0.9999999999951172,329.0,1247.5,3.7917933129546566,2048.0,3.0,2.0,0.0,0.0,0.0,2.175637393744593,0.0,3.0,3.0,0.9999999999951172,0.8834985835662766,0.0,0.0,0.7752416385261292,0.40580736543704066,0.832874890273718,-0.09118195169922412,1.0
145.0,48.333333333333336,55.0,22.543784558547888,18.0,72.0,72.0,18.0,3.0,0.0,3.0,-40.49999939250001,-1.009515331343733,-54.0,0.2499999999652778,0.2499999999652778,72.0,36.5,0.5069444443740355,72.0,1.0,0.0,-73.99999704000012,-2.161825336664405,0.49305555548707564,1.4896551721055884,0.0,3.0,3.0,0.2499999999652778,0.5034482758273484,0.0,0.0,0.9743201135142874,0.24827586203260665,0.46642312870104113,-0.36386283102661177,1.0
7197.0,2399.0,2009.0,1475.2852831458283,819.0,4369.0,819.0,2009.0,3.0,0.0,3.0,892.4999866125002,0.6724392355095282,1190.0,2.452991452961502,0.4598306248558942,819.0,3189.0,3.893772893725351,4369.0,2.0,1.0,0.0,0.0,0.540169375141817,1.82117548977982,1.0,3.0,3.0,0.4598306248558942,0.8862025844089396,0.0,0.0,0.9065165985787135,0.32884072066988,0.6149584339890283,-0.2384219667225313,-1.0
2071.0,690.3333333333334,564.0,297.46297622094454,406.0,1101.0,1101.0,406.0,3.0,0.0,3.0,-521.2499921812501,-0.7470515919969254,-695.0,0.36875567665423475,0.36875567665423475,1101.0,485.0,0.44050862851552675,1101.0,1.0,0.0,-315.9999873600005,-0.6560250651666909,0.5594913714753906,1.594881699638896,0.0,3.0,3.0,0.36875567665423475,0.4683727667770721,0.0,0.0,1.0095553335684637,0.2237244487340142,0.4308975995412393,-0.39772405839994074,1.0
4219.0,1406.3333333333333,1623.0,649.4804761414224,525.0,2071.0,2071.0,525.0,3.0,0.0,3.0,-1159.4999826075002,-1.0282262775578535,-1546.0,0.2535007242865596,0.2535007242865596,2071.0,1074.0,0.5185900531119334,2071.0,1.0,0.0,-2195.9999121600035,-2.2546925257801256,0.481409946883238,1.4726238445024467,0.0,3.0,3.0,0.2535007242865596,0.509125385161154,0.0,0.0,0.9761123888521188,0.24429169629329417,0.46182541559858087,-0.3681524336980689,1.0
232.0,77.33333333333333,77.0,15.107025591499546,59.0,96.0,59.0,77.0,3.0,0.0,3.0,13.499999797500003,0.19677319539902052,18.0,1.305084745541511,0.8020833332497831,59.0,86.5,1.4661016946667624,96.0,2.0,1.0,0.0,0.0,0.19791666664605037,1.2413793101843045,1.0,3.0,3.0,0.8020833332497831,0.745689655140272,0.0,0.0,1.079387575182982,0.1063218390597751,0.1953494688303369,-0.6731508667734738,-0.9999999999999999
1485.0,495.0,377.0,297.7056712033996,204.0,904.0,904.0,204.0,3.0,0.0,3.0,-524.9999921250001,-1.1136937067157322,-700.0,0.225663716811663,0.225663716811663,904.0,290.5,0.32134955751856914,904.0,1.0,0.0,-345.99998616000056,-1.2237683840116238,0.6786504424703689,1.826262626225732,0.0,3.0,3.0,0.225663716811663,0.3912457912431566,0.0,0.0,0.9228827514966063,0.31425364758328267,0.6014255983785562,-0.2488872427197357,1.0
25005.0,8335.0,10589.0,3251.484584001591,3737.0,10679.0,10589.0,3737.0,3.0,0.0,3.0,-5138.999922915001,-0.781019576219665,-6852.0,0.35291340069850513,0.34993913287728257,10589.0,7208.0,0.6807063934264985,10679.0,2.0,1.0,0.0,0.0,0.6500608671217809,1.2812237552474128,1.0,3.0,3.0,0.34993913287728257,0.5765246950607572,0.0,0.0,1.011302709384573,0.18508298340311713,0.390100130053712,-0.4387452793933068,-0.9999999999999998
28855.0,9618.333333333334,11779.0,3246.9925914434866,5029.0,12047.0,5029.0,11779.0,3.0,0.0,3.0,5062.499924062501,0.6382373860102837,6750.0,2.34221515211306,0.9777537976251532,5029.0,11913.0,2.3688606084661585,12047.0,2.0,1.0,0.0,0.0,0.02224620237401656,1.2525038988030643,1.0,3.0,3.0,0.9777537976251532,0.8257147808002683,0.0,0.0,1.034905970846647,0.16214405360116735,0.33758370384059366,-0.4952335276337293,-1.0
70.0,23.333333333333332,22.0,6.599663291074443,16.0,32.0,32.0,16.0,3.0,0.0,3.0,-11.999999820000003,-0.4974706555956382,-16.0,0.49999999984375,0.49999999984375,32.0,19.0,0.5937499998144531,32.0,1.0,0.0,-11.999999520000019,-0.6045617195633982,0.4062499998730469,1.3714285708408163,0.0,3.0,3.0,0.49999999984375,0.5428571427795919,0.0,0.0,1.058953781308922,0.1523809523102042,0.2828427123534007,-0.5590375813901522,1.0
96814.0,32271.333333333332,29046.0,9105.152289897309,23088.0,44680.0,23088.0,29046.0,3.0,0.0,3.0,4468.499932972501,0.17216916799588655,5958.0,1.2580561330555882,0.6500895255146263,23088.0,36863.0,1.5966302841295925,44680.0,2.0,1.0,0.0,0.0,0.34991047448515,1.3845105046786463,1.0,3.0,3.0,0.6500895255146263,0.7615220939119589,0.0,0.0,1.0599134121191065,0.14868373031443527,0.28214366589215883,-0.5598875954419841,-1.0
308.0,102.66666666666667,101.0,46.14710777021194,47.0,160.0,101.0,47.0,3.0,0.0,3.0,-40.49999939250001,-0.5653288433023523,-54.0,0.46534653460739145,0.2937499999816406,101.0,103.5,1.0247524751460642,160.0,2.0,1.0,0.0,0.0,0.7062499999558594,1.5584415582897622,1.0,3.0,3.0,0.2937499999816406,0.6720779220561014,0.0,0.0,0.9927234263178734,0.24458874457166746,0.4494848158998418,-0.3798005870527144,-0.9999999999999998
61.0,20.333333333333332,24.0,5.90668171555645,12.0,25.0,24.0,12.0,3.0,0.0,3.0,-8.999999865000001,-0.4904448431983252,-12.0,0.49999999979166665,0.479999999808,24.0,18.5,0.7708333330121527,25.0,2.0,1.0,0.0,0.0,0.519999999792,1.2295081961166354,1.0,3.0,3.0,0.479999999808,0.6065573769497447,0.0,0.0,1.0524465335420021,0.14207650265161686,0.29049254324515694,-0.5497958589352759,-1.0
2601.0,867.0,756.0,387.2991952827512,458.0,1387.0,756.0,458.0,3.0,0.0,3.0,-223.49999664750004,-0.37523477690415574,-298.0,0.6058201058120923,0.3302090843523417,756.0,922.5,1.2202380952219545,1387.0,2.0,1.0,0.0,0.0,0.6697909156404486,1.599769319474051,1.0,3.0,3.0,0.3302090843523417,0.709342560550906,0.0,0.0,1.0002489355461743,0.23811354607000967,0.446711874600097,-0.3824452782219058,-1.0
33006.0,11002.0,14432.0,5250.262469629494,3584.0,14990.0,3584.0,14990.0,3.0,0.0,3.0,8554.499871682501,1.0730186441386653,11406.0,4.182477678559759,0.9999999999993329,3584.0,14711.0,4.104631696417119,14990.0,3.0,2.0,0.0,0.0,0.0,1.3624795491716393,0.0,3.0,3.0,0.9999999999993329,0.8914136823605129,0.0,0.0,0.9612700135731531,0.23038235472322577,0.47720982272538826,-0.353903805154218,1.0
369.0,123.0,138.0,27.067816067549053,85.0,146.0,85.0,138.0,3.0,0.0,3.0,39.74999940375001,0.36009497225646353,53.0,1.6235294115737025,0.9452054793873147,85.0,142.0,1.670588235097578,146.0,2.0,1.0,0.0,0.0,0.054794520544192156,1.1869918698221957,1.0,3.0,3.0,0.9452054793873147,0.7696476964561071,0.0,0.0,1.0728754203780395,0.1102077687313141,0.2200635452467351,-0.6392588793514329,-1.0
4023.0,1341.0,1266.0,910.7143716153087,265.0,2492.0,2492.0,265.0,3.0,0.0,3.0,-1670.2499749462504,-1.6783093058817542,-2227.0,0.10634028892413186,0.10634028892413186,2492.0,765.5,0.3071829855525394,2492.0,1.0,0.0,-2001.9999199200033,-3.1218216182060146,0.6928170144434478,1.858314690515598,0.0,3.0,3.0,0.10634028892413186,0.38056176982256884,0.0,0.0,0.8396828269902916,0.3690446598709898,0.6791307767401323,-0.19109245551162296,1.0
242.0,80.66666666666667,88.0,21.853044537445015,51.0,103.0,88.0,51.0,3.0,0.0,3.0,-27.749999583750007,-0.40304448231736684,-37.0,0.5795454544795972,0.4951456310198888,88.0,77.0,0.8749999999005682,103.0,2.0,1.0,0.0,0.0,0.5048543688830239,1.276859503973943,1.0,3.0,3.0,0.4951456310198888,0.6363636363373403,0.0,0.0,1.0595747834305804,0.14325068868489566,0.27090551076118957,-0.5736811139312501,-1.0
5034.0,1678.0,2151.0,706.7309719169428,679.0,2204.0,2204.0,679.0,3.0,0.0,3.0,-1143.7499828437503,-0.8822924790487087,-1525.0,0.30807622504397425,0.30807622504397425,2204.0,1415.0,0.6420145190533484,2204.0,1.0,0.0,-2943.999882240005,-2.3041201540582406,0.3579854809421144,1.313468414771672,0.0,3.0,3.0,0.30807622504397425,0.5621771950723834,0.0,0.0,0.995153892817433,0.2019600052962951,0.42117459589554895,-0.4072866245781339,1.0
78820.0,26273.333333333332,25478.0,3750.1197610506015,22130.0,31212.0,22130.0,31212.0,3.0,0.0,3.0,6811.499897827502,0.2578914967294111,9082.0,1.4103931314950697,0.9999999999996796,22130.0,28345.0,1.2808404880247262,31212.0,3.0,2.0,0.0,0.0,0.0,1.187972595787419,0.0,3.0,3.0,0.9999999999996796,0.7192336970311192,0.0,0.0,1.088525008740042,0.07681637486249637,0.14273482977857807,-0.7501873119480826,1.0
894.0,298.0,272.0,48.52490769354092,256.0,366.0,256.0,272.0,3.0,0.0,3.0,11.999999820000003,0.04529678203785302,16.0,1.062499999958496,0.7431693988867987,256.0,319.0,1.2460937499513245,366.0,2.0,1.0,0.0,0.0,0.25683060108587896,1.2281879194218728,1.0,3.0,3.0,0.7431693988867987,0.7136465324304961,0.0,0.0,1.085742254857791,0.08202833705661705,0.16283526071111598,-0.7199340848534042,-1.0
204.0,68.0,72.0,12.569805089976535,51.0,81.0,81.0,72.0,3.0,0.0,3.0,-6.749999898750001,-0.087194853278974,-9.0,0.8888888887791496,0.8888888887791496,81.0,61.5,0.7592592591655236,81.0,1.0,0.0,41.99999832000007,0.6784314179966702,0.24074074071101967,1.1911764704130623,0.0,3.0,3.0,0.8888888887791496,0.6029411764410323,0.0,0.0,1.0808972039189217,0.0980392156628862,0.1848500748254123,-0.6879772743801711,-1.0
302.0,100.66666666666667,105.0,8.339997335464536,89.0,108.0,105.0,108.0,3.0,0.0,3.0,2.2499999662500003,0.02093159077383354,3.0,1.0285714284734695,0.9999999999074075,105.0,98.5,0.9380952380058958,108.0,3.0,2.0,0.0,0.0,0.0,1.0728476820126311,0.0,3.0,3.0,0.9999999999074075,0.652317880773102,0.0,0.0,1.09511361956674,0.0419426048413325,0.08284765564208006,-0.8469818810428621,-0.9999999999999999
91.0,30.333333333333332,31.0,6.548960901462833,22.0,38.0,38.0,31.0,3.0,0.0,3.0,-5.2499999212500015,-0.14836930527190023,-7.0,0.815789473469529,0.815789473469529,38.0,26.5,0.6973684208691135,38.0,1.0,0.0,17.99999928000003,0.6604833473218199,0.3026315788677285,1.252747252334259,0.0,3.0,3.0,0.815789473469529,0.5824175823535805,0.0,0.0,1.0747626795941994,0.11721611716298352,0.2158998098671594,-0.6448723681343741,-1.0
23439.0,7813.0,8009.0,1719.4210265861782,5616.0,9814.0,5616.0,9814.0,3.0,0.0,3.0,3148.499952772501,0.41858557935481233,4198.0,1.7475071225040109,0.9999999999989809,5616.0,8911.5,1.58680555555273,9814.0,3.0,2.0,0.0,0.0,0.0,1.2561116088554254,0.0,3.0,3.0,0.9999999999989809,0.7603993344422713,0.0,0.0,1.0737816886910645,0.11940213604086458,0.22007180680711347,-0.6392477793849299,1.0
222.0,74.0,74.0,27.760883751542686,40.0,108.0,74.0,40.0,3.0,0.0,3.0,-25.499999617500006,-0.4529370283299462,-34.0,0.5405405404674946,0.37037037033607684,74.0,74.0,0.999999999864865,108.0,2.0,1.0,0.0,0.0,0.6296296295713306,1.4594594592622354,1.0,3.0,3.0,0.37037037033607684,0.6666666666366367,0.0,0.0,1.0255324873769416,0.20420420418111807,0.37514707767285427,-0.4543898847892272,-1.0
4629.0,1543.0,1676.0,380.4549907676334,1025.0,1928.0,1025.0,1928.0,3.0,0.0,3.0,677.2499898412501,0.4735004832787535,903.0,1.8809756097377468,0.9999999999948134,1025.0,1802.0,1.7580487804706533,1928.0,3.0,2.0,0.0,0.0,0.0,1.249513933886912,0.0,3.0,3.0,0.9999999999948134,0.7785698855027466,0.0,0.0,1.066470763896288,0.1300496867563452,0.24656836731378334,-0.6044045817585582,1.0
89.0,29.666666666666668,30.0,3.6817870057290873,25.0,34.0,34.0,25.0,3.0,0.0,3.0,-6.749999898750001,-0.22293863925686894,-9.0,0.7352941174307959,0.7352941174307959,34.0,27.5,0.8088235291738755,34.0,1.0,0.0,-9.999999600000017,-0.3517813188560755,0.19117647053200693,1.1460674153440222,0.0,3.0,3.0,0.7352941174307959,0.617977528020452,0.0,0.0,1.0908377757240169,0.06741573028461612,0.12410517992656299,-0.7791929397510471,0.9999999999999999
243.0,81.0,97.0,36.88721549082645,30.0,116.0,97.0,116.0,3.0,0.0,3.0,14.249999786250003,0.13290484010181539,19.0,1.1958762885365077,0.9999999999137932,97.0,73.0,0.7525773195100436,116.0,3.0,2.0,0.0,0.0,0.0,1.4320987652552966,0.0,3.0,3.0,0.9999999999137932,0.6008230452427644,0.0,0.0,0.977837794987741,0.23593964332552453,0.4553977220527466,-0.3741948125737544,-1.0
1215.0,405.0,374.0,53.29790489941107,361.0,480.0,361.0,480.0,3.0,0.0,3.0,89.24999866125002,0.2131672905124835,119.0,1.3296398891598438,0.9999999999791667,361.0,427.0,1.1828254847317776,480.0,3.0,2.0,0.0,0.0,0.0,1.1851851851559214,0.0,3.0,3.0,0.9999999999791667,0.702880658430429,0.0,0.0,1.0901751249466713,0.06529492455034691,0.13159976518048166,-0.7674093451727816,1.0
27960.0,9320.0,9038.0,788.2465773263253,8527.0,10395.0,8527.0,10395.0,3.0,0.0,3.0,1400.9999789850003,0.14854968478857197,1868.0,1.2190688401533727,0.9999999999990379,8527.0,9716.5,1.1394980649687585,10395.0,3.0,2.0,0.0,0.0,0.0,1.1153433476382881,0.0,3.0,3.0,0.9999999999990379,0.6950286123030418,0.0,0.0,1.0950790874731413,0.04453981878858171,0.08457581301775531,-0.8440389099532553,0.9999999999999999
5615.0,1871.6666666666667,2096.0,510.6690600466107,1165.0,2354.0,1165.0,2354.0,3.0,0.0,3.0,891.7499866237501,0.5272212217467421,1189.0,2.0206008583517545,0.999999999995752,1165.0,2225.0,1.9098712446187995,2354.0,3.0,2.0,0.0,0.0,0.0,1.2577025823619357,0.0,3.0,3.0,0.999999999995752,0.7925200356174665,0.0,0.0,1.0585989125809054,0.14116948649363348,0.27284188426209205,-0.57128707400615,1.0
84338.0,28112.666666666668,28172.0,520.9838982370014,27447.0,28719.0,28719.0,28172.0,3.0,0.0,3.0,-410.2499938462501,-0.014422253550744371,-547.0,0.9809533758135796,0.9809533758135796,28719.0,27809.5,0.9683310700229923,28719.0,1.0,0.0,1449.9999420000024,0.052141531783212056,0.03166892997665947,1.0215679764752466,0.0,3.0,3.0,0.9809533758135796,0.6594773411747185,0.0,0.0,1.0984403767575495,0.010054779577361561,0.018531998561863553,-0.9636103753476414,-1.0
6146.0,2048.6666666666665,1915.0,885.6494164673112,1037.0,3194.0,1037.0,1915.0,3.0,0.0,3.0,658.4999901225001,0.4597079142081102,878.0,1.8466730954498876,0.5995616781446476,1037.0,2554.5,2.463355834113179,3194.0,2.0,1.0,0.0,0.0,0.40043832185222156,1.5590628050688626,1.0,3.0,3.0,0.5995616781446476,0.8312723722732976,0.0,0.0,1.0037294271290662,0.23397331597702165,0.43230527975739746,-0.3963503648704534,-1.0
105.0,35.0,35.0,9.797958971132712,23.0,47.0,35.0,23.0,3.0,0.0,3.0,-8.999999865000001,-0.3040988265196407,-12.0,0.657142856955102,0.48936170202354007,35.0,35.0,0.9999999997142857,47.0,2.0,1.0,0.0,0.0,0.510638297763694,1.3428571424734694,1.0,3.0,3.0,0.48936170202354007,0.6666666666031746,0.0,0.0,1.0586223869042142,0.1523809523337869,0.2799416848095227,-0.5625711885552973,-1.0
3982.0,1327.3333333333333,1130.0,709.5112558812737,574.0,2278.0,1130.0,2278.0,3.0,0.0,3.0,860.9999870850002,0.525475906965034,1148.0,2.015929203521983,0.9999999999956102,1130.0,1426.0,1.2619469026436998,2278.0,3.0,2.0,0.0,0.0,0.0,1.7162230035028916,0.0,3.0,3.0,0.9999999999956102,0.7162230035140226,0.0,0.0,0.9561347406610291,0.2852837769951293,0.5345388668075803,-0.3033231306504608,-1.0
85.0,28.333333333333332,27.0,1.8856180831641267,27.0,31.0,27.0,27.0,3.0,0.0,3.0,0.0,0.0,0.0,0.9999999996296296,0.8709677416545265,27.0,29.0,1.0740740736762688,31.0,2.0,1.0,0.0,0.0,0.1290322580228928,1.0941176466726643,1.0,3.0,3.0,0.8709677416545265,0.6823529410961938,0.0,0.0,1.0964301495230073,0.0313725489660901,0.06655122644112757,-0.87520294390422,-0.9999999999999999
12800.0,4266.666666666667,3682.0,917.3822661367627,3556.0,5562.0,5562.0,3682.0,3.0,0.0,3.0,-1409.9999788500004,-0.30930741558305963,-1880.0,0.661992089175365,0.661992089175365,5562.0,3619.0,0.6506652283339615,5562.0,1.0,0.0,251.99998992000042,0.06962028620840947,0.3493347716642407,1.3035937499969446,0.0,3.0,3.0,0.661992089175365,0.5654687499995582,0.0,0.0,1.0764175878371427,0.10447916666629231,0.21501146862529982,-0.646074997350038,-1.0
2179.0,726.3333333333334,607.0,233.76531441217327,519.0,1053.0,519.0,1053.0,3.0,0.0,3.0,400.4999939925001,0.5298891801960384,534.0,2.0289017340649536,0.9999999999905034,519.0,830.0,1.599229287059745,1053.0,3.0,2.0,0.0,0.0,0.0,1.4497475906179473,0.0,3.0,3.0,0.9999999999905034,0.7618173474035713,0.0,0.0,1.049190532539591,0.16337769618862374,0.3218430212147152,-0.5130389674776364,1.0
119.0,39.666666666666664,36.0,5.185449728701348,36.0,47.0,47.0,36.0,3.0,0.0,3.0,-8.249999876250001,-0.19521232076956496,-11.0,0.765957446645541,0.765957446645541,47.0,36.0,0.765957446645541,47.0,1.0,0.0,0.0,0.0,0.23404255314169306,1.1848739492811242,0.0,3.0,3.0,0.765957446645541,0.6050420167558789,0.0,0.0,1.0902974360480473,0.06162464982086946,0.130725623379683,-0.7687756944695371,
1842.0,614.0,335.0,399.5255519571516,328.0,1179.0,328.0,1179.0,3.0,0.0,3.0,638.2499904262502,0.9579089606521193,851.0,3.594512195012362,0.9999999999915183,328.0,757.0,2.307926829197929,1179.0,3.0,2.0,0.0,0.0,0.0,1.9201954397081402,0.0,3.0,3.0,0.9999999999915183,0.8219326818630731,0.0,0.0,0.9028484812366767,0.3079985522952564,0.6506930813528414,-0.2116122752175068,1.0
5544.0,1848.0,1905.0,841.5489686682924,790.0,2849.0,2849.0,790.0,3.0,0.0,3.0,-1544.2499768362504,-0.9613322147012979,-2059.0,0.277290277289304,0.277290277289304,2849.0,1347.5,0.47297297297131285,2849.0,1.0,0.0,-2229.999910800004,-1.7589281625358593,0.5270270270251772,1.5416666666583243,0.0,3.0,3.0,0.277290277289304,0.4861111111102343,0.0,0.0,0.9868270964834169,0.24759499759404702,0.4553836410518066,-0.3742081081447278,1.0
1235.0,411.6666666666667,389.0,46.147107770211946,370.0,476.0,370.0,389.0,3.0,0.0,3.0,14.249999786250003,0.03745850682531532,19.0,1.0513513513229364,0.8172268907391339,370.0,432.5,1.1689189188873266,476.0,2.0,1.0,0.0,0.0,0.1827731092398577,1.156275303615637,1.0,3.0,3.0,0.8172268907391339,0.700404858293924,0.0,0.0,1.0924559050007434,0.0572199730056937,0.11209823749576751,-0.7984022746761346,-1.0
1701.0,567.0,499.0,185.95339918018885,381.0,821.0,821.0,381.0,3.0,0.0,3.0,-329.99999505000005,-0.5747398312161057,-440.0,0.46406820949495653,0.46406820949495653,821.0,440.0,0.5359317904928632,821.0,1.0,0.0,-235.99999056000038,-0.5383749580962339,0.46406820949495653,1.4479717812795772,0.0,3.0,3.0,0.46406820949495653,0.5173427395619205,0.0,0.0,1.04647513662627,0.17244757985203663,0.32796013964181525,-0.5060693015392874,1.0
90.0,30.0,27.0,4.242640687119285,27.0,36.0,27.0,27.0,3.0,0.0,3.0,0.0,0.0,0.0,0.9999999996296296,0.7499999997916666,27.0,31.5,1.166666666234568,36.0,2.0,1.0,0.0,0.0,0.24999999993055555,1.1999999996,1.0,3.0,3.0,0.7499999997916666,0.6999999999222223,0.0,0.0,1.0888999759205877,0.0666666666148148,0.14142135619016905,-0.7522013135817412,-1.0
8417.0,2805.6666666666665,1616.0,1916.1162687988315,1292.0,5509.0,5509.0,1292.0,3.0,0.0,3.0,-3162.7499525587505,-1.0871996262233323,-4217.0,0.2345253221996106,0.2345253221996106,5509.0,1454.0,0.2639317480481686,5509.0,1.0,0.0,-647.999974080001,-0.44721494372190085,0.7360682519500162,1.9635261969752995,0.0,3.0,3.0,0.2345253221996106,0.34549126767215693,0.0,0.0,0.881938229005057,0.3340065739964091,0.6829450880807897,-0.18839290370264652,1.0
874.0,291.3333333333333,262.0,88.9993757780856,200.0,412.0,200.0,412.0,3.0,0.0,3.0,158.99999761500004,0.540107005574863,212.0,2.059999999897,0.9999999999757281,200.0,337.0,1.68499999991575,412.0,3.0,2.0,0.0,0.0,0.0,1.414187642972053,0.0,3.0,3.0,0.9999999999757281,0.7711670480460965,0.0,0.0,1.0531360383003319,0.16170861936882153,0.30548984819804587,-0.5319919972769258,1.0
92.0,30.666666666666668,19.0,18.660713336371206,16.0,57.0,19.0,16.0,3.0,0.0,3.0,-2.2499999662500003,-0.12188919529499309,-3.0,0.8421052627146814,0.280701754336719,19.0,36.5,1.921052630567867,57.0,2.0,1.0,0.0,0.0,0.7192982454878424,1.8586956515678166,1.0,3.0,3.0,0.280701754336719,0.7934782607833176,0.0,0.0,0.9265746478854484,0.29710144921628867,0.608501521639767,-0.24339329044279528,-1.0
33340.0,11113.333333333334,8261.0,6883.483339769836,4479.0,20600.0,20600.0,4479.0,3.0,0.0,3.0,-12090.749818638753,-1.144287411745505,-16121.0,0.21742718446591386,0.21742718446591386,20600.0,6370.0,0.30922330097072365,20600.0,1.0,0.0,-7563.999697440012,-1.2240872361318684,0.6907766990287909,1.8536292741435028,0.0,3.0,3.0,0.21742718446591386,0.38212357528482843,0.0,0.0,0.9128680724575717,0.32235552889405583,0.6193896226541968,-0.23503323228728537,1.0
3374.0,1124.6666666666667,789.0,506.1359062105312,745.0,1840.0,745.0,1840.0,3.0,0.0,3.0,821.2499876812502,0.6775039256094294,1095.0,2.469798657684969,0.9999999999945652,745.0,1314.5,1.7644295301776587,1840.0,3.0,2.0,0.0,0.0,0.0,1.6360403082249315,0.0,3.0,3.0,0.9999999999945652,0.7791938352081234,0.0,0.0,1.0039834225235749,0.21636040308086368,0.45003192608716436,-0.37927997584715556,1.0
68.0,22.666666666666668,21.0,2.3570226039551585,21.0,26.0,26.0,21.0,3.0,0.0,3.0,-3.7499999437500007,-0.15359580718057267,-5.0,0.8076923073816568,0.8076923073816568,26.0,21.0,0.8076923073816568,26.0,1.0,0.0,0.0,0.0,0.19230769223372782,1.1470588230233563,0.0,3.0,3.0,0.8076923073816568,0.617647058732699,0.0,0.0,1.093324582358682,0.04901960777537484,0.10398629130508656,-0.8116166978799229,
166.0,55.333333333333336,54.0,9.843215373488933,44.0,68.0,44.0,54.0,3.0,0.0,3.0,7.499999887500001,0.15050301933906837,10.0,1.2272727269938015,0.7941176469420416,44.0,61.0,1.3863636360485536,68.0,2.0,1.0,0.0,0.0,0.20588235291089968,1.2289156624285091,1.0,3.0,3.0,0.7941176469420416,0.734939758991871,0.0,0.0,1.0828552208769016,0.09638554213996553,0.17788943442849467,-0.697952236739152,-1.0
9428.0,3142.6666666666665,3304.0,522.9061951142756,2437.0,3687.0,2437.0,3304.0,3.0,0.0,3.0,650.2499902462501,0.2281938282605199,867.0,1.3557652851811417,0.8961215079986544,2437.0,3495.5,1.434345506764734,3687.0,2.0,1.0,0.0,0.0,0.10387849199863337,1.1732074671154862,1.0,3.0,3.0,0.8961215079986544,0.7415146372499559,0.0,0.0,1.084332130136542,0.08838919530426326,0.1663893281011705,-0.7146933290728305,-1.0
13564.0,4521.333333333333,3287.0,2322.146181636481,2503.0,7774.0,2503.0,3287.0,3.0,0.0,3.0,587.9999911800002,0.2042925149026739,784.0,1.3132241310375021,0.42281965526058296,2503.0,5530.5,2.2095485417410727,7774.0,2.0,1.0,0.0,0.0,0.5771803447381307,1.7194043055107948,1.0,3.0,3.0,0.42281965526058296,0.8154674137416577,0.0,0.0,0.9743664756939631,0.259068121497692,0.5135976514961689,-0.32135511575405645,-1.0
150.0,50.0,50.0,9.797958971132712,38.0,62.0,38.0,50.0,3.0,0.0,3.0,8.999999865000001,0.20119798692803975,12.0,1.31578947333795,0.8064516127731529,38.0,56.0,1.4736842101385041,62.0,2.0,1.0,0.0,0.0,0.19354838706555672,1.239999999752,1.0,3.0,3.0,0.8064516127731529,0.7466666666168889,0.0,0.0,1.079223587179134,0.10666666663466673,0.19595917938346238,-0.6722978796241477,-1.0
495.0,165.0,123.0,83.8212383587835,90.0,282.0,90.0,282.0,3.0,0.0,3.0,143.99999784000002,0.850940530580683,192.0,3.1333333329851856,0.999999999964539,90.0,202.5,2.24999999975,282.0,3.0,2.0,0.0,0.0,0.0,1.7090909089873279,0.0,3.0,3.0,0.999999999964539,0.8181818181652892,0.0,0.0,0.9764782950335192,0.2585858585751388,0.5080075051739601,-0.326253346271429,1.0
17881.0,5960.333333333333,5992.0,2364.27188697822,3049.0,8840.0,3049.0,5992.0,3.0,0.0,3.0,2207.2499668912506,0.5065878905437283,2943.0,1.9652345031093301,0.6778280542978757,3049.0,7416.0,2.4322728763449253,8840.0,2.0,1.0,0.0,0.0,0.322171945700993,1.483138526925536,1.0,3.0,3.0,0.6778280542978757,0.8294838096298699,0.0,0.0,1.0162709461288404,0.21590887907060607,0.3966677289258297,-0.4319798178028444,-1.0
42567.0,14189.0,12559.0,4147.856876347913,10124.0,19884.0,12559.0,10124.0,3.0,0.0,3.0,-1826.2499726062504,-0.1616321586111038,-2435.0,0.8061151365548164,0.5091530879096212,12559.0,15004.0,1.1946811051825823,19884.0,2.0,1.0,0.0,0.0,0.49084691208987585,1.4013672563243347,1.0,3.0,3.0,0.5091530879096212,0.7049592407262187,0.0,0.0,1.0572700242136186,0.15285706454910408,0.2923290490059194,-0.5475934720632706,-1.0
145208.0,48402.666666666664,45046.0,9210.877928961072,39181.0,60981.0,60981.0,39181.0,3.0,0.0,3.0,-16349.999754750002,-0.3317709557696908,-21800.0,0.6425116019742801,0.6425116019742801,60981.0,42113.5,0.6906003509288646,60981.0,1.0,0.0,-11729.99953080002,-0.2789778518335049,0.3093996490709714,1.2598686022806058,0.0,3.0,3.0,0.6425116019742801,0.5800437992396713,0.0,0.0,1.080926190209016,0.10008631296711301,0.19029691054816203,-0.6802530379405441,1.0
163.0,54.333333333333336,49.0,12.036980056845191,43.0,71.0,71.0,43.0,3.0,0.0,3.0,-20.999999685000006,-0.3693573582829853,-28.0,0.605633802731601,0.605633802731601,71.0,46.0,0.6478873238524103,71.0,1.0,0.0,-11.999999520000019,-0.2556667327931006,0.35211267600674473,1.3067484660171629,0.0,3.0,3.0,0.605633802731601,0.5644171778794835,0.0,0.0,1.074847927050096,0.1145194273732546,0.22153951020791035,-0.6372781912519097,1.0
2548.0,849.3333333333334,876.0,305.9513396313574,462.0,1210.0,462.0,1210.0,3.0,0.0,3.0,560.9999915850001,0.7211060062835533,748.0,2.6190476189909297,0.9999999999917356,462.0,1043.0,2.2575757575268924,1210.0,3.0,2.0,0.0,0.0,0.0,1.4246467817728652,0.0,3.0,3.0,0.9999999999917356,0.8186813186781057,0.0,0.0,1.0303143357244553,0.1957090528499097,0.36022528213628946,-0.47034467470501967,1.0
24782.0,8260.666666666666,7320.0,5361.70969830416,2215.0,15247.0,15247.0,2215.0,3.0,0.0,3.0,-9773.999853390002,-1.4465584118217296,-13032.0,0.14527448022552286,0.14527448022552286,15247.0,4767.5,0.31268446251701143,15247.0,1.0,0.0,-10209.999591600017,-2.3900862279554853,0.6873155374823327,1.8457348075193538,0.0,3.0,3.0,0.14527448022552286,0.3847550641593153,0.0,0.0,0.8748978558892629,0.35057703171634214,0.6490650106889277,-0.2128084623924268,1.0
81500.0,27166.666666666668,30221.0,7532.070115328336,16802.0,34477.0,34477.0,16802.0,3.0,0.0,3.0,-13256.249801156253,-0.5390729900966416,-17675.0,0.4873393856772668,0.4873393856772668,34477.0,23511.5,0.6819473852131329,34477.0,1.0,0.0,-26837.998926480042,-1.1740253412305137,0.31805261478657715,1.26909202453941,0.0,3.0,3.0,0.4873393856772668,0.5769693251533035,0.0,0.0,1.057353102006175,0.1445807770960541,0.2772541146745606,-0.5658591168517975,1.0
100246.0,33415.333333333336,29142.0,6939.444470240795,27901.0,43203.0,43203.0,29142.0,3.0,0.0,3.0,-10545.749841813753,-0.29528874818458506,-14061.0,0.6745364905213355,0.6745364905213355,43203.0,28521.5,0.6601740619862834,43203.0,1.0,0.0,2481.999900720004,0.08703274830220084,0.33982593801348526,1.2929094427703969,0.0,3.0,3.0,0.6745364905213355,0.5690301857430153,0.0,0.0,1.0778733362890316,0.1017629963622344,0.207672459855916,-0.6560781722540193,-0.9999999999999999
20861.0,6953.666666666667,6606.0,3119.32966445606,3319.0,10936.0,3319.0,6606.0,3.0,0.0,3.0,2465.2499630212506,0.5161236748476581,3287.0,1.9903585417234397,0.6040599853688697,3319.0,8771.0,2.642663452839281,10936.0,2.0,1.0,0.0,0.0,0.39594001463021583,1.5726954604262893,1.0,3.0,3.0,0.6040599853688697,0.8408992857481228,0.0,0.0,0.9951587368962846,0.2434207372606656,0.44858774715280775,-0.38065505795527554,-1.0
88332.0,29444.0,25666.0,5489.920400151536,25459.0,37207.0,37207.0,25459.0,3.0,0.0,3.0,-8810.999867835002,-0.2845613948259811,-11748.0,0.6842529631519112,0.6842529631519112,37207.0,25562.5,0.6870346977717401,37207.0,1.0,0.0,-413.9999834400007,-0.01619505332213901,0.3129653022279913,1.2636530362718164,0.0,3.0,3.0,0.6842529631519112,0.5787823212425193,0.0,0.0,1.0818585828537648,0.08866548929035067,0.18645294118155387,-0.685696862117362,1.0
10864.0,3621.3333333333335,3881.0,1063.1325829306938,2209.0,4774.0,2209.0,3881.0,3.0,0.0,3.0,1253.9999811900002,0.4225184705750914,1672.0,1.756903576270906,0.8129451193950294,2209.0,4327.5,1.959031235844459,4774.0,2.0,1.0,0.0,0.0,0.1870548806028759,1.3182989690685245,1.0,3.0,3.0,0.8129451193950294,0.796667893960975,0.0,0.0,1.0529472108723403,0.15740058910116272,0.29357490323851937,-0.5461029701412374,-1.0
19656.0,6552.0,6875.0,997.7163925685495,5201.0,7580.0,7580.0,6875.0,3.0,0.0,3.0,-528.7499920687501,-0.07320602106708149,-705.0,0.9069920844315211,0.9069920844315211,7580.0,6038.0,0.7965699208432763,7580.0,1.0,0.0,3347.9998660800056,0.5579878186687768,0.20343007915540445,1.1568986568968913,0.0,3.0,3.0,0.9069920844315211,0.6143671143668018,0.0,0.0,1.0866794048408104,0.08068783068759111,0.15227661669215914,-0.735694338517321,-1.0
103.0,34.333333333333336,24.0,22.065558884580486,14.0,65.0,14.0,24.0,3.0,0.0,3.0,7.499999887500001,0.38311921207770466,10.0,1.7142857130612243,0.3692307691739645,14.0,44.5,3.17857142630102,65.0,2.0,1.0,0.0,0.0,0.6307692306721894,1.8932038829437268,1.0,3.0,3.0,0.3692307691739645,0.8640776698190217,0.0,0.0,0.9011827179309352,0.33009708732480814,0.6426861809170958,-0.21751800370790067,-1.0
343.0,114.33333333333333,95.0,33.9050963065371,86.0,162.0,95.0,162.0,3.0,0.0,3.0,50.24999924625001,0.39705150104842213,67.0,1.7052631577152355,0.9999999999382716,95.0,124.0,1.3052631577573408,162.0,3.0,2.0,0.0,0.0,0.0,1.4169096208673257,0.0,3.0,3.0,0.9999999999382716,0.7230320699497658,0.0,0.0,1.0567310954467553,0.14771622933448958,0.2965460318096645,-0.5425599638147984,-1.0
5221.0,1740.3333333333333,1972.0,355.5599652504327,1238.0,2011.0,1238.0,1972.0,3.0,0.0,3.0,550.4999917425001,0.34893796306103536,734.0,1.5928917608918185,0.9806066633466902,1238.0,1991.5,1.6086429725233553,2011.0,2.0,1.0,0.0,0.0,0.01939333664833718,1.155525761341761,1.0,3.0,3.0,0.9806066633466902,0.7628806741988836,0.0,0.0,1.0764886421224316,0.09870395198784898,0.20430566859704444,-0.6607079515984954,-1.0
2672.0,890.6666666666666,745.0,449.20250320861845,428.0,1499.0,745.0,428.0,3.0,0.0,3.0,-237.74999643375006,-0.414951504732535,-317.0,0.5744966442875906,0.28552368245306525,745.0,963.5,1.2932885905866673,1499.0,2.0,1.0,0.0,0.0,0.7144763175402638,1.6830089820170322,1.0,3.0,3.0,0.28552368245306525,0.7211826347278399,0.0,0.0,0.9737435961817633,0.26721556886027886,0.5043441278483253,-0.32948303713551735,-1.0
574.0,191.33333333333334,114.0,148.42805964132552,61.0,399.0,399.0,61.0,3.0,0.0,3.0,-253.49999619750005,-1.3982476005734534,-338.0,0.15288220550995282,0.15288220550995282,399.0,87.5,0.2192982456085389,399.0,1.0,0.0,-105.99999576000017,-1.2355954372124995,0.7807017543663984,2.085365853549545,0.0,3.0,3.0,0.15288220550995282,0.3048780487751763,0.0,0.0,0.8120622814748486,0.3925667828006627,0.7757564092346756,-0.1262806033231242,1.0
148.0,49.333333333333336,26.0,41.77186719418811,14.0,108.0,14.0,108.0,3.0,0.0,3.0,70.49999894250001,1.4874732385331015,94.0,7.71428570877551,0.9999999999074075,14.0,67.0,4.785714282295918,108.0,3.0,2.0,0.0,0.0,0.0,2.1891891887454347,0.0,3.0,3.0,0.9999999999074075,0.9054054053442293,0.0,0.0,0.7585130712634026,0.42342342338385697,0.8467270375483954,-0.08299708572652836,1.0
7067.0,2355.6666666666665,2362.0,857.7413492552531,1302.0,3403.0,1302.0,2362.0,3.0,0.0,3.0,794.9999880750001,0.4464470183498416,1060.0,1.814132104440752,0.6940934469565263,1302.0,2882.5,2.2139016896911374,3403.0,2.0,1.0,0.0,0.0,0.3059065530405351,1.4446016697264275,1.0,3.0,3.0,0.6940934469565263,0.8157634073852897,0.0,0.0,1.0298285213033016,0.19819819819747586,0.36411830306421905,-0.4661484971671113,-0.9999999999999999
17892.0,5964.0,4894.0,1745.1171880421098,4573.0,8425.0,8425.0,4894.0,3.0,0.0,3.0,-2648.2499602762505,-0.40733090957080087,-3531.0,0.580890207714444,0.580890207714444,8425.0,4733.5,0.5618397626106091,8425.0,1.0,0.0,641.999974320001,0.13565235533767342,0.4381602373882039,1.4126425217950829,0.0,3.0,3.0,0.580890207714444,0.5291191594005538,0.0,0.0,1.0579036026459998,0.14352783366840383,0.2926085157678041,-0.5472588766060632,-0.9999999999999999
2797.0,932.3333333333334,1181.0,373.8023839172541,404.0,1212.0,404.0,1212.0,3.0,0.0,3.0,605.9999909100002,0.8227236190372793,808.0,2.9999999999257425,0.9999999999917493,404.0,1196.5,2.961633663293029,1212.0,3.0,2.0,0.0,0.0,0.0,1.2999642473939939,0.0,3.0,3.0,0.9999999999917493,0.855559528062726,0.0,0.0,1.0058999476315844,0.19258729591046841,0.4009321243259686,-0.42762091414781106,1.0
80.0,26.666666666666668,21.0,8.73053390247253,20.0,39.0,39.0,20.0,3.0,0.0,3.0,-14.249999786250003,-0.4832677550438686,-19.0,0.5128205126890204,0.5128205126890204,39.0,20.5,0.5256410255062459,39.0,1.0,0.0,-1.9999999200000032,-0.09304002754818501,0.47435897423734386,1.4624999994515624,0.0,3.0,3.0,0.5128205126890204,0.5124999999359375,0.0,0.0,1.0479201268798142,0.1583333332711805,0.32739502121994674,-0.5067104875735434,1.0
25070.0,8356.666666666666,7067.0,4418.879973728889,3706.0,14297.0,14297.0,3706.0,3.0,0.0,3.0,-7943.249880851252,-1.0124225421957098,-10591.0,0.25921521997603747,0.25921521997603747,14297.0,5386.5,0.37675736168400586,14297.0,1.0,0.0,-6721.999731120011,-1.290709208949342,0.6232426383152946,1.7108496210589819,0.0,3.0,3.0,0.25921521997603747,0.42971679297948556,0.0,0.0,0.9598257357311601,0.28163808004233304,0.528784998850052,-0.3082284307493846,0.9999999999999998
314.0,104.66666666666667,107.0,4.784233364802441,98.0,109.0,107.0,98.0,3.0,0.0,3.0,-6.749999898750001,-0.06525853176334462,-9.0,0.9158878503816927,0.8990825687248548,107.0,103.5,0.9672897195357674,109.0,2.0,1.0,0.0,0.0,0.10091743118340207,1.0414012737858533,1.0,3.0,3.0,0.8990825687248548,0.6592356687688141,0.0,0.0,1.0975572618950784,0.0233545647414366,0.04570923596508295,-0.9125775417472167,-1.0
95.0,31.666666666666668,29.0,6.018490028422596,26.0,40.0,29.0,40.0,3.0,0.0,3.0,8.249999876250001,0.2342810102673992,11.0,1.3793103443519619,0.99999999975,29.0,33.0,1.1379310340903686,40.0,3.0,2.0,0.0,0.0,0.0,1.26315789433795,0.0,3.0,3.0,0.99999999975,0.694736842032133,0.0,0.0,1.0810635534556572,0.09824561398485687,0.19005757978490587,-0.6805909509401182,-1.0
55.0,18.333333333333332,16.0,4.784233364802441,14.0,25.0,16.0,25.0,3.0,0.0,3.0,6.749999898750001,0.3186623906940136,9.0,1.5624999990234374,0.9999999996,16.0,19.5,1.218749999238281,25.0,3.0,2.0,0.0,0.0,0.0,1.363636362892562,0.0,3.0,3.0,0.9999999996,0.7090909089619835,0.0,0.0,1.0658765000408592,0.1333333332444444,0.2609581833923378,-0.5860954199717979,-1.0
833.0,277.6666666666667,255.0,65.67258856546533,211.0,367.0,255.0,211.0,3.0,0.0,3.0,-32.999999505000005,-0.14144337523401185,-44.0,0.8274509803597078,0.5749318800933261,255.0,289.0,1.1333333332888889,367.0,2.0,1.0,0.0,0.0,0.42506811987942594,1.3217286914289892,1.0,3.0,3.0,0.5749318800933261,0.6938775510120783,0.0,0.0,1.071333681710322,0.12484993997015548,0.2365159251972395,-0.6174478299945558,-1.0
220.0,73.33333333333333,64.0,38.938698260499436,31.0,125.0,125.0,31.0,3.0,0.0,3.0,-70.49999894250001,-1.0279094876951713,-94.0,0.24799999998016,0.24799999998016,125.0,47.5,0.37999999996960004,125.0,1.0,0.0,-65.99999736000011,-1.4173026774997135,0.6199999999504,1.7045454543130167,0.0,3.0,3.0,0.24799999998016,0.4318181817985537,0.0,0.0,0.9565305650859479,0.28484848482396696,0.5309822489344039,-0.3063508745811252,1.0
75.0,25.0,24.0,10.23067283548187,13.0,38.0,24.0,38.0,3.0,0.0,3.0,10.499999842500003,0.3335143609433689,14.0,1.583333332673611,0.9999999997368421,24.0,25.5,1.0624999995572917,38.0,3.0,2.0,0.0,0.0,0.0,1.519999999392,0.0,3.0,3.0,0.9999999997368421,0.6799999999093334,0.0,0.0,1.0128760169360687,0.2222222221530865,0.409226913255584,-0.4192178568174071,-1.0
523.0,174.33333333333334,213.0,56.817446459887854,94.0,216.0,213.0,94.0,3.0,0.0,3.0,-89.24999866125002,-0.6090743334298678,-119.0,0.44131455396989133,0.4351851851650377,213.0,155.0,0.7276995304822677,216.0,2.0,1.0,0.0,0.0,0.5648148147886659,1.239005736066596,1.0,3.0,3.0,0.4351851851650377,0.5927342256100816,0.0,0.0,1.0395335197046722,0.15551306563741996,0.32591269477989704,-0.5083949401922279,-1.0
1066.0,355.3333333333333,313.0,128.06335237772836,224.0,529.0,224.0,313.0,3.0,0.0,3.0,66.74999899875002,0.24996943402833322,89.0,1.397321428509048,0.5916824196485504,224.0,421.0,1.879464285630381,529.0,2.0,1.0,0.0,0.0,0.40831758033254595,1.4887429643108234,1.0,3.0,3.0,0.5916824196485504,0.7898686679100388,0.0,0.0,1.035342909927149,0.19074421512969342,0.36040343069640995,-0.47015212902545306,-0.9999999999999998
4088.0,1362.6666666666667,1448.0,375.5683101055726,866.0,1774.0,866.0,1774.0,3.0,0.0,3.0,680.9999897850001,0.5373875357859182,908.0,2.048498845241934,0.9999999999943631,866.0,1611.0,1.8602771362371793,1774.0,3.0,2.0,0.0,0.0,0.0,1.3018590997947515,0.0,3.0,3.0,0.9999999999943631,0.788160469665391,0.0,0.0,1.0586537269897431,0.14807566862240584,0.2756127520323996,-0.5678739467021752,0.9999999999999999
138534.0,46178.0,38359.0,12269.24015577167,36673.0,63502.0,36673.0,38359.0,3.0,0.0,3.0,1264.4999810325003,0.03371039416054349,1686.0,1.0459738772391007,0.6040597146545614,36673.0,50930.5,1.388773757259731,63502.0,2.0,1.0,0.0,0.0,0.39594028534528114,1.3751570011690903,1.0,3.0,3.0,0.6040597146545614,0.7352779823003208,0.0,0.0,1.0649613679047445,0.1291090995711892,0.26569448992526773,-0.5801601539071822,-1.0
1608.0,536.0,360.0,358.67905802634573,212.0,1036.0,1036.0,212.0,3.0,0.0,3.0,-617.9999907300001,-1.1870962640836327,-824.0,0.20463320463122944,0.20463320463122944,1036.0,286.0,0.2760617760591114,1036.0,1.0,0.0,-295.9999881600005,-1.0551715430400483,0.7239382239312362,1.932835820859462,0.0,3.0,3.0,0.20463320463122944,0.3557213930326137,0.0,0.0,0.885440137182156,0.341625207293377,0.6691773470515932,-0.1981950291346271,1.0
699.0,233.0,250.0,32.89376840679705,187.0,262.0,250.0,262.0,3.0,0.0,3.0,8.999999865000001,0.035025819259098645,12.0,1.04799999995808,0.999999999961832,250.0,224.5,0.89799999996408,262.0,3.0,2.0,0.0,0.0,0.0,1.1244635192650445,0.0,3.0,3.0,0.999999999961832,0.6423462088606245,0.0,0.0,1.0882933740488292,0.07153075821933785,0.1411749716969326,-0.7525796214957922,-1.0
69515.0,23171.666666666668,26335.0,4829.325165647428,16348.0,26832.0,16348.0,26335.0,3.0,0.0,3.0,7490.249887646251,0.3575775629623748,9987.0,1.6109004159520364,0.9814773404886026,16348.0,26583.5,1.6261010521154722,26832.0,2.0,1.0,0.0,0.0,0.0185226595110247,1.1579659066383552,1.0,3.0,3.0,0.9814773404886026,0.7648277350211085,0.0,0.0,1.0755556829507684,0.10054424704493359,0.20841509741690326,-0.6550604211042627,-1.0
3586.0,1195.3333333333333,1045.0,270.3951840465277,966.0,1575.0,1045.0,1575.0,3.0,0.0,3.0,397.4999940375001,0.3074374647331551,530.0,1.5071770334784003,0.9999999999936509,1045.0,1270.5,1.2157894736725763,1575.0,3.0,2.0,0.0,0.0,0.0,1.3176240936866905,0.0,3.0,3.0,0.9999999999936509,0.7085889570532388,0.0,0.0,1.0740160817538136,0.11321807027194031,0.22620902178828692,-0.631043292337599,-0.9999999999999999
118.0,39.333333333333336,49.0,21.139746660943903,10.0,59.0,59.0,10.0,3.0,0.0,3.0,-36.74999944875001,-1.272336947982743,-49.0,0.16949152539500142,0.16949152539500142,59.0,29.5,0.49999999991525423,59.0,1.0,0.0,-77.99999688000013,-3.0282553441293367,0.49999999991525423,1.499999999618644,0.0,3.0,3.0,0.16949152539500142,0.4999999999576272,0.0,0.0,0.9206867158241513,0.27683615814660545,0.5374511861585438,-0.30085430857999307,1.0
193.0,64.33333333333333,46.0,46.348918242200895,19.0,128.0,128.0,19.0,3.0,0.0,3.0,-81.74999877375002,-1.3980600771348597,-109.0,0.1484374999884033,0.1484374999884033,128.0,32.5,0.25390624998016353,128.0,1.0,0.0,-53.999997840000084,-1.7088305879589116,0.7460937499417114,1.989637305390212,0.0,3.0,3.0,0.1484374999884033,0.33678756474938926,0.0,0.0,0.8423704196448654,0.376511226222628,0.7204495062434675,-0.16248689228402843,1.0
279.0,93.0,92.0,10.23067283548187,81.0,106.0,81.0,92.0,3.0,0.0,3.0,8.249999876250001,0.09441018300059945,11.0,1.1358024689955801,0.8679245282200072,81.0,99.0,1.2222222220713306,106.0,2.0,1.0,0.0,0.0,0.13207547168565326,1.1397849461140017,1.0,3.0,3.0,0.8679245282200072,0.7096774193294022,0.0,0.0,1.0925756725318587,0.059737156494706456,0.1100072347782989,-0.8017900579647411,-1.0
174.0,58.0,48.0,29.43920288775949,28.0,98.0,98.0,28.0,3.0,0.0,3.0,-52.49999921250001,-0.9208680012980667,-70.0,0.2857142856851312,0.2857142856851312,98.0,38.0,0.3877551020012495,98.0,1.0,0.0,-39.99999840000007,-1.049048894286349,0.6122448978967098,1.6896551721224733,0.0,3.0,3.0,0.2857142856851312,0.4367816091702999,0.0,0.0,0.9725829637169199,0.26819923368579435,0.5075724634945477,-0.3266360644393791,0.9999999999999999
1113.0,371.0,383.0,175.75171881568232,150.0,580.0,383.0,150.0,3.0,0.0,3.0,-174.74999737875004,-0.7000220263292716,-233.0,0.39164490860596224,0.25862068965071344,383.0,365.0,0.9530026109411749,580.0,2.0,1.0,0.0,0.0,0.7413793103320452,1.5633423180171606,1.0,3.0,3.0,0.25862068965071344,0.6558849955017442,0.0,0.0,0.9768547949349078,0.2575621443498328,0.47372430946346383,-0.3571059302816157,-1.0
236.0,78.66666666666667,76.0,9.977753031397176,68.0,92.0,92.0,68.0,3.0,0.0,3.0,-17.999999730000003,-0.22386973805895138,-24.0,0.7391304347022685,0.7391304347022685,92.0,72.0,0.7826086955671078,92.0,1.0,0.0,-15.999999360000025,-0.21939782573693586,0.21739130432419662,1.1694915252750646,0.0,3.0,3.0,0.7391304347022685,0.6101694914995691,0.0,0.0,1.0906673694737719,0.06779661014970162,0.12683584360333244,-0.7748814179334177,0.9999999999999999
3252.0,1084.0,974.0,407.57412413776547,649.0,1629.0,1629.0,649.0,3.0,0.0,3.0,-734.9999889750002,-0.6895221878405113,-980.0,0.39840392878822345,0.39840392878822345,1629.0,811.5,0.49815837937079094,1629.0,1.0,0.0,-649.9999740000011,-0.8109301837791218,0.5018416206230704,1.5027675276614136,0.0,3.0,3.0,0.39840392878822345,0.4990774907733731,0.0,0.0,1.029005504617725,0.20090200901851762,0.3759908894225144,-0.4534979957826241,1.0
4825.0,1608.3333333333333,1746.0,776.4905379691086,596.0,2483.0,596.0,1746.0,3.0,0.0,3.0,862.4999870625002,0.8053036354765358,1150.0,2.9295302012931286,0.703181635115976,596.0,2114.5,3.5478187918867814,2483.0,2.0,1.0,0.0,0.0,0.29681836487999674,1.543834196881593,1.0,3.0,3.0,0.703181635115976,0.8764766839360073,0.0,0.0,0.9680360593983237,0.260725388599935,0.48279204433012274,-0.3488068051358594,-1.0
6548.0,2182.6666666666665,1898.0,973.8806680264044,1158.0,3492.0,1898.0,3492.0,3.0,0.0,3.0,1195.4999820675002,0.457075143639782,1594.0,1.8398314014655437,0.9999999999971363,1898.0,2325.0,1.2249736564740519,3492.0,3.0,2.0,0.0,0.0,0.0,1.5998778252828352,0.0,3.0,3.0,0.9999999999971363,0.7101405009152258,0.0,0.0,1.0006060222619335,0.23762981062840005,0.44618845511084726,-0.3829456271258388,-1.0
2343.0,781.0,989.0,313.44217967593323,338.0,1016.0,989.0,338.0,3.0,0.0,3.0,-488.2499926762501,-0.8037786147544601,-651.0,0.34175935287824305,0.33267716535105635,989.0,677.0,0.6845298281022798,1016.0,2.0,1.0,0.0,0.0,0.6673228346391011,1.300896286795123,1.0,3.0,3.0,0.33267716535105635,0.5778915919736326,0.0,0.0,1.0056975202926481,0.19291506615233156,0.40133441699349537,-0.42721107519653495,-0.9999999999999999
647.0,215.66666666666666,171.0,115.44791995623925,102.0,374.0,102.0,374.0,3.0,0.0,3.0,203.99999694000005,0.9691477637683646,272.0,3.6666666663071896,0.999999999973262,102.0,272.5,2.671568627189062,374.0,3.0,2.0,0.0,0.0,0.0,1.7341576506151086,0.0,3.0,3.0,0.999999999973262,0.8423493044692063,0.0,0.0,0.9597599608521261,0.28026790313439687,0.5353072022452219,-0.30267089024844473,1.0
15987.0,5329.0,5809.0,2262.800624594811,2349.0,7829.0,7829.0,2349.0,3.0,0.0,3.0,-4109.999938350001,-0.9026603728450773,-5480.0,0.30003831906974066,0.30003831906974066,7829.0,4079.0,0.5210116234506055,7829.0,1.0,0.0,-6919.999723200011,-1.8103304130022873,0.47898837654811727,1.4691311690721165,0.0,3.0,3.0,0.30003831906974066,0.5102896103080563,0.0,0.0,0.9992598544403368,0.22851900502459066,0.4246201209590101,-0.4038830215677324,1.0
7897.0,2632.3333333333335,2568.0,264.0029461115076,2346.0,2983.0,2568.0,2346.0,3.0,0.0,3.0,-166.49999750250004,-0.06778409992738317,-222.0,0.9135514018656015,0.7864565873255567,2568.0,2664.5,1.0375778816158974,2983.0,2.0,1.0,0.0,0.0,0.21354341267109103,1.1332151449874641,1.0,3.0,3.0,0.7864565873255567,0.6748132202093519,0.0,0.0,1.0936297550653546,0.05377569541117433,0.10029236904286615,-0.8176986919721909,-1.0
111.0,37.0,26.0,18.457157599876172,22.0,63.0,63.0,26.0,3.0,0.0,3.0,-27.749999583750007,-0.647284653307237,-37.0,0.412698412632905,0.412698412632905,63.0,24.0,0.3809523808919123,63.0,1.0,0.0,7.999999680000013,0.32068528732294743,0.6190476189493576,1.7027027022425127,0.0,3.0,3.0,0.412698412632905,0.43243243239347456,0.0,0.0,0.9822245169915778,0.24624624619881152,0.4988420971591284,-0.3343633752484566,-1.0
2715.0,905.0,687.0,490.2672740454945,444.0,1584.0,1584.0,444.0,3.0,0.0,3.0,-854.9999871750002,-0.9526990388183699,-1140.0,0.28030303030126075,0.28030303030126075,1584.0,565.5,0.35700757575532194,1584.0,1.0,0.0,-485.9999805600008,-0.8714290766770437,0.642992424238365,1.7502762430745826,0.0,3.0,3.0,0.28030303030126075,0.41657458563382477,0.0,0.0,0.958219379674053,0.2799263351729733,0.5417317945194223,-0.2972424951593971,1.0
1342.0,447.3333333333333,372.0,121.68903903894642,351.0,619.0,372.0,351.0,3.0,0.0,3.0,-15.749999763750003,-0.04346043238238288,-21.0,0.94354838707141,0.5670436187307424,372.0,485.0,1.3037634408251677,619.0,2.0,1.0,0.0,0.0,0.4329563812531025,1.383755588642688,1.0,3.0,3.0,0.5670436187307424,0.722801788370173,0.0,0.0,1.063345796497704,0.13313462493426131,0.2720321289930539,-0.5722873301642577,-1.0
17962.0,5987.333333333333,5187.0,3556.655763807094,2087.0,10688.0,10688.0,2087.0,3.0,0.0,3.0,-6450.749903238751,-1.2247563605822167,-8601.0,0.19526571856269154,0.19526571856269154,10688.0,3637.0,0.3402881736523762,10688.0,1.0,0.0,-6199.99975200001,-1.820283120056285,0.6597118263466881,1.7851018817473805,0.0,3.0,3.0,0.19526571856269154,0.4049660394163206,0.0,0.0,0.9176959085050601,0.31922948446690214,0.5940300240175628,-0.25468151155495056,1.0
3122.0,1040.6666666666667,849.0,608.4703955183212,410.0,1863.0,849.0,1863.0,3.0,0.0,3.0,760.4999885925001,0.5889327254868901,1014.0,2.194346289726804,0.9999999999946324,849.0,1136.5,1.3386336866744566,1863.0,3.0,2.0,0.0,0.0,0.0,1.7901985906298188,0.0,3.0,3.0,0.9999999999946324,0.728058936576784,0.0,0.0,0.9287995203816711,0.31027119367751044,0.5846928848614423,-0.26207419689731304,-1.0
218.0,72.66666666666667,79.0,12.657891697365017,55.0,84.0,55.0,84.0,3.0,0.0,3.0,21.749999673750004,0.31297466962175524,29.0,1.5272727269950412,0.9999999998809525,55.0,81.5,1.4818181815487603,84.0,3.0,2.0,0.0,0.0,0.0,1.1559633025932161,0.0,3.0,3.0,0.9999999998809525,0.7477064219840501,0.0,0.0,1.0827596663545351,0.08868501526877659,0.17419117012325375,-0.7033001531193999,1.0
611.0,203.66666666666666,218.0,29.93697082575694,162.0,231.0,162.0,218.0,3.0,0.0,3.0,41.99999937000001,0.2214911434349368,56.0,1.3456790122626123,0.9437229436820899,162.0,224.5,1.385802469050259,231.0,2.0,1.0,0.0,0.0,0.05627705627462004,1.134206219256913,1.0,3.0,3.0,0.9437229436820899,0.7348608837850268,0.0,0.0,1.0874226208613138,0.07528641570426298,0.1469900367804601,-0.7436943092939095,-1.0
1107.0,369.0,282.0,135.9632303234959,264.0,561.0,561.0,264.0,3.0,0.0,3.0,-222.74999665875004,-0.5638290094731664,-297.0,0.47058823528572924,0.47058823528572924,561.0,273.0,0.4866310160341064,561.0,1.0,0.0,-35.99999856000006,-0.13143413805666584,0.5133689839480683,1.5203252032108312,0.0,3.0,3.0,0.47058823528572924,0.493224932244867,0.0,0.0,1.0346647763727443,0.1788617886133328,0.3684640388070766,-0.4614925516905423,1.0
35987.0,11995.666666666666,12327.0,4623.228405442337,6175.0,17485.0,6175.0,12327.0,3.0,0.0,3.0,4613.999930790001,0.5184017061954793,6152.0,1.9962753036404919,0.7050042893905033,6175.0,14906.0,2.413927125502164,17485.0,2.0,1.0,0.0,0.0,0.29499571060892477,1.457609692387703,1.0,3.0,3.0,0.7050042893905033,0.8284102592600583,0.0,0.0,1.0201463767802574,0.2095201044820314,0.3854082089731139,-0.44361783555591705,-1.0
167.0,55.666666666666664,42.0,23.697163449568293,36.0,89.0,42.0,36.0,3.0,0.0,3.0,-4.499999932500001,-0.11271165059632876,-6.0,0.8571428569387755,0.40449438197702314,42.0,62.5,1.4880952377409298,89.0,2.0,1.0,0.0,0.0,0.5955056179106174,1.5988023949223709,1.0,3.0,3.0,0.40449438197702314,0.7485029939671555,0.0,0.0,1.0133384721977954,0.21157684627654882,0.4256975469217602,-0.40282208111992757,-1.0
1472.0,490.6666666666667,320.0,256.35175486472144,299.0,853.0,853.0,320.0,3.0,0.0,3.0,-399.7499940037501,-0.7338675419859026,-533.0,0.3751465416134215,0.3751465416134215,853.0,309.5,0.3628370457167311,853.0,1.0,0.0,41.99999832000007,0.13531729153493807,0.6371629542715456,1.7384510869210912,0.0,3.0,3.0,0.3751465416134215,0.42051630434496934,0.0,0.0,0.9716957571281131,0.25090579709786187,0.5224560221321267,-0.31366684548215407,-1.0
231.0,77.0,68.0,17.90716802475106,61.0,102.0,68.0,61.0,3.0,0.0,3.0,-5.2499999212500015,-0.08022908846068968,-7.0,0.8970588233974914,0.5980392156276433,68.0,81.5,1.1985294115884517,102.0,2.0,1.0,0.0,0.0,0.4019607842743176,1.324675324503289,1.0,3.0,3.0,0.5980392156276433,0.7056277055971589,0.0,0.0,1.0725603240919241,0.11832611830517092,0.23256062366786304,-0.6226382390170109,-1.0
14512.0,4837.333333333333,3321.0,2475.3459466417125,2863.0,8328.0,2863.0,8328.0,3.0,0.0,3.0,4098.749938518751,0.8006431018814558,5465.0,2.908836884376847,0.9999999999987992,2863.0,5824.5,2.034404470827683,8328.0,3.0,2.0,0.0,0.0,0.0,1.7216097023117665,0.0,3.0,3.0,0.9999999999987992,0.8027149944867676,0.0,0.0,0.976394713826898,0.2510565968390335,0.5117170507104318,-0.3229989031730721,1.0
76.0,25.333333333333332,22.0,7.71722460186015,18.0,36.0,18.0,22.0,3.0,0.0,3.0,2.9999999550000007,0.14329142542266068,4.0,1.22222222154321,0.6111111109413581,18.0,29.0,1.6111111102160494,36.0,2.0,1.0,0.0,0.0,0.3888888887808642,1.4210526310180056,1.0,3.0,3.0,0.6111111109413581,0.7631578946364267,0.0,0.0,1.0539398245140434,0.15789473677670052,0.3046272867952846,-0.5330048818142594,-1.0
107.0,35.666666666666664,38.0,7.1336448530109,26.0,43.0,43.0,38.0,3.0,0.0,3.0,-3.7499999437500007,-0.09047098948439619,-5.0,0.8837209300270417,0.8837209300270417,43.0,32.0,0.7441860463385613,43.0,1.0,0.0,23.999999040000038,0.7354495308326531,0.25581395342888047,1.2056074762974933,0.0,3.0,3.0,0.8837209300270417,0.5981308410655953,0.0,0.0,1.0777784709503424,0.10591900307042823,0.20000873414049006,-0.6666545357706353,-1.0
1155.0,385.0,306.0,120.30793822520607,294.0,555.0,294.0,555.0,3.0,0.0,3.0,195.74999706375004,0.4753446963029011,261.0,1.887755101976607,0.999999999981982,294.0,430.5,1.4642857142359087,555.0,3.0,2.0,0.0,0.0,0.0,1.4415584415209985,0.0,3.0,3.0,0.999999999981982,0.7454545454480914,0.0,0.0,1.0523605642731197,0.1506493506450679,0.3124881512261849,-0.5238232803134543,1.0
82148.0,27382.666666666668,27861.0,9185.692074573853,15901.0,38386.0,27861.0,38386.0,3.0,0.0,3.0,7893.7498815937515,0.24034132688849116,10525.0,1.3777682064529708,0.9999999999997395,27861.0,27143.5,0.9742471555217063,38386.0,3.0,2.0,0.0,0.0,0.0,1.4018357111549635,0.0,3.0,3.0,0.9999999999997395,0.6608438428201951,0.0,0.0,1.0401085196490076,0.1824755319666327,0.3354564471893594,-0.4976152941632004,-1.0
4095.0,1365.0,1276.0,651.751997823303,615.0,2204.0,2204.0,615.0,3.0,0.0,3.0,-1191.7499821237502,-0.9564268539141675,-1589.0,0.27903811252141997,0.27903811252141997,2204.0,945.5,0.4289927404699229,2204.0,1.0,0.0,-1321.9999471200022,-1.458043726676291,0.5710072595255399,1.614652014640186,0.0,3.0,3.0,0.27903811252141997,0.4617826617815341,0.0,0.0,0.9814903948839251,0.25868945868816273,0.47747399107584493,-0.3536617308141878,1.0
2207.0,735.6666666666666,774.0,155.47418506691784,529.0,904.0,529.0,904.0,3.0,0.0,3.0,281.24999578125005,0.401293446845917,375.0,1.7088846880584332,0.9999999999889381,529.0,839.0,1.5860113421250281,904.0,3.0,2.0,0.0,0.0,0.0,1.2288173991677098,0.0,3.0,3.0,0.9999999999889381,0.7603081105538727,0.0,0.0,1.075445931285124,0.1132759401881187,0.21133781386244377,-0.6510670905329481,1.0
13949.0,4649.666666666667,3783.0,2407.146904994006,2232.0,7934.0,7934.0,2232.0,3.0,0.0,3.0,-4276.499935852501,-0.9509530215759687,-5702.0,0.28132089740322497,0.28132089740322497,7934.0,3007.5,0.37906478447141534,7934.0,1.0,0.0,-3101.9998759200053,-1.0548713144683695,0.6209352155273242,1.706358878769002,0.0,3.0,3.0,0.28132089740322497,0.43121370707546686,0.0,0.0,0.9680497570051858,0.2725165483782337,0.5177031124070892,-0.3177807857465835,1.0
10587.0,3529.0,2680.0,1543.4642853010885,2212.0,5695.0,2680.0,5695.0,3.0,0.0,3.0,2261.2499660812505,0.5651807276641787,3015.0,2.124999999992071,0.9999999999982441,2680.0,3953.5,1.4751865671586748,5695.0,3.0,2.0,0.0,0.0,0.0,1.613771606682874,0.0,3.0,3.0,0.9999999999982441,0.7468593558130283,0.0,0.0,1.0084370382205112,0.2193255879847762,0.4373659068565358,-0.39143414384378283,-0.9999999999999998
15449.0,5149.666666666667,5474.0,611.6776565770206,4293.0,5682.0,5682.0,4293.0,3.0,0.0,3.0,-1041.7499843737503,-0.21019541899086477,-1389.0,0.7555438225963472,0.7555438225963472,5682.0,4883.5,0.8594684970065831,5682.0,1.0,0.0,-2361.9999055200037,-0.4859471330540639,0.14053150299165693,1.1033723865600944,0.0,3.0,3.0,0.7555438225963472,0.6322092044788451,0.0,0.0,1.091350357541471,0.05993915463754007,0.11878004852919272,-0.7876614823685528,1.0
493.0,164.33333333333334,157.0,63.89748734409585,90.0,246.0,157.0,90.0,3.0,0.0,3.0,-50.24999924625001,-0.4138016386755633,-67.0,0.5732484076067994,0.36585365852171325,157.0,168.0,1.0700636941993589,246.0,2.0,1.0,0.0,0.0,0.6341463414376363,1.4969574035600228,1.0,3.0,3.0,0.36585365852171325,0.681541582136277,0.0,0.0,1.0217566035200594,0.21095334684554246,0.388828523368403,-0.4400625896481712,-1.0
125656.0,41885.333333333336,38356.0,10880.04428095564,30680.0,56620.0,56620.0,30680.0,3.0,0.0,3.0,-19454.999708175004,-0.45955227108632324,-25940.0,0.5418580007063685,0.5418580007063685,56620.0,34518.0,0.6096432356056853,56620.0,1.0,0.0,-15351.999385920024,-0.4465869221363202,0.3903567643941381,1.3517858279744657,0.0,3.0,3.0,0.5418580007063685,0.5494047240083602,0.0,0.0,1.0656727525109846,0.1376244137433027,0.2597578535275604,-0.5876066931429582,1.0
1522.0,507.3333333333333,505.0,89.42159818646847,399.0,618.0,505.0,618.0,3.0,0.0,3.0,84.74999872875001,0.15117645028020107,113.0,1.223762376213391,0.9999999999838187,505.0,508.5,1.0069306930493678,618.0,3.0,2.0,0.0,0.0,0.0,1.2181340341415612,0.0,3.0,3.0,0.9999999999838187,0.6681997371835204,0.0,0.0,1.0829924455202729,0.0959264126118502,0.17625807789363843,-0.7003071329055192,-1.0
197.0,65.66666666666667,52.0,39.177658032211276,26.0,119.0,52.0,119.0,3.0,0.0,3.0,50.24999924625001,0.6128998627289449,67.0,2.2884615380214495,0.9999999999159664,52.0,72.5,1.3942307689626479,119.0,3.0,2.0,0.0,0.0,0.0,1.8121827408407845,0.0,3.0,3.0,0.9999999999159664,0.7360406090996934,0.0,0.0,0.9233515618059476,0.31472081215485526,0.5966140816179463,-0.25265085838463486,-1.0
26554.0,8851.333333333334,6864.0,4934.29963509401,4052.0,15638.0,6864.0,15638.0,3.0,0.0,3.0,6580.499901292501,0.6174988071631253,8774.0,2.2782634032600844,0.9999999999993605,6864.0,9845.0,1.4342948717927821,15638.0,3.0,2.0,0.0,0.0,0.0,1.7667394742768316,0.0,3.0,3.0,0.9999999999993605,0.7415078707536561,0.0,0.0,0.9484005920471374,0.2908789636210962,0.5574639943234656,-0.2841388354968901,-1.0
28834.0,9611.333333333334,10022.0,4635.374226772011,3740.0,15072.0,3740.0,10022.0,3.0,0.0,3.0,4711.499929327501,0.7391471114203338,6282.0,2.679679144377862,0.6649416135876692,3740.0,12547.0,3.354812834215629,15072.0,2.0,1.0,0.0,0.0,0.3350583864116673,1.5681487133229157,1.0,3.0,3.0,0.6649416135876692,0.8702920163692619,0.0,0.0,0.9713278382701382,0.2620055027627577,0.482282121117485,-0.3492708112077677,-1.0
12713.0,4237.666666666667,4359.0,1442.8530378693767,2413.0,5941.0,2413.0,4359.0,3.0,0.0,3.0,1459.4999781075003,0.44339019436334876,1946.0,1.806464981343529,0.7337148628164725,2413.0,5150.0,2.134272689589166,5941.0,2.0,1.0,0.0,0.0,0.2662851371818443,1.4019507590622151,1.0,3.0,3.0,0.7337148628164725,0.8101942893095176,0.0,0.0,1.03793060457336,0.1850074726653772,0.34048290046392793,-0.49199963632916166,-1.0
521.0,173.66666666666666,162.0,93.85212955613858,65.0,294.0,294.0,65.0,3.0,0.0,3.0,-171.74999742375005,-1.1229904438901896,-229.0,0.22108843536662964,0.22108843536662964,294.0,113.5,0.38605442175557636,294.0,1.0,0.0,-193.99999224000032,-1.8081908452330404,0.61394557821041,1.6928982724553034,0.0,3.0,3.0,0.22108843536662964,0.4357005758073762,0.0,0.0,0.9457726419071605,0.293026231595481,0.5404153333055726,-0.298351137319975,1.0
34436.0,11478.666666666666,8470.0,5035.683093903172,7393.0,18573.0,7393.0,8470.0,3.0,0.0,3.0,807.7499878837501,0.10198477717145836,1077.0,1.145678344378269,0.4560383352175437,7393.0,13521.5,1.8289598268607752,18573.0,2.0,1.0,0.0,0.0,0.5439616647819179,1.6180450691123085,1.0,3.0,3.0,0.4560383352175437,0.7853118829130024,0.0,0.0,1.0082842623601733,0.21644015952283002,0.4386993054273538,-0.39014455102210893,-1.0
10101.0,3367.0,3590.0,1364.9315001127345,1595.0,4916.0,1595.0,4916.0,3.0,0.0,3.0,2490.7499626387507,0.8438985543931613,3321.0,3.082131661422683,0.9999999999979658,1595.0,4253.0,2.6664576802340663,4916.0,3.0,2.0,0.0,0.0,0.0,1.4600534600491237,0.0,3.0,3.0,0.9999999999979658,0.8420948420940083,0.0,0.0,1.00960143003959,0.2191862191857068,0.4053850609173391,-0.4230975236719587,1.0
8067.0,2689.0,1630.0,1847.4853179389545,1150.0,5287.0,1150.0,5287.0,3.0,0.0,3.0,3102.7499534587505,1.1436067124531293,4137.0,4.597391304307849,0.9999999999981086,1150.0,3458.5,3.007391304321675,5287.0,3.0,2.0,0.0,0.0,0.0,1.9661584231983409,0.0,3.0,3.0,0.9999999999981086,0.8574439072754959,0.0,0.0,0.8777539646024792,0.3418866988960476,0.6870529259695366,-0.18549926277321513,1.0
7406.0,2468.6666666666665,1956.0,1410.1256051225446,1056.0,4394.0,1056.0,1956.0,3.0,0.0,3.0,674.9999898750001,0.46198347921462657,900.0,1.852272727255187,0.44515248065442614,1056.0,3175.0,3.006628787850316,4394.0,2.0,1.0,0.0,0.0,0.554847519343298,1.7799081825474756,1.0,3.0,3.0,0.44515248065442614,0.8574129084514482,0.0,0.0,0.9390988310663388,0.30047709064648753,0.5712093998582903,-0.2729048083446626,-0.9999999999999999
11471.0,3823.6666666666665,4517.0,1746.4902582671975,1424.0,5530.0,5530.0,1424.0,3.0,0.0,3.0,-3079.499953807501,-1.0171475977117308,-4106.0,0.25750452079519437,0.25750452079519437,5530.0,2970.5,0.537160940324526,5530.0,1.0,0.0,-6185.99975256001,-2.307795116338591,0.4628390596736658,1.4462557754299201,0.0,3.0,3.0,0.25750452079519437,0.5179147415216476,0.0,0.0,0.9777325626869873,0.2386307500068081,0.4567579787976541,-0.372911649777336,1.0
13072.0,4357.333333333333,3778.0,1366.7795075366846,3050.0,6244.0,3050.0,6244.0,3.0,0.0,3.0,2395.4999640675005,0.5372337953237485,3194.0,2.0472131147473864,0.9999999999983985,3050.0,5011.0,1.6429508196667444,6244.0,3.0,2.0,0.0,0.0,0.0,1.4329865361044225,0.0,3.0,3.0,0.9999999999983985,0.7666768665844808,0.0,0.0,1.0512313208054842,0.16289269685804375,0.31367338759184854,-0.5224484402961008,1.0
4228.0,1409.3333333333333,1241.0,408.42325540492374,1015.0,1972.0,1015.0,1241.0,3.0,0.0,3.0,169.49999745750003,0.15063722350668926,226.0,1.2226600985101215,0.629310344824395,1015.0,1606.5,1.5827586206740616,1972.0,2.0,1.0,0.0,0.0,0.37068965517053404,1.399243140955067,1.0,3.0,3.0,0.629310344824395,0.7599337748326397,0.0,0.0,1.0580609701141266,0.15089877010289787,0.28979890402225106,-0.5506293219476959,-1.0
38061.0,12687.0,11006.0,3044.270793912175,10095.0,16960.0,10095.0,16960.0,3.0,0.0,3.0,5148.749922768751,0.3890829579818882,6865.0,1.6800396235743633,0.9999999999994104,10095.0,13983.0,1.3851411589882265,16960.0,3.0,2.0,0.0,0.0,0.0,1.3368014503024064,0.0,3.0,3.0,0.9999999999994104,0.7347678726253292,0.0,0.0,1.070980454029718,0.12024557070654551,0.23995198186409517,-0.6129656867780396,1.0
126.0,42.0,41.0,4.546060565661952,37.0,48.0,48.0,41.0,3.0,0.0,3.0,-5.2499999212500015,-0.11561300813624842,-7.0,0.8541666664887153,0.8541666664887153,48.0,39.0,0.8124999998307292,48.0,1.0,0.0,7.999999680000013,0.20016690910728915,0.1874999999609375,1.142857142585034,0.0,3.0,3.0,0.8541666664887153,0.6190476189984884,0.0,0.0,1.092805192804491,0.058201058164245145,0.1082395372518942,-0.8046640031642548,-1.0
15053.0,5017.666666666667,4375.0,1621.234371979847,3433.0,7245.0,3433.0,4375.0,3.0,0.0,3.0,706.4999894025001,0.18180697425619177,942.0,1.2743955723819564,0.6038647342986834,3433.0,5810.0,1.692397320123238,7245.0,2.0,1.0,0.0,0.0,0.39613526569993635,1.4438982262643116,1.0,3.0,3.0,0.6038647342986834,0.7719391483420103,0.0,0.0,1.0481993069047513,0.168825704731836,0.32310523589516027,-0.5115955600046331,-1.0
307.0,102.33333333333333,104.0,7.039570693980959,93.0,110.0,93.0,110.0,3.0,0.0,3.0,12.749999808750003,0.12467656241159912,17.0,1.182795698797549,0.9999999999090909,93.0,107.0,1.1505376342848885,110.0,3.0,2.0,0.0,0.0,0.0,1.0749185666702035,0.0,3.0,3.0,0.9999999999090909,0.6970684038860889,0.0,0.0,1.0962247946004897,0.03691639520770629,0.06879059309406893,-0.8712739547158902,1.0
39392.0,13130.666666666666,13396.0,966.3409796179033,11837.0,14159.0,11837.0,14159.0,3.0,0.0,3.0,1741.4999738775005,0.13432979198283324,2322.0,1.196164568724173,0.9999999999992937,11837.0,13777.5,1.163935118694632,14159.0,3.0,2.0,0.0,0.0,0.0,1.0783153939878058,0.0,3.0,3.0,0.9999999999992937,0.699507514215907,0.0,0.0,1.0958744637766595,0.03929731925252411,0.07359420539326518,-0.8629012619033503,1.0
354.0,118.0,121.0,5.715476066494082,110.0,123.0,110.0,123.0,3.0,0.0,3.0,9.749999853750001,0.08306352197357454,13.0,1.1181818180801653,0.9999999999186993,110.0,122.0,1.1090909089900827,123.0,3.0,2.0,0.0,0.0,0.0,1.0423728812675956,0.0,3.0,3.0,0.9999999999186993,0.6892655367036931,0.0,0.0,1.0974263709308216,0.024482109215086645,0.04843623784754,-0.9076028924956784,1.0
19848.0,6616.0,6935.0,544.9018260200639,5849.0,7064.0,5849.0,6935.0,3.0,0.0,3.0,814.4999877825002,0.12771268176016598,1086.0,1.185672764573114,0.9817383918445899,5849.0,6999.5,1.196700290645928,7064.0,2.0,1.0,0.0,0.0,0.018261608153994534,1.0677146311954842,1.0,3.0,3.0,0.9817383918445899,0.7053103587259646,0.0,0.0,1.0951514153456248,0.040810157194449026,0.08236121916856716,-0.8478119546216005,-1.0
343.0,114.33333333333333,135.0,35.78019315518325,64.0,144.0,144.0,64.0,3.0,0.0,3.0,-59.99999910000001,-0.6017598453673053,-80.0,0.4444444444135802,0.4444444444135802,144.0,99.5,0.690972222174238,144.0,1.0,0.0,-141.99999432000024,-1.4765351726194242,0.3090277777563175,1.2594752185487341,0.0,3.0,3.0,0.4444444444135802,0.5801749270967879,0.0,0.0,1.0446292040794665,0.1554907677211972,0.31294629579055794,-0.5232915514707219,1.0
2085.0,695.0,630.0,351.2558421815453,301.0,1154.0,1154.0,301.0,3.0,0.0,3.0,-639.7499904037501,-1.0060714390946965,-853.0,0.2608318890791956,0.2608318890791956,1154.0,465.5,0.40337954938991877,1154.0,1.0,0.0,-657.9999736800011,-1.4737576313823808,0.5966204506014158,1.6604316546523679,0.0,3.0,3.0,0.2608318890791956,0.44652278177243876,0.0,0.0,0.9684303784756247,0.2727418065521887,0.5054040894625773,-0.32854694230278253,1.0
15695.0,5231.666666666667,5115.0,2618.987633079282,2084.0,8496.0,8496.0,2084.0,3.0,0.0,3.0,-4808.999927865001,-1.0537082127723563,-6412.0,0.24529190207127435,0.24529190207127435,8496.0,3599.5,0.4236699623347179,8496.0,1.0,0.0,-6061.99975752001,-1.7952079851233442,0.5763300376641051,1.6239566740969278,0.0,3.0,3.0,0.24529190207127435,0.45868110863303047,0.0,0.0,0.9657124442570975,0.27235850058370925,0.5006029244487307,-0.3327976158202004,1.0
10270.0,3423.3333333333335,2686.0,1543.2835845113568,2013.0,5571.0,2686.0,2013.0,3.0,0.0,3.0,-504.7499924287501,-0.21622689825933478,-673.0,0.7494415487686171,0.3613354873445318,2686.0,3792.0,1.411764705877097,5571.0,2.0,1.0,0.0,0.0,0.6386645126536732,1.6273612463438343,1.0,3.0,3.0,0.3613354873445318,0.7384615384608194,0.0,0.0,1.0019762030279706,0.23096397273561697,0.4508131210828185,-0.3785372981079556,-1.0
74191.0,24730.333333333332,29054.0,6415.300789691955,15661.0,29476.0,29054.0,29476.0,3.0,0.0,3.0,316.49999525250007,0.010814784368805811,422.0,1.0145246781850985,0.9999999999996607,29054.0,22568.5,0.7767777242373591,29476.0,3.0,2.0,0.0,0.0,0.0,1.1918965912302604,0.0,3.0,3.0,0.9999999999996607,0.6083891577144656,0.0,0.0,1.0622076859573977,0.12413904651501051,0.2594102029770199,-0.5880449398233826,-1.0
76204.0,25401.333333333332,24662.0,6048.380517865,18391.0,33151.0,24662.0,33151.0,3.0,0.0,3.0,6366.749904498752,0.22184917302144672,8489.0,1.3442137701721903,0.9999999999996985,24662.0,25771.0,1.0449679669122354,33151.0,3.0,2.0,0.0,0.0,0.0,1.3050889717070082,0.0,3.0,3.0,0.9999999999996985,0.6763686945566274,0.0,0.0,1.0702739476890175,0.12912707994324601,0.2381127178834163,-0.61536180923709,-1.0
41422.0,13807.333333333334,12883.0,4489.168767402516,8830.0,19709.0,12883.0,19709.0,3.0,0.0,3.0,5119.499923207501,0.3188549124889326,6826.0,1.5298455328715905,0.9999999999994926,12883.0,14269.5,1.107622448186674,19709.0,3.0,2.0,0.0,0.0,0.0,1.4274298681849542,0.0,3.0,3.0,0.9999999999994926,0.6889817005454375,0.0,0.0,1.0461313417161615,0.17509214105213755,0.3251293105643811,-0.509286666632906,-1.0
17632.0,5877.333333333333,5174.0,1843.417900410961,4055.0,8403.0,5174.0,4055.0,3.0,0.0,3.0,-839.2499874112501,-0.18273155190593998,-1119.0,0.7837263239258142,0.48256575032668975,5174.0,6229.0,1.2039041360626133,8403.0,2.0,1.0,0.0,0.0,0.5174342496721202,1.4297300362952081,1.0,3.0,3.0,0.48256575032668975,0.706556261342612,0.0,0.0,1.0510019356182585,0.16439806412554892,0.3136486899514221,-0.5224770635383935,-1.0
344.0,114.66666666666667,115.0,3.681787005729087,110.0,119.0,115.0,119.0,3.0,0.0,3.0,2.9999999550000007,0.025426163375368536,4.0,1.034782608605671,0.9999999999159664,115.0,114.5,0.9956521738264651,119.0,3.0,2.0,0.0,0.0,0.0,1.0377906975839135,0.0,3.0,3.0,0.9999999999159664,0.665697674399253,0.0,0.0,1.098095928685772,0.01744186045202767,0.03210860760530233,-0.9377805641532138,-1.0
140.0,46.666666666666664,46.0,0.9428090415820634,46.0,48.0,46.0,48.0,3.0,0.0,3.0,1.4999999775000004,0.0312545218316082,2.0,1.0434782606427222,0.9999999997916666,46.0,47.0,1.0217391302126655,48.0,3.0,2.0,0.0,0.0,0.0,1.0285714283510203,0.0,3.0,3.0,0.9999999997916666,0.6714285713806122,0.0,0.0,1.098409158331639,0.009523809491836843,0.02020305088671499,-0.9603940588566201,
14518.0,4839.333333333333,3173.0,2556.3727340815453,2894.0,8451.0,2894.0,3173.0,3.0,0.0,3.0,209.24999686125005,0.06900563227435949,279.0,1.0964063579782433,0.3754585256178257,2894.0,5812.0,2.0082930200345257,8451.0,2.0,1.0,0.0,0.0,0.624541474380991,1.7463149194067786,1.0,3.0,3.0,0.3754585256178257,0.8006612481052482,0.0,0.0,0.9688242102892601,0.2551774808280325,0.5282489462893504,-0.30868730834332564,-1.0
4232.0,1410.6666666666667,1391.0,90.48142841980828,1311.0,1530.0,1311.0,1391.0,3.0,0.0,3.0,59.99999910000001,0.04439165287687364,80.0,1.061022120510595,0.9091503267914435,1311.0,1460.5,1.1140350877108007,1530.0,2.0,1.0,0.0,0.0,0.0908496732020206,1.0845935727711395,1.0,3.0,3.0,0.9091503267914435,0.6902173913027169,0.0,0.0,1.0965670704963222,0.03449905481933846,0.06414089916292548,-0.8794503637311105,-1.0
10911.0,3637.0,3373.0,526.5491430056647,3166.0,4372.0,3373.0,4372.0,3.0,0.0,3.0,749.2499887612502,0.19451271331256398,999.0,1.2961755114103286,0.9999999999977127,3373.0,3769.0,1.1174029054221246,4372.0,3.0,2.0,0.0,0.0,0.0,1.20208963431069,0.0,3.0,3.0,0.9999999999977127,0.6908624324070287,0.0,0.0,1.0883982459447206,0.07368710475623774,0.14477567858240775,-0.7470671655724548,-1.0
1023.0,341.0,267.0,159.08697830641788,194.0,562.0,194.0,562.0,3.0,0.0,3.0,275.99999586000007,0.7952100402538073,368.0,2.8969072163455203,0.9999999999822063,194.0,414.5,2.1365979380341957,562.0,3.0,2.0,0.0,0.0,0.0,1.6480938415938975,0.0,3.0,3.0,0.9999999999822063,0.8103616813215019,0.0,0.0,0.9949484238709851,0.23981753013498497,0.46653072815763214,-0.36376276444151096,1.0
1034.0,344.6666666666667,309.0,84.28654828750683,264.0,461.0,309.0,461.0,3.0,0.0,3.0,113.99999829000002,0.29924444071324324,152.0,1.4919093850649867,0.999999999978308,309.0,362.5,1.1731391585380861,461.0,3.0,2.0,0.0,0.0,0.0,1.3375241779109035,0.0,3.0,3.0,0.999999999978308,0.7011605415792925,0.0,0.0,1.069672150004159,0.12701482913778106,0.24454511107851462,-0.6070128612998202,-1.0
18549.0,6183.0,3104.0,4626.386711030543,2723.0,12722.0,2723.0,3104.0,3.0,0.0,3.0,285.7499957137501,0.09818424385086802,381.0,1.1399192067530668,0.2439867945289703,2723.0,7913.0,2.905986044792854,12722.0,2.0,1.0,0.0,0.0,0.7560132054702436,2.057577227879577,1.0,3.0,3.0,0.2439867945289703,0.853199633402958,0.0,0.0,0.8394478317946319,0.35937247290928687,0.7482430391433059,-0.1440056989893382,-1.0
28035.0,9345.0,7214.0,5073.611008607841,4477.0,16344.0,7214.0,16344.0,3.0,0.0,3.0,6847.499897287501,0.6133198767629567,9130.0,2.265594677013771,0.9999999999993882,7214.0,10410.5,1.4430967563051802,16344.0,3.0,2.0,0.0,0.0,0.0,1.7489566613143401,0.0,3.0,3.0,0.9999999999993882,0.7426787943639227,0.0,0.0,0.956827757704761,0.2821948754531105,0.5429225263351964,-0.29624136394547285,-1.0
87.0,29.0,31.0,4.320493798938574,23.0,33.0,31.0,23.0,3.0,0.0,3.0,-5.999999910000001,-0.21576155110241232,-8.0,0.7419354836316336,0.696969696758494,31.0,28.0,0.9032258061602497,33.0,2.0,1.0,0.0,0.0,0.30303030293847566,1.1379310340903686,1.0,3.0,3.0,0.696969696758494,0.6436781608455543,0.0,0.0,1.08711823621122,0.07662835243639998,0.148982544739612,-0.7406704817334037,-0.9999999999999999
46804.0,15601.333333333334,9764.0,8287.076136303376,9719.0,27321.0,9719.0,27321.0,3.0,0.0,3.0,13201.499801977503,0.7751299533677608,17602.0,2.8110916760954714,0.999999999999634,9719.0,18542.5,1.9078608910362094,27321.0,3.0,2.0,0.0,0.0,0.0,1.7511964789323018,0.0,3.0,3.0,0.999999999999634,0.7923468079649619,0.0,0.0,0.9675925220720643,0.2507193117396245,0.5311774294695794,-0.30618435297350627,0.9999999999999999
12520.0,4173.333333333333,3076.0,2542.220857614241,1757.0,7687.0,7687.0,1757.0,3.0,0.0,3.0,-4447.499933287501,-1.1066128877045616,-5930.0,0.2285677117207902,0.2285677117207902,7687.0,2416.5,0.3143619097172963,7687.0,1.0,0.0,-2637.999894480004,-1.1195565493715782,0.6856380902814029,1.8419329073438293,0.0,3.0,3.0,0.2285677117207902,0.386022364216944,0.0,0.0,0.9199458584324784,0.3157614483488689,0.6091583524620168,-0.24288575884256408,1.0
1341.0,447.0,481.0,50.21951811795888,376.0,484.0,484.0,481.0,3.0,0.0,3.0,-2.2499999662500003,-0.00465358259535862,-3.0,0.9938016528720289,0.9938016528720289,484.0,428.5,0.8853305784941047,484.0,1.0,0.0,209.99999160000033,0.49139783354926525,0.1146694214852341,1.082774049192779,0.0,3.0,3.0,0.9938016528720289,0.6390753169229003,0.0,0.0,1.0921128898776165,0.05369127516433769,0.11234791525019104,-0.797998605074731,-0.9999999999999998
5607.0,1869.0,2041.0,448.72337432617286,1254.0,2312.0,1254.0,2312.0,3.0,0.0,3.0,793.4999880975001,0.45855735112080614,1058.0,1.8437001594749307,0.9999999999956748,1254.0,2176.5,1.7356459330005134,2312.0,3.0,2.0,0.0,0.0,0.0,1.2370251471308882,0.0,3.0,3.0,0.9999999999956748,0.7763509898327513,0.0,0.0,1.0681077841374864,0.1257951370302246,0.24008741269329695,-0.6127895336433812,1.0
15447.0,5149.0,4997.0,2298.502701035321,2413.0,8037.0,2413.0,4997.0,3.0,0.0,3.0,1937.9999709300005,0.5458145241158482,2584.0,2.0708661417237013,0.6217494089826779,2413.0,6517.0,2.7007874015636104,8037.0,2.0,1.0,0.0,0.0,0.37825059101607783,1.5608856088530572,1.0,3.0,3.0,0.6217494089826779,0.8437884378838325,0.0,0.0,0.9950402154915289,0.24272242722393234,0.4463978832842993,-0.382745386391681,-1.0
19050.0,6350.0,6454.0,607.0453030870101,5560.0,7036.0,6454.0,5560.0,3.0,0.0,3.0,-670.4999899425002,-0.1118078053927665,-894.0,0.8614812519354486,0.7902217168834704,6454.0,6298.0,0.9758289432894703,7036.0,2.0,1.0,0.0,0.0,0.20977828311510832,1.1080314960612472,1.0,3.0,3.0,0.7902217168834704,0.6612073490810177,0.0,0.0,1.0939953901391093,0.05165354330684435,0.09559768552536285,-0.8254876095684537,-1.0
695.0,231.66666666666666,257.0,62.2378948515738,146.0,292.0,292.0,146.0,3.0,0.0,3.0,-109.49999835750002,-0.5173050089191736,-146.0,0.4999999999828767,0.4999999999828767,292.0,201.5,0.6900684931270524,292.0,1.0,0.0,-221.99999112000037,-1.1250539512836046,0.30993150683870097,1.260431654621852,0.0,3.0,3.0,0.4999999999828767,0.5798561150995704,0.0,0.0,1.0599820194274199,0.14004796162362898,0.2686527835203767,-0.5764754753519296,1.0
15278.0,5092.666666666667,4633.0,1063.738794169989,4082.0,6563.0,4633.0,6563.0,3.0,0.0,3.0,1447.4999782875002,0.26113480649622306,1930.0,1.4165767321359453,0.9999999999984763,4633.0,5322.5,1.148823656375677,6563.0,3.0,2.0,0.0,0.0,0.0,1.2887158004949166,0.0,3.0,3.0,0.9999999999984763,0.696753501766791,0.0,0.0,1.0774436447531046,0.10826024348705299,0.20887657955908498,-0.6544286106754578,-1.0
5510.0,1836.6666666666667,1875.0,102.84076148211963,1696.0,1939.0,1696.0,1939.0,3.0,0.0,3.0,182.24999726625003,0.1003694886118183,243.0,1.1432783018800514,0.9999999999948428,1696.0,1907.0,1.1244103773518608,1939.0,3.0,2.0,0.0,0.0,0.0,1.0557168783971558,0.0,3.0,3.0,0.9999999999948428,0.6921960072582719,0.0,0.0,1.0970285620325797,0.029401088928395103,0.0559931550716296,-0.893951670414845,1.0
14513.0,4837.666666666667,2898.0,3689.223977417955,1613.0,10002.0,10002.0,1613.0,3.0,0.0,3.0,-6291.749905623751,-1.3681270880945577,-8389.0,0.16126774645054862,0.16126774645054862,10002.0,2255.5,0.22550489901997048,10002.0,1.0,0.0,-2569.999897200004,-1.1713005133315009,0.7744951009790296,2.067525666639425,0.0,3.0,3.0,0.16126774645054862,0.31082477778521955,0.0,0.0,0.822419085911116,0.385355658145176,0.7626040055282152,-0.13468481503795013,1.0
43400.0,14466.666666666666,15532.0,2028.702431495451,11627.0,16241.0,16241.0,11627.0,3.0,0.0,3.0,-3460.4999480925007,-0.2506383691131162,-4614.0,0.7159041930911175,0.7159041930911175,16241.0,13579.5,0.8361246228675351,16241.0,1.0,0.0,-7809.999687600012,-0.5791015974542179,0.1638753771318491,1.1226497695844775,0.0,3.0,3.0,0.7159041930911175,0.6257834101381047,0.0,0.0,1.0884307007349165,0.07087557603675854,0.1402328869696347,-0.754027640190815,1.0
154561.0,51520.333333333336,57792.0,10053.652813226092,37334.0,59435.0,37334.0,59435.0,3.0,0.0,3.0,16575.749751363754,0.34872665394892743,22101.0,1.5919805003477818,0.9999999999998318,37334.0,58613.5,1.569976428991919,59435.0,3.0,2.0,0.0,0.0,0.0,1.1536221944731555,0.0,3.0,3.0,0.9999999999998318,0.7584513557753405,0.0,0.0,1.078502378203122,0.09532805817764656,0.19513951410557917,-0.6734447956869452,1.0
35591.0,11863.666666666666,10968.0,5335.559722799057,5823.0,18800.0,10968.0,5823.0,3.0,0.0,3.0,-3858.749942118751,-0.47481434402889333,-5145.0,0.5309080962796034,0.3097340425530267,10968.0,12311.5,1.1224927060529517,18800.0,2.0,1.0,0.0,0.0,0.6902659574464414,1.5846702818114822,1.0,3.0,3.0,0.3097340425530267,0.6918322047706748,0.0,0.0,0.9960560722879201,0.24307643318052552,0.449739517529254,-0.3795581729107411,-1.0
1633.0,544.3333333333334,566.0,61.14645442614714,461.0,606.0,461.0,606.0,3.0,0.0,3.0,108.74999836875003,0.20472292191247596,145.0,1.3145336225311381,0.9999999999834983,461.0,586.0,1.2711496745928166,606.0,3.0,2.0,0.0,0.0,0.0,1.1132884261889782,0.0,3.0,3.0,0.9999999999834983,0.7176974892791324,0.0,0.0,1.0921667341197963,0.05919575423271595,0.11233273929888023,-0.7980231358129929,0.9999999999999999
669.0,223.0,241.0,58.55481762132529,144.0,284.0,241.0,144.0,3.0,0.0,3.0,-72.74999890875002,-0.38415298203978965,-97.0,0.5975103734191904,0.5070422535032731,241.0,214.0,0.887966804942408,284.0,2.0,1.0,0.0,0.0,0.4929577464615156,1.2735426008397515,1.0,3.0,3.0,0.5070422535032731,0.6397608370606912,0.0,0.0,1.0621400269039851,0.1395117090110971,0.26257765748295747,-0.5840609788251011,-1.0
51801.0,17267.0,12180.0,10010.531088142461,8369.0,31252.0,12180.0,8369.0,3.0,0.0,3.0,-2858.2499571262506,-0.2814176029410637,-3811.0,0.6871100164197971,0.2677908613847857,12180.0,19810.5,1.6264778325109799,31252.0,2.0,1.0,0.0,0.0,0.7322091386148943,1.8099264492952973,1.0,3.0,3.0,0.2677908613847857,0.7648694040654109,0.0,0.0,0.93975084081554,0.29449881919900966,0.5797492956585778,-0.26602366938587285,-1.0
2024.0,674.6666666666666,697.0,199.44311358268442,420.0,907.0,697.0,420.0,3.0,0.0,3.0,-207.74999688375004,-0.379189696122148,-277.0,0.6025824964045541,0.463065049609007,697.0,663.5,0.9519368722962419,907.0,2.0,1.0,0.0,0.0,0.5369349503799676,1.3443675889128799,1.0,3.0,3.0,0.463065049609007,0.6556324110639544,0.0,0.0,1.0531395251773485,0.1604084321451027,0.2956172632110597,-0.5436657543666676,-1.0
159.0,53.0,52.0,1.4142135623730951,52.0,55.0,55.0,52.0,3.0,0.0,3.0,-2.2499999662500003,-0.041294832267848275,-3.0,0.9454545452826446,0.9454545452826446,55.0,52.0,0.9454545452826446,55.0,1.0,0.0,0.0,0.0,0.05454545453553719,1.0377358488608046,0.0,3.0,3.0,0.9454545452826446,0.6540880502733277,0.0,0.0,1.0982584668938857,0.012578616323985159,0.02668327475672193,-0.9480204353043848,
12451.0,4150.333333333333,3657.0,2237.6151491164774,1690.0,7104.0,7104.0,1690.0,3.0,0.0,3.0,-4060.499939092501,-1.0766090025753308,-5414.0,0.23789414414380927,0.23789414414380927,7104.0,2673.5,0.376337274774245,7104.0,1.0,0.0,-3933.9998426400066,-1.5431928983767471,0.6236627252243473,1.7116697453978518,0.0,3.0,3.0,0.23789414414380927,0.4294434181989965,0.0,0.0,0.9510733262853351,0.28988300805782075,0.5391410687762637,-0.2994260503929932,1.0
17401.0,5800.333333333333,3354.0,3510.672521833325,3282.0,10765.0,3354.0,10765.0,3.0,0.0,3.0,5558.249916626251,0.874455924169501,7411.0,3.209600477032768,0.999999999999071,3354.0,7023.5,2.0940667859210076,10765.0,3.0,2.0,0.0,0.0,0.0,1.8559278202370164,0.0,3.0,3.0,0.999999999999071,0.807252456754895,0.0,0.0,0.9290390923097659,0.28668850449176886,0.6052535811437169,-0.24590907224346986,-1.0
20880.0,6960.0,3641.0,5314.963844342374,2779.0,14460.0,3641.0,2779.0,3.0,0.0,3.0,-646.4999903025001,-0.20256153716373015,-862.0,0.7632518538841987,0.19218533886570388,3641.0,8619.5,2.3673441362198098,14460.0,2.0,1.0,0.0,0.0,0.8078146611336046,2.077586206893567,1.0,3.0,3.0,0.19218533886570388,0.8256226053635892,0.0,0.0,0.8274053463511345,0.3729565772666499,0.7636442305078646,-0.13401556016920538,-1.0
33394.0,11131.333333333334,7261.0,7834.27088006422,4076.0,22057.0,22057.0,4076.0,3.0,0.0,3.0,-13485.749797713754,-1.2662354240415985,-17981.0,0.18479394296586807,0.18479394296586807,22057.0,5668.5,0.25699324477478486,22057.0,1.0,0.0,-6369.999745200011,-1.1545876521265501,0.7430067552247617,1.9815236269970817,0.0,3.0,3.0,0.18479394296586807,0.33949212433361103,0.0,0.0,0.8624365540568084,0.3589666806410641,0.7038034569135636,-0.17384431395748975,1.0
32401.0,10800.333333333334,11252.0,5741.919791227398,3553.0,17596.0,17596.0,3553.0,3.0,0.0,3.0,-10532.249842016252,-1.1997410094317575,-14043.0,0.20192089111150152,0.20192089111150152,17596.0,7402.5,0.4206922027731185,17596.0,1.0,0.0,-15397.999384080025,-2.305121967865922,0.5793077972263132,1.6292089750301262,0.0,3.0,3.0,0.20192089111150152,0.4569303416559807,0.0,0.0,0.9412306229924162,0.28894169933010083,0.5316428311986124,-0.3057874585773636,1.0
917.0,305.6666666666667,299.0,83.41595903795762,207.0,411.0,207.0,299.0,3.0,0.0,3.0,68.99999896500002,0.2746832920959129,92.0,1.4444444443746645,0.7274939172572386,207.0,355.0,1.7149758453277788,411.0,2.0,1.0,0.0,0.0,0.2725060827184305,1.3446019628785844,1.0,3.0,3.0,0.7274939172572386,0.774263904026453,0.0,0.0,1.0610777800930178,0.14830970555622836,0.2728984483159061,-0.5712172503732422,-1.0
19054.0,6351.333333333333,2481.0,5923.092229195453,1853.0,14720.0,2481.0,1853.0,3.0,0.0,3.0,-470.9999929350001,-0.21878941144722291,-628.0,0.7468762595697426,0.1258831521738275,2481.0,8286.5,3.3399838774553006,14720.0,2.0,1.0,0.0,0.0,0.874116847825493,2.3176235960916594,1.0,3.0,3.0,0.1258831521738275,0.8697911199743519,0.0,0.0,0.6914536392447714,0.45019418494773045,0.9325746136012587,-0.034888891700550144,-1.0
433.0,144.33333333333334,139.0,9.741092797468305,136.0,158.0,158.0,139.0,3.0,0.0,3.0,-14.249999786250003,-0.09544633327650075,-19.0,0.8797468353873578,0.8797468353873578,158.0,137.5,0.8702531645018826,158.0,1.0,0.0,5.9999997600000095,0.04332299182943791,0.12974683543482615,1.0946882216331624,0.0,3.0,3.0,0.8797468353873578,0.6351039260823301,0.0,0.0,1.0963660043869112,0.03387220938131508,0.06749025032420371,-0.8735534112122364,-1.0
875.0,291.6666666666667,351.0,114.13539717760169,132.0,392.0,132.0,392.0,3.0,0.0,3.0,194.99999707500004,0.8125953505467003,260.0,2.9696969694719924,0.9999999999744897,132.0,371.5,2.8143939391807278,392.0,3.0,2.0,0.0,0.0,0.0,1.3439999999539198,0.0,3.0,3.0,0.9999999999744897,0.8491428571331526,0.0,0.0,1.0114805099019515,0.19809523808940432,0.39132136173836046,-0.43748242136299237,1.0
35750.0,11916.666666666666,11256.0,1629.540698751918,10335.0,14159.0,11256.0,14159.0,3.0,0.0,3.0,2177.2499673412503,0.17207319558858197,2903.0,1.2579068940998064,0.9999999999992937,11256.0,12247.0,1.0880419331902202,14159.0,3.0,2.0,0.0,0.0,0.0,1.1881678321668352,0.0,3.0,3.0,0.9999999999992937,0.6851468531466616,0.0,0.0,1.0894525344149766,0.07131002330989245,0.13674467402102522,-0.759410046694592,-1.0
6677.0,2225.6666666666665,2133.0,457.06041419294036,1718.0,2826.0,2133.0,1718.0,3.0,0.0,3.0,-311.2499953312501,-0.1621915674262639,-415.0,0.8054383497383711,0.6079263977331638,2133.0,2272.0,1.0651664322500463,2826.0,2.0,1.0,0.0,0.0,0.3920736022632977,1.2697319155252222,1.0,3.0,3.0,0.6079263977331638,0.6805451550087157,0.0,0.0,1.0777388168851103,0.11062852578431226,0.2053588801217104,-0.6592568677915728,-1.0
3870.0,1290.0,1309.0,244.90950709734946,981.0,1580.0,981.0,1580.0,3.0,0.0,3.0,449.2499932612501,0.35716614128376223,599.0,1.6106014270987705,0.999999999993671,981.0,1444.5,1.4724770642051734,1580.0,3.0,2.0,0.0,0.0,0.0,1.2248062015408931,0.0,3.0,3.0,0.999999999993671,0.7465116279050478,0.0,0.0,1.0802884056072954,0.10318690783683326,0.18985233108174493,-0.6808808519742646,1.0
138.0,46.0,53.0,9.899494936611665,32.0,53.0,53.0,53.0,3.0,0.0,3.0,0.0,0.0,0.0,0.9999999998113207,0.9999999998113207,53.0,42.5,0.8018867923015308,53.0,1.0,0.0,41.99999832000007,0.9849529307974714,0.19811320750978995,1.1521739127930057,0.0,3.0,3.0,0.9999999998113207,0.6159420289408737,0.0,0.0,1.0739602683876202,0.10144927532766235,0.21520641161868698,-0.6458109343897848,-1.0
56662.0,18887.333333333332,15361.0,8504.821861090853,10692.0,30609.0,10692.0,15361.0,3.0,0.0,3.0,3501.7499474737506,0.2717307002755182,4669.0,1.4366816311247317,0.5018458623279095,10692.0,22985.0,2.1497381219583334,30609.0,2.0,1.0,0.0,0.0,0.4981541376717638,1.6206099325818253,1.0,3.0,3.0,0.5018458623279095,0.8113021072322172,0.0,0.0,1.001194221644625,0.23433694539541094,0.4502923578987514,-0.37903229587250953,-1.0
18553.0,6184.333333333333,6796.0,2811.5960275655216,2476.0,9281.0,2476.0,6796.0,3.0,0.0,3.0,3239.9999514000006,0.7570748795368365,4320.0,2.7447495961116934,0.7322486800983382,2476.0,8038.5,3.2465670436056278,9281.0,2.0,1.0,0.0,0.0,0.2677513199005842,1.500727645122351,1.0,3.0,3.0,0.7322486800983382,0.8665444941514221,0.0,0.0,0.9831528399084015,0.24452469501759344,0.4546320316219979,-0.3749181624773302,-1.0
369.0,123.0,136.0,28.855964143772194,83.0,150.0,136.0,83.0,3.0,0.0,3.0,-39.74999940375001,-0.3668730897355124,-53.0,0.6102941176021842,0.5533333332964444,136.0,116.5,0.8566176469958369,150.0,2.0,1.0,0.0,0.0,0.44666666663688886,1.219512195022804,1.0,3.0,3.0,0.5533333332964444,0.6314363143460315,0.0,0.0,1.0693870821171727,0.12104787713230025,0.2346013344831397,-0.6199561300134105,-1.0
8012.0,2670.6666666666665,3054.0,710.9774179880039,1674.0,3284.0,3054.0,1674.0,3.0,0.0,3.0,-1034.9999844750002,-0.4507248137490242,-1380.0,0.5481335952830775,0.509744214371164,3054.0,2479.0,0.8117223313660389,3284.0,2.0,1.0,0.0,0.0,0.490255785625791,1.2296555167203085,1.0,3.0,3.0,0.509744214371164,0.6188217673482042,0.0,0.0,1.0603467090334604,0.133965718088922,0.2662172059355998,-0.5795078369026494,-0.9999999999999998
166.0,55.333333333333336,58.0,5.2493385826745405,48.0,60.0,60.0,58.0,3.0,0.0,3.0,-1.4999999775000004,-0.025002314825659015,-2.0,0.9666666665055555,0.9666666665055555,60.0,53.0,0.8833333331861111,60.0,1.0,0.0,19.999999200000033,0.3714342767328154,0.11666666664722222,1.0843373492016257,0.0,3.0,3.0,0.9666666665055555,0.6385542168290027,0.0,0.0,1.0940117834034249,0.04819277105659592,0.0948675647299855,-0.8267049497557396,-1.0
14042.0,4680.666666666667,4764.0,1309.3541240711857,3037.0,6241.0,4764.0,3037.0,3.0,0.0,3.0,-1295.2499805712503,-0.33757359463583453,-1727.0,0.63748950461663,0.48662073385597404,4764.0,4639.0,0.9737615449181911,6241.0,2.0,1.0,0.0,0.0,0.5133792661424237,1.3333570716393675,1.0,3.0,3.0,0.48662073385597404,0.6607320894454773,0.0,0.0,1.058312510271987,0.1521150833211118,0.2797366737078169,-0.5628215093681793,-1.0
9474.0,3158.0,3422.0,869.4335320578949,1986.0,4066.0,3422.0,1986.0,3.0,0.0,3.0,-1076.9999838450003,-0.4079185408649984,-1436.0,0.5803623611905893,0.4884407279869935,3422.0,3026.0,0.8842781998805253,4066.0,2.0,1.0,0.0,0.0,0.5115592720105471,1.2875237492042828,1.0,3.0,3.0,0.4884407279869935,0.6388009288572526,0.0,0.0,1.0583797516847933,0.14636549152013245,0.2753114414360804,-0.5682443793844651,-1.0
18058.0,6019.333333333333,6130.0,934.9033223934024,4823.0,7105.0,4823.0,6130.0,3.0,0.0,3.0,980.2499852962502,0.1798158043195133,1307.0,1.2709931577829754,0.8627726952837963,4823.0,6617.5,1.3720713248986687,7105.0,2.0,1.0,0.0,0.0,0.1372273047147963,1.1803632738932657,1.0,3.0,3.0,0.8627726952837963,0.7329161590426775,0.0,0.0,1.0863649327329978,0.08424705578295555,0.15531675529823613,-0.731126975200887,-1.0
31820.0,10606.666666666666,5724.0,8247.191616274935,3875.0,22221.0,3875.0,22221.0,3.0,0.0,3.0,13759.499793607503,1.3097093017043326,18346.0,5.734451612888427,0.9999999999995499,3875.0,13972.5,3.605806451603598,22221.0,3.0,2.0,0.0,0.0,0.0,2.095003142675586,0.0,3.0,3.0,0.9999999999995499,0.8782212445000382,0.0,0.0,0.8157360218792079,0.3843704169283766,0.7775479210811275,-0.1251454749994202,1.0
19548.0,6516.0,6615.0,2997.768169822343,2796.0,10137.0,6615.0,2796.0,3.0,0.0,3.0,-2864.2499570362506,-0.6457076479405612,-3819.0,0.4226757369608123,0.2758212488899321,6615.0,6466.5,0.9775510204066855,10137.0,2.0,1.0,0.0,0.0,0.7241787511090814,1.5557090239386806,1.0,3.0,3.0,0.2758212488899321,0.6616022099444129,0.0,0.0,0.9853529953387337,0.2503580928992595,0.46006264116294393,-0.3698042423751489,-1.0
8403.0,2801.0,3084.0,1324.4568698149442,1056.0,4263.0,3084.0,4263.0,3.0,0.0,3.0,884.2499867362502,0.2427420184885143,1179.0,1.382295719839876,0.9999999999976542,3084.0,2659.5,0.8623540856003167,4263.0,3.0,2.0,0.0,0.0,0.0,1.521956444121664,0.0,3.0,3.0,0.9999999999976542,0.6329882184926419,0.0,0.0,0.9728038970362483,0.2544329406158168,0.4728514351339578,-0.3579102089237719,-1.0
18130.0,6043.333333333333,3210.0,4162.755043904885,2991.0,11929.0,3210.0,2991.0,3.0,0.0,3.0,-164.24999753625002,-0.052980265451656336,-219.0,0.9317757009316767,0.2507335065803917,3210.0,7460.0,2.32398753893357,11929.0,2.0,1.0,0.0,0.0,0.7492664934187699,1.9739106453359507,1.0,3.0,3.0,0.2507335065803917,0.8229453943735119,0.0,0.0,0.8792362971680677,0.32866335723448037,0.688817712724434,-0.1842604355279444,-1.0
363.0,121.0,126.0,13.92838827718412,102.0,135.0,102.0,126.0,3.0,0.0,3.0,17.999999730000003,0.15709357131531293,24.0,1.2352941175259515,0.9333333332641974,102.0,130.5,1.27941176458045,135.0,2.0,1.0,0.0,0.0,0.0666666666617284,1.1157024792466361,1.0,3.0,3.0,0.9333333332641974,0.7190082644430025,0.0,0.0,1.0918385307644467,0.06060606059326057,0.11511064690936375,-0.7935439908681235,-1.0
7220.0,2406.6666666666665,1864.0,1363.9340974630052,1075.0,4281.0,4281.0,1075.0,3.0,0.0,3.0,-2404.4999639325006,-1.0358772807827645,-3206.0,0.2511095538419736,0.2511095538419736,4281.0,1469.5,0.3432609203449118,4281.0,1.0,0.0,-1577.9999368800025,-1.1000211387115257,0.6567390796527524,1.778808864258537,0.0,3.0,3.0,0.2511095538419736,0.40706371191079355,0.0,0.0,0.9430770492405633,0.2960295475523411,0.5667316194421071,-0.27654282021066184,1.0
37846.0,12615.333333333334,13738.0,4138.112398452006,7080.0,17028.0,7080.0,13738.0,3.0,0.0,3.0,4993.499925097501,0.49711751499736817,6658.0,1.9403954802232481,0.8067888184162516,7080.0,15383.0,2.1727401129912813,17028.0,2.0,1.0,0.0,0.0,0.19321118158316114,1.3497859747386647,1.0,3.0,3.0,0.8067888184162516,0.812926068804943,0.0,0.0,1.040772675465645,0.1752364847010246,0.32802243817962734,-0.5059986507010272,-1.0
44447.0,14815.666666666666,14132.0,1501.8593661044151,13416.0,16899.0,16899.0,14132.0,3.0,0.0,3.0,-2075.2499688712505,-0.13410084814574708,-2767.0,0.8362625007391938,0.8362625007391938,16899.0,13774.0,0.8150778152548582,16899.0,1.0,0.0,1431.9999427200023,0.10397985339616486,0.18492218474455002,1.1406169145266447,0.0,3.0,3.0,0.8362625007391938,0.6197943618240557,0.0,0.0,1.0935640523329633,0.052241996085121034,0.1013696784554684,-0.815920702305943,-0.9999999999999999
248.0,82.66666666666667,77.0,9.46337971105226,75.0,96.0,77.0,96.0,3.0,0.0,3.0,14.249999786250003,0.16350161140781916,19.0,1.246753246591331,0.9999999998958334,77.0,85.5,1.110389610245404,96.0,3.0,2.0,0.0,0.0,0.0,1.1612903224401665,0.0,3.0,3.0,0.9999999998958334,0.689516129004455,0.0,0.0,1.0922107934045018,0.05645161288454603,0.11447636745855844,-0.7945647465273884,-1.0
13280.0,4426.666666666667,3261.0,2570.9129809380083,2027.0,7992.0,2027.0,3261.0,3.0,0.0,3.0,925.4999861175002,0.3564678085053977,1234.0,1.6087814504114022,0.4080330330325225,2027.0,5626.5,2.7757770103464443,7992.0,2.0,1.0,0.0,0.0,0.5919669669662263,1.8054216867429094,1.0,3.0,3.0,0.4080330330325225,0.8473644578306871,0.0,0.0,0.937335651564885,0.299447791164249,0.5807785348491417,-0.2651993659495173,-1.0
14173.0,4724.333333333333,4947.0,1984.6266371508996,2190.0,7036.0,2190.0,4947.0,3.0,0.0,3.0,2067.7499689837505,0.6109690362731484,2757.0,2.258904109578727,0.7030983513349871,2190.0,5991.5,2.735844748845955,7036.0,2.0,1.0,0.0,0.0,0.2969016486635917,1.4893106611130547,1.0,3.0,3.0,0.7030983513349871,0.8454808438574434,0.0,0.0,1.0035978467906161,0.2279451539308166,0.42008607291611494,-0.40836533653972684,-1.0
56.0,18.666666666666668,18.0,2.494438257849294,16.0,22.0,22.0,16.0,3.0,0.0,3.0,-4.499999932500001,-0.22671065050404038,-6.0,0.7272727269421487,0.7272727269421487,22.0,17.0,0.772727272376033,22.0,1.0,0.0,-3.9999998400000063,-0.22245126132239776,0.22727272716942148,1.178571427940051,0.0,3.0,3.0,0.7272727269421487,0.6071428570344388,0.0,0.0,1.0897973131929939,0.07142857134495473,0.13363062088462432,-0.7642430987825588,0.9999999999999999
30652.0,10217.333333333334,9194.0,3976.5922876531135,5940.0,15518.0,9194.0,5940.0,3.0,0.0,3.0,-2440.4999633925004,-0.32758678659820806,-3254.0,0.6460735262120447,0.3827812862479812,9194.0,10729.0,1.1669567108971426,15518.0,2.0,1.0,0.0,0.0,0.6172187137513744,1.5187915959791998,1.0,3.0,3.0,0.3827812862479812,0.7000521988774957,0.0,0.0,1.0237981075117886,0.20831702118387696,0.3892006023407172,-0.4396768880096545,-0.9999999999999999
6765.0,2255.0,1915.0,683.7913911908124,1641.0,3209.0,1641.0,3209.0,3.0,0.0,3.0,1175.9999823600003,0.5027669370422616,1568.0,1.9555149299088634,0.9999999999968838,1641.0,2562.0,1.5612431444146178,3209.0,3.0,2.0,0.0,0.0,0.0,1.4230598669559953,0.0,3.0,3.0,0.9999999999968838,0.7574279379146232,0.0,0.0,1.0546196658416207,0.15452081793471906,0.3032334328992373,-0.5346444846386935,1.0
76017.0,25339.0,28214.0,4131.088557107759,19497.0,28306.0,19497.0,28214.0,3.0,0.0,3.0,6537.749901933751,0.2771563872531708,8717.0,1.4470944247825577,0.9967498056945535,19497.0,28260.0,1.4494537621165053,28306.0,2.0,1.0,0.0,0.0,0.003250194305093178,1.1170922293693053,1.0,3.0,3.0,0.9967498056945535,0.7435178973123455,0.0,0.0,1.0847114012664434,0.07725464917928848,0.16303281728190253,-0.7196419312343736,-1.0
3387.0,1129.0,1180.0,439.5323272145823,567.0,1640.0,567.0,1640.0,3.0,0.0,3.0,804.7499879287502,0.7957047423411334,1073.0,2.8924162256985464,0.9999999999939025,567.0,1410.0,2.4867724867286283,1640.0,3.0,2.0,0.0,0.0,0.0,1.4526129317851852,0.0,3.0,3.0,0.9999999999939025,0.832595217003742,0.0,0.0,1.017731601103928,0.2111996850688469,0.38931118442045104,-0.4395622970712925,1.0
26490.0,8830.0,8510.0,760.3161623079353,8101.0,9879.0,8101.0,8510.0,3.0,0.0,3.0,306.74999539875006,0.03693637423169846,409.0,1.0504875941228855,0.8614232209729107,8101.0,9194.5,1.1349833353892915,9879.0,2.0,1.0,0.0,0.0,0.13857677902607693,1.1187995469976004,1.0,3.0,3.0,0.8614232209729107,0.6941864854659516,0.0,0.0,1.0949578315853923,0.044746445199272955,0.08610602064632776,-0.8414408556622244,-1.0
8092.0,2697.3333333333335,2986.0,1201.3870687205224,1103.0,4003.0,1103.0,4003.0,3.0,0.0,3.0,2174.9999673750003,0.9662654207045718,2900.0,3.6291931096679133,0.9999999999975019,1103.0,3494.5,3.1681776971607603,4003.0,3.0,2.0,0.0,0.0,0.0,1.4840583292085365,0.0,3.0,3.0,0.9999999999975019,0.8636925358367973,0.0,0.0,0.9876928223888632,0.2389190970499373,0.4453980729298326,-0.38370185864595624,1.0
63626.0,21208.666666666668,17451.0,5969.913474154285,16540.0,29635.0,17451.0,29635.0,3.0,0.0,3.0,9137.999862930003,0.3971516815125099,12184.0,1.6981834851861222,0.9999999999996625,17451.0,23087.5,1.3229900865272344,29635.0,3.0,2.0,0.0,0.0,0.0,1.3973061327123828,0.0,3.0,3.0,0.9999999999996625,0.7257253324111643,0.0,0.0,1.0609108046050197,0.13720805959820037,0.28148461984808737,-0.560689819466282,-1.0
997.0,332.3333333333333,322.0,33.06895153396242,298.0,377.0,322.0,377.0,3.0,0.0,3.0,41.24999938125001,0.11793140252872762,55.0,1.1708074533797885,0.9999999999734748,322.0,337.5,1.048136645930182,377.0,3.0,2.0,0.0,0.0,0.0,1.1344032095947523,0.0,3.0,3.0,0.9999999999734748,0.6770310932730488,0.0,0.0,1.093721791004247,0.05282514208831124,0.09950537071103521,-0.818999755023058,-1.0
5260.0,1753.3333333333333,1745.0,793.2483147721707,786.0,2729.0,786.0,2729.0,3.0,0.0,3.0,1457.2499781412503,0.9328714658281299,1943.0,3.472010178072875,0.9999999999963357,786.0,2237.0,2.8460559796075566,2729.0,3.0,2.0,0.0,0.0,0.0,1.5564638783181193,0.0,3.0,3.0,0.9999999999963357,0.8505703422037062,0.0,0.0,0.9905476945018723,0.24626108998632468,0.4524229932134866,-0.3770093212097225,0.9999999999999999
26094.0,8698.0,8296.0,2570.5828132935144,5770.0,12028.0,8296.0,12028.0,3.0,0.0,3.0,2798.9999580150006,0.27856979381879293,3732.0,1.4498553519751085,0.9999999999991686,8296.0,8899.0,1.072685631628408,12028.0,3.0,2.0,0.0,0.0,0.0,1.3828466314079295,0.0,3.0,3.0,0.9999999999991686,0.6820725070894911,0.0,0.0,1.054996413215765,0.159883498121983,0.29553722847672553,-0.5437611178108884,-1.0
17063.0,5687.666666666667,5170.0,2916.319179300434,2403.0,9490.0,2403.0,9490.0,3.0,0.0,3.0,5315.2499202712515,1.0299074579079328,7087.0,3.9492301289889755,0.9999999999989462,2403.0,7330.0,3.050353724498334,9490.0,3.0,2.0,0.0,0.0,0.0,1.66852253413526,0.0,3.0,3.0,0.9999999999989462,0.8591689620811936,0.0,0.0,0.9641368189800501,0.2768954267515269,0.5127443906631847,-0.32210042380090737,1.0
20062.0,6687.333333333333,3657.0,4546.075254790908,3292.0,13113.0,3657.0,3292.0,3.0,0.0,3.0,-273.74999589375005,-0.07883815874826348,-365.0,0.9001914137246372,0.2510485777470822,3657.0,8202.5,2.2429587093184495,13113.0,2.0,1.0,0.0,0.0,0.748951422252155,1.960871298970251,1.0,3.0,3.0,0.2510485777470822,0.8177150832415423,0.0,0.0,0.8847861666755443,0.3263549662709502,0.6798038961395838,-0.19061516918419746,-0.9999999999999999
238.0,79.33333333333333,77.0,6.342099196813483,73.0,88.0,77.0,88.0,3.0,0.0,3.0,8.249999876250001,0.09894565579772611,11.0,1.14285714270872,0.9999999998863637,77.0,80.5,1.0454545453187722,88.0,3.0,2.0,0.0,0.0,0.0,1.109243697339171,0.0,3.0,3.0,0.9999999998863637,0.676470588206871,0.0,0.0,1.0954547227647753,0.04201680670342656,0.07994242684051335,-0.8519505764072655,-0.9999999999999998
5017.0,1672.3333333333333,1256.0,619.4386347510318,1213.0,2548.0,1256.0,2548.0,3.0,0.0,3.0,968.9999854650002,0.5302298888859527,1292.0,2.028662420366014,0.9999999999960754,1256.0,1880.5,1.497213375784258,2548.0,3.0,2.0,0.0,0.0,0.0,1.523619693034541,0.0,3.0,3.0,0.9999999999960754,0.7496511859662156,0.0,0.0,1.0340648474691008,0.1773968507065904,0.3704038079015315,-0.4594238489869459,-1.0
111.0,37.0,38.0,4.546060565661952,31.0,42.0,38.0,31.0,3.0,0.0,3.0,-5.2499999212500015,-0.14836930527190023,-7.0,0.815789473469529,0.7380952379195012,38.0,36.5,0.9605263155367035,42.0,2.0,1.0,0.0,0.0,0.26190476184240363,1.1351351348283418,1.0,3.0,3.0,0.7380952379195012,0.6576576575984092,0.0,0.0,1.0909355947818535,0.06606606602404219,0.12286650174144018,-0.7811556374938193,-1.0
9946.0,3315.3333333333335,2023.0,2088.8424758437122,1661.0,6262.0,1661.0,6262.0,3.0,0.0,3.0,3450.7499482387507,0.9949781904078414,4601.0,3.770018061386093,0.999999999998403,1661.0,4142.5,2.4939795303883567,6262.0,3.0,2.0,0.0,0.0,0.0,1.88879951738823,0.0,3.0,3.0,0.999999999998403,0.8329981902263894,0.0,0.0,0.9141190466745961,0.3083986862384738,0.6300550399670456,-0.22695243470884105,1.0
15827.0,5275.666666666667,3347.0,3699.618028331514,2028.0,10452.0,10452.0,2028.0,3.0,0.0,3.0,-6317.999905230001,-1.2295094498375272,-8424.0,0.194029850746083,0.194029850746083,10452.0,2687.5,0.25712782242608384,10452.0,1.0,0.0,-2637.999894480004,-1.0016401435014954,0.7428721775729593,1.9811714159310396,0.0,3.0,3.0,0.194029850746083,0.3396095280215204,0.0,0.0,0.8658449066945091,0.35483667151035414,0.7012607623032479,-0.17559873495842532,1.0
1398.0,466.0,516.0,88.2269800004511,342.0,540.0,342.0,516.0,3.0,0.0,3.0,130.49999804250004,0.3077343158908518,174.0,1.5087719297804452,0.9555555555378601,342.0,528.0,1.5438596490776648,540.0,2.0,1.0,0.0,0.0,0.044444444443621396,1.1587982832369357,1.0,3.0,3.0,0.9555555555378601,0.7553648068615497,0.0,0.0,1.0797480681482317,0.09442060085496484,0.18932828325870776,-0.6816214901562987,-1.0
11582.0,3860.6666666666665,3876.0,2295.197498159049,1042.0,6664.0,6664.0,1042.0,3.0,0.0,3.0,-4216.499936752501,-1.3910765623428787,-5622.0,0.15636254501777258,0.15636254501777258,6664.0,2459.0,0.36899759903906215,6664.0,1.0,0.0,-5667.999773280009,-2.625920860303477,0.6310024009594373,1.726126748398223,0.0,3.0,3.0,0.15636254501777258,0.4246244171987354,0.0,0.0,0.9010295895975412,0.32360559488814356,0.5945080723933096,-0.2543053463476474,1.0
2748.0,916.0,1054.0,376.21624987055867,402.0,1292.0,1292.0,402.0,3.0,0.0,3.0,-667.4999899875002,-0.8743378495038133,-890.0,0.3111455108335051,0.3111455108335051,1292.0,728.0,0.5634674922557008,1292.0,1.0,0.0,-1303.999947840002,-1.9247188909382136,0.4365325077365594,1.4104803493295799,0.0,3.0,3.0,0.3111455108335051,0.5298398835497459,0.0,0.0,1.00356338947458,0.21591460455901346,0.4107164299852091,-0.4177193640610342,1.0
219.0,73.0,76.0,4.96655480858378,66.0,77.0,77.0,66.0,3.0,0.0,3.0,-8.249999876250001,-0.11401215376378716,-11.0,0.8571428570315399,0.8571428570315399,77.0,71.0,0.9220779219581717,77.0,1.0,0.0,-19.999999200000033,-0.27822559379641304,0.07792207791195818,1.054794520403453,0.0,3.0,3.0,0.8571428570315399,0.6484018264544108,0.0,0.0,1.0962591075012325,0.03348554031405149,0.06803499736854014,-0.8725978126097738,0.9999999999999999
320.0,106.66666666666667,113.0,10.402991022884823,92.0,115.0,113.0,92.0,3.0,0.0,3.0,-15.749999763750003,-0.15269921414044133,-21.0,0.8141592919633488,0.7999999999304348,113.0,103.5,0.9159292034587674,115.0,2.0,1.0,0.0,0.0,0.1999999999826087,1.0781249998989257,1.0,3.0,3.0,0.7999999999304348,0.6468749999797851,0.0,0.0,1.0937379730752403,0.04791666665227878,0.09752804083040197,-0.8222769036434165,-1.0
185.0,61.666666666666664,67.0,12.036980056845191,45.0,73.0,73.0,67.0,3.0,0.0,3.0,-4.499999932500001,-0.06341804006977615,-6.0,0.9178082190523551,0.9178082190523551,73.0,56.0,0.7671232875661476,73.0,1.0,0.0,43.999998240000075,0.7817325861047203,0.2328767122968662,1.1837837835918188,0.0,3.0,3.0,0.9178082190523551,0.6054054053726807,0.0,0.0,1.0786382222971578,0.10090090087505899,0.19519427116043106,-0.6733681277571801,-1.0
174.0,58.0,54.0,5.656854249492381,54.0,66.0,54.0,54.0,3.0,0.0,3.0,0.0,0.0,0.0,0.9999999998148148,0.8181818180578513,54.0,60.0,1.1111111109053498,66.0,2.0,1.0,0.0,0.0,0.18181818179063364,1.1379310342865636,1.0,3.0,3.0,0.8181818180578513,0.6896551723741577,0.0,0.0,1.0939547822345017,0.04597701146782929,0.0975319698020183,-0.8222703801406006,-1.0
315.0,105.0,108.0,16.87206764645835,83.0,124.0,83.0,124.0,3.0,0.0,3.0,30.749999538750007,0.2981226993724006,41.0,1.4939759034344609,0.9999999999193548,83.0,116.0,1.3975903612773988,124.0,3.0,2.0,0.0,0.0,0.0,1.1809523808399094,0.0,3.0,3.0,0.9999999999193548,0.7365079364845553,0.0,0.0,1.0854334107016952,0.0867724867574593,0.16068635852239513,-0.7231183818261206,0.9999999999999999
176.0,58.666666666666664,63.0,6.128258770283412,50.0,63.0,50.0,63.0,3.0,0.0,3.0,9.749999853750001,0.17029308542211305,13.0,1.259999999748,0.9999999998412699,50.0,63.0,1.259999999748,63.0,2.0,1.0,0.0,0.0,0.0,1.0738636361805916,0.0,3.0,3.0,0.9999999998412699,0.7159090908684143,0.0,0.0,1.093006007898087,0.049242424216239256,0.10445895629384357,-0.8108413974393462,
112.0,37.333333333333336,36.0,3.39934634239519,34.0,42.0,34.0,36.0,3.0,0.0,3.0,1.4999999775000004,0.04167738774094731,2.0,1.058823529100346,0.8571428569387755,34.0,39.0,1.1470588231920416,42.0,2.0,1.0,0.0,0.0,0.14285714282312925,1.1249999996986606,1.0,3.0,3.0,0.8571428569387755,0.6964285713663904,0.0,0.0,1.0945250894917553,0.04761904757794788,0.091053919861196,-0.8330899722963124,-1.0
915.0,305.0,353.0,106.78326960093827,157.0,405.0,353.0,157.0,3.0,0.0,3.0,-146.99999779500004,-0.6050264010047095,-196.0,0.44475920678626746,0.3876543209780826,353.0,281.0,0.7960339943117271,405.0,2.0,1.0,0.0,0.0,0.612345678997226,1.3278688524154796,1.0,3.0,3.0,0.3876543209780826,0.6142076502665114,0.0,0.0,1.0306529464715402,0.180692167571898,0.350109080647335,-0.48136178671450436,-1.0
148.0,49.333333333333336,57.0,12.283683848458853,32.0,59.0,57.0,32.0,3.0,0.0,3.0,-18.749999718750004,-0.42295158046568043,-25.0,0.561403508673438,0.5423728812640046,57.0,45.5,0.7982456138950447,59.0,2.0,1.0,0.0,0.0,0.4576271185665039,1.1959459457035244,1.0,3.0,3.0,0.5423728812640046,0.6148648648233199,0.0,0.0,1.0652380843290266,0.12162162158885237,0.2489935914723429,-0.6012892407555512,-0.9999999999999998
3426.0,1142.0,1004.0,221.83928116243675,967.0,1455.0,1004.0,1455.0,3.0,0.0,3.0,338.24999492625005,0.27802905202715555,451.0,1.4492031872365616,0.9999999999931273,1004.0,1211.0,1.2061752987927672,1455.0,3.0,2.0,0.0,0.0,0.0,1.2740805604091587,0.0,3.0,3.0,0.9999999999931273,0.7069468768222215,0.0,0.0,1.0804324654569772,0.09496010896922713,0.19425506231216658,-0.6746841299706069,-1.0
109.0,36.333333333333336,36.0,7.760297817881877,27.0,46.0,27.0,46.0,3.0,0.0,3.0,14.249999786250003,0.38845731282428125,19.0,1.7037037030727022,0.9999999997826087,27.0,41.0,1.5185185179561043,46.0,3.0,2.0,0.0,0.0,0.0,1.266055045523104,0.0,3.0,3.0,0.9999999997826087,0.7522935779126336,0.0,0.0,1.075643467060348,0.1162079510260079,0.21358617841502794,-0.6480082216631847,1.0
48228.0,16076.0,6193.0,14381.606238525654,5623.0,36412.0,6193.0,5623.0,3.0,0.0,3.0,-427.4999935875001,-0.07240344419593472,-570.0,0.9079606006767189,0.15442711194107592,6193.0,21017.5,3.39375100919846,36412.0,2.0,1.0,0.0,0.0,0.8455728880586495,2.2649912913646024,1.0,3.0,3.0,0.15442711194107592,0.8715891183543022,0.0,0.0,0.7263162985022276,0.4256033839262281,0.8946010349910866,-0.05563121895411994,-1.0
928.0,309.3333333333333,310.0,2.494438257849294,306.0,312.0,310.0,306.0,3.0,0.0,3.0,-2.9999999550000007,-0.009708873298394722,-4.0,0.9870967741617065,0.9807692307377959,310.0,309.0,0.9967741935162331,312.0,2.0,1.0,0.0,0.0,0.01923076923015286,1.0086206896225662,1.0,3.0,3.0,0.9807692307377959,0.6659482758548928,0.0,0.0,1.0985797413953349,0.004310344822781476,0.008063916781579703,-0.9840011795611353,-1.0
1482.0,494.0,491.0,42.91852746774987,443.0,548.0,443.0,491.0,3.0,0.0,3.0,35.999999460000005,0.07699061439020315,48.0,1.1083521444445068,0.8959854014435039,443.0,519.5,1.1726862302218355,548.0,2.0,1.0,0.0,0.0,0.1040145985382479,1.1093117408682325,1.0,3.0,3.0,0.8959854014435039,0.7010796221275232,0.0,0.0,1.0948425887242554,0.047233468282994684,0.08687961025684428,-0.8401302049517059,-1.0
1548.0,516.0,434.0,173.2878145360102,357.0,757.0,357.0,434.0,3.0,0.0,3.0,57.74999913375001,0.1461097813243412,77.0,1.215686274475751,0.5733157199395863,357.0,595.5,1.6680672268440317,757.0,2.0,1.0,0.0,0.0,0.42668428004720366,1.4670542635374602,1.0,3.0,3.0,0.5733157199395863,0.7693798449562702,0.0,0.0,1.044666741621734,0.17226528854111645,0.3358290979314959,-0.497197510577947,-1.0
32591.0,10863.666666666666,10883.0,1820.838695644278,8624.0,13084.0,13084.0,10883.0,3.0,0.0,3.0,-1650.7499752387503,-0.1381295342238889,-2201.0,0.8317792723931277,0.8317792723931277,13084.0,9753.5,0.7454524610205246,13084.0,1.0,0.0,4517.999819280008,0.4652576973968437,0.25454753897871096,1.2043815777350761,0.0,3.0,3.0,0.8317792723931277,0.5985394740877548,0.0,0.0,1.0844529308244741,0.09123173064123802,0.16760811533637524,-0.7129034765426422,-1.0
55053.0,18351.0,11959.0,10541.7311671281,9883.0,33211.0,11959.0,33211.0,3.0,0.0,3.0,15938.999760915003,0.7660076194178588,21252.0,2.7770716615078372,0.999999999999699,11959.0,21547.0,1.801739275857679,33211.0,3.0,2.0,0.0,0.0,0.0,1.8097651354139774,0.0,3.0,3.0,0.999999999999699,0.7827729642343229,0.0,0.0,0.9448776591950874,0.28249141736135375,0.574449957338693,-0.2702848957994658,-1.0
14375.0,4791.666666666667,3465.0,2307.4888708049903,2873.0,8037.0,2873.0,3465.0,3.0,0.0,3.0,443.9999933400001,0.1404723006203512,592.0,1.2060563870476644,0.43113101903641765,2873.0,5751.0,2.0017403410998895,8037.0,2.0,1.0,0.0,0.0,0.5688689809623381,1.6772869565182387,1.0,3.0,3.0,0.43113101903641765,0.8001391304342259,0.0,0.0,0.9898317129641312,0.2394898550720992,0.4815628947756886,-0.34992581621093904,-1.0
2426.0,808.6666666666666,837.0,202.2611073725138,548.0,1041.0,1041.0,548.0,3.0,0.0,3.0,-369.74999445375005,-0.4805990783938502,-493.0,0.5264169068153083,0.5264169068153083,1041.0,692.5,0.6652257444700748,1041.0,1.0,0.0,-577.999976880001,-0.8458392841115333,0.3347742555203192,1.2873042044358536,0.0,3.0,3.0,0.5264169068153083,0.5708985985137226,0.0,0.0,1.0662562668152127,0.1354767793329641,0.2501167857007576,-0.5998505282580671,1.0
39655.0,13218.333333333334,8916.0,6629.809667118825,8155.0,22584.0,8155.0,22584.0,3.0,0.0,3.0,10821.749837673753,0.7638990758372834,14429.0,2.7693439607568737,0.9999999999995571,8155.0,15750.0,1.9313304721006361,22584.0,3.0,2.0,0.0,0.0,0.0,1.708536124068812,0.0,3.0,3.0,0.9999999999995571,0.7943512797879727,0.0,0.0,0.9814155970407288,0.24257554742978393,0.501561694649891,-0.33194660407581184,1.0
1585.0,528.3333333333334,550.0,93.12476696465995,405.0,630.0,405.0,550.0,3.0,0.0,3.0,108.74999836875003,0.2290362337278432,145.0,1.358024691324493,0.8730158730020157,405.0,590.0,1.45679012342082,630.0,2.0,1.0,0.0,0.0,0.12698412698211137,1.1924290220594491,1.0,3.0,3.0,0.8730158730020157,0.7444794952634418,0.0,0.0,1.0826407589491498,0.09463722397176033,0.17626138857330725,-0.7003023472587855,-0.9999999999999999
77936.0,25978.666666666668,20811.0,8436.818765914608,19249.0,37876.0,19249.0,20811.0,3.0,0.0,3.0,1171.4999824275003,0.05851401114298778,1562.0,1.081147072574637,0.5494508395816482,19249.0,29343.5,1.5244168528227313,37876.0,2.0,1.0,0.0,0.0,0.45054916041808785,1.4579655101616231,1.0,3.0,3.0,0.5494508395816482,0.7530152946006015,0.0,0.0,1.0486492729856398,0.1593358653253314,0.3247594987904701,-0.5097079898846938,-1.0
134414.0,44804.666666666664,48566.0,12928.153937133571,27429.0,58419.0,27429.0,48566.0,3.0,0.0,3.0,15852.749762208754,0.428480230806272,21137.0,1.770607750919913,0.8313391191220612,27429.0,53492.5,1.9502169236931897,58419.0,2.0,1.0,0.0,0.0,0.16866088087776773,1.3038597169934747,1.0,3.0,3.0,0.8313391191220612,0.7959364351927034,0.0,0.0,1.0543051773732603,0.1537042272381972,0.288544807917271,-0.5521384958528999,-0.9999999999999999
13134.0,4378.0,4122.0,1659.227129318547,2486.0,6526.0,4122.0,6526.0,3.0,0.0,3.0,1802.9999729550004,0.3445247692783657,2404.0,1.5832120329898516,0.9999999999984677,4122.0,4506.0,1.0931586608415984,6526.0,3.0,2.0,0.0,0.0,0.0,1.4906349931441512,0.0,3.0,3.0,0.9999999999984677,0.6861580630419627,0.0,0.0,1.026284070279192,0.20506573270353345,0.3789920350193598,-0.4503347004246024,-1.0
524.0,174.66666666666666,180.0,26.398653164297777,140.0,204.0,180.0,140.0,3.0,0.0,3.0,-29.999999550000005,-0.18730285285620044,-40.0,0.7777777777345679,0.6862745097702806,180.0,172.0,0.9555555555024691,204.0,2.0,1.0,0.0,0.0,0.31372549018069973,1.1679389312308432,1.0,3.0,3.0,0.6862745097702806,0.6564885496057922,0.0,0.0,1.0869522745915572,0.08142493637776882,0.15113732726786108,-0.7374121684417961,-1.0
194.0,64.66666666666667,60.0,11.115554667022044,54.0,80.0,60.0,54.0,3.0,0.0,3.0,-4.499999932500001,-0.07765550804079752,-6.0,0.89999999985,0.6749999999156251,60.0,67.0,1.1166666664805556,80.0,2.0,1.0,0.0,0.0,0.324999999959375,1.2371134018705494,1.0,3.0,3.0,0.6749999999156251,0.6907216494489319,0.0,0.0,1.084208969085708,0.08934707901335615,0.1718900205974713,-0.7066447914845198,-1.0
51.0,17.0,16.0,1.4142135623730951,16.0,19.0,19.0,16.0,3.0,0.0,3.0,-2.2499999662500003,-0.12188919529499309,-3.0,0.8421052627146814,0.8421052627146814,19.0,16.0,0.8421052627146814,19.0,1.0,0.0,0.0,0.0,0.15789473675900276,1.11764705816609,0.0,3.0,3.0,0.8421052627146814,0.6274509802691273,0.0,0.0,1.0952142659493385,0.03921568618480076,0.08318903303183557,-0.846399786576295,
11495.0,3831.6666666666665,3533.0,2337.3920414760455,1130.0,6832.0,6832.0,1130.0,3.0,0.0,3.0,-4276.499935852501,-1.3489961937635502,-5702.0,0.16539812646345814,0.16539812646345814,6832.0,2331.5,0.34126170960137403,6832.0,1.0,0.0,-4805.999807760008,-2.2786562623807916,0.6587382903971623,1.7830361026486743,0.0,3.0,3.0,0.16539812646345814,0.4056546324485379,0.0,0.0,0.8998710195967576,0.33069450485670204,0.6100196715450054,-0.24222084695285268,1.0
35550.0,11850.0,9981.0,7544.7278280929395,3687.0,21882.0,9981.0,3687.0,3.0,0.0,3.0,-4720.4999291925005,-0.7467743628131871,-6294.0,0.36940186354035726,0.16849465313948975,9981.0,12784.5,1.2808836789887976,21882.0,2.0,1.0,0.0,0.0,0.8315053468600532,1.8465822784794543,1.0,3.0,3.0,0.16849465313948975,0.7192405063289117,0.0,0.0,0.8903642532560445,0.3412095639942172,0.6366858926655335,-0.22198157200580695,-0.9999999999999999
49581.0,16527.0,15595.0,5341.506154634664,10501.0,23485.0,15595.0,10501.0,3.0,0.0,3.0,-3820.499942692501,-0.29658656247971504,-5094.0,0.6733568451422421,0.44713647008709934,15595.0,16993.0,1.089644116703373,23485.0,2.0,1.0,0.0,0.0,0.5528635299124748,1.4210080474366666,1.0,3.0,3.0,0.44713647008709934,0.6854641899113199,0.0,0.0,1.0464922311471596,0.17458300558671613,0.3231987750124906,-0.5114887028069653,-1.0
203.0,67.66666666666667,66.0,9.46337971105226,57.0,80.0,80.0,66.0,3.0,0.0,3.0,-10.499999842500003,-0.14231739932634407,-14.0,0.8249999998968751,0.8249999998968751,80.0,61.5,0.7687499999039064,80.0,1.0,0.0,17.99999928000003,0.288499206149125,0.23124999997109377,1.1822660096774977,0.0,3.0,3.0,0.8249999998968751,0.6059113300194132,0.0,0.0,1.088904176597781,0.07553366171742426,0.13985290211310933,-0.7546123680911186,-1.0
12193.0,4064.3333333333335,3375.0,2511.93276626231,1391.0,7427.0,7427.0,1391.0,3.0,0.0,3.0,-4526.999932095001,-1.2558862923453793,-6036.0,0.1872896189576043,0.1872896189576043,7427.0,2383.0,0.320856334993509,7427.0,1.0,0.0,-3967.9998412800064,-1.7718999587669657,0.6791436650051446,1.8273599606286541,0.0,3.0,3.0,0.1872896189576043,0.3908800131219627,0.0,0.0,0.9051565216743103,0.33002542442339533,0.6180429999810045,-0.23606109356860056,1.0
285.0,95.0,99.0,11.775681155103795,79.0,107.0,79.0,99.0,3.0,0.0,3.0,14.999999775000003,0.16735766097529303,20.0,1.253164556803397,0.9252336447733427,79.0,103.0,1.303797468189393,107.0,2.0,1.0,0.0,0.0,0.07476635513319942,1.1263157893551248,1.0,3.0,3.0,0.9252336447733427,0.722807017518498,0.0,0.0,1.0907490726920004,0.06549707600703125,0.12395453846172895,-0.7794314017646876,-1.0
743.0,247.66666666666666,207.0,113.12628145376102,134.0,402.0,134.0,207.0,3.0,0.0,3.0,54.74999917875001,0.3241974710842041,73.0,1.5447761192877032,0.5149253731215193,134.0,304.5,2.2723880595319113,402.0,2.0,1.0,0.0,0.0,0.4850746268536051,1.6231493942817032,1.0,3.0,3.0,0.5149253731215193,0.8196500672837194,0.0,0.0,0.9972948893097138,0.24046657693327167,0.4567682965647107,-0.37290192591089355,-1.0
148.0,49.333333333333336,54.0,11.897712198383164,33.0,61.0,61.0,33.0,3.0,0.0,3.0,-20.999999685000006,-0.45058038856299176,-28.0,0.5409836064686913,0.5409836064686913,61.0,43.5,0.7131147539814566,61.0,1.0,0.0,-41.99999832000007,-0.961945282754808,0.28688524585460895,1.2364864862358473,0.0,3.0,3.0,0.5409836064686913,0.587837837798119,0.0,0.0,1.067798804348833,0.12612612609325558,0.2411698418102324,-0.6113830133677107,1.0
1166.0,388.6666666666667,448.0,163.07326233594793,166.0,552.0,166.0,552.0,3.0,0.0,3.0,289.49999565750005,0.8980231283588377,386.0,3.3253012046189574,0.999999999981884,166.0,500.0,3.0120481925896354,552.0,3.0,2.0,0.0,0.0,0.0,1.4202401371847277,0.0,3.0,3.0,0.999999999981884,0.857632933097276,0.0,0.0,0.9990566183004741,0.22069754144781584,0.41957100085356486,-0.4088763427624991,1.0
3693.0,1231.0,1205.0,84.49063064427125,1143.0,1345.0,1205.0,1345.0,3.0,0.0,3.0,104.99999842500002,0.08237109845259011,140.0,1.116182572604845,0.9999999999925652,1205.0,1244.0,1.0323651452196485,1345.0,3.0,2.0,0.0,0.0,0.0,1.0926076360593615,0.0,3.0,3.0,0.9999999999925652,0.6737070132665213,0.0,0.0,1.0962774589008228,0.03646538496130525,0.06863576819137684,-0.8715450666383704,-1.0
27627.0,9209.0,8015.0,2320.32124212719,7159.0,12453.0,8015.0,12453.0,3.0,0.0,3.0,3328.4999500725007,0.3304517291240376,4438.0,1.5537117903910747,0.9999999999991969,8015.0,9806.0,1.2234560199610438,12453.0,3.0,2.0,0.0,0.0,0.0,1.3522640894762163,0.0,3.0,3.0,0.9999999999991969,0.7098852571756941,0.0,0.0,1.0681225356587132,0.12774942387260535,0.25196234576226195,-0.5974921344628832,-1.0
50722.0,16907.333333333332,15973.0,2286.1633556876222,14694.0,20055.0,14694.0,15973.0,3.0,0.0,3.0,959.2499856112502,0.06259132452936766,1279.0,1.087042330202064,0.7964597357263543,14694.0,18014.0,1.2259425615889301,20055.0,2.0,1.0,0.0,0.0,0.20354026427314706,1.1861716809267067,1.0,3.0,3.0,0.7964597357263543,0.7103032214816628,0.0,0.0,1.089655726946647,0.07046252119386698,0.1352172640483185,-0.7617772943895981,-1.0
10411.0,3470.3333333333335,2390.0,1733.990067894149,2104.0,5917.0,2390.0,2104.0,3.0,0.0,3.0,-214.49999678250003,-0.09554716457317455,-286.0,0.8803347280297894,0.35558560081062096,2390.0,4010.5,1.6780334727963262,5917.0,2.0,1.0,0.0,0.0,0.6444143991876891,1.705023532796931,1.0,3.0,3.0,0.35558560081062096,0.7704351167027467,0.0,0.0,0.9821052234577119,0.24416482566465691,0.4996609551116566,-0.33363477470026504,-1.0
8053.0,2684.3333333333335,2435.0,446.1907912790472,2307.0,3311.0,2307.0,3311.0,3.0,0.0,3.0,752.9999887050002,0.27087816184469676,1004.0,1.435197225828196,0.9999999999969797,2307.0,2873.0,1.2453402687418929,3311.0,3.0,2.0,0.0,0.0,0.0,1.2334533714097846,0.0,3.0,3.0,0.9999999999969797,0.7135229107156171,0.0,0.0,1.0852191694212308,0.08311602301361143,0.16622033699641808,-0.7149417966310234,1.0
274.0,91.33333333333333,83.0,13.224556283251582,81.0,110.0,81.0,110.0,3.0,0.0,3.0,21.749999673750004,0.22710821212943724,29.0,1.3580246911903675,0.9999999999090909,81.0,96.5,1.191358024544277,110.0,3.0,2.0,0.0,0.0,0.0,1.2043795619119293,0.0,3.0,3.0,0.9999999999090909,0.7043795620180883,0.0,0.0,1.0884310551199268,0.07055961068851713,0.1447944118445654,-0.7470385767065232,0.9999999999999998
4834.0,1611.3333333333333,1204.0,950.9785603378355,705.0,2925.0,1204.0,2925.0,3.0,0.0,3.0,1290.7499806387502,0.6653675417609727,1721.0,2.429401993335304,0.9999999999965812,1204.0,1815.0,1.507475083043958,2925.0,3.0,2.0,0.0,0.0,0.0,1.8152668597322184,0.0,3.0,3.0,0.9999999999965812,0.7509309060803663,0.0,0.0,0.9309762890215578,0.30616466694136024,0.5901811503921807,-0.25771834202697047,-1.0
148.0,49.333333333333336,52.0,4.4969125210773475,43.0,53.0,52.0,53.0,3.0,0.0,3.0,0.7499999887500002,0.014019099548827924,1.0,1.0192307690347633,0.9999999998113207,52.0,48.0,0.9230769228994082,53.0,3.0,2.0,0.0,0.0,0.0,1.0743243241065559,0.0,3.0,3.0,0.9999999998113207,0.648648648604821,0.0,0.0,1.0943626134863023,0.04504504501400053,0.09115363216552319,-0.8329224600829684,-1.0
7042.0,2347.3333333333335,1868.0,1476.4643202220936,827.0,4347.0,4347.0,827.0,3.0,0.0,3.0,-2639.9999604000004,-1.2438435517342274,-3520.0,0.19024614676744825,0.19024614676744825,4347.0,1347.5,0.30998389693970557,4347.0,1.0,0.0,-2081.9999167200035,-1.6282912410089574,0.690016103057994,1.8518886679841584,0.0,3.0,3.0,0.19024614676744825,0.38270377733544064,0.0,0.0,0.9013355221577937,0.3332386632577551,0.6289964442839265,-0.22774976398116012,1.0
17506.0,5835.333333333333,5060.0,1752.0084347843635,4185.0,8261.0,5060.0,8261.0,3.0,0.0,3.0,2400.7499639887506,0.3675769420433202,3201.0,1.6326086956489474,0.9999999999987894,5060.0,6223.0,1.2298418972307712,8261.0,3.0,2.0,0.0,0.0,0.0,1.4156860504945465,0.0,3.0,3.0,0.9999999999987894,0.7109562435732257,0.0,0.0,1.0552519796324853,0.1552229711715054,0.3002413632094187,-0.5381759545486506,-1.0
22227.0,7409.0,4986.0,5941.338401404182,1653.0,15588.0,15588.0,1653.0,3.0,0.0,3.0,-10451.249843231251,-1.6825266803088836,-13935.0,0.1060431100846125,0.1060431100846125,15588.0,3319.5,0.21295227097753852,15588.0,1.0,0.0,-6665.99973336001,-2.207275771633942,0.78704772902182,2.103927655551216,0.0,3.0,3.0,0.1060431100846125,0.29869078148184697,0.0,0.0,0.7773808086228098,0.41796013856994496,0.8019082739095915,-0.10993441173299026,1.0
3117.0,1039.0,1037.0,456.4237796901764,481.0,1599.0,481.0,1037.0,3.0,0.0,3.0,416.9999937450001,0.5753302036264721,556.0,2.1559251558803343,0.6485303314531049,481.0,1318.0,2.7401247400677726,1599.0,2.0,1.0,0.0,0.0,0.3514696685406412,1.5389797882431284,1.0,3.0,3.0,0.6485303314531049,0.845684953478198,0.0,0.0,0.9969370341654116,0.2391188108206903,0.43929141451952214,-0.3895726604177892,-0.9999999999999999
33827.0,11275.666666666666,11425.0,4179.347184535988,6084.0,16318.0,11425.0,16318.0,3.0,0.0,3.0,3669.749944953751,0.26732895562496034,4893.0,1.4282713347908722,0.9999999999993872,11425.0,11201.0,0.980393873084481,16318.0,3.0,2.0,0.0,0.0,0.0,1.4471871581859634,0.0,3.0,3.0,0.9999999999993872,0.66225204718105,0.0,0.0,1.0268331945246925,0.20169292774001701,0.37065189208611005,-0.4591596973285065,-1.0
1021.0,340.3333333333333,289.0,76.15919000502974,284.0,448.0,289.0,448.0,3.0,0.0,3.0,119.24999821125003,0.3278564686534542,159.0,1.5501730103269835,0.9999999999776785,289.0,366.0,1.2664359861153482,448.0,3.0,2.0,0.0,0.0,0.0,1.3163565131836525,0.0,3.0,3.0,0.9999999999776785,0.7169441723729976,0.0,0.0,1.0746167964420699,0.10708455761854263,0.22377822723641125,-0.6342830387553987,-1.0
7200.0,2400.0,1783.0,1280.5381681152655,1234.0,4183.0,1234.0,1783.0,3.0,0.0,3.0,411.74999382375006,0.2758402939208034,549.0,1.4448946515279995,0.4262491035132053,1234.0,2983.0,2.417341977289973,4183.0,2.0,1.0,0.0,0.0,0.5737508964844041,1.7429166666594047,1.0,3.0,3.0,0.4262491035132053,0.8286111111099603,0.0,0.0,0.9634478177796459,0.273055555554812,0.5335575700458042,-0.3041571044092577,-0.9999999999999999
7143.0,2381.0,1906.0,1079.5094564971012,1362.0,3875.0,1362.0,1906.0,3.0,0.0,3.0,407.9999938800001,0.25188237664967855,544.0,1.3994126284772437,0.49187096774066613,1362.0,2890.5,2.1222466960196607,3875.0,2.0,1.0,0.0,0.0,0.5081290322567532,1.6274674506441518,1.0,3.0,3.0,0.49187096774066613,0.8093238135225965,0.0,0.0,1.0002861526879212,0.23454197582641845,0.4533849040287977,-0.37609795894520426,-1.0
436.0,145.33333333333334,143.0,15.195028426721974,128.0,165.0,128.0,143.0,3.0,0.0,3.0,11.249999831250003,0.08250067017323652,15.0,1.1171874999127196,0.8666666666141414,128.0,154.0,1.2031249999060059,165.0,2.0,1.0,0.0,0.0,0.13333333332525252,1.1353211008393127,1.0,3.0,3.0,0.8666666666141414,0.7064220183324215,0.0,0.0,1.0931751356416477,0.05657492353677451,0.10455294788309479,-0.8106873045463743,-1.0
460.0,153.33333333333334,138.0,48.58211833815218,103.0,219.0,138.0,219.0,3.0,0.0,3.0,60.74999908875001,0.3443652047507741,81.0,1.5869565216241335,0.9999999999543379,138.0,161.0,1.1666666665821255,219.0,3.0,2.0,0.0,0.0,0.0,1.4282608694720698,0.0,3.0,3.0,0.9999999999543379,0.6999999999847826,0.0,0.0,1.0496073550969087,0.16811594201810554,0.3168399021846768,-0.5187875129062559,-1.0
182.0,60.666666666666664,59.0,12.710450643291745,46.0,77.0,59.0,46.0,3.0,0.0,3.0,-9.749999853750001,-0.18314771763681573,-13.0,0.7796610168170066,0.5974025973250127,59.0,61.5,1.0423728811792587,77.0,2.0,1.0,0.0,0.0,0.4025974025451173,1.2692307690215554,1.0,3.0,3.0,0.5974025973250127,0.6758241757870426,0.0,0.0,1.076725199869741,0.1135531135266139,0.20951292265708707,-0.6535581905495618,-1.0
24868.0,8289.333333333334,7871.0,871.1158871751156,7495.0,9502.0,9502.0,7871.0,3.0,0.0,3.0,-1223.2499816512502,-0.14122153174109706,-1631.0,0.8283519259094628,0.8283519259094628,9502.0,7683.0,0.8085666175533481,9502.0,1.0,0.0,751.9999699200013,0.09788522571225164,0.1914333824455994,1.1462924239973302,0.0,3.0,3.0,0.8283519259094628,0.6179025253335138,0.0,0.0,1.093193998552608,0.0538040855716333,0.1050887751939116,-0.8098093518756903,-1.0
2956.0,985.3333333333334,882.0,345.8365060095433,623.0,1451.0,882.0,1451.0,3.0,0.0,3.0,426.7499935987501,0.3730289904901513,569.0,1.6451247165346357,0.9999999999931083,882.0,1037.0,1.1757369614379167,1451.0,3.0,2.0,0.0,0.0,0.0,1.4725981055330926,0.0,3.0,3.0,0.9999999999931083,0.7016238159651501,0.0,0.0,1.0383081688055311,0.18673883626350918,0.3509842753782478,-0.480402130831532,-1.0
15363.0,5121.0,2559.0,4080.4711329289744,1924.0,10880.0,2559.0,1924.0,3.0,0.0,3.0,-476.2499928562501,-0.21381096485662848,-635.0,0.7518561938227751,0.1768382352939551,2559.0,6402.0,2.5017584994040574,10880.0,2.0,1.0,0.0,0.0,0.8231617647051257,2.124585041979839,1.0,3.0,3.0,0.1768382352939551,0.8334309705130291,0.0,0.0,0.8030865527593822,0.38863937165012885,0.7968113909238442,-0.1130828812086571,-1.0
34255.0,11418.333333333334,8986.0,5112.4616597312715,6738.0,18531.0,6738.0,8986.0,3.0,0.0,3.0,1685.9999747100003,0.2159006537956075,2248.0,1.333630157314732,0.48491716582996874,6738.0,13758.5,2.041926387649092,18531.0,2.0,1.0,0.0,0.0,0.5150828341694916,1.6229163625733851,1.0,3.0,3.0,0.48491716582996874,0.803298788497795,0.0,0.0,1.0032526469645844,0.22951393957071353,0.4477414969838091,-0.38146209400357556,-1.0
202.0,67.33333333333333,66.0,8.219218670625303,58.0,78.0,58.0,66.0,3.0,0.0,3.0,5.999999910000001,0.0953663801834388,8.0,1.1379310342865636,0.8461538460453649,58.0,72.0,1.2413793101307966,78.0,2.0,1.0,0.0,0.0,0.15384615382643,1.1584158414121166,1.0,3.0,3.0,0.8461538460453649,0.7128712870934222,0.0,0.0,1.0912073212745317,0.06600660063697461,0.12206760400105883,-0.782423797567903,-1.0
1340.0,446.6666666666667,369.0,124.24795996536746,349.0,622.0,349.0,622.0,3.0,0.0,3.0,204.74999692875005,0.43246001674109535,273.0,1.7822349569689904,0.9999999999839229,349.0,495.5,1.4197707735982874,622.0,3.0,2.0,0.0,0.0,0.0,1.3925373134016594,0.0,3.0,3.0,0.9999999999839229,0.7395522388004512,0.0,0.0,1.0617735516959843,0.13582089551873366,0.27816707454310247,-0.5647406663894374,1.0
16614.0,5538.0,3651.0,2927.5984469641094,3290.0,9673.0,3651.0,3290.0,3.0,0.0,3.0,-270.74999593875003,-0.07806261840770119,-361.0,0.9011229800030098,0.3401219890413107,3651.0,6481.5,1.7752670501183916,9673.0,2.0,1.0,0.0,0.0,0.6598780109576554,1.7466594438393885,1.0,3.0,3.0,0.3401219890413107,0.7802455760197542,0.0,0.0,0.9685832426779968,0.2561293688051065,0.5286382172190002,-0.30835404837432795,-1.0
18776.0,6258.666666666667,5309.0,1972.4962751689939,4462.0,9005.0,5309.0,4462.0,3.0,0.0,3.0,-635.2499904712502,-0.13032798525011602,-847.0,0.8404595969093229,0.495502498611332,5309.0,6733.5,1.268317950647451,9005.0,2.0,1.0,0.0,0.0,0.5044975013875574,1.4388048572622942,1.0,3.0,3.0,0.495502498611332,0.7172454196843219,0.0,0.0,1.0510697629494468,0.16130521232752915,0.3151623788611806,-0.5207247653557678,-1.0
3181.0,1060.3333333333333,1142.0,134.2990030574398,871.0,1168.0,1168.0,871.0,3.0,0.0,3.0,-222.74999665875004,-0.21983589987477778,-297.0,0.7457191780758072,0.7457191780758072,1168.0,1006.5,0.8617294520474168,1168.0,1.0,0.0,-541.9999783200009,-0.541244458121883,0.13827054794402166,1.1015403960914663,0.0,3.0,3.0,0.7457191780758072,0.6328198679640591,0.0,0.0,1.0903231103309916,0.062244577175526006,0.1266573433412511,-0.7751626187065048,1.0
1026.0,342.0,340.0,127.38131731144878,187.0,499.0,187.0,499.0,3.0,0.0,3.0,233.99999649000006,0.7336245906898128,312.0,2.6684491977182647,0.9999999999799599,187.0,419.5,2.243315507901427,499.0,3.0,2.0,0.0,0.0,0.0,1.4590643274427173,0.0,3.0,3.0,0.9999999999799599,0.8177387914150319,0.0,0.0,1.0268448010403608,0.20272904482931775,0.37245999212784847,-0.4572373777322134,1.0
412.0,137.33333333333334,124.0,32.42769735204082,106.0,182.0,106.0,182.0,3.0,0.0,3.0,56.99999914500001,0.40249298274724193,76.0,1.7169811319134924,0.999999999945055,106.0,153.0,1.443396226278925,182.0,3.0,2.0,0.0,0.0,0.0,1.3252427183501034,0.0,3.0,3.0,0.999999999945055,0.7427184465839146,0.0,0.0,1.0715848190163786,0.12297734626653489,0.23612400982776394,-0.6179606447461978,1.0
31985.0,10661.666666666666,5276.0,7688.720497513802,5174.0,21535.0,5174.0,21535.0,3.0,0.0,3.0,12270.749815938752,1.0694149446919383,16361.0,4.162156938530804,0.9999999999995356,5174.0,13405.5,2.590935446458077,21535.0,3.0,2.0,0.0,0.0,0.0,2.0198530561181616,0.0,3.0,3.0,0.9999999999995356,0.8382366734404132,0.0,0.0,0.8582747523440317,0.3410140169869551,0.7211555883232694,-0.16200999698547866,1.0
30388.0,10129.333333333334,8898.0,4972.534721402712,4749.0,16741.0,8898.0,4749.0,3.0,0.0,3.0,-3111.7499533237506,-0.47084571255844604,-4149.0,0.533715441671686,0.28367481034568803,8898.0,10745.0,1.2075747358943496,16741.0,2.0,1.0,0.0,0.0,0.7163251896537146,1.652724759771963,1.0,3.0,3.0,0.28367481034568803,0.7071870475185247,0.0,0.0,0.9781546511217999,0.2630863059978066,0.49090444136479555,-0.34146759813002076,-1.0
15787.0,5262.333333333333,2750.0,3664.552208509095,2593.0,10444.0,2750.0,2593.0,3.0,0.0,3.0,-117.74999823375002,-0.044072546375050745,-157.0,0.9429090909056622,0.248276522404971,2750.0,6518.5,2.370363636355017,10444.0,2.0,1.0,0.0,0.0,0.7517234775940714,1.9846709317755409,1.0,3.0,3.0,0.248276522404971,0.8258060429462052,0.0,0.0,0.874442046244077,0.33153860771485744,0.6963740182115915,-0.1789852818581877,-1.0
16630.0,5543.333333333333,4006.0,2266.662941173409,3876.0,8748.0,4006.0,8748.0,3.0,0.0,3.0,3556.4999466525005,0.5856724235675036,4742.0,2.183724413374479,0.9999999999988568,4006.0,6312.0,1.5756365451782934,8748.0,3.0,2.0,0.0,0.0,0.0,1.5781118460584882,0.0,3.0,3.0,0.9999999999988568,0.7591100420921473,0.0,0.0,1.0202521447300674,0.1953096812985513,0.40889890700589054,-0.419548265708062,-1.0
10099.0,3366.3333333333335,2815.0,1514.2083373462483,1850.0,5434.0,2815.0,1850.0,3.0,0.0,3.0,-723.7499891437501,-0.3146935488079236,-965.0,0.657193605681502,0.34044902465892446,2815.0,3642.0,1.2937833037254218,5434.0,2.0,1.0,0.0,0.0,0.6595509753392352,1.6142192296219005,1.0,3.0,3.0,0.34044902465892446,0.7212595306458844,0.0,0.0,1.0004737527813807,0.2365910816247252,0.4498093882587633,-0.3794916877997672,-1.0
145.0,48.333333333333336,48.0,1.247219128924647,47.0,50.0,50.0,48.0,3.0,0.0,3.0,-1.4999999775000004,-0.03000400051021444,-2.0,0.959999999808,0.959999999808,50.0,47.5,0.9499999998099999,50.0,1.0,0.0,1.9999999200000032,0.041238572755928606,0.04999999999,1.0344827584066587,0.0,3.0,3.0,0.959999999808,0.6551724137479191,0.0,0.0,1.0982803901966047,0.01379310341730755,0.025804533696550377,-0.9496891796587983,-1.0
188.0,62.666666666666664,60.0,5.2493385826745405,58.0,70.0,60.0,58.0,3.0,0.0,3.0,-1.4999999775000004,-0.025002314825659015,-2.0,0.9666666665055555,0.8285714284530613,60.0,64.0,1.0666666664888889,70.0,2.0,1.0,0.0,0.0,0.17142857140408166,1.1170212764174967,1.0,3.0,3.0,0.8285714284530613,0.6808510637935717,0.0,0.0,1.095159860437321,0.04255319146496661,0.08376604119952469,-0.8454167447679045,-1.0
162.0,54.0,53.0,11.045361017187261,41.0,68.0,41.0,53.0,3.0,0.0,3.0,8.999999865000001,0.1884858183833923,12.0,1.2926829265139796,0.779411764591263,41.0,60.5,1.4756097557376562,68.0,2.0,1.0,0.0,0.0,0.22058823526167823,1.2592592590260632,1.0,3.0,3.0,0.779411764591263,0.7469135802008078,0.0,0.0,1.0776676321439709,0.11111111108139005,0.20454372250262637,-0.6603797458339701,-0.9999999999999998
1267.0,422.3333333333333,447.0,62.103855668459815,337.0,483.0,447.0,483.0,3.0,0.0,3.0,26.999999595000006,0.057968754856704066,36.0,1.0805369127275049,0.999999999979296,447.0,410.0,0.9172259507624781,483.0,3.0,2.0,0.0,0.0,0.0,1.1436464088126999,0.0,3.0,3.0,0.999999999979296,0.6471981057565336,0.0,0.0,1.0874539978656597,0.07682188897287534,0.14704938200549958,-0.7436040953001734,-1.0
157.0,52.333333333333336,50.0,6.342099196813483,46.0,61.0,50.0,61.0,3.0,0.0,3.0,8.249999876250001,0.14648156204335103,11.0,1.219999999756,0.9999999998360656,50.0,53.5,1.069999999786,61.0,3.0,2.0,0.0,0.0,0.0,1.165605095318674,0.0,3.0,3.0,0.9999999998360656,0.6815286623769726,0.0,0.0,1.0913925559410855,0.06369426748626283,0.12118660883315191,-0.7838243732596567,-0.9999999999999998
2051.0,683.6666666666666,626.0,93.83081701776993,609.0,816.0,626.0,609.0,3.0,0.0,3.0,-12.749999808750003,-0.02061568728993745,-17.0,0.9728434504636926,0.7463235294026186,626.0,712.5,1.1381789137198375,816.0,2.0,1.0,0.0,0.0,0.2536764705851265,1.1935641150483633,1.0,3.0,3.0,0.7463235294026186,0.6947830326636042,0.0,0.0,1.0894504958194677,0.06728425158231666,0.1372464412721562,-0.7586337731231905,-1.0
133.0,44.333333333333336,45.0,5.734883511361751,37.0,51.0,51.0,45.0,3.0,0.0,3.0,-4.499999932500001,-0.09195174018997324,-6.0,0.8823529410034602,0.8823529410034602,51.0,41.0,0.8039215684698193,51.0,1.0,0.0,15.999999360000025,0.3821104582410005,0.19607843133410227,1.1503759395901407,0.0,3.0,3.0,0.8823529410034602,0.6165413533371021,0.0,0.0,1.0901470078582585,0.07017543856131558,0.12935827466319175,-0.7709172054996415,-1.0
278.0,92.66666666666667,89.0,17.745108872274887,73.0,116.0,73.0,89.0,3.0,0.0,3.0,11.999999820000003,0.14680843064244534,16.0,1.2191780820247702,0.7672413792442033,73.0,102.5,1.4041095888487523,116.0,2.0,1.0,0.0,0.0,0.2327586206695898,1.251798561015993,1.0,3.0,3.0,0.7672413792442033,0.7374100719159205,0.0,0.0,1.080467739676467,0.1031175059779803,0.1914939806153951,-0.6785649213763596,-1.0
56284.0,18761.333333333332,14844.0,10513.965611932012,8298.0,33142.0,8298.0,33142.0,3.0,0.0,3.0,18632.999720505002,1.0385223649198325,24844.0,3.993974451670289,0.9999999999996984,8298.0,23993.0,2.8914196191818613,33142.0,3.0,2.0,0.0,0.0,0.0,1.7665055788491757,0.0,3.0,3.0,0.9999999999996984,0.8525691137799637,0.0,0.0,0.9456018695208821,0.2942695378200064,0.560406098283335,-0.2817176260716661,0.9999999999999999
354.0,118.0,117.0,9.41629792788369,107.0,130.0,117.0,130.0,3.0,0.0,3.0,9.749999853750001,0.07838452287584671,13.0,1.1111111110161445,0.9999999999230769,117.0,118.5,1.012820512733947,130.0,3.0,2.0,0.0,0.0,0.0,1.1016949151608735,0.0,3.0,3.0,0.9999999999230769,0.6694915254048166,0.0,0.0,1.0954367036688777,0.043314500928657074,0.07979913497530254,-0.8521963346090279,-1.0
3879.0,1293.0,1268.0,241.92147486322912,1010.0,1601.0,1010.0,1601.0,3.0,0.0,3.0,443.2499933512501,0.34523467627735427,591.0,1.5851485148357907,0.999999999993754,1010.0,1434.5,1.420297029688908,1601.0,3.0,2.0,0.0,0.0,0.0,1.2382057231149406,0.0,3.0,3.0,0.999999999993754,0.7396236143316844,0.0,0.0,1.081124962997646,0.10157257024883126,0.18710090863214085,-0.6847767409232324,1.0
107.0,35.666666666666664,35.0,4.921607686744467,30.0,42.0,35.0,30.0,3.0,0.0,3.0,-3.7499999437500007,-0.11214879879599075,-5.0,0.8571428568979592,0.7142857141156462,35.0,36.0,1.028571428277551,42.0,2.0,1.0,0.0,0.0,0.2857142856462585,1.1775700931277842,1.0,3.0,3.0,0.7142857141156462,0.6728971961987947,0.0,0.0,1.089135119424066,0.0747663550963209,0.13798900052424048,-0.7574862312362253,-1.0
82.0,27.333333333333332,23.0,8.339997335464536,20.0,39.0,23.0,39.0,3.0,0.0,3.0,11.999999820000003,0.38311921207770466,16.0,1.6956521731758034,0.9999999997435898,23.0,29.5,1.282608695094518,39.0,3.0,2.0,0.0,0.0,0.0,1.4268292677706722,0.0,3.0,3.0,0.9999999997435898,0.7195121950342059,0.0,0.0,1.0541592909113842,0.15447154465496737,0.3051218536248775,-0.5324239603216337,-1.0
4247.0,1415.6666666666667,1382.0,231.07334093072896,1151.0,1714.0,1151.0,1714.0,3.0,0.0,3.0,422.2499936662501,0.29843513428162527,563.0,1.4891398783537,0.9999999999941658,1151.0,1548.0,1.3449174630639018,1714.0,3.0,2.0,0.0,0.0,0.0,1.2107369908084948,0.0,3.0,3.0,0.9999999999941658,0.7289851659978126,0.0,0.0,1.0853601121835694,0.08837610862458067,0.16322581181711565,-0.7193566199056969,1.0
45095.0,15031.666666666666,18754.0,6678.554251399691,5653.0,20688.0,5653.0,20688.0,3.0,0.0,3.0,11276.249830856252,0.972929159498719,15035.0,3.6596497434925532,0.9999999999995166,5653.0,19721.0,3.4885901291288013,20688.0,3.0,2.0,0.0,0.0,0.0,1.3762944894103273,0.0,3.0,3.0,0.9999999999995166,0.8746424215543022,0.0,0.0,0.9826694404001892,0.22227150090538084,0.44429898556792863,-0.3847548326102942,1.0
16605.0,5535.0,4520.0,2919.9647258143377,2576.0,9509.0,9509.0,2576.0,3.0,0.0,3.0,-5199.749922003751,-0.9792884439759768,-6933.0,0.27090125144571364,0.27090125144571364,9509.0,3548.0,0.3731202019135838,9509.0,1.0,0.0,-3887.9998444800062,-1.1242145083159012,0.6268797980853644,1.7179765130953606,0.0,3.0,3.0,0.27090125144571364,0.42734116230025454,0.0,0.0,0.9625180287288339,0.2783498946097338,0.5275455692518631,-0.3092899094183628,1.0
576.0,192.0,231.0,56.57443474456167,112.0,233.0,231.0,112.0,3.0,0.0,3.0,-89.24999866125002,-0.5395121566227944,-119.0,0.4848484848274957,0.4806866952583396,231.0,172.5,0.7467532467209197,233.0,2.0,1.0,0.0,0.0,0.5193133046987419,1.2135416666034613,1.0,3.0,3.0,0.4806866952583396,0.5989583333229347,0.0,0.0,1.0509647394313348,0.14004629628777,0.2946585142792452,-0.5448089035751216,-1.0
22242.0,7414.0,2751.0,6671.700882583591,2642.0,16849.0,2642.0,2751.0,3.0,0.0,3.0,81.74999877375002,0.030309962882059546,109.0,1.0412566237659302,0.1632737847942529,2642.0,9800.0,3.709311127919344,16849.0,2.0,1.0,0.0,0.0,0.8367262152051536,2.2725923927673692,1.0,3.0,3.0,0.1632737847942529,0.881215718010574,0.0,0.0,0.7219267925674384,0.4258310104004799,0.8998787270804683,-0.05269877044838467,-1.0
15021.0,5007.0,5097.0,1913.293669739872,2620.0,7304.0,5097.0,2620.0,3.0,0.0,3.0,-1857.7499721337504,-0.4989692787249509,-2477.0,0.5140278595242024,0.35870755750224714,5097.0,4962.0,0.9735138316637757,7304.0,2.0,1.0,0.0,0.0,0.6412924424963837,1.4587577391622553,1.0,3.0,3.0,0.35870755750224714,0.6606750549226678,0.0,0.0,1.0219322865083251,0.2078867363465502,0.382123760682255,-0.44704841700337083,-1.0
368.0,122.66666666666667,120.0,17.249798710580812,103.0,145.0,103.0,120.0,3.0,0.0,3.0,12.749999808750003,0.11354973313828064,17.0,1.165048543576209,0.8275862068394768,103.0,132.5,1.2864077668653975,145.0,2.0,1.0,0.0,0.0,0.17241379309155766,1.1820652172949404,1.0,3.0,3.0,0.8275862068394768,0.7201086956326057,0.0,0.0,1.0887827007896942,0.07608695650897279,0.14062335904218407,-0.7534271800271904,-1.0
65344.0,21781.333333333332,21167.0,6998.215216912255,13534.0,30643.0,13534.0,30643.0,3.0,0.0,3.0,12831.749807523753,0.6128684619982051,17109.0,2.2641495492816133,0.9999999999996736,13534.0,25905.0,1.9140682724974774,30643.0,3.0,2.0,0.0,0.0,0.0,1.4068468413313815,0.0,3.0,3.0,0.9999999999996736,0.7928807541624644,0.0,0.0,1.0463611576276763,0.1745531341820974,0.3212941609134293,-0.5136674778135042,1.0
