char_len,token_count_space,avg_token_len,hangul_char_count,english_char_count,digit_char_count,special_char_count,hangul_ratio,english_ratio,digit_ratio,special_ratio,has_hangul,has_english,has_digit,is_kor_eng_mixed,has_question_mark,has_exclamation_mark,has_tilde,has_ellipsis,has_chosung,chosung_count,has_laughter_kk,has_laughter_hh,count_kk,count_hh,has_repeated_char,max_repeated_char_len,repeated_char_count,morph_count,unique_morph_count,pos_type_count,noun_count,noun_ratio,verb_count,verb_ratio,adjective_count,adjective_ratio,adverb_count,adverb_ratio,interjection_count,interjection_ratio,josa_count,josa_ratio,eomi_count,eomi_ratio,is_word_like,is_phrase_like,is_sentence_like,is_question_like,is_exclamation_like,is_command_like,has_abbreviation_pattern,has_initialism_pattern,has_meme_template_pattern,has_quote_like_pattern,syllable_count,avg_syllable_per_token,same_syllable_repeat_count,max_same_syllable_repeat_len,initial_consonant_repeat_score,vowel_repeat_score,final_consonant_ratio,no_final_consonant_ratio,rhythm_score,pronunciation_simplicity_score
14,4,2.75,11,0,0,0,0.7857142857142857,0.0,0.0,0.0,1,0,0,0,0,0,0,0,0,0,0,0,0,0,0,0,0,8,5,3,4,0.5,0,0.0,0,0.0,0,0.0,0,0.0,4,0.5,0,0.0,0,1,0,0,0,0,0,0,0,0,11,2.75,0,0,0.2,0.4,0.6363636363636364,0.36363636363636365,0.18349645173478663,0.18181818181818182
6,2,2.5,5,0,0,0,0.8333333333333334,0.0,0.0,0.0,1,0,0,0,0,0,0,0,0,0,0,0,0,0,1,2,1,2,2,1,2,1.0,0,0.0,0,0.0,0,0.0,0,0.0,0,0.0,0,0.0,0,1,0,0,0,0,0,0,0,0,5,2.5,1,2,1.0,0.25,0.6,0.4,0.7333333333333334,0.45
8,3,2.0,6,0,0,0,0.75,0.0,0.0,0.0,1,0,0,0,0,0,0,0,0,0,0,0,0,0,0,0,0,4,4,4,1,0.25,1,0.25,0,0.0,1,0.25,0,0.0,0,0.0,1,0.25,0,1,0,0,0,0,0,0,0,0,6,2.0,0,0,0.2,0.0,0.6666666666666666,0.33333333333333337,0.16,0.3666666666666667
23,7,2.4285714285714284,15,0,2,0,0.6521739130434783,0.0,0.08695652173913043,0.0,1,0,1,0,0,0,0,0,0,0,0,0,0,0,1,2,1,13,13,10,2,0.15384615384615385,2,0.15384615384615385,0,0.0,2,0.15384615384615385,0,0.0,3,0.23076923076923078,2,0.15384615384615385,0,0,1,0,0,0,0,0,0,0,15,2.142857142857143,0,0,0.0,0.0,0.4,0.6,0.06689537484874518,0.3
17,6,2.0,12,0,0,0,0.7058823529411765,0.0,0.0,0.0,1,0,0,0,0,0,0,0,0,0,0,0,0,0,0,0,0,10,5,5,4,0.4,0,0.0,0,0.0,2,0.2,0,0.0,4,0.4,0,0.0,0,0,1,0,0,0,0,0,0,0,12,2.0,0,0,0.36363636363636365,0.0,0.5,0.5,0.16414193481259126,0.25
8,2,3.5,0,6,0,1,0.0,0.75,0.0,0.125,0,1,0,0,1,0,0,0,0,0,0,0,0,0,0,0,0,3,3,2,0,0.0,0,0.0,0,0.0,0,0.0,0,0.0,0,0.0,0,0.0,0,1,0,1,0,0,0,0,0,0,0,0.0,0,0,0.0,0.0,0.0,1.0,0.06666666666666667,1.0
15,3,4.333333333333333,13,0,0,0,0.8666666666666667,0.0,0.0,0.0,1,0,0,0,0,0,0,0,0,0,0,0,0,0,0,0,0,8,8,8,1,0.125,2,0.25,0,0.0,1,0.125,0,0.0,1,0.125,3,0.375,0,1,0,0,0,0,0,0,0,0,13,4.333333333333333,0,0,0.0,0.08333333333333333,0.46153846153846156,0.5384615384615384,0.05132128731221945,0.2692307692307692
19,6,2.3333333333333335,14,0,0,0,0.7368421052631579,0.0,0.0,0.0,1,0,0,0,0,0,0,0,0,0,0,0,0,0,0,0,0,15,9,5,6,0.4,0,0.0,0,0.0,0,0.0,0,0.0,3,0.2,3,0.2,0,0,1,0,0,0,0,0,0,0,14,2.3333333333333335,0,0,0.07692307692307693,0.15384615384615385,0.2857142857142857,0.7142857142857143,0.10531801642229682,0.35714285714285715
15,5,2.2,11,0,0,0,0.7333333333333333,0.0,0.0,0.0,1,0,0,0,0,0,0,0,0,0,0,0,0,0,0,0,0,8,8,7,3,0.375,1,0.125,1,0.125,0,0.0,0,0.0,1,0.125,2,0.25,0,1,0,0,0,0,0,0,0,0,11,2.2,0,0,0.2,0.1,0.36363636363636365,0.6363636363636364,0.15142857142857144,0.3181818181818182
4,1,4.0,4,0,0,0,1.0,0.0,0.0,0.0,1,0,0,0,0,0,0,0,0,0,0,0,0,0,0,0,0,3,3,3,1,0.3333333333333333,1,0.3333333333333333,0,0.0,0,0.0,0,0.0,0,0.0,1,0.3333333333333333,1,0,0,0,0,0,0,0,0,0,4,4.0,0,0,0.0,0.3333333333333333,0.75,0.25,0.2,0.425
2,1,2.0,2,0,0,0,1.0,0.0,0.0,0.0,1,0,0,0,0,0,0,0,0,0,0,0,0,0,0,0,0,1,1,1,1,1.0,0,0.0,0,0.0,0,0.0,0,0.0,0,0.0,0,0.0,1,0,0,0,0,0,0,0,0,0,2,2.0,0,0,0.0,0.0,0.5,0.5,0.16666666666666669,0.65
6,2,2.5,5,0,0,0,0.8333333333333334,0.0,0.0,0.0,1,0,0,0,0,0,0,0,0,0,0,0,0,0,0,0,0,2,2,1,2,1.0,0,0.0,0,0.0,0,0.0,0,0.0,0,0.0,0,0.0,0,1,0,0,0,0,0,0,0,0,5,2.5,0,0,0.0,0.0,0.6,0.4,0.08333333333333333,0.45
10,3,2.6666666666666665,8,0,0,0,0.8,0.0,0.0,0.0,1,0,0,0,0,0,0,0,0,0,0,0,0,0,0,0,0,7,7,6,2,0.2857142857142857,0,0.0,1,0.14285714285714285,0,0.0,0,0.0,1,0.14285714285714285,2,0.2857142857142857,0,1,0,0,0,0,0,0,0,0,8,2.6666666666666665,0,0,0.2857142857142857,0.14285714285714285,0.625,0.375,0.1822479901840102,0.2875
4,2,1.5,3,0,0,0,0.75,0.0,0.0,0.0,1,0,0,0,0,0,0,0,0,0,0,0,0,0,0,0,0,3,3,3,0,0.0,1,0.3333333333333333,0,0.0,1,0.3333333333333333,0,0.0,0,0.0,1,0.3333333333333333,0,1,0,0,0,0,0,0,0,0,3,1.5,0,0,0.0,0.0,0.3333333333333333,0.6666666666666667,0.11666666666666667,0.6833333333333333
3,1,3.0,3,0,0,0,1.0,0.0,0.0,0.0,1,0,0,0,0,0,0,0,0,0,0,0,0,0,0,0,0,1,1,1,1,1.0,0,0.0,0,0.0,0,0.0,0,0.0,0,0.0,0,0.0,1,0,0,0,0,0,0,0,0,0,3,3.0,0,0,0.0,0.5,0.3333333333333333,0.6666666666666667,0.25,0.6833333333333333
5,1,5.0,5,0,0,0,1.0,0.0,0.0,0.0,1,0,0,0,0,0,0,0,0,0,0,0,0,0,0,0,0,1,1,1,1,1.0,0,0.0,0,0.0,0,0.0,0,0.0,0,0.0,0,0.0,1,0,0,0,0,0,0,0,0,0,5,5.0,0,0,0.0,0.5,0.2,0.8,0.21666666666666667,0.65
13,3,3.6666666666666665,11,0,0,0,0.8461538461538461,0.0,0.0,0.0,1,0,0,0,0,0,0,0,0,0,0,0,0,0,0,0,0,4,4,2,3,0.75,0,0.0,0,0.0,0,0.0,0,0.0,0,0.0,1,0.25,0,1,0,1,0,0,0,0,0,0,11,3.6666666666666665,0,0,0.1,0.1,0.0,1.0,0.10147186257614298,0.5
13,4,2.5,10,0,0,0,0.7692307692307693,0.0,0.0,0.0,1,0,0,0,0,0,0,0,0,0,0,0,0,0,0,0,0,8,8,8,0,0.0,2,0.25,0,0.0,1,0.125,0,0.0,1,0.125,3,0.375,0,1,0,0,0,0,0,0,0,0,10,2.5,0,0,0.0,0.1111111111111111,0.4,0.6,0.06943581772218016,0.3
14,4,2.75,9,0,2,0,0.6428571428571429,0.0,0.14285714285714285,0.0,1,0,1,0,0,0,0,0,0,0,0,0,0,0,1,2,1,8,8,7,1,0.125,2,0.25,0,0.0,0,0.0,0,0.0,2,0.25,2,0.25,0,1,0,0,0,0,0,0,0,0,9,2.25,0,0,0.0,0.0,0.3333333333333333,0.6666666666666667,0.06978305207480379,0.38333333333333336
2,1,2.0,2,0,0,0,1.0,0.0,0.0,0.0,1,0,0,0,0,0,0,0,0,0,0,0,0,0,0,0,0,1,1,1,1,1.0,0,0.0,0,0.0,0,0.0,0,0.0,0,0.0,0,0.0,1,0,0,0,0,0,0,0,0,0,2,2.0,0,0,0.0,0.0,0.5,0.5,0.16666666666666669,0.65
3,1,3.0,3,0,0,0,1.0,0.0,0.0,0.0,1,0,0,0,0,0,0,0,0,0,0,0,0,0,0,0,0,1,1,1,1,1.0,0,0.0,0,0.0,0,0.0,0,0.0,0,0.0,0,0.0,1,0,0,0,0,0,0,0,0,0,3,3.0,0,0,0.0,0.0,1.0,0.0,0.15000000000000002,0.35
11,2,5.0,9,0,0,1,0.8181818181818182,0.0,0.0,0.09090909090909091,1,0,0,0,1,0,0,0,0,0,0,0,0,0,0,0,0,4,3,2,3,0.75,0,0.0,0,0.0,0,0.0,0,0.0,0,0.0,0,0.0,0,1,0,1,0,0,0,0,0,0,9,4.5,0,0,0.125,0.25,0.0,1.0,0.1375,0.55
22,7,2.2857142857142856,14,0,2,0,0.6363636363636364,0.0,0.09090909090909091,0.0,1,0,1,0,0,0,0,0,0,0,0,0,0,0,1,2,1,15,15,13,2,0.13333333333333333,2,0.13333333333333333,0,0.0,2,0.13333333333333333,0,0.0,1,0.06666666666666667,5,0.3333333333333333,0,0,1,0,0,0,0,0,0,0,14,2.0,0,0,0.07692307692307693,0.3076923076923077,0.5714285714285714,0.4285714285714286,0.13387264649857963,0.2142857142857143
3,1,3.0,3,0,0,0,1.0,0.0,0.0,0.0,1,0,0,0,0,0,0,0,0,0,0,0,0,0,1,2,1,2,2,2,1,0.5,0,0.0,0,0.0,0,0.0,1,0.5,0,0.0,0,0.0,1,0,0,0,0,0,0,0,0,0,3,3.0,1,2,0.5,0.5,0.3333333333333333,0.6666666666666667,0.7,0.6833333333333333
3,1,3.0,3,0,0,0,1.0,0.0,0.0,0.0,1,0,0,0,0,0,0,0,0,0,0,0,0,0,1,2,1,2,2,2,0,0.0,1,0.5,0,0.0,0,0.0,1,0.5,0,0.0,0,0.0,1,0,0,0,0,0,0,0,0,0,3,3.0,1,2,0.5,1.0,0.3333333333333333,0.6666666666666667,0.7999999999999999,0.6833333333333333
4,1,4.0,4,0,0,0,1.0,0.0,0.0,0.0,1,0,0,0,0,0,0,0,0,0,0,0,0,0,0,0,0,1,1,1,1,1.0,0,0.0,0,0.0,0,0.0,0,0.0,0,0.0,0,0.0,1,0,0,0,0,0,0,0,0,0,4,4.0,0,0,0.0,0.0,0.5,0.5,0.13333333333333333,0.55
15,4,3.0,12,0,0,0,0.8,0.0,0.0,0.0,1,0,0,0,0,0,0,0,0,0,0,0,0,0,0,0,0,8,8,7,2,0.25,0,0.0,0,0.0,2,0.25,0,0.0,0,0.0,2,0.25,0,1,0,0,0,0,0,0,0,0,12,3.0,0,0,0.0,0.18181818181818182,0.3333333333333333,0.6666666666666667,0.08636363636363636,0.33333333333333337
60,15,3.066666666666667,42,0,2,2,0.7,0.0,0.03333333333333333,0.03333333333333333,1,0,1,0,0,0,0,0,0,0,0,0,0,0,1,2,2,27,24,16,10,0.37037037037037035,2,0.07407407407407407,0,0.0,4,0.14814814814814814,0,0.0,1,0.037037037037037035,5,0.18518518518518517,0,0,1,0,0,0,0,0,0,0,42,2.8,1,2,0.17073170731707318,0.12195121951219512,0.5476190476190477,0.45238095238095233,0.4240947966411417,0.22619047619047616
4,1,4.0,3,0,0,1,0.75,0.0,0.0,0.25,1,0,0,0,0,1,0,0,0,0,0,0,0,0,1,2,1,3,3,2,0,0.0,0,0.0,0,0.0,0,0.0,2,0.6666666666666666,0,0.0,0,0.0,1,0,0,0,1,0,0,0,0,0,3,3.0,1,2,0.5,0.5,0.0,1.0,0.7,0.85
2,1,2.0,2,0,0,0,1.0,0.0,0.0,0.0,1,0,0,0,0,0,0,0,0,0,0,0,0,0,0,0,0,1,1,1,1,1.0,0,0.0,0,0.0,0,0.0,0,0.0,0,0.0,0,0.0,1,0,0,0,0,0,0,0,0,0,2,2.0,0,0,0.0,0.0,0.5,0.5,0.16666666666666669,0.65
5,1,5.0,5,0,0,0,1.0,0.0,0.0,0.0,1,0,0,0,0,0,0,0,0,0,0,0,0,0,0,0,0,5,5,5,1,0.2,1,0.2,0,0.0,0,0.0,0,0.0,0,0.0,3,0.6,1,0,0,0,0,0,0,0,0,0,5,5.0,0,0,0.75,0.0,0.4,0.6,0.3416666666666667,0.55
5,1,5.0,5,0,0,0,1.0,0.0,0.0,0.0,1,0,0,0,0,0,0,0,0,0,0,0,0,0,0,0,0,5,5,5,1,0.2,1,0.2,0,0.0,0,0.0,0,0.0,0,0.0,3,0.6,1,0,0,0,0,0,0,0,0,0,5,5.0,0,0,0.75,0.0,0.4,0.6,0.3416666666666667,0.55
18,5,2.8,10,0,2,2,0.5555555555555556,0.0,0.1111111111111111,0.1111111111111111,1,0,1,0,0,1,0,0,0,0,0,0,0,0,1,2,1,11,8,8,2,0.18181818181818182,2,0.18181818181818182,0,0.0,0,0.0,0,0.0,0,0.0,4,0.36363636363636365,0,1,0,0,1,0,0,0,0,0,10,2.0,0,0,0.2222222222222222,0.0,0.3,0.7,0.11283066082473892,0.35
12,3,3.3333333333333335,9,0,0,1,0.75,0.0,0.0,0.08333333333333333,1,0,0,0,1,0,0,0,0,0,0,0,0,0,0,0,0,10,9,9,2,0.2,1,0.1,0,0.0,0,0.0,0,0.0,0,0.0,4,0.4,0,1,0,1,0,0,0,0,0,0,9,3.0,0,0,0.125,0.125,0.5555555555555556,0.4444444444444444,0.11397186257614297,0.2722222222222222
4,1,4.0,4,0,0,0,1.0,0.0,0.0,0.0,1,0,0,0,0,0,0,0,0,0,0,0,0,0,0,0,0,1,1,1,1,1.0,0,0.0,0,0.0,0,0.0,0,0.0,0,0.0,0,0.0,1,0,0,0,0,0,0,0,0,0,4,4.0,0,0,0.0,0.3333333333333333,0.75,0.25,0.2,0.425
2,1,2.0,1,0,0,1,0.5,0.0,0.0,0.5,1,0,0,0,0,1,0,0,0,0,0,0,0,0,0,0,0,2,2,2,1,0.5,0,0.0,0,0.0,0,0.0,0,0.0,0,0.0,0,0.0,1,0,0,0,1,0,0,0,0,0,1,1.0,0,0,0.0,0.0,1.0,0.0,0.18333333333333335,0.45
1,1,1.0,1,0,0,0,1.0,0.0,0.0,0.0,1,0,0,0,0,0,0,0,0,0,0,0,0,0,0,0,0,1,1,1,0,0.0,0,0.0,0,0.0,0,0.0,1,1.0,0,0.0,0,0.0,1,0,0,0,0,0,0,0,0,0,1,1.0,0,0,0.0,0.0,1.0,0.0,0.18333333333333335,0.45
11,3,3.0,7,0,0,2,0.6363636363636364,0.0,0.0,0.18181818181818182,1,0,0,0,0,1,0,0,0,0,0,0,0,0,0,0,0,6,6,5,3,0.5,0,0.0,0,0.0,0,0.0,0,0.0,0,0.0,0,0.0,0,1,0,0,1,0,0,0,0,0,7,2.3333333333333335,0,0,0.16666666666666666,0.3333333333333333,0.2857142857142857,0.7142857142857143,0.17171769238834886,0.5071428571428571
3,1,3.0,3,0,0,0,1.0,0.0,0.0,0.0,1,0,0,0,0,0,0,0,0,0,0,0,0,0,0,0,0,3,3,3,1,0.3333333333333333,1,0.3333333333333333,0,0.0,0,0.0,0,0.0,0,0.0,1,0.3333333333333333,1,0,0,0,0,0,0,0,0,0,3,3.0,0,0,0.5,0.0,0.6666666666666666,0.33333333333333337,0.30000000000000004,0.5166666666666666
17,4,3.5,10,0,2,2,0.5882352941176471,0.0,0.11764705882352941,0.11764705882352941,1,0,1,0,0,0,0,0,0,0,0,0,0,0,1,2,1,12,12,9,2,0.16666666666666666,2,0.16666666666666666,0,0.0,0,0.0,0,0.0,3,0.25,2,0.16666666666666666,0,1,0,0,0,0,0,0,0,0,10,2.5,0,0,0.0,0.1111111111111111,0.4,0.6,0.062222222222222234,0.3
13,6,1.3333333333333333,8,0,0,0,0.6153846153846154,0.0,0.0,0.0,1,0,0,0,0,0,0,0,0,0,0,0,0,0,0,0,0,8,5,4,5,0.625,1,0.125,0,0.0,0,0.0,0,0.0,1,0.125,1,0.125,0,0,1,0,0,0,0,0,0,0,8,1.3333333333333333,1,4,0.5714285714285714,0.42857142857142855,1.0,0.0,0.6144377588303729,0.09999999999999998
40,12,2.4166666666666665,29,0,0,0,0.725,0.0,0.0,0.0,1,0,0,0,0,0,0,0,0,0,0,0,0,0,0,0,0,29,26,15,10,0.3448275862068966,2,0.06896551724137931,1,0.034482758620689655,0,0.0,0,0.0,6,0.20689655172413793,7,0.2413793103448276,0,0,1,0,0,0,0,0,0,0,29,2.4166666666666665,0,0,0.07142857142857142,0.10714285714285714,0.4827586206896552,0.5172413793103448,0.09656264233426934,0.2586206896551724
9,5,1.0,5,0,0,0,0.5555555555555556,0.0,0.0,0.0,1,0,0,0,0,0,0,0,0,0,0,0,0,0,0,0,0,7,7,6,4,0.5714285714285714,0,0.0,0,0.0,0,0.0,0,0.0,2,0.2857142857142857,0,0.0,0,1,0,0,0,0,0,0,0,0,5,1.0,0,0,0.25,0.25,0.8,0.19999999999999996,0.24166666666666667,0.35
15,5,2.2,11,0,0,0,0.7333333333333333,0.0,0.0,0.0,1,0,0,0,0,0,0,0,0,0,0,0,0,0,0,0,0,8,8,7,3,0.375,1,0.125,1,0.125,0,0.0,0,0.0,1,0.125,2,0.25,0,1,0,0,0,0,0,0,0,0,11,2.2,0,0,0.2,0.1,0.36363636363636365,0.6363636363636364,0.15142857142857144,0.3181818181818182
3,1,3.0,3,0,0,0,1.0,0.0,0.0,0.0,1,0,0,0,0,0,0,0,0,0,0,0,0,0,0,0,0,1,1,1,1,1.0,0,0.0,0,0.0,0,0.0,0,0.0,0,0.0,0,0.0,1,0,0,0,0,0,0,0,0,0,3,3.0,0,0,0.0,0.0,0.3333333333333333,0.6666666666666667,0.15000000000000002,0.6833333333333333
6,2,2.5,5,0,0,0,0.8333333333333334,0.0,0.0,0.0,1,0,0,0,0,0,0,0,0,0,0,0,0,0,0,0,0,5,5,5,1,0.2,2,0.4,0,0.0,0,0.0,0,0.0,0,0.0,2,0.4,0,1,0,0,0,0,0,0,0,0,5,2.5,0,0,0.0,0.0,0.4,0.6,0.08333333333333333,0.55
106,19,4.631578947368421,83,0,0,2,0.7830188679245284,0.0,0.0,0.018867924528301886,1,0,0,0,1,0,0,0,1,3,1,0,3,0,1,2,1,66,46,22,20,0.30303030303030304,6,0.09090909090909091,2,0.030303030303030304,2,0.030303030303030304,1,0.015151515151515152,9,0.13636363636363635,13,0.19696969696969696,0,0,1,0,0,0,1,0,0,0,83,4.368421052631579,0,0,0.14634146341463414,0.10975609756097561,0.4819277108433735,0.5180722891566265,0.09260697696202828,0.25903614457831325
6,2,2.5,5,0,0,0,0.8333333333333334,0.0,0.0,0.0,1,0,0,0,0,0,0,0,0,0,0,0,0,0,0,0,0,4,4,4,1,0.25,1,0.25,0,0.0,0,0.0,0,0.0,0,0.0,2,0.5,0,1,0,0,0,0,0,0,0,0,5,2.5,0,0,0.25,0.0,0.8,0.19999999999999996,0.15833333333333333,0.35
3,1,3.0,3,0,0,0,1.0,0.0,0.0,0.0,1,0,0,0,0,0,0,0,0,0,0,0,0,0,0,0,0,1,1,1,1,1.0,0,0.0,0,0.0,0,0.0,0,0.0,0,0.0,0,0.0,1,0,0,0,0,0,0,0,0,0,3,3.0,0,0,0.0,0.5,0.0,1.0,0.25,0.85
10,2,4.5,9,0,0,0,0.9,0.0,0.0,0.0,1,0,0,0,0,0,0,0,0,0,0,0,0,0,0,0,0,6,6,6,2,0.3333333333333333,0,0.0,0,0.0,0,0.0,0,0.0,2,0.3333333333333333,1,0.16666666666666666,0,1,0,0,0,0,0,0,0,0,9,4.5,0,0,0.0,0.125,0.4444444444444444,0.5555555555555556,0.09166666666666667,0.3277777777777778
8,2,3.5,5,0,2,0,0.625,0.0,0.25,0.0,1,0,1,0,0,0,0,0,0,0,0,0,0,0,1,2,1,4,4,4,1,0.25,0,0.0,0,0.0,0,0.0,0,0.0,0,0.0,1,0.25,0,1,0,0,0,0,0,0,0,0,5,2.5,0,0,0.0,0.0,0.2,0.8,0.08333333333333333,0.65
9,2,4.0,8,0,0,0,0.8888888888888888,0.0,0.0,0.0,1,0,0,0,0,0,0,0,0,0,0,0,0,0,1,5,1,6,2,2,1,0.16666666666666666,0,0.0,0,0.0,5,0.8333333333333334,0,0.0,0,0.0,0,0.0,0,1,0,0,0,0,0,0,0,0,8,4.0,1,5,0.5714285714285714,0.7142857142857143,0.875,0.125,0.6642857142857144,0.16249999999999998
9,2,4.0,0,8,0,0,0.0,0.8888888888888888,0.0,0.0,0,1,0,0,0,0,0,0,0,0,0,0,0,0,1,2,1,2,2,1,0,0.0,0,0.0,0,0.0,0,0.0,0,0.0,0,0.0,0,0.0,0,1,0,0,0,0,0,0,0,0,0,0.0,0,0,0.0,0.0,0.0,1.0,0.05,1.0
17,4,3.5,14,0,0,0,0.8235294117647058,0.0,0.0,0.0,1,0,0,0,0,0,0,0,0,0,0,0,0,0,0,0,0,8,7,7,3,0.375,1,0.125,0,0.0,1,0.125,0,0.0,2,0.25,1,0.125,0,1,0,0,0,0,0,0,0,0,14,3.5,0,0,0.0,0.15384615384615385,0.21428571428571427,0.7857142857142857,0.06838708192224219,0.39285714285714285
49,9,4.555555555555555,41,0,0,0,0.8367346938775511,0.0,0.0,0.0,1,0,0,0,0,0,0,0,0,0,0,0,0,0,0,0,0,12,12,6,7,0.5833333333333334,2,0.16666666666666666,0,0.0,0,0.0,0,0.0,1,0.08333333333333333,2,0.16666666666666666,0,0,1,0,0,0,0,0,0,0,41,4.555555555555555,0,0,0.075,0.05,0.3902439024390244,0.6097560975609756,0.06266827192747788,0.3048780487804878
3,1,3.0,3,0,0,0,1.0,0.0,0.0,0.0,1,0,0,0,0,0,0,0,0,0,0,0,0,0,0,0,0,1,1,1,1,1.0,0,0.0,0,0.0,0,0.0,0,0.0,0,0.0,0,0.0,1,0,0,0,0,0,0,0,0,0,3,3.0,0,0,0.0,0.0,0.3333333333333333,0.6666666666666667,0.15000000000000002,0.6833333333333333
8,2,3.5,7,0,0,0,0.875,0.0,0.0,0.0,1,0,0,0,0,0,0,0,0,0,0,0,0,0,0,0,0,4,4,4,1,0.25,1,0.25,0,0.0,0,0.0,0,0.0,1,0.25,1,0.25,0,1,0,0,0,0,0,0,0,0,7,3.5,0,0,0.0,0.16666666666666666,0.42857142857142855,0.5714285714285714,0.1,0.4357142857142857
5,1,5.0,5,0,0,0,1.0,0.0,0.0,0.0,1,0,0,0,0,0,0,0,0,0,0,0,0,0,0,0,0,1,1,1,1,1.0,0,0.0,0,0.0,0,0.0,0,0.0,0,0.0,0,0.0,1,0,0,0,0,0,0,0,0,0,5,5.0,0,0,0.25,0.0,0.0,1.0,0.19166666666666665,0.75
10,2,4.5,9,0,0,0,0.9,0.0,0.0,0.0,1,0,0,0,0,0,0,0,0,0,0,0,0,0,1,2,2,7,6,6,3,0.42857142857142855,0,0.0,0,0.0,0,0.0,0,0.0,2,0.2857142857142857,1,0.14285714285714285,0,1,0,0,0,0,0,0,0,0,9,4.5,2,2,0.625,0.375,0.4444444444444444,0.5555555555555556,0.9291666666666667,0.3277777777777778
23,5,3.8,10,0,0,9,0.43478260869565216,0.0,0.0,0.391304347826087,1,0,0,0,0,0,0,1,0,0,0,0,0,0,1,3,3,13,12,11,2,0.15384615384615385,1,0.07692307692307693,0,0.0,1,0.07692307692307693,1,0.07692307692307693,1,0.07692307692307693,2,0.15384615384615385,0,1,0,0,0,0,0,0,0,0,10,2.0,0,0,0.0,0.2222222222222222,0.7,0.30000000000000004,0.08120286553671614,0.15000000000000002
8,2,3.5,6,0,0,1,0.75,0.0,0.0,0.125,1,0,0,0,1,0,0,0,0,0,0,0,0,0,0,0,0,6,6,6,2,0.3333333333333333,0,0.0,0,0.0,0,0.0,0,0.0,1,0.16666666666666666,1,0.16666666666666666,0,1,0,1,0,0,0,0,0,0,6,3.0,0,0,0.2,0.2,0.5,0.5,0.14,0.45
24,7,2.5714285714285716,18,0,0,0,0.75,0.0,0.0,0.0,1,0,0,0,0,0,0,0,0,0,0,0,0,0,0,0,0,13,11,7,6,0.46153846153846156,0,0.0,0,0.0,1,0.07692307692307693,0,0.0,2,0.15384615384615385,2,0.15384615384615385,0,0,1,0,0,0,0,0,0,0,18,2.5714285714285716,0,0,0.17647058823529413,0.17647058823529413,0.4444444444444444,0.5555555555555556,0.1282625389896317,0.2777777777777778
22,6,2.8333333333333335,16,0,1,0,0.7272727272727273,0.0,0.045454545454545456,0.0,1,0,1,0,0,0,0,0,0,0,0,0,0,0,0,0,0,10,10,7,5,0.5,1,0.1,0,0.0,0,0.0,0,0.0,2,0.2,1,0.1,0,0,1,0,0,0,0,0,0,0,16,2.6666666666666665,0,0,0.06666666666666667,0.2,0.25,0.75,0.11927034866470547,0.375
6,1,6.0,6,0,0,0,1.0,0.0,0.0,0.0,1,0,0,0,0,0,0,0,0,0,0,0,0,0,0,0,0,1,1,1,1,1.0,0,0.0,0,0.0,0,0.0,0,0.0,0,0.0,0,0.0,1,0,0,0,0,0,0,0,0,0,6,6.0,0,0,0.0,0.2,0.16666666666666666,0.8333333333333334,0.14,0.6166666666666667
2,1,2.0,2,0,0,0,1.0,0.0,0.0,0.0,1,0,0,0,0,0,0,0,0,0,0,0,0,0,0,0,0,2,2,1,2,1.0,0,0.0,0,0.0,0,0.0,0,0.0,0,0.0,0,0.0,1,0,0,0,0,0,0,0,0,0,2,2.0,0,0,0.0,0.0,0.5,0.5,0.16666666666666669,0.65
4,1,4.0,2,0,2,0,0.5,0.0,0.5,0.0,1,0,1,0,0,0,0,0,0,0,0,0,0,0,1,2,1,4,4,4,0,0.0,1,0.25,0,0.0,0,0.0,0,0.0,0,0.0,1,0.25,1,0,0,0,0,0,0,0,0,0,2,2.0,0,0,0.0,0.0,0.0,1.0,0.16666666666666669,0.9
3,1,3.0,3,0,0,0,1.0,0.0,0.0,0.0,1,0,0,0,0,0,0,0,0,0,0,0,0,0,0,0,0,3,3,3,1,0.3333333333333333,1,0.3333333333333333,0,0.0,0,0.0,0,0.0,0,0.0,1,0.3333333333333333,1,0,0,0,0,0,0,0,0,0,3,3.0,0,0,0.0,0.0,0.0,1.0,0.15000000000000002,0.85
13,4,2.5,6,0,4,0,0.46153846153846156,0.0,0.3076923076923077,0.0,1,0,1,0,0,0,0,0,0,0,0,0,0,0,1,2,2,6,5,4,3,0.5,0,0.0,0,0.0,0,0.0,0,0.0,1,0.16666666666666666,0,0.0,0,1,0,0,0,0,0,0,0,0,6,1.5,0,0,0.0,0.0,0.3333333333333333,0.6666666666666667,0.05358983848622454,0.5333333333333334
9,2,4.0,8,0,0,0,0.8888888888888888,0.0,0.0,0.0,1,0,0,0,0,0,0,0,0,0,0,0,0,0,0,0,0,2,1,1,2,1.0,0,0.0,0,0.0,0,0.0,0,0.0,0,0.0,0,0.0,0,1,0,0,0,0,0,0,0,0,8,4.0,0,0,0.14285714285714285,0.0,0.5,0.5,0.14285714285714285,0.35
10,3,2.6666666666666665,5,2,0,1,0.5,0.2,0.0,0.1,1,1,0,1,0,0,0,0,0,0,0,0,0,0,0,0,0,6,6,6,2,0.3333333333333333,0,0.0,0,0.0,0,0.0,0,0.0,0,0.0,1,0.16666666666666666,0,1,0,0,0,0,0,0,0,0,5,1.6666666666666667,0,0,0.5,0.0,0.2,0.8,0.21813852924280963,0.65
18,4,3.75,15,0,0,0,0.8333333333333334,0.0,0.0,0.0,1,0,0,0,0,0,0,0,0,0,0,0,0,0,1,2,1,9,9,5,4,0.4444444444444444,2,0.2222222222222222,0,0.0,0,0.0,0,0.0,1,0.1111111111111111,2,0.2222222222222222,0,1,0,0,0,0,0,0,0,0,15,3.75,1,2,0.14285714285714285,0.21428571428571427,0.4666666666666667,0.5333333333333333,0.42605280746375135,0.26666666666666666
9,3,2.3333333333333335,7,0,0,0,0.7777777777777778,0.0,0.0,0.0,1,0,0,0,0,0,0,0,0,0,0,0,0,0,0,0,0,6,6,5,2,0.3333333333333333,1,0.16666666666666666,0,0.0,0,0.0,0,0.0,2,0.3333333333333333,1,0.16666666666666666,0,1,0,1,0,0,0,0,0,0,7,2.3333333333333335,0,0,0.3333333333333333,0.0,0.2857142857142857,0.7142857142857143,0.16796227589829593,0.5071428571428571
21,9,1.4444444444444444,13,0,0,0,0.6190476190476191,0.0,0.0,0.0,1,0,0,0,0,0,0,0,0,0,0,0,0,0,0,0,0,15,7,6,2,0.13333333333333333,3,0.2,0,0.0,6,0.4,0,0.0,0,0.0,3,0.2,0,0,1,0,0,1,0,0,0,0,13,1.4444444444444444,0,0,0.3333333333333333,0.0,0.3076923076923077,0.6923076923076923,0.16680455148361276,0.34615384615384615
4,1,4.0,4,0,0,0,1.0,0.0,0.0,0.0,1,0,0,0,0,0,0,0,0,0,0,0,0,0,0,0,0,4,4,3,2,0.5,1,0.25,0,0.0,0,0.0,0,0.0,0,0.0,1,0.25,1,0,0,0,0,0,0,0,0,0,4,4.0,0,0,0.0,0.0,0.5,0.5,0.13333333333333333,0.55
4,1,4.0,4,0,0,0,1.0,0.0,0.0,0.0,1,0,0,0,0,0,0,0,0,0,0,0,0,0,1,2,1,1,1,1,1,1.0,0,0.0,0,0.0,0,0.0,0,0.0,0,0.0,0,0.0,1,0,0,0,0,0,0,0,0,0,4,4.0,1,2,0.6666666666666666,0.3333333333333333,0.25,0.75,0.7,0.675
22,5,3.6,12,0,0,6,0.5454545454545454,0.0,0.0,0.2727272727272727,1,0,0,0,0,0,0,0,0,0,0,0,0,0,1,2,3,12,10,7,1,0.08333333333333333,2,0.16666666666666666,0,0.0,2,0.16666666666666666,0,0.0,0,0.0,3,0.25,0,1,0,0,0,0,0,0,0,0,12,2.4,0,0,0.0,0.2727272727272727,0.25,0.75,0.08723452948981875,0.375
11,3,3.0,9,0,0,0,0.8181818181818182,0.0,0.0,0.0,1,0,0,0,0,0,0,0,0,0,0,0,0,0,0,0,0,5,5,5,1,0.2,0,0.0,1,0.2,1,0.2,0,0.0,1,0.2,1,0.2,0,1,0,0,0,0,0,0,0,0,9,3.0,0,0,0.125,0.125,0.3333333333333333,0.6666666666666667,0.10392135623730951,0.38333333333333336
16,4,3.25,13,0,0,0,0.8125,0.0,0.0,0.0,1,0,0,0,0,0,0,0,0,0,0,0,0,0,0,0,0,8,4,5,2,0.25,0,0.0,3,0.375,0,0.0,0,0.0,0,0.0,3,0.375,0,1,0,0,0,0,0,0,0,0,13,3.25,0,0,0.3333333333333333,0.08333333333333333,0.5384615384615384,0.46153846153846156,0.18644971874147043,0.23076923076923078
3,1,3.0,3,0,0,0,1.0,0.0,0.0,0.0,1,0,0,0,0,0,0,0,0,0,0,0,0,0,0,0,0,3,3,2,3,1.0,0,0.0,0,0.0,0,0.0,0,0.0,0,0.0,0,0.0,1,0,0,0,0,0,0,0,0,0,3,3.0,0,0,0.0,0.0,0.3333333333333333,0.6666666666666667,0.15000000000000002,0.6833333333333333
12,3,3.3333333333333335,10,0,0,0,0.8333333333333334,0.0,0.0,0.0,1,0,0,0,0,0,0,0,0,0,0,0,0,0,0,0,0,8,8,7,3,0.375,1,0.125,0,0.0,0,0.0,0,0.0,1,0.125,2,0.25,0,1,0,0,0,0,0,0,0,0,10,3.3333333333333335,0,0,0.0,0.3333333333333333,0.6,0.4,0.1346289425649626,0.2
10,3,2.6666666666666665,8,0,0,0,0.8,0.0,0.0,0.0,1,0,0,0,0,0,0,0,0,0,0,0,0,0,0,0,0,6,6,5,0,0.0,2,0.3333333333333333,0,0.0,2,0.3333333333333333,0,0.0,0,0.0,2,0.3333333333333333,0,1,0,0,0,0,0,0,0,0,8,2.6666666666666665,0,0,0.0,0.14285714285714285,0.25,0.75,0.06561294939953653,0.475
21,6,2.6666666666666665,12,0,0,2,0.5714285714285714,0.0,0.0,0.09523809523809523,1,0,0,0,1,0,0,0,0,0,0,0,0,0,0,0,0,15,13,12,3,0.2,2,0.13333333333333333,0,0.0,0,0.0,0,0.0,2,0.13333333333333333,3,0.2,0,0,1,0,0,0,0,0,0,0,12,2.0,0,0,0.0,0.0,0.5833333333333334,0.41666666666666663,0.051471862576142974,0.20833333333333331
4,1,4.0,4,0,0,0,1.0,0.0,0.0,0.0,1,0,0,0,0,0,0,0,0,0,0,0,0,0,0,0,0,2,2,1,2,1.0,0,0.0,0,0.0,0,0.0,0,0.0,0,0.0,0,0.0,1,0,0,0,0,0,0,0,0,0,4,4.0,0,0,0.0,0.0,1.0,0.0,0.13333333333333333,0.3
15,4,3.0,10,0,0,2,0.6666666666666666,0.0,0.0,0.13333333333333333,1,0,0,0,0,0,0,0,0,0,0,0,0,0,1,2,1,7,7,5,2,0.2857142857142857,0,0.0,2,0.2857142857142857,0,0.0,0,0.0,0,0.0,2,0.2857142857142857,0,1,0,0,0,0,0,0,0,0,10,2.5,0,0,0.1111111111111111,0.1111111111111111,0.7,0.30000000000000004,0.10050452983387337,0.15000000000000002
18,6,2.1666666666666665,13,0,0,0,0.7222222222222222,0.0,0.0,0.0,1,0,0,0,0,0,0,0,0,0,0,0,0,0,0,0,0,13,12,11,4,0.3076923076923077,2,0.15384615384615385,1,0.07692307692307693,0,0.0,0,0.0,3,0.23076923076923078,3,0.23076923076923078,0,0,1,0,0,0,0,0,0,0,13,2.1666666666666665,0,0,0.16666666666666666,0.16666666666666666,0.46153846153846156,0.5384615384615384,0.1426036819980388,0.2692307692307692
12,2,5.5,11,0,0,0,0.9166666666666666,0.0,0.0,0.0,1,0,0,0,0,0,0,0,0,0,0,0,0,0,0,0,0,6,4,5,0,0.0,0,0.0,0,0.0,2,0.3333333333333333,0,0.0,0,0.0,2,0.3333333333333333,0,1,0,0,0,0,0,0,0,0,11,5.5,0,0,0.0,0.1,0.45454545454545453,0.5454545454545454,0.08666666666666667,0.2727272727272727
10,3,2.6666666666666665,6,0,0,2,0.6,0.0,0.0,0.2,1,0,0,0,1,0,1,0,0,0,0,0,0,0,0,0,0,5,5,4,2,0.4,0,0.0,0,0.0,0,0.0,1,0.2,0,0.0,0,0.0,0,1,0,1,0,0,0,0,0,0,6,2.0,0,0,0.2,0.2,0.5,0.5,0.16796227589829593,0.45
15,4,3.0,11,0,0,1,0.7333333333333333,0.0,0.0,0.06666666666666667,1,0,0,0,0,0,0,0,0,0,0,0,0,0,0,0,0,9,6,4,4,0.4444444444444444,0,0.0,0,0.0,0,0.0,0,0.0,4,0.4444444444444444,0,0.0,0,1,0,0,0,0,0,0,0,0,11,2.75,0,0,0.2,0.4,0.6363636363636364,0.36363636363636365,0.18494897427831783,0.18181818181818182
4,1,4.0,3,0,0,1,0.75,0.0,0.0,0.25,1,0,0,0,0,0,1,0,0,0,0,0,0,0,0,0,0,3,3,3,2,0.6666666666666666,0,0.0,0,0.0,0,0.0,0,0.0,0,0.0,0,0.0,1,0,0,0,0,0,0,0,0,0,3,3.0,0,0,0.0,0.0,0.3333333333333333,0.6666666666666667,0.15000000000000002,0.6833333333333333
4,1,4.0,3,0,0,1,0.75,0.0,0.0,0.25,1,0,0,0,0,0,1,0,0,0,0,0,0,0,0,0,0,2,2,2,1,0.5,0,0.0,0,0.0,0,0.0,0,0.0,0,0.0,0,0.0,1,0,0,0,0,0,0,0,0,0,3,3.0,0,0,0.0,0.0,0.3333333333333333,0.6666666666666667,0.15000000000000002,0.6833333333333333
5,2,2.0,4,0,0,0,0.8,0.0,0.0,0.0,1,0,0,0,0,0,0,0,0,0,0,0,0,0,0,0,0,3,3,3,0,0.0,1,0.3333333333333333,0,0.0,1,0.3333333333333333,0,0.0,0,0.0,1,0.3333333333333333,0,1,0,0,0,0,0,0,0,0,4,2.0,0,0,0.0,0.0,0.5,0.5,0.13333333333333333,0.55
20,6,2.5,14,0,0,1,0.7,0.0,0.0,0.05,1,0,0,0,0,0,0,0,0,0,0,0,0,0,0,0,0,12,12,11,3,0.25,2,0.16666666666666666,1,0.08333333333333333,0,0.0,0,0.0,2,0.16666666666666666,3,0.25,0,0,1,0,0,0,0,0,0,0,14,2.3333333333333335,0,0,0.07692307692307693,0.0,0.35714285714285715,0.6428571428571428,0.07416439376931735,0.3214285714285714
27,7,3.0,20,0,0,1,0.7407407407407407,0.0,0.0,0.037037037037037035,1,0,0,0,0,0,0,0,0,0,0,0,0,0,0,0,0,19,17,13,6,0.3157894736842105,1,0.05263157894736842,0,0.0,0,0.0,0,0.0,6,0.3157894736842105,3,0.15789473684210525,0,0,1,0,0,0,0,0,0,0,20,2.857142857142857,0,0,0.10526315789473684,0.10526315789473684,0.35,0.65,0.08449809713575149,0.325
18,6,2.1666666666666665,11,0,2,0,0.6111111111111112,0.0,0.1111111111111111,0.0,1,0,1,0,0,0,0,0,0,0,0,0,0,0,1,2,1,13,12,13,2,0.15384615384615385,2,0.15384615384615385,1,0.07692307692307693,1,0.07692307692307693,0,0.0,3,0.23076923076923078,3,0.23076923076923078,0,0,1,0,0,0,0,0,0,0,11,1.8333333333333333,0,0,0.3,0.1,0.36363636363636365,0.6363636363636364,0.1828502972096815,0.3181818181818182
10,3,2.6666666666666665,7,0,0,1,0.7,0.0,0.0,0.1,1,0,0,0,0,0,0,0,0,0,0,0,0,0,0,0,0,6,6,6,1,0.16666666666666666,2,0.3333333333333333,0,0.0,0,0.0,0,0.0,0,0.0,2,0.3333333333333333,0,1,0,0,0,0,0,0,0,0,7,2.3333333333333335,0,0,0.0,0.0,0.2857142857142857,0.7142857142857143,0.06796227589829593,0.5071428571428571
13,4,2.5,10,0,0,0,0.7692307692307693,0.0,0.0,0.0,1,0,0,0,0,0,0,0,0,0,0,0,0,0,0,0,0,10,10,10,2,0.2,2,0.2,0,0.0,0,0.0,0,0.0,2,0.2,3,0.3,0,1,0,0,0,0,0,0,0,0,10,2.5,0,0,0.3333333333333333,0.0,0.4,0.6,0.14721359549995794,0.3
7,2,3.0,6,0,0,0,0.8571428571428571,0.0,0.0,0.0,1,0,0,0,0,0,0,0,0,0,0,0,0,0,0,0,0,4,2,2,0,0.0,0,0.0,2,0.5,0,0.0,0,0.0,0,0.0,2,0.5,0,1,0,0,0,0,0,0,0,0,6,3.0,0,0,0.4,0.0,0.6666666666666666,0.33333333333333337,0.22,0.3666666666666667
10,2,4.5,9,0,0,0,0.9,0.0,0.0,0.0,1,0,0,0,0,0,0,0,0,0,0,0,0,0,1,2,2,7,6,6,3,0.42857142857142855,0,0.0,0,0.0,0,0.0,0,0.0,2,0.2857142857142857,1,0.14285714285714285,0,1,0,0,0,0,0,0,0,0,9,4.5,2,2,0.625,0.375,0.4444444444444444,0.5555555555555556,0.9291666666666667,0.3277777777777778
11,2,5.0,10,0,0,0,0.9090909090909091,0.0,0.0,0.0,1,0,0,0,0,0,0,0,0,0,0,0,0,0,0,0,0,3,3,2,2,0.6666666666666666,0,0.0,0,0.0,0,0.0,0,0.0,1,0.3333333333333333,0,0.0,0,1,0,0,0,0,0,0,0,0,10,5.0,0,0,0.1111111111111111,0.1111111111111111,0.2,0.8,0.15555555555555556,0.4
21,10,1.2,12,0,0,0,0.5714285714285714,0.0,0.0,0.0,1,0,0,0,0,0,0,0,0,0,0,0,0,0,0,0,0,10,2,2,1,0.1,0,0.0,0,0.0,9,0.9,0,0.0,0,0.0,0,0.0,0,0,1,0,0,0,0,0,0,0,12,1.2,1,9,0.7272727272727273,0.7272727272727273,0.75,0.25,0.7261363636363637,0.125
11,3,3.0,9,0,0,0,0.8181818181818182,0.0,0.0,0.0,1,0,0,0,0,0,0,0,0,0,0,0,0,0,1,2,2,3,2,1,3,1.0,0,0.0,0,0.0,0,0.0,0,0.0,0,0.0,0,0.0,0,1,0,0,0,0,0,0,0,0,9,3.0,2,2,0.25,0.75,0.1111111111111111,0.8888888888888888,0.9249999999999999,0.4944444444444444
5,1,5.0,5,0,0,0,1.0,0.0,0.0,0.0,1,0,0,0,0,0,0,0,0,0,0,0,0,0,0,0,0,2,2,1,2,1.0,0,0.0,0,0.0,0,0.0,0,0.0,0,0.0,0,0.0,1,0,0,0,0,0,0,0,0,0,5,5.0,0,0,0.0,0.0,0.6,0.4,0.11666666666666667,0.45
3,1,3.0,3,0,0,0,1.0,0.0,0.0,0.0,1,0,0,0,0,0,0,0,0,0,0,0,0,0,0,0,0,1,1,1,1,1.0,0,0.0,0,0.0,0,0.0,0,0.0,0,0.0,0,0.0,1,0,0,0,0,0,0,0,0,0,3,3.0,0,0,0.5,0.0,0.3333333333333333,0.6666666666666667,0.30000000000000004,0.6833333333333333
3,1,3.0,3,0,0,0,1.0,0.0,0.0,0.0,1,0,0,0,0,0,0,0,0,0,0,0,0,0,0,0,0,1,1,1,1,1.0,0,0.0,0,0.0,0,0.0,0,0.0,0,0.0,0,0.0,1,0,0,0,0,0,0,0,0,0,3,3.0,0,0,0.5,0.0,0.0,1.0,0.30000000000000004,0.85
3,1,3.0,3,0,0,0,1.0,0.0,0.0,0.0,1,0,0,0,0,0,0,0,0,0,0,0,0,0,0,0,0,3,3,3,1,0.3333333333333333,0,0.0,0,0.0,0,0.0,0,0.0,2,0.6666666666666666,0,0.0,1,0,0,0,0,0,0,0,0,0,3,3.0,0,0,0.0,0.5,0.6666666666666666,0.33333333333333337,0.25,0.5166666666666666
3,1,3.0,3,0,0,0,1.0,0.0,0.0,0.0,1,0,0,0,0,0,0,0,0,0,0,0,0,0,0,0,0,1,1,1,1,1.0,0,0.0,0,0.0,0,0.0,0,0.0,0,0.0,0,0.0,1,0,0,0,0,0,0,0,0,0,3,3.0,0,0,0.0,0.5,0.3333333333333333,0.6666666666666667,0.25,0.6833333333333333
7,2,3.0,4,0,2,0,0.5714285714285714,0.0,0.2857142857142857,0.0,1,0,1,0,0,0,0,0,0,0,0,0,0,0,1,2,1,6,6,5,1,0.16666666666666666,0,0.0,0,0.0,2,0.3333333333333333,0,0.0,0,0.0,1,0.16666666666666666,0,1,0,0,0,0,0,0,0,0,4,2.0,0,0,0.0,0.0,0.5,0.5,0.08333333333333334,0.55
3,1,3.0,2,0,0,1,0.6666666666666666,0.0,0.0,0.3333333333333333,1,0,0,0,0,1,0,0,0,0,0,0,0,0,0,0,0,3,3,3,2,0.6666666666666666,0,0.0,0,0.0,0,0.0,0,0.0,0,0.0,0,0.0,1,0,0,0,1,0,0,0,0,0,2,2.0,0,0,0.0,0.0,0.5,0.5,0.16666666666666669,0.65
4,1,4.0,4,0,0,0,1.0,0.0,0.0,0.0,1,0,0,0,0,0,0,0,0,0,0,0,0,0,0,0,0,1,1,1,0,0.0,0,0.0,0,0.0,1,1.0,0,0.0,0,0.0,0,0.0,1,0,0,0,0,0,0,0,0,0,4,4.0,0,0,0.0,0.0,0.5,0.5,0.13333333333333333,0.55
7,2,3.0,6,0,0,0,0.8571428571428571,0.0,0.0,0.0,1,0,0,0,0,0,0,0,0,0,0,0,0,0,0,0,0,3,3,3,2,0.6666666666666666,0,0.0,0,0.0,0,0.0,0,0.0,0,0.0,0,0.0,0,1,0,0,0,0,0,0,0,0,6,3.0,0,0,0.2,0.2,0.16666666666666666,0.8333333333333334,0.15000000000000002,0.6166666666666667
7,1,7.0,2,5,0,0,0.2857142857142857,0.7142857142857143,0.0,0.0,1,1,0,1,0,0,0,0,0,0,0,0,0,0,1,2,1,3,3,3,0,0.0,0,0.0,0,0.0,0,0.0,0,0.0,0,0.0,1,0.3333333333333333,1,0,0,0,0,0,0,0,0,0,2,2.0,0,0,0.0,0.0,0.5,0.5,0.16666666666666669,0.65
4,1,4.0,4,0,0,0,1.0,0.0,0.0,0.0,1,0,0,0,0,0,0,0,0,0,0,0,0,0,0,0,0,1,1,1,1,1.0,0,0.0,0,0.0,0,0.0,0,0.0,0,0.0,0,0.0,1,0,0,0,0,0,0,0,0,0,4,4.0,0,0,0.0,0.0,0.75,0.25,0.13333333333333333,0.425
4,1,4.0,4,0,0,0,1.0,0.0,0.0,0.0,1,0,0,0,0,0,0,0,0,0,0,0,0,0,0,0,0,1,1,1,1,1.0,0,0.0,0,0.0,0,0.0,0,0.0,0,0.0,0,0.0,1,0,0,0,0,0,0,0,0,0,4,4.0,0,0,0.0,0.0,0.5,0.5,0.13333333333333333,0.55
4,1,4.0,4,0,0,0,1.0,0.0,0.0,0.0,1,0,0,0,0,0,0,0,0,0,0,0,0,0,0,0,0,1,1,1,1,1.0,0,0.0,0,0.0,0,0.0,0,0.0,0,0.0,0,0.0,1,0,0,0,0,0,0,0,0,0,4,4.0,0,0,0.0,0.0,0.5,0.5,0.13333333333333333,0.55
3,1,3.0,3,0,0,0,1.0,0.0,0.0,0.0,1,0,0,0,0,0,0,0,0,0,0,0,0,0,0,0,0,2,2,2,2,1.0,0,0.0,0,0.0,0,0.0,0,0.0,0,0.0,0,0.0,1,0,0,0,0,0,0,0,0,0,3,3.0,0,0,0.0,0.5,0.0,1.0,0.25,0.85
14,5,2.0,10,0,0,0,0.7142857142857143,0.0,0.0,0.0,1,0,0,0,0,0,0,0,0,0,0,0,0,0,0,0,0,10,10,9,2,0.2,1,0.1,0,0.0,2,0.2,0,0.0,1,0.1,2,0.2,0,1,0,0,0,0,0,0,0,0,10,2.0,0,0,0.3333333333333333,0.2222222222222222,0.6,0.4,0.2057018557721651,0.2
12,4,2.25,9,0,0,0,0.75,0.0,0.0,0.0,1,0,0,0,0,0,0,0,0,0,0,0,0,0,0,0,0,8,8,8,2,0.25,1,0.125,1,0.125,0,0.0,0,0.0,2,0.25,2,0.25,0,1,0,0,0,0,0,0,0,0,9,2.25,0,0,0.125,0.0,0.4444444444444444,0.5555555555555556,0.0853531924720898,0.3277777777777778
21,7,2.142857142857143,14,0,0,1,0.6666666666666666,0.0,0.0,0.047619047619047616,1,0,0,0,1,0,0,0,0,0,0,0,0,0,0,0,0,14,14,11,2,0.14285714285714285,3,0.21428571428571427,1,0.07142857142857142,0,0.0,0,0.0,2,0.14285714285714285,4,0.2857142857142857,0,0,1,1,0,0,0,0,0,0,14,2.0,0,0,0.07692307692307693,0.15384615384615385,0.2857142857142857,0.7142857142857143,0.11486356182892263,0.35714285714285715
6,1,6.0,6,0,0,0,1.0,0.0,0.0,0.0,1,0,0,0,0,0,0,0,0,0,0,0,0,0,0,0,0,1,1,1,1,1.0,0,0.0,0,0.0,0,0.0,0,0.0,0,0.0,0,0.0,1,0,0,0,0,0,0,0,0,0,6,6.0,0,0,0.0,0.8,0.3333333333333333,0.6666666666666667,0.26,0.5333333333333334
3,1,3.0,3,0,0,0,1.0,0.0,0.0,0.0,1,0,0,0,0,0,0,0,0,0,0,0,0,0,0,0,0,1,1,1,1,1.0,0,0.0,0,0.0,0,0.0,0,0.0,0,0.0,0,0.0,1,0,0,0,0,0,0,0,0,0,3,3.0,0,0,0.0,0.5,0.6666666666666666,0.33333333333333337,0.25,0.5166666666666666
17,5,2.6,13,0,0,0,0.7647058823529411,0.0,0.0,0.0,1,0,0,0,0,0,0,0,0,0,0,0,0,0,0,0,0,10,6,6,4,0.4,2,0.2,1,0.1,0,0.0,0,0.0,0,0.0,3,0.3,0,1,0,0,0,0,0,0,0,0,13,2.6,0,0,0.08333333333333333,0.08333333333333333,0.23076923076923078,0.7692307692307692,0.10878535764605674,0.3846153846153846
2,1,2.0,2,0,0,0,1.0,0.0,0.0,0.0,1,0,0,0,0,0,0,0,0,0,0,0,0,0,0,0,0,2,2,1,2,1.0,0,0.0,0,0.0,0,0.0,0,0.0,0,0.0,0,0.0,1,0,0,0,0,0,0,0,0,0,2,2.0,0,0,1.0,0.0,0.5,0.5,0.4666666666666667,0.65
5,1,5.0,5,0,0,0,1.0,0.0,0.0,0.0,1,0,0,0,0,0,0,0,0,0,0,0,0,0,0,0,0,3,3,3,1,0.3333333333333333,0,0.0,0,0.0,0,0.0,0,0.0,0,0.0,1,0.3333333333333333,1,0,0,0,0,0,0,0,0,0,5,5.0,0,0,0.0,0.5,0.2,0.8,0.21666666666666667,0.65
5,2,2.0,4,0,0,0,0.8,0.0,0.0,0.0,1,0,0,0,0,0,0,0,0,0,0,0,0,0,0,0,0,3,3,3,0,0.0,0,0.0,0,0.0,1,0.3333333333333333,1,0.3333333333333333,1,0.3333333333333333,0,0.0,0,1,0,0,0,0,0,0,0,0,4,2.0,0,0,0.0,0.0,0.25,0.75,0.08333333333333334,0.675
2,1,2.0,2,0,0,0,1.0,0.0,0.0,0.0,1,0,0,0,0,0,0,0,0,0,0,0,0,0,0,0,0,1,1,1,1,1.0,0,0.0,0,0.0,0,0.0,0,0.0,0,0.0,0,0.0,1,0,0,0,0,0,0,0,0,0,2,2.0,0,0,0.0,0.0,0.0,1.0,0.16666666666666669,0.9
8,2,3.5,7,0,0,0,0.875,0.0,0.0,0.0,1,0,0,0,0,0,0,0,0,0,0,0,0,0,0,0,0,5,5,5,1,0.2,1,0.2,0,0.0,0,0.0,0,0.0,1,0.2,1,0.2,0,1,0,0,0,0,0,0,0,0,7,3.5,0,0,0.0,0.3333333333333333,0.5714285714285714,0.4285714285714286,0.13333333333333333,0.3642857142857143
17,5,2.6,13,0,0,0,0.7647058823529411,0.0,0.0,0.0,1,0,0,0,0,0,0,0,0,0,0,0,0,0,0,0,0,11,6,4,5,0.45454545454545453,0,0.0,0,0.0,0,0.0,0,0.0,4,0.36363636363636365,1,0.09090909090909091,0,1,0,0,0,0,0,0,0,0,13,2.6,0,0,0.0,0.0,0.46153846153846156,0.5384615384615384,0.05555555555555556,0.2692307692307692
3,1,3.0,3,0,0,0,1.0,0.0,0.0,0.0,1,0,0,0,0,0,0,0,0,0,0,0,0,0,0,0,0,1,1,1,1,1.0,0,0.0,0,0.0,0,0.0,0,0.0,0,0.0,0,0.0,1,0,0,0,0,0,0,0,0,0,3,3.0,0,0,0.0,0.0,0.6666666666666666,0.33333333333333337,0.15000000000000002,0.5166666666666666
4,1,4.0,4,0,0,0,1.0,0.0,0.0,0.0,1,0,0,0,0,0,0,0,0,0,0,0,0,0,0,0,0,3,3,3,1,0.3333333333333333,0,0.0,0,0.0,0,0.0,0,0.0,1,0.3333333333333333,0,0.0,1,0,0,0,0,0,0,0,0,0,4,4.0,0,0,0.0,0.3333333333333333,0.25,0.75,0.2,0.675
7,2,3.0,6,0,0,0,0.8571428571428571,0.0,0.0,0.0,1,0,0,0,0,0,0,0,0,0,0,0,0,0,0,0,0,3,3,3,2,0.6666666666666666,0,0.0,0,0.0,0,0.0,0,0.0,1,0.3333333333333333,0,0.0,0,1,0,0,0,0,0,0,0,0,6,3.0,0,0,0.2,0.0,0.3333333333333333,0.6666666666666667,0.16,0.5333333333333334
14,2,6.5,13,0,0,0,0.9285714285714286,0.0,0.0,0.0,1,0,0,0,0,0,0,0,0,0,0,0,0,0,0,0,0,14,8,8,1,0.07142857142857142,5,0.35714285714285715,0,0.0,0,0.0,0,0.0,1,0.07142857142857142,6,0.42857142857142855,0,1,0,0,0,1,0,0,0,0,13,6.5,0,0,0.0,0.16666666666666666,0.38461538461538464,0.6153846153846154,0.07333333333333333,0.3076923076923077
4,1,4.0,4,0,0,0,1.0,0.0,0.0,0.0,1,0,0,0,0,0,0,0,0,0,0,0,0,0,0,0,0,2,2,1,2,1.0,0,0.0,0,0.0,0,0.0,0,0.0,0,0.0,0,0.0,1,0,0,0,0,0,0,0,0,0,4,4.0,0,0,0.3333333333333333,0.0,0.25,0.75,0.23333333333333334,0.675
2,1,2.0,2,0,0,0,1.0,0.0,0.0,0.0,1,0,0,0,0,0,0,0,0,0,0,0,0,0,0,0,0,1,1,1,1,1.0,0,0.0,0,0.0,0,0.0,0,0.0,0,0.0,0,0.0,1,0,0,0,0,0,0,0,0,0,2,2.0,0,0,0.0,0.0,0.5,0.5,0.16666666666666669,0.65
13,4,2.5,8,0,2,0,0.6153846153846154,0.0,0.15384615384615385,0.0,1,0,1,0,0,0,0,0,0,0,0,0,0,0,1,2,1,5,5,5,1,0.2,1,0.2,0,0.0,1,0.2,0,0.0,0,0.0,1,0.2,0,1,0,0,0,0,0,0,0,0,8,2.0,0,0,0.14285714285714285,0.0,0.5,0.5,0.09644698134336739,0.35
5,1,5.0,3,0,2,0,0.6,0.0,0.4,0.0,1,0,1,0,0,0,0,0,0,0,0,0,0,0,1,2,1,2,2,2,1,0.5,0,0.0,0,0.0,0,0.0,0,0.0,0,0.0,0,0.0,1,0,0,0,0,0,0,0,0,0,3,3.0,0,0,0.0,0.0,0.3333333333333333,0.6666666666666667,0.15000000000000002,0.6833333333333333
6,1,6.0,6,0,0,0,1.0,0.0,0.0,0.0,1,0,0,0,0,0,0,0,0,0,0,0,0,0,0,0,0,6,6,6,1,0.16666666666666666,1,0.16666666666666666,1,0.16666666666666666,0,0.0,0,0.0,1,0.16666666666666666,2,0.3333333333333333,1,0,0,0,0,0,0,0,0,0,6,6.0,0,0,0.0,0.2,0.3333333333333333,0.6666666666666667,0.14,0.5333333333333334
7,2,3.0,6,0,0,0,0.8571428571428571,0.0,0.0,0.0,1,0,0,0,0,0,0,0,0,0,0,0,0,0,0,0,0,5,5,5,0,0.0,1,0.2,0,0.0,0,0.0,0,0.0,1,0.2,2,0.4,0,1,0,0,0,0,0,0,0,0,6,3.0,0,0,0.2,0.2,0.3333333333333333,0.6666666666666667,0.15000000000000002,0.5333333333333334
4,1,4.0,4,0,0,0,1.0,0.0,0.0,0.0,1,0,0,0,0,0,0,0,0,0,0,0,0,0,0,0,0,2,2,1,2,1.0,0,0.0,0,0.0,0,0.0,0,0.0,0,0.0,0,0.0,1,0,0,0,0,0,0,0,0,0,4,4.0,0,0,0.0,0.0,0.75,0.25,0.13333333333333333,0.425
5,1,5.0,5,0,0,0,1.0,0.0,0.0,0.0,1,0,0,0,0,0,0,0,0,0,0,0,0,0,0,0,0,1,1,1,1,1.0,0,0.0,0,0.0,0,0.0,0,0.0,0,0.0,0,0.0,1,0,0,0,0,0,0,0,1,0,5,5.0,0,0,0.0,0.0,0.2,0.8,0.11666666666666667,0.65
2,1,2.0,2,0,0,0,1.0,0.0,0.0,0.0,1,0,0,0,0,0,0,0,0,0,0,0,0,0,1,2,1,1,1,1,1,1.0,0,0.0,0,0.0,0,0.0,0,0.0,0,0.0,0,0.0,1,0,0,0,0,0,0,0,0,0,2,2.0,1,2,1.0,1.0,1.0,0.0,0.9666666666666667,0.4
14,3,4.0,11,0,0,1,0.7857142857142857,0.0,0.0,0.07142857142857142,1,0,0,0,1,0,0,0,0,0,0,0,0,0,0,0,0,9,9,8,3,0.3333333333333333,0,0.0,0,0.0,0,0.0,0,0.0,1,0.1111111111111111,2,0.2222222222222222,0,1,0,1,0,0,0,0,1,0,11,3.6666666666666665,0,0,0.1,0.2,0.2727272727272727,0.7272727272727273,0.11142135623730952,0.36363636363636365
3,1,3.0,3,0,0,0,1.0,0.0,0.0,0.0,1,0,0,0,0,0,0,0,0,0,0,0,0,0,0,0,0,1,1,1,1,1.0,0,0.0,0,0.0,0,0.0,0,0.0,0,0.0,0,0.0,1,0,0,0,0,0,0,0,0,0,3,3.0,0,0,0.0,0.0,0.3333333333333333,0.6666666666666667,0.15000000000000002,0.6833333333333333
3,1,3.0,3,0,0,0,1.0,0.0,0.0,0.0,1,0,0,0,0,0,0,0,0,0,0,0,0,0,0,0,0,1,1,1,1,1.0,0,0.0,0,0.0,0,0.0,0,0.0,0,0.0,0,0.0,1,0,0,0,0,0,0,0,0,0,3,3.0,0,0,0.0,0.5,0.3333333333333333,0.6666666666666667,0.25,0.6833333333333333
16,5,2.4,12,0,0,0,0.75,0.0,0.0,0.0,1,0,0,0,0,0,0,0,0,0,0,0,0,0,0,0,0,10,10,8,3,0.3,2,0.2,0,0.0,0,0.0,0,0.0,1,0.1,3,0.3,0,1,0,0,0,0,0,0,0,0,12,2.4,0,0,0.0,0.09090909090909091,0.6666666666666666,0.33333333333333337,0.08530050916120825,0.16666666666666669
3,1,3.0,3,0,0,0,1.0,0.0,0.0,0.0,1,0,0,0,0,0,0,0,0,0,0,0,0,0,1,3,1,3,1,1,3,1.0,0,0.0,0,0.0,0,0.0,0,0.0,0,0.0,0,0.0,1,0,0,0,0,0,0,0,0,0,3,3.0,1,3,1.0,1.0,1.0,0.0,0.9500000000000001,0.35
4,1,4.0,4,0,0,0,1.0,0.0,0.0,0.0,1,0,0,0,0,0,0,0,0,0,0,0,0,0,0,0,0,1,1,1,1,1.0,0,0.0,0,0.0,0,0.0,0,0.0,0,0.0,0,0.0,1,0,0,0,0,0,0,0,0,0,4,4.0,0,0,0.0,0.0,0.75,0.25,0.13333333333333333,0.425
4,1,4.0,3,0,0,1,0.75,0.0,0.0,0.25,1,0,0,0,1,0,0,0,0,0,0,0,0,0,0,0,0,2,2,2,1,0.5,0,0.0,0,0.0,0,0.0,0,0.0,0,0.0,0,0.0,1,0,0,1,0,0,0,0,0,0,3,3.0,0,0,0.0,0.5,0.6666666666666666,0.33333333333333337,0.25,0.5166666666666666
11,4,2.0,7,0,0,1,0.6363636363636364,0.0,0.0,0.09090909090909091,1,0,0,0,1,0,0,0,0,0,0,0,0,0,0,0,0,6,5,4,3,0.5,0,0.0,1,0.16666666666666666,0,0.0,0,0.0,0,0.0,1,0.16666666666666666,0,1,0,1,0,0,0,0,0,0,7,1.75,0,0,0.16666666666666666,0.16666666666666666,0.14285714285714285,0.8571428571428572,0.14191197709602382,0.5785714285714286
8,2,3.5,6,0,0,1,0.75,0.0,0.0,0.125,1,0,0,0,1,0,0,0,0,0,0,0,0,0,0,0,0,7,7,7,1,0.14285714285714285,1,0.14285714285714285,0,0.0,1,0.14285714285714285,0,0.0,0,0.0,2,0.2857142857142857,0,1,0,1,0,0,0,0,0,0,6,3.0,0,0,0.0,0.4,0.5,0.5,0.12000000000000002,0.45
5,2,2.0,4,0,0,0,0.8,0.0,0.0,0.0,1,0,0,0,0,0,0,0,0,0,0,0,0,0,0,0,0,4,4,4,1,0.25,1,0.25,0,0.0,0,0.0,0,0.0,0,0.0,2,0.5,0,1,0,0,0,0,0,0,0,0,4,2.0,0,0,0.0,0.0,0.5,0.5,0.08333333333333334,0.55
3,1,3.0,3,0,0,0,1.0,0.0,0.0,0.0,1,0,0,0,0,0,0,0,0,0,0,0,0,0,0,0,0,1,1,1,1,1.0,0,0.0,0,0.0,0,0.0,0,0.0,0,0.0,0,0.0,1,0,0,0,0,0,0,0,0,0,3,3.0,0,0,0.0,0.0,0.6666666666666666,0.33333333333333337,0.15000000000000002,0.5166666666666666
11,3,3.0,8,0,0,1,0.7272727272727273,0.0,0.0,0.09090909090909091,1,0,0,0,1,0,0,0,0,0,0,0,0,0,0,0,0,9,9,8,3,0.3333333333333333,1,0.1111111111111111,0,0.0,0,0.0,0,0.0,1,0.1111111111111111,2,0.2222222222222222,0,1,0,1,0,0,0,0,0,0,8,2.6666666666666665,0,0,0.0,0.2857142857142857,0.625,0.375,0.11219388286453932,0.2875
18,5,2.8,12,0,0,2,0.6666666666666666,0.0,0.0,0.1111111111111111,1,0,0,0,1,0,0,0,0,0,0,0,0,0,1,2,1,13,12,10,3,0.23076923076923078,2,0.15384615384615385,0,0.0,1,0.07692307692307693,0,0.0,1,0.07692307692307693,3,0.23076923076923078,0,1,0,1,0,0,0,0,0,0,12,2.4,1,2,0.18181818181818182,0.2727272727272727,0.5833333333333334,0.41666666666666663,0.46628830060118454,0.20833333333333331
18,4,3.75,14,0,0,1,0.7777777777777778,0.0,0.0,0.05555555555555555,1,0,0,0,1,0,0,0,0,0,0,0,0,0,0,0,0,13,12,9,4,0.3076923076923077,1,0.07692307692307693,0,0.0,0,0.0,0,0.0,1,0.07692307692307693,4,0.3076923076923077,0,1,0,1,0,0,0,0,0,0,14,3.5,0,0,0.07692307692307693,0.07692307692307693,0.42857142857142855,0.5714285714285714,0.08195799019632508,0.2857142857142857
6,1,6.0,5,0,0,1,0.8333333333333334,0.0,0.0,0.16666666666666666,1,0,0,0,1,0,0,0,0,0,0,0,0,0,0,0,0,5,5,5,1,0.2,0,0.0,0,0.0,0,0.0,0,0.0,1,0.2,1,0.2,1,0,0,1,0,0,0,0,0,0,5,5.0,0,0,0.0,0.0,0.4,0.6,0.11666666666666667,0.55
7,2,3.0,3,0,2,1,0.42857142857142855,0.0,0.2857142857142857,0.14285714285714285,1,0,1,0,1,0,0,0,0,0,0,0,0,0,1,2,1,5,5,5,1,0.2,0,0.0,0,0.0,0,0.0,0,0.0,1,0.2,1,0.2,0,1,0,1,0,0,0,0,0,0,3,1.5,0,0,0.0,0.0,0.0,1.0,0.1,0.85
8,3,2.0,6,0,0,0,0.75,0.0,0.0,0.0,1,0,0,0,0,0,0,0,0,0,0,0,0,0,0,0,0,5,5,4,2,0.4,0,0.0,1,0.2,0,0.0,0,0.0,1,0.2,1,0.2,0,1,0,0,0,0,0,0,0,0,6,2.0,0,0,0.0,0.0,0.8333333333333334,0.16666666666666663,0.1,0.2833333333333333
6,2,2.5,4,0,0,1,0.6666666666666666,0.0,0.0,0.16666666666666666,1,0,0,0,0,1,0,0,0,0,0,0,0,0,0,0,0,4,4,4,1,0.25,1,0.25,0,0.0,0,0.0,0,0.0,0,0.0,1,0.25,0,1,0,0,1,0,0,0,0,0,4,2.0,0,0,0.0,0.0,0.0,1.0,0.1,0.8
10,4,1.75,7,0,0,0,0.7,0.0,0.0,0.0,1,0,0,0,0,0,0,0,0,0,0,0,0,0,0,0,0,5,5,4,3,0.6,1,0.2,0,0.0,0,0.0,0,0.0,0,0.0,1,0.2,0,1,0,0,0,0,0,0,0,0,7,1.75,0,0,0.0,0.3333333333333333,0.2857142857142857,0.7142857142857143,0.12133668343823467,0.5071428571428571
6,2,2.5,5,0,0,0,0.8333333333333334,0.0,0.0,0.0,1,0,0,0,0,0,0,0,0,0,0,0,0,0,0,0,0,2,2,2,2,1.0,0,0.0,0,0.0,0,0.0,0,0.0,0,0.0,0,0.0,0,1,0,0,0,0,0,0,0,0,5,2.5,0,0,0.0,0.25,0.4,0.6,0.13333333333333333,0.55
7,2,3.0,6,0,0,0,0.8571428571428571,0.0,0.0,0.0,1,0,0,0,0,0,0,0,0,0,0,0,0,0,0,0,0,2,2,2,2,1.0,0,0.0,0,0.0,0,0.0,0,0.0,0,0.0,0,0.0,0,1,0,0,0,0,0,0,0,0,6,3.0,0,0,0.0,0.2,0.16666666666666666,0.8333333333333334,0.09000000000000001,0.6166666666666667
8,2,3.5,6,0,0,1,0.75,0.0,0.0,0.125,1,0,0,0,1,0,0,0,0,0,0,0,0,0,0,0,0,6,6,6,1,0.16666666666666666,1,0.16666666666666666,0,0.0,0,0.0,0,0.0,1,0.16666666666666666,2,0.3333333333333333,0,1,0,1,0,0,0,0,0,0,6,3.0,0,0,0.2,0.0,0.6666666666666666,0.33333333333333337,0.12666666666666665,0.3666666666666667
5,1,5.0,4,0,0,1,0.8,0.0,0.0,0.2,1,0,0,0,0,1,0,0,0,0,0,0,0,0,0,0,0,2,2,2,1,0.5,0,0.0,0,0.0,0,0.0,0,0.0,0,0.0,0,0.0,1,0,0,0,1,0,0,0,0,0,4,4.0,0,0,0.3333333333333333,0.0,0.5,0.5,0.23333333333333334,0.55
17,4,3.5,12,0,0,2,0.7058823529411765,0.0,0.0,0.11764705882352941,1,0,0,0,0,1,0,0,0,0,0,0,0,0,0,0,0,12,8,8,2,0.16666666666666666,2,0.16666666666666666,0,0.0,0,0.0,0,0.0,2,0.16666666666666666,4,0.3333333333333333,0,1,0,0,1,0,0,0,0,0,12,3.0,0,0,0.18181818181818182,0.0,0.3333333333333333,0.6666666666666667,0.12121212121212122,0.33333333333333337
9,3,2.3333333333333335,6,0,0,1,0.6666666666666666,0.0,0.0,0.1111111111111111,1,0,0,0,1,0,0,0,0,0,0,0,0,0,0,0,0,7,7,7,3,0.42857142857142855,1,0.14285714285714285,0,0.0,0,0.0,0,0.0,0,0.0,2,0.2857142857142857,0,1,0,1,0,0,0,0,0,0,6,2.0,0,0,0.0,0.2,0.5,0.5,0.08449944320643649,0.45
4,1,4.0,4,0,0,0,1.0,0.0,0.0,0.0,1,0,0,0,0,0,0,0,0,0,0,0,0,0,0,0,0,1,1,1,1,1.0,0,0.0,0,0.0,0,0.0,0,0.0,0,0.0,0,0.0,1,0,0,0,0,0,0,0,0,0,4,4.0,0,0,0.0,0.0,0.0,1.0,0.13333333333333333,0.8
12,4,2.25,9,0,0,0,0.75,0.0,0.0,0.0,1,0,0,0,0,0,0,0,0,0,0,0,0,0,0,0,0,7,7,5,3,0.42857142857142855,1,0.14285714285714285,0,0.0,0,0.0,0,0.0,2,0.2857142857142857,1,0.14285714285714285,0,1,0,0,0,0,0,0,0,0,9,2.25,0,0,0.25,0.125,0.5555555555555556,0.4444444444444444,0.1697830520748038,0.2722222222222222
13,3,3.6666666666666665,10,0,0,1,0.7692307692307693,0.0,0.0,0.07692307692307693,1,0,0,0,1,0,0,0,0,0,0,0,0,0,0,0,0,6,6,6,1,0.16666666666666666,0,0.0,1,0.16666666666666666,0,0.0,0,0.0,0,0.0,2,0.3333333333333333,0,1,0,1,0,0,0,0,0,0,10,3.3333333333333335,0,0,0.0,0.1111111111111111,0.5,0.5,0.0667216654286587,0.25
15,3,4.333333333333333,6,0,0,7,0.4,0.0,0.0,0.4666666666666667,1,0,0,0,0,1,0,0,0,0,0,0,0,0,1,2,3,8,5,2,4,0.5,0,0.0,0,0.0,0,0.0,0,0.0,0,0.0,0,0.0,0,1,0,0,1,0,0,0,0,0,6,2.0,0,0,0.0,0.0,0.5,0.5,0.06796227589829593,0.45
8,3,2.0,6,0,0,0,0.75,0.0,0.0,0.0,1,0,0,0,0,0,0,0,0,0,0,0,0,0,0,0,0,7,7,5,2,0.2857142857142857,2,0.2857142857142857,0,0.0,0,0.0,0,0.0,0,0.0,3,0.42857142857142855,0,1,0,0,0,0,0,0,0,0,6,2.0,0,0,0.0,0.0,0.5,0.5,0.05505102572168219,0.45
3,1,3.0,3,0,0,0,1.0,0.0,0.0,0.0,1,0,0,0,0,0,0,0,0,0,0,0,0,0,0,0,0,2,2,1,2,1.0,0,0.0,0,0.0,0,0.0,0,0.0,0,0.0,0,0.0,1,0,0,0,0,0,0,0,1,0,3,3.0,0,0,0.0,0.0,0.6666666666666666,0.33333333333333337,0.15000000000000002,0.5166666666666666
3,1,3.0,3,0,0,0,1.0,0.0,0.0,0.0,1,0,0,0,0,0,0,0,0,0,0,0,0,0,0,0,0,1,1,1,1,1.0,0,0.0,0,0.0,0,0.0,0,0.0,0,0.0,0,0.0,1,0,0,0,0,0,0,0,0,0,3,3.0,0,0,0.5,0.5,0.3333333333333333,0.6666666666666667,0.4,0.6833333333333333
11,3,3.0,9,0,0,0,0.8181818181818182,0.0,0.0,0.0,1,0,0,0,0,0,0,0,0,0,0,0,0,0,0,0,0,6,5,4,2,0.3333333333333333,1,0.16666666666666666,0,0.0,0,0.0,0,0.0,2,0.3333333333333333,1,0.16666666666666666,0,1,0,0,0,0,0,0,0,0,9,3.0,0,0,0.125,0.0,0.2222222222222222,0.7777777777777778,0.1375,0.4388888888888889
6,2,2.5,3,0,2,0,0.5,0.0,0.3333333333333333,0.0,1,0,1,0,0,0,0,0,0,0,0,0,0,0,1,2,1,3,3,3,2,0.6666666666666666,0,0.0,0,0.0,0,0.0,0,0.0,0,0.0,0,0.0,0,1,0,0,0,0,0,0,0,0,3,1.5,0,0,0.0,0.0,1.0,0.0,0.11666666666666667,0.35
4,1,4.0,4,0,0,0,1.0,0.0,0.0,0.0,1,0,0,0,0,0,0,0,0,0,0,0,0,0,0,0,0,2,2,2,2,1.0,0,0.0,0,0.0,0,0.0,0,0.0,0,0.0,0,0.0,1,0,0,0,0,0,0,0,0,0,4,4.0,0,0,0.0,0.0,0.0,1.0,0.13333333333333333,0.8
7,2,3.0,4,0,0,2,0.5714285714285714,0.0,0.0,0.2857142857142857,1,0,0,0,0,0,0,0,0,0,0,0,0,0,0,0,0,6,5,6,1,0.16666666666666666,0,0.0,0,0.0,0,0.0,1,0.16666666666666666,0,0.0,1,0.16666666666666666,0,1,0,0,0,0,0,0,0,0,4,2.0,0,0,0.3333333333333333,0.0,0.25,0.75,0.18333333333333335,0.675
12,4,2.25,9,0,0,0,0.75,0.0,0.0,0.0,1,0,0,0,0,0,0,0,0,0,0,0,0,0,0,0,0,8,6,6,1,0.125,2,0.25,0,0.0,0,0.0,0,0.0,1,0.125,3,0.375,0,1,0,0,0,0,0,0,0,0,9,2.25,0,0,0.125,0.25,0.4444444444444444,0.5555555555555556,0.13535319247208982,0.3277777777777778
3,1,3.0,3,0,0,0,1.0,0.0,0.0,0.0,1,0,0,0,0,0,0,0,0,0,0,0,0,0,0,0,0,1,1,1,1,1.0,0,0.0,0,0.0,0,0.0,0,0.0,0,0.0,0,0.0,1,0,0,0,0,0,0,0,0,0,3,3.0,0,0,0.5,0.0,0.3333333333333333,0.6666666666666667,0.30000000000000004,0.6833333333333333
6,2,2.5,5,0,0,0,0.8333333333333334,0.0,0.0,0.0,1,0,0,0,0,0,0,0,0,0,0,0,0,0,0,0,0,3,3,3,2,0.6666666666666666,0,0.0,0,0.0,0,0.0,0,0.0,0,0.0,0,0.0,0,1,0,0,0,0,0,0,0,0,5,2.5,0,0,0.0,0.25,0.8,0.19999999999999996,0.13333333333333333,0.35
3,1,3.0,3,0,0,0,1.0,0.0,0.0,0.0,1,0,0,0,0,0,0,0,0,0,0,0,0,0,0,0,0,3,3,2,1,0.3333333333333333,0,0.0,0,0.0,0,0.0,0,0.0,0,0.0,0,0.0,1,0,0,0,0,0,0,0,0,0,3,3.0,0,0,0.0,0.5,0.6666666666666666,0.33333333333333337,0.25,0.5166666666666666
3,1,3.0,0,0,0,0,0.0,0.0,0.0,0.0,0,0,0,0,0,0,0,0,1,3,0,0,0,0,1,2,1,1,1,1,0,0.0,0,0.0,0,0.0,0,0.0,0,0.0,0,0.0,0,0.0,1,0,0,0,0,0,1,1,0,0,0,0.0,0,0,0.0,0.0,0.0,1.0,0.1,1.0
3,1,3.0,3,0,0,0,1.0,0.0,0.0,0.0,1,0,0,0,0,0,0,0,0,0,0,0,0,0,0,0,0,4,4,4,1,0.25,1,0.25,0,0.0,0,0.0,0,0.0,0,0.0,1,0.25,1,0,0,0,0,0,0,0,0,0,3,3.0,0,0,0.0,0.0,0.3333333333333333,0.6666666666666667,0.15000000000000002,0.6833333333333333
7,2,3.0,6,0,0,0,0.8571428571428571,0.0,0.0,0.0,1,0,0,0,0,0,0,0,0,0,0,0,0,0,0,0,0,5,5,5,2,0.4,1,0.2,0,0.0,1,0.2,0,0.0,0,0.0,1,0.2,0,1,0,0,0,0,0,0,0,0,6,3.0,0,0,0.0,0.4,0.3333333333333333,0.6666666666666667,0.11333333333333334,0.5333333333333334
3,1,3.0,1,0,0,0,0.3333333333333333,0.0,0.0,0.0,1,0,0,0,0,0,0,0,1,2,1,0,2,0,1,2,1,2,2,2,1,0.5,0,0.0,0,0.0,0,0.0,0,0.0,0,0.0,0,0.0,1,0,0,0,0,0,1,0,0,0,1,1.0,0,0,0.0,0.0,1.0,0.0,0.18333333333333335,0.45
2,1,2.0,2,0,0,0,1.0,0.0,0.0,0.0,1,0,0,0,0,0,0,0,0,0,0,0,0,0,0,0,0,2,2,2,1,0.5,0,0.0,0,0.0,0,0.0,0,0.0,0,0.0,0,0.0,1,0,0,0,0,0,0,0,0,0,2,2.0,0,0,0.0,0.0,0.5,0.5,0.16666666666666669,0.65
14,4,2.75,11,0,0,0,0.7857142857142857,0.0,0.0,0.0,1,0,0,0,0,0,0,0,0,0,0,0,0,0,0,0,0,8,8,8,1,0.125,1,0.125,1,0.125,1,0.125,0,0.0,1,0.125,3,0.375,0,1,0,0,0,0,0,0,0,0,11,2.75,0,0,0.0,0.1,0.18181818181818182,0.8181818181818181,0.06785319247208982,0.40909090909090906
4,1,4.0,3,0,0,1,0.75,0.0,0.0,0.25,1,0,0,0,1,0,0,0,0,0,0,0,0,0,0,0,0,5,5,5,1,0.2,0,0.0,0,0.0,0,0.0,0,0.0,0,0.0,1,0.2,1,0,0,1,0,0,0,0,0,0,3,3.0,0,0,0.5,0.0,0.3333333333333333,0.6666666666666667,0.30000000000000004,0.6833333333333333
2,1,2.0,2,0,0,0,1.0,0.0,0.0,0.0,1,0,0,0,0,0,0,0,0,0,0,0,0,0,0,0,0,2,2,1,2,1.0,0,0.0,0,0.0,0,0.0,0,0.0,0,0.0,0,0.0,1,0,0,0,0,0,0,0,0,0,2,2.0,0,0,0.0,0.0,1.0,0.0,0.16666666666666669,0.4
6,2,2.5,5,0,0,0,0.8333333333333334,0.0,0.0,0.0,1,0,0,0,0,0,0,0,0,0,0,0,0,0,0,0,0,2,2,1,2,1.0,0,0.0,0,0.0,0,0.0,0,0.0,0,0.0,0,0.0,0,1,0,0,0,0,0,0,0,0,5,2.5,0,0,0.0,0.0,0.2,0.8,0.08333333333333333,0.65
4,1,4.0,4,0,0,0,1.0,0.0,0.0,0.0,1,0,0,0,0,0,0,0,0,0,0,0,0,0,0,0,0,4,4,4,0,0.0,2,0.5,0,0.0,0,0.0,0,0.0,0,0.0,2,0.5,1,0,0,0,0,0,0,0,0,0,4,4.0,0,0,0.3333333333333333,0.3333333333333333,0.25,0.75,0.3,0.675
19,4,4.0,15,0,0,1,0.7894736842105263,0.0,0.0,0.05263157894736842,1,0,0,0,1,0,0,0,0,0,0,0,0,0,0,0,0,12,12,9,3,0.25,1,0.08333333333333333,0,0.0,0,0.0,0,0.0,2,0.16666666666666666,4,0.3333333333333333,0,1,0,1,0,0,0,0,1,0,15,3.75,0,0,0.0,0.14285714285714285,0.3333333333333333,0.6666666666666667,0.07352040284974638,0.33333333333333337
2,1,2.0,2,0,0,0,1.0,0.0,0.0,0.0,1,0,0,0,0,0,0,0,0,0,0,0,0,0,0,0,0,1,1,1,1,1.0,0,0.0,0,0.0,0,0.0,0,0.0,0,0.0,0,0.0,1,0,0,0,0,0,0,0,0,0,2,2.0,0,0,0.0,0.0,0.0,1.0,0.16666666666666669,0.9
4,1,4.0,4,0,0,0,1.0,0.0,0.0,0.0,1,0,0,0,0,0,0,0,0,0,0,0,0,0,0,0,0,4,4,4,0,0.0,1,0.25,1,0.25,0,0.0,0,0.0,0,0.0,2,0.5,1,0,0,0,0,0,0,0,0,0,4,4.0,0,0,0.0,0.3333333333333333,0.25,0.75,0.2,0.675
6,2,2.5,5,0,0,0,0.8333333333333334,0.0,0.0,0.0,1,0,0,0,0,0,0,0,0,0,0,0,0,0,0,0,0,3,3,3,0,0.0,0,0.0,1,0.3333333333333333,1,0.3333333333333333,0,0.0,0,0.0,1,0.3333333333333333,0,1,0,0,0,0,0,0,0,0,5,2.5,0,0,0.0,0.0,0.2,0.8,0.08333333333333333,0.65
7,1,7.0,5,0,0,0,0.7142857142857143,0.0,0.0,0.0,1,0,0,0,0,0,0,0,1,2,1,0,2,0,1,2,1,2,2,2,1,0.5,0,0.0,0,0.0,0,0.0,0,0.0,0,0.0,0,0.0,1,0,0,0,0,0,1,0,0,0,5,5.0,0,0,0.0,0.25,0.4,0.6,0.16666666666666669,0.55
9,2,4.0,8,0,0,0,0.8888888888888888,0.0,0.0,0.0,1,0,0,0,0,0,0,0,0,0,0,0,0,0,0,0,0,5,5,5,2,0.4,0,0.0,0,0.0,0,0.0,0,0.0,1,0.2,1,0.2,0,1,0,0,0,0,0,0,0,0,8,4.0,0,0,0.0,0.14285714285714285,0.625,0.375,0.07857142857142857,0.2875
7,2,3.0,5,0,0,1,0.7142857142857143,0.0,0.0,0.14285714285714285,1,0,0,0,1,0,0,0,0,0,0,0,0,0,0,0,0,6,5,6,2,0.3333333333333333,0,0.0,0,0.0,0,0.0,0,0.0,1,0.16666666666666666,1,0.16666666666666666,0,1,0,1,0,0,0,0,0,0,5,2.5,0,0,0.25,0.25,0.2,0.8,0.19166666666666665,0.65
18,6,2.1666666666666665,13,0,0,0,0.7222222222222222,0.0,0.0,0.0,1,0,0,0,0,0,0,0,0,0,0,0,0,0,0,0,0,10,10,8,3,0.3,1,0.1,1,0.1,1,0.1,0,0.0,2,0.2,2,0.2,0,0,1,0,0,0,0,0,0,0,13,2.1666666666666665,0,0,0.08333333333333333,0.0,0.46153846153846156,0.5384615384615384,0.08427034866470545,0.2692307692307692
5,1,5.0,5,0,0,0,1.0,0.0,0.0,0.0,1,0,0,0,0,0,0,0,0,0,0,0,0,0,0,0,0,4,4,3,2,0.5,0,0.0,0,0.0,0,0.0,0,0.0,0,0.0,0,0.0,1,0,0,0,0,0,0,0,0,0,5,5.0,0,0,0.25,0.25,0.2,0.8,0.24166666666666667,0.65
4,1,4.0,4,0,0,0,1.0,0.0,0.0,0.0,1,0,0,0,0,0,0,0,0,0,0,0,0,0,0,0,0,1,1,1,1,1.0,0,0.0,0,0.0,0,0.0,0,0.0,0,0.0,0,0.0,1,0,0,0,0,0,0,0,0,0,4,4.0,0,0,0.0,0.0,0.25,0.75,0.13333333333333333,0.675
4,1,4.0,4,0,0,0,1.0,0.0,0.0,0.0,1,0,0,0,0,0,0,0,0,0,0,0,0,0,0,0,0,3,3,3,1,0.3333333333333333,0,0.0,0,0.0,0,0.0,0,0.0,0,0.0,1,0.3333333333333333,1,0,0,0,0,0,0,0,0,0,4,4.0,0,0,0.0,0.0,0.25,0.75,0.13333333333333333,0.675
7,2,3.0,6,0,0,0,0.8571428571428571,0.0,0.0,0.0,1,0,0,0,0,0,0,0,0,0,0,0,0,0,0,0,0,4,4,4,0,0.0,0,0.0,1,0.25,1,0.25,0,0.0,0,0.0,2,0.5,0,1,0,0,0,0,0,0,0,0,6,3.0,0,0,0.0,0.4,0.5,0.5,0.18000000000000002,0.45
7,2,3.0,6,0,0,0,0.8571428571428571,0.0,0.0,0.0,1,0,0,0,0,0,0,0,0,0,0,0,0,0,0,0,0,5,5,4,1,0.2,2,0.4,0,0.0,0,0.0,0,0.0,0,0.0,2,0.4,0,1,0,1,0,0,0,0,0,0,6,3.0,0,0,0.0,0.0,0.3333333333333333,0.6666666666666667,0.05,0.5333333333333334
2,1,2.0,2,0,0,0,1.0,0.0,0.0,0.0,1,0,0,0,0,0,0,0,0,0,0,0,0,0,0,0,0,1,1,1,1,1.0,0,0.0,0,0.0,0,0.0,0,0.0,0,0.0,0,0.0,1,0,0,0,0,0,0,0,0,0,2,2.0,0,0,0.0,0.0,0.5,0.5,0.16666666666666669,0.65
3,1,3.0,3,0,0,0,1.0,0.0,0.0,0.0,1,0,0,0,0,0,0,0,0,0,0,0,0,0,0,0,0,1,1,1,1,1.0,0,0.0,0,0.0,0,0.0,0,0.0,0,0.0,0,0.0,1,0,0,0,0,0,0,0,0,0,3,3.0,0,0,0.0,0.0,0.0,1.0,0.15000000000000002,0.85
9,3,2.3333333333333335,5,0,2,0,0.5555555555555556,0.0,0.2222222222222222,0.0,1,0,1,0,0,0,0,0,0,0,0,0,0,0,1,2,1,3,3,3,2,0.6666666666666666,0,0.0,0,0.0,0,0.0,0,0.0,0,0.0,0,0.0,0,1,0,0,0,0,0,0,0,0,5,1.6666666666666667,0,0,0.25,0.5,0.4,0.6,0.2596289425649626,0.55
4,1,4.0,4,0,0,0,1.0,0.0,0.0,0.0,1,0,0,0,0,0,0,0,0,0,0,0,0,0,0,0,0,1,1,1,1,1.0,0,0.0,0,0.0,0,0.0,0,0.0,0,0.0,0,0.0,1,0,0,0,0,0,0,0,0,0,4,4.0,0,0,0.0,0.0,0.75,0.25,0.13333333333333333,0.425
2,1,2.0,2,0,0,0,1.0,0.0,0.0,0.0,1,0,0,0,0,0,0,0,0,0,0,0,0,0,0,0,0,1,1,1,1,1.0,0,0.0,0,0.0,0,0.0,0,0.0,0,0.0,0,0.0,1,0,0,0,0,0,0,0,0,0,2,2.0,0,0,1.0,0.0,1.0,0.0,0.4666666666666667,0.4
8,2,3.5,7,0,0,0,0.875,0.0,0.0,0.0,1,0,0,0,0,0,0,0,0,0,0,0,0,0,0,0,0,2,2,2,2,1.0,0,0.0,0,0.0,0,0.0,0,0.0,0,0.0,0,0.0,0,1,0,0,0,0,0,0,0,0,7,3.5,0,0,0.0,0.16666666666666666,0.0,1.0,0.1,0.65
3,1,3.0,2,0,0,1,0.6666666666666666,0.0,0.0,0.3333333333333333,1,0,0,0,0,1,0,0,0,0,0,0,0,0,0,0,0,3,3,3,0,0.0,1,0.3333333333333333,0,0.0,0,0.0,0,0.0,0,0.0,1,0.3333333333333333,1,0,0,0,1,0,0,0,0,0,2,2.0,0,0,0.0,0.0,0.5,0.5,0.16666666666666669,0.65
4,1,4.0,4,0,0,0,1.0,0.0,0.0,0.0,1,0,0,0,0,0,0,0,0,0,0,0,0,0,0,0,0,2,2,1,2,1.0,0,0.0,0,0.0,0,0.0,0,0.0,0,0.0,0,0.0,1,0,0,0,0,0,0,0,0,0,4,4.0,0,0,0.0,0.0,0.25,0.75,0.13333333333333333,0.675
3,1,3.0,3,0,0,0,1.0,0.0,0.0,0.0,1,0,0,0,0,0,0,0,0,0,0,0,0,0,0,0,0,1,1,1,1,1.0,0,0.0,0,0.0,0,0.0,0,0.0,0,0.0,0,0.0,1,0,0,0,0,0,0,0,0,0,3,3.0,0,0,0.0,0.5,0.6666666666666666,0.33333333333333337,0.25,0.5166666666666666
4,1,4.0,4,0,0,0,1.0,0.0,0.0,0.0,1,0,0,0,0,0,0,0,0,0,0,0,0,0,0,0,0,5,5,5,0,0.0,1,0.2,0,0.0,0,0.0,1,0.2,0,0.0,2,0.4,1,0,0,0,0,0,0,0,0,0,4,4.0,0,0,0.0,1.0,0.0,1.0,0.33333333333333337,0.8
9,3,2.3333333333333335,6,0,0,1,0.6666666666666666,0.0,0.0,0.1111111111111111,1,0,0,0,1,0,0,0,0,0,0,0,0,0,0,0,0,6,6,6,0,0.0,1,0.16666666666666666,0,0.0,2,0.3333333333333333,1,0.16666666666666666,0,0.0,1,0.16666666666666666,0,1,0,1,0,0,0,0,0,0,6,2.0,0,0,0.0,0.0,0.3333333333333333,0.6666666666666667,0.06796227589829593,0.5333333333333334
6,2,2.5,5,0,0,0,0.8333333333333334,0.0,0.0,0.0,1,0,0,0,0,0,0,0,0,0,0,0,0,0,0,0,0,2,2,2,2,1.0,0,0.0,0,0.0,0,0.0,0,0.0,0,0.0,0,0.0,0,1,0,0,0,0,0,0,0,0,5,2.5,0,0,0.0,0.5,0.4,0.6,0.18333333333333335,0.55
6,2,2.5,5,0,0,0,0.8333333333333334,0.0,0.0,0.0,1,0,0,0,0,0,0,0,0,0,0,0,0,0,0,0,0,3,3,1,3,1.0,0,0.0,0,0.0,0,0.0,0,0.0,0,0.0,0,0.0,0,1,0,0,0,0,0,0,0,0,5,2.5,0,0,0.0,0.0,0.2,0.8,0.08333333333333333,0.65
3,1,3.0,3,0,0,0,1.0,0.0,0.0,0.0,1,0,0,0,0,0,0,0,0,0,0,0,0,0,0,0,0,3,3,2,2,0.6666666666666666,0,0.0,0,0.0,0,0.0,0,0.0,0,0.0,0,0.0,1,0,0,0,0,0,0,0,1,0,3,3.0,0,0,0.0,0.0,0.6666666666666666,0.33333333333333337,0.15000000000000002,0.5166666666666666
5,2,2.0,4,0,0,0,0.8,0.0,0.0,0.0,1,0,0,0,0,0,0,0,0,0,0,0,0,0,0,0,0,4,4,4,1,0.25,1,0.25,0,0.0,0,0.0,0,0.0,0,0.0,2,0.5,0,1,0,0,0,0,0,0,0,0,4,2.0,0,0,0.0,0.3333333333333333,0.75,0.25,0.15000000000000002,0.425
4,1,4.0,4,0,0,0,1.0,0.0,0.0,0.0,1,0,0,0,0,0,0,0,0,0,0,0,0,0,0,0,0,1,1,1,1,1.0,0,0.0,0,0.0,0,0.0,0,0.0,0,0.0,0,0.0,1,0,0,0,0,0,0,0,0,0,4,4.0,0,0,0.0,0.0,0.5,0.5,0.13333333333333333,0.55
10,3,2.6666666666666665,8,0,0,0,0.8,0.0,0.0,0.0,1,0,0,0,0,0,0,0,0,0,0,0,0,0,0,0,0,8,8,7,2,0.25,0,0.0,1,0.125,0,0.0,0,0.0,1,0.125,2,0.25,0,1,0,0,0,0,0,0,0,0,8,2.6666666666666665,0,0,0.14285714285714285,0.2857142857142857,0.375,0.625,0.16796227589829593,0.4125
3,1,3.0,3,0,0,0,1.0,0.0,0.0,0.0,1,0,0,0,0,0,0,0,0,0,0,0,0,0,0,0,0,1,1,1,1,1.0,0,0.0,0,0.0,0,0.0,0,0.0,0,0.0,0,0.0,1,0,0,0,0,0,0,0,0,0,3,3.0,0,0,0.0,0.0,0.6666666666666666,0.33333333333333337,0.15000000000000002,0.5166666666666666
6,3,1.3333333333333333,4,0,0,0,0.6666666666666666,0.0,0.0,0.0,1,0,0,0,0,0,0,0,0,0,0,0,0,0,0,0,0,6,6,6,2,0.3333333333333333,1,0.16666666666666666,0,0.0,0,0.0,0,0.0,0,0.0,2,0.3333333333333333,0,1,0,0,0,0,0,0,0,0,4,1.3333333333333333,0,0,0.0,0.0,0.5,0.5,0.10129560923162925,0.55
4,1,4.0,4,0,0,0,1.0,0.0,0.0,0.0,1,0,0,0,0,0,0,0,0,0,0,0,0,0,0,0,0,2,2,2,1,0.5,0,0.0,0,0.0,0,0.0,0,0.0,0,0.0,0,0.0,1,0,0,0,0,0,0,0,0,0,4,4.0,0,0,0.0,0.3333333333333333,0.5,0.5,0.2,0.55
4,1,4.0,4,0,0,0,1.0,0.0,0.0,0.0,1,0,0,0,0,0,0,0,0,0,0,0,0,0,0,0,0,4,4,4,2,0.5,1,0.25,0,0.0,0,0.0,0,0.0,0,0.0,1,0.25,1,0,0,0,0,0,0,0,0,0,4,4.0,0,0,0.0,0.6666666666666666,0.25,0.75,0.26666666666666666,0.675
3,1,3.0,3,0,0,0,1.0,0.0,0.0,0.0,1,0,0,0,0,0,0,0,0,0,0,0,0,0,0,0,0,2,2,2,2,1.0,0,0.0,0,0.0,0,0.0,0,0.0,0,0.0,0,0.0,1,0,0,0,0,0,0,0,0,0,3,3.0,0,0,0.5,0.0,0.6666666666666666,0.33333333333333337,0.30000000000000004,0.5166666666666666
3,1,3.0,2,0,0,1,0.6666666666666666,0.0,0.0,0.3333333333333333,1,0,0,0,1,0,0,0,0,0,0,0,0,0,0,0,0,3,3,3,2,0.6666666666666666,0,0.0,0,0.0,0,0.0,0,0.0,0,0.0,0,0.0,1,0,0,0,0,0,0,0,0,0,2,2.0,0,0,0.0,0.0,0.5,0.5,0.16666666666666669,0.65
9,1,9.0,9,0,0,0,1.0,0.0,0.0,0.0,1,0,0,0,0,0,0,0,0,0,0,0,0,0,0,0,0,1,1,1,1,1.0,0,0.0,0,0.0,0,0.0,0,0.0,0,0.0,0,0.0,1,0,0,0,0,0,0,0,0,0,9,9.0,0,0,0.125,0.125,0.4444444444444444,0.5555555555555556,0.1625,0.3277777777777778
14,4,2.75,11,0,0,0,0.7857142857142857,0.0,0.0,0.0,1,0,0,0,0,0,0,0,0,0,0,0,0,0,0,0,0,7,7,5,1,0.14285714285714285,0,0.0,1,0.14285714285714285,2,0.2857142857142857,0,0.0,2,0.2857142857142857,1,0.14285714285714285,0,1,0,0,0,0,0,0,0,0,11,2.75,0,0,0.2,0.0,0.45454545454545453,0.5454545454545454,0.10033852174946561,0.2727272727272727
3,1,3.0,3,0,0,0,1.0,0.0,0.0,0.0,1,0,0,0,0,0,0,0,0,0,0,0,0,0,0,0,0,1,1,1,1,1.0,0,0.0,0,0.0,0,0.0,0,0.0,0,0.0,0,0.0,1,0,0,0,0,0,0,0,0,0,3,3.0,0,0,0.0,0.0,1.0,0.0,0.15000000000000002,0.35
9,2,4.0,7,0,0,1,0.7777777777777778,0.0,0.0,0.1111111111111111,1,0,0,0,0,1,0,0,0,0,0,0,0,0,0,0,0,5,5,5,1,0.2,0,0.0,0,0.0,0,0.0,0,0.0,1,0.2,1,0.2,0,1,0,0,1,0,0,0,0,0,7,3.5,0,0,0.5,0.3333333333333333,0.2857142857142857,0.7142857142857143,0.26666666666666666,0.5071428571428571
4,1,4.0,4,0,0,0,1.0,0.0,0.0,0.0,1,0,0,0,0,0,0,0,0,0,0,0,0,0,0,0,0,4,4,4,0,0.0,1,0.25,1,0.25,0,0.0,0,0.0,0,0.0,2,0.5,1,0,0,0,0,0,0,0,0,0,4,4.0,0,0,0.0,0.3333333333333333,0.25,0.75,0.2,0.675
10,3,2.6666666666666665,8,0,0,0,0.8,0.0,0.0,0.0,1,0,0,0,0,0,0,0,0,0,0,0,0,0,0,0,0,7,7,6,1,0.14285714285714285,2,0.2857142857142857,0,0.0,0,0.0,0,0.0,2,0.2857142857142857,2,0.2857142857142857,0,1,0,0,0,0,0,0,0,0,8,2.6666666666666665,0,0,0.0,0.14285714285714285,0.0,1.0,0.0965337044697245,0.6
8,2,3.5,6,0,0,1,0.75,0.0,0.0,0.125,1,0,0,0,0,1,0,0,0,0,0,0,0,0,0,0,0,3,3,3,1,0.3333333333333333,0,0.0,0,0.0,0,0.0,1,0.3333333333333333,0,0.0,0,0.0,0,1,0,0,1,0,0,0,0,0,6,3.0,0,0,0.0,0.2,0.16666666666666666,0.8333333333333334,0.10666666666666667,0.6166666666666667
9,2,4.0,5,0,2,1,0.5555555555555556,0.0,0.2222222222222222,0.1111111111111111,1,0,1,0,1,0,0,0,0,0,0,0,0,0,1,2,1,7,6,7,1,0.14285714285714285,0,0.0,0,0.0,0,0.0,0,0.0,1,0.14285714285714285,1,0.14285714285714285,0,1,0,1,0,0,0,0,0,0,5,2.5,0,0,0.25,0.0,0.6,0.4,0.14166666666666666,0.45
2,1,2.0,2,0,0,0,1.0,0.0,0.0,0.0,1,0,0,0,0,0,0,0,0,0,0,0,0,0,0,0,0,1,1,1,1,1.0,0,0.0,0,0.0,0,0.0,0,0.0,0,0.0,0,0.0,1,0,0,0,0,0,0,0,0,0,2,2.0,0,0,0.0,0.0,0.5,0.5,0.16666666666666669,0.65
4,1,4.0,4,0,0,0,1.0,0.0,0.0,0.0,1,0,0,0,0,0,0,0,0,0,0,0,0,0,0,0,0,1,1,1,1,1.0,0,0.0,0,0.0,0,0.0,0,0.0,0,0.0,0,0.0,1,0,0,0,0,0,0,0,0,0,4,4.0,0,0,0.0,0.0,0.0,1.0,0.13333333333333333,0.8
5,2,2.0,3,0,0,1,0.6,0.0,0.0,0.2,1,0,0,0,0,0,0,0,0,0,0,0,0,0,0,0,0,4,4,4,1,0.25,0,0.0,0,0.0,0,0.0,1,0.25,1,0.25,0,0.0,0,1,0,0,0,0,0,0,0,0,3,1.5,0,0,0.0,0.5,0.0,1.0,0.25,0.85
5,2,2.0,3,0,0,1,0.6,0.0,0.0,0.2,1,0,0,0,0,0,0,0,0,0,0,0,0,0,0,0,0,3,3,3,1,0.3333333333333333,0,0.0,0,0.0,0,0.0,1,0.3333333333333333,0,0.0,0,0.0,0,1,0,0,0,0,0,0,0,0,3,1.5,0,0,0.0,0.5,0.3333333333333333,0.6666666666666667,0.25,0.6833333333333333
9,3,2.3333333333333335,6,0,0,1,0.6666666666666666,0.0,0.0,0.1111111111111111,1,0,0,0,0,0,0,0,0,0,0,0,0,0,0,0,0,5,5,5,0,0.0,1,0.2,0,0.0,1,0.2,1,0.2,0,0.0,1,0.2,0,1,0,0,0,0,0,0,0,0,6,2.0,0,0,0.0,0.0,0.3333333333333333,0.6666666666666667,0.051471862576142974,0.5333333333333334
9,3,2.3333333333333335,7,0,0,0,0.7777777777777778,0.0,0.0,0.0,1,0,0,0,0,0,0,0,0,0,0,0,0,0,0,0,0,5,5,5,1,0.2,1,0.2,0,0.0,1,0.2,0,0.0,1,0.2,1,0.2,0,1,0,0,0,0,0,0,0,0,7,2.3333333333333335,0,0,0.0,0.16666666666666666,0.14285714285714285,0.8571428571428572,0.10129560923162925,0.5785714285714286
11,3,3.0,9,0,0,0,0.8181818181818182,0.0,0.0,0.0,1,0,0,0,0,0,0,0,0,0,0,0,0,0,0,0,0,7,7,7,1,0.14285714285714285,1,0.14285714285714285,0,0.0,1,0.14285714285714285,0,0.0,0,0.0,3,0.42857142857142855,0,1,0,0,0,0,0,0,0,0,9,3.0,0,0,0.0,0.0,0.4444444444444444,0.5555555555555556,0.05505102572168219,0.3277777777777778
3,1,3.0,3,0,0,0,1.0,0.0,0.0,0.0,1,0,0,0,0,0,0,0,0,0,0,0,0,0,0,0,0,1,1,1,1,1.0,0,0.0,0,0.0,0,0.0,0,0.0,0,0.0,0,0.0,1,0,0,0,0,0,0,0,0,0,3,3.0,0,0,0.0,0.0,0.3333333333333333,0.6666666666666667,0.15000000000000002,0.6833333333333333
3,1,3.0,3,0,0,0,1.0,0.0,0.0,0.0,1,0,0,0,0,0,0,0,0,0,0,0,0,0,0,0,0,1,1,1,1,1.0,0,0.0,0,0.0,0,0.0,0,0.0,0,0.0,0,0.0,1,0,0,0,0,0,0,0,0,0,3,3.0,0,0,0.0,0.0,0.6666666666666666,0.33333333333333337,0.15000000000000002,0.5166666666666666
14,3,4.0,12,0,0,0,0.8571428571428571,0.0,0.0,0.0,1,0,0,0,0,0,0,0,0,0,0,0,0,0,1,2,1,5,5,5,1,0.2,1,0.2,0,0.0,1,0.2,0,0.0,1,0.2,1,0.2,0,1,0,0,0,0,0,0,0,0,12,4.0,1,2,0.18181818181818182,0.2727272727272727,0.5833333333333334,0.41666666666666663,0.44707049880223626,0.20833333333333331
14,5,2.0,10,0,0,0,0.7142857142857143,0.0,0.0,0.0,1,0,0,0,0,0,0,0,0,0,0,0,0,0,0,0,0,7,6,5,2,0.2857142857142857,2,0.2857142857142857,0,0.0,1,0.14285714285714285,0,0.0,0,0.0,2,0.2857142857142857,0,1,0,0,0,0,0,0,0,0,10,2.0,0,0,0.2222222222222222,0.0,0.4,0.6,0.12792407799438735,0.3
5,1,5.0,4,0,0,1,0.8,0.0,0.0,0.2,1,0,0,0,0,0,1,0,0,0,0,0,0,0,1,3,1,3,3,3,1,0.3333333333333333,0,0.0,0,0.0,0,0.0,1,0.3333333333333333,0,0.0,0,0.0,1,0,0,0,0,0,0,0,0,0,4,4.0,1,3,0.6666666666666666,1.0,0.0,1.0,0.8333333333333333,0.8
4,2,1.5,3,0,0,0,0.75,0.0,0.0,0.0,1,0,0,0,0,0,0,0,0,0,0,0,0,0,0,0,0,2,2,1,2,1.0,0,0.0,0,0.0,0,0.0,0,0.0,0,0.0,0,0.0,0,1,0,0,0,0,0,0,0,0,3,1.5,0,0,1.0,1.0,0.6666666666666666,0.33333333333333337,0.6166666666666667,0.5166666666666666
12,3,3.3333333333333335,10,0,0,0,0.8333333333333334,0.0,0.0,0.0,1,0,0,0,0,0,0,0,0,0,0,0,0,0,0,0,0,5,5,3,4,0.8,0,0.0,0,0.0,1,0.2,0,0.0,0,0.0,0,0.0,0,1,0,0,0,0,0,0,0,0,10,3.3333333333333335,0,0,0.0,0.0,0.3,0.7,0.06796227589829593,0.35
4,1,4.0,0,3,0,1,0.0,0.75,0.0,0.25,0,1,0,0,0,0,1,0,0,0,0,0,0,0,0,0,0,2,2,2,0,0.0,0,0.0,0,0.0,0,0.0,0,0.0,0,0.0,0,0.0,1,0,0,0,0,0,0,0,0,0,0,0.0,0,0,0.0,0.0,0.0,1.0,0.1,1.0
8,2,3.5,7,0,0,0,0.875,0.0,0.0,0.0,1,0,0,0,0,0,0,0,0,0,0,0,0,0,0,0,0,5,5,5,1,0.2,1,0.2,0,0.0,0,0.0,0,0.0,0,0.0,2,0.4,0,1,0,0,0,0,0,0,0,0,7,3.5,0,0,0.0,0.0,0.5714285714285714,0.4285714285714286,0.06666666666666667,0.3642857142857143
5,1,5.0,3,0,0,2,0.6,0.0,0.0,0.4,1,0,0,0,1,0,1,0,0,0,0,0,0,0,0,0,0,4,4,4,0,0.0,0,0.0,1,0.25,0,0.0,0,0.0,0,0.0,1,0.25,1,0,0,1,0,0,0,0,0,0,3,3.0,0,0,0.0,0.0,0.6666666666666666,0.33333333333333337,0.15000000000000002,0.5166666666666666
3,1,3.0,3,0,0,0,1.0,0.0,0.0,0.0,1,0,0,0,0,0,0,0,0,0,0,0,0,0,0,0,0,2,2,1,2,1.0,0,0.0,0,0.0,0,0.0,0,0.0,0,0.0,0,0.0,1,0,0,0,0,0,0,0,0,0,3,3.0,0,0,0.5,0.0,0.3333333333333333,0.6666666666666667,0.30000000000000004,0.6833333333333333
7,2,3.0,6,0,0,0,0.8571428571428571,0.0,0.0,0.0,1,0,0,0,0,0,0,0,0,0,0,0,0,0,0,0,0,5,5,5,1,0.2,2,0.4,0,0.0,0,0.0,0,0.0,0,0.0,2,0.4,0,1,0,0,0,0,0,0,0,0,6,3.0,0,0,0.0,0.6,0.3333333333333333,0.6666666666666667,0.16999999999999998,0.5333333333333334
3,1,3.0,3,0,0,0,1.0,0.0,0.0,0.0,1,0,0,0,0,0,0,0,0,0,0,0,0,0,0,0,0,1,1,1,1,1.0,0,0.0,0,0.0,0,0.0,0,0.0,0,0.0,0,0.0,1,0,0,0,0,0,0,0,0,0,3,3.0,0,0,0.0,0.0,0.3333333333333333,0.6666666666666667,0.15000000000000002,0.6833333333333333
18,5,2.8,12,0,0,2,0.6666666666666666,0.0,0.0,0.1111111111111111,1,0,0,0,1,0,1,0,0,0,0,0,0,0,0,0,0,10,10,9,1,0.1,1,0.1,0,0.0,1,0.1,1,0.1,0,0.0,3,0.3,0,1,0,0,0,0,0,0,0,0,12,2.4,0,0,0.0,0.0,0.3333333333333333,0.6666666666666667,0.05051025721682191,0.33333333333333337
7,2,3.0,6,0,0,0,0.8571428571428571,0.0,0.0,0.0,1,0,0,0,0,0,0,0,0,0,0,0,0,0,0,0,0,2,2,1,2,1.0,0,0.0,0,0.0,0,0.0,0,0.0,0,0.0,0,0.0,0,1,0,0,0,0,0,0,0,0,6,3.0,0,0,0.0,0.4,0.3333333333333333,0.6666666666666667,0.18000000000000002,0.5333333333333334
4,1,4.0,4,0,0,0,1.0,0.0,0.0,0.0,1,0,0,0,0,0,0,0,0,0,0,0,0,0,1,3,1,3,3,3,1,0.3333333333333333,0,0.0,0,0.0,0,0.0,1,0.3333333333333333,1,0.3333333333333333,0,0.0,1,0,0,0,0,0,0,0,0,0,4,4.0,1,3,0.6666666666666666,0.6666666666666666,0.25,0.75,0.7666666666666666,0.675
5,2,2.0,4,0,0,0,0.8,0.0,0.0,0.0,1,0,0,0,0,0,0,0,0,0,0,0,0,0,0,0,0,2,2,1,2,1.0,0,0.0,0,0.0,0,0.0,0,0.0,0,0.0,0,0.0,0,1,0,0,0,0,0,0,0,0,4,2.0,0,0,0.0,0.0,1.0,0.0,0.13333333333333333,0.3
8,2,3.5,7,0,0,0,0.875,0.0,0.0,0.0,1,0,0,0,0,0,0,0,0,0,0,0,0,0,0,0,0,8,7,6,1,0.125,2,0.25,1,0.125,0,0.0,0,0.0,1,0.125,3,0.375,0,1,0,0,0,0,0,0,0,0,7,3.5,0,0,0.16666666666666666,0.16666666666666666,0.2857142857142857,0.7142857142857143,0.12333333333333334,0.5071428571428571
10,1,10.0,10,0,0,0,1.0,0.0,0.0,0.0,1,0,0,0,0,0,0,0,0,0,0,0,0,0,0,0,0,9,8,8,3,0.3333333333333333,1,0.1111111111111111,0,0.0,0,0.0,0,0.0,2,0.2222222222222222,2,0.2222222222222222,1,0,0,0,0,0,0,0,0,0,10,10.0,0,0,0.3333333333333333,0.1111111111111111,0.5,0.5,0.2222222222222222,0.25
7,2,3.0,6,0,0,0,0.8571428571428571,0.0,0.0,0.0,1,0,0,0,0,0,0,0,0,0,0,0,0,0,0,0,0,2,2,2,2,1.0,0,0.0,0,0.0,0,0.0,0,0.0,0,0.0,0,0.0,0,1,0,0,0,0,0,0,0,0,6,3.0,0,0,0.0,0.0,0.3333333333333333,0.6666666666666667,0.1,0.5333333333333334
1,1,1.0,1,0,0,0,1.0,0.0,0.0,0.0,1,0,0,0,0,0,0,0,0,0,0,0,0,0,0,0,0,1,1,1,1,1.0,0,0.0,0,0.0,0,0.0,0,0.0,0,0.0,0,0.0,1,0,0,0,0,0,0,0,0,0,1,1.0,0,0,0.0,0.0,1.0,0.0,0.18333333333333335,0.45
3,1,3.0,3,0,0,0,1.0,0.0,0.0,0.0,1,0,0,0,0,0,0,0,0,0,0,0,0,0,0,0,0,1,1,1,1,1.0,0,0.0,0,0.0,0,0.0,0,0.0,0,0.0,0,0.0,1,0,0,0,0,0,0,0,0,0,3,3.0,0,0,0.0,0.5,0.3333333333333333,0.6666666666666667,0.25,0.6833333333333333
3,1,3.0,3,0,0,0,1.0,0.0,0.0,0.0,1,0,0,0,0,0,0,0,0,0,0,0,0,0,0,0,0,1,1,1,1,1.0,0,0.0,0,0.0,0,0.0,0,0.0,0,0.0,0,0.0,1,0,0,0,0,0,0,0,0,0,3,3.0,0,0,0.0,0.0,0.3333333333333333,0.6666666666666667,0.15000000000000002,0.6833333333333333
11,3,3.0,9,0,0,0,0.8181818181818182,0.0,0.0,0.0,1,0,0,0,0,0,0,0,0,0,0,0,0,0,0,0,0,5,5,5,2,0.4,0,0.0,1,0.2,0,0.0,0,0.0,1,0.2,1,0.2,0,1,0,0,0,0,0,0,0,0,9,3.0,0,0,0.0,0.0,0.5555555555555556,0.4444444444444444,0.04142135623730951,0.2722222222222222
3,1,3.0,3,0,0,0,1.0,0.0,0.0,0.0,1,0,0,0,0,0,0,0,0,0,0,0,0,0,0,0,0,1,1,1,1,1.0,0,0.0,0,0.0,0,0.0,0,0.0,0,0.0,0,0.0,1,0,0,0,0,0,0,0,0,0,3,3.0,0,0,0.0,0.0,0.3333333333333333,0.6666666666666667,0.15000000000000002,0.6833333333333333
3,1,3.0,3,0,0,0,1.0,0.0,0.0,0.0,1,0,0,0,0,0,0,0,0,0,0,0,0,0,0,0,0,2,2,2,1,0.5,0,0.0,0,0.0,0,0.0,0,0.0,0,0.0,0,0.0,1,0,0,0,0,0,0,0,0,0,3,3.0,0,0,0.0,0.0,0.3333333333333333,0.6666666666666667,0.15000000000000002,0.6833333333333333
5,2,2.0,4,0,0,0,0.8,0.0,0.0,0.0,1,0,0,0,0,0,0,0,0,0,0,0,0,0,0,0,0,2,2,1,2,1.0,0,0.0,0,0.0,0,0.0,0,0.0,0,0.0,0,0.0,0,1,0,0,0,0,0,0,0,0,4,2.0,0,0,0.0,0.0,0.25,0.75,0.13333333333333333,0.675
3,1,3.0,3,0,0,0,1.0,0.0,0.0,0.0,1,0,0,0,0,0,0,0,0,0,0,0,0,0,0,0,0,3,3,3,1,0.3333333333333333,1,0.3333333333333333,0,0.0,0,0.0,0,0.0,0,0.0,1,0.3333333333333333,1,0,0,0,0,1,0,0,0,0,3,3.0,0,0,0.0,0.5,0.0,1.0,0.25,0.85
10,3,2.6666666666666665,6,0,2,0,0.6,0.0,0.2,0.0,1,0,1,0,0,0,0,0,0,0,0,0,0,0,1,2,1,6,6,6,1,0.16666666666666666,1,0.16666666666666666,0,0.0,0,0.0,0,0.0,2,0.3333333333333333,1,0.16666666666666666,0,1,0,0,0,0,0,0,0,0,6,2.0,0,0,0.0,0.2,0.6666666666666666,0.33333333333333337,0.10796227589829593,0.3666666666666667
14,4,2.75,7,0,4,0,0.5,0.0,0.2857142857142857,0.0,1,0,1,0,0,0,0,0,0,0,0,0,0,0,1,2,2,8,7,6,2,0.25,0,0.0,0,0.0,0,0.0,0,0.0,1,0.125,1,0.125,0,1,0,0,0,0,0,0,0,0,7,1.75,0,0,0.16666666666666666,0.3333333333333333,0.5714285714285714,0.4285714285714286,0.18644971874147045,0.3642857142857143
11,3,3.0,9,0,0,0,0.8181818181818182,0.0,0.0,0.0,1,0,0,0,0,0,0,0,0,0,0,0,0,0,0,0,0,6,5,4,2,0.3333333333333333,1,0.16666666666666666,0,0.0,0,0.0,0,0.0,2,0.3333333333333333,1,0.16666666666666666,0,1,0,0,0,0,0,0,0,0,9,3.0,0,0,0.125,0.0,0.2222222222222222,0.7777777777777778,0.1375,0.4388888888888889
12,3,3.3333333333333335,10,0,0,0,0.8333333333333334,0.0,0.0,0.0,1,0,0,0,0,0,0,0,0,0,0,0,0,0,1,2,1,7,7,7,2,0.2857142857142857,2,0.2857142857142857,0,0.0,0,0.0,0,0.0,1,0.14285714285714285,2,0.2857142857142857,0,1,0,0,0,0,0,0,0,0,10,3.3333333333333335,1,2,0.3333333333333333,0.2222222222222222,0.2,0.8,0.4959163070205874,0.4
22,6,2.8333333333333335,16,0,0,1,0.7272727272727273,0.0,0.0,0.045454545454545456,1,0,0,0,1,0,0,0,0,0,0,0,0,0,0,0,0,12,11,9,3,0.25,1,0.08333333333333333,1,0.08333333333333333,0,0.0,0,0.0,3,0.25,2,0.16666666666666666,0,0,1,1,0,0,0,0,0,0,16,2.6666666666666665,0,0,0.26666666666666666,0.13333333333333333,0.25,0.75,0.1550415751586085,0.375
8,2,3.5,7,0,0,0,0.875,0.0,0.0,0.0,1,0,0,0,0,0,0,0,0,0,0,0,0,0,0,0,0,3,3,3,0,0.0,0,0.0,1,0.3333333333333333,1,0.3333333333333333,0,0.0,0,0.0,1,0.3333333333333333,0,1,0,0,0,0,0,0,0,0,7,3.5,0,0,0.0,0.0,0.42857142857142855,0.5714285714285714,0.06666666666666667,0.4357142857142857
3,1,3.0,3,0,0,0,1.0,0.0,0.0,0.0,1,0,0,0,0,0,0,0,0,0,0,0,0,0,0,0,0,1,1,1,1,1.0,0,0.0,0,0.0,0,0.0,0,0.0,0,0.0,0,0.0,1,0,0,0,0,0,0,0,0,0,3,3.0,0,0,0.0,0.0,0.0,1.0,0.15000000000000002,0.85
3,1,3.0,3,0,0,0,1.0,0.0,0.0,0.0,1,0,0,0,0,0,0,0,0,0,0,0,0,0,0,0,0,3,3,3,1,0.3333333333333333,0,0.0,0,0.0,0,0.0,0,0.0,0,0.0,1,0.3333333333333333,1,0,0,0,0,0,0,0,0,0,3,3.0,0,0,0.0,0.0,0.6666666666666666,0.33333333333333337,0.15000000000000002,0.5166666666666666
4,1,4.0,4,0,0,0,1.0,0.0,0.0,0.0,1,0,0,0,0,0,0,0,0,0,0,0,0,0,0,0,0,3,3,3,1,0.3333333333333333,0,0.0,0,0.0,0,0.0,0,0.0,0,0.0,1,0.3333333333333333,1,0,0,0,0,0,0,0,0,0,4,4.0,0,0,0.0,0.0,0.75,0.25,0.13333333333333333,0.425
12,3,3.3333333333333335,10,0,0,0,0.8333333333333334,0.0,0.0,0.0,1,0,0,0,0,0,0,0,0,0,0,0,0,0,0,0,0,5,5,4,2,0.4,1,0.2,0,0.0,0,0.0,0,0.0,1,0.2,1,0.2,0,1,0,0,0,0,0,0,0,0,10,3.3333333333333335,0,0,0.1111111111111111,0.3333333333333333,0.6,0.4,0.15147186257614298,0.2
7,2,3.0,6,0,0,0,0.8571428571428571,0.0,0.0,0.0,1,0,0,0,0,0,0,0,0,0,0,0,0,0,0,0,0,5,5,4,1,0.2,2,0.4,0,0.0,0,0.0,0,0.0,0,0.0,2,0.4,0,1,0,1,0,0,0,0,0,0,6,3.0,0,0,0.0,0.0,0.3333333333333333,0.6666666666666667,0.05,0.5333333333333334
4,1,4.0,4,0,0,0,1.0,0.0,0.0,0.0,1,0,0,0,0,0,0,0,0,0,0,0,0,0,0,0,0,4,4,3,2,0.5,0,0.0,0,0.0,1,0.25,1,0.25,0,0.0,0,0.0,1,0,0,0,0,0,0,0,0,0,4,4.0,0,0,0.3333333333333333,0.0,0.5,0.5,0.23333333333333334,0.55
3,1,3.0,3,0,0,0,1.0,0.0,0.0,0.0,1,0,0,0,0,0,0,0,0,0,0,0,0,0,0,0,0,2,2,2,1,0.5,0,0.0,0,0.0,0,0.0,0,0.0,1,0.5,0,0.0,1,0,0,0,0,0,0,0,0,0,3,3.0,0,0,0.0,0.0,0.6666666666666666,0.33333333333333337,0.15000000000000002,0.5166666666666666
3,1,3.0,3,0,0,0,1.0,0.0,0.0,0.0,1,0,0,0,0,0,0,0,0,0,0,0,0,0,0,0,0,3,3,3,0,0.0,1,0.3333333333333333,0,0.0,1,0.3333333333333333,0,0.0,0,0.0,1,0.3333333333333333,1,0,0,0,0,0,0,0,0,0,3,3.0,0,0,0.5,1.0,0.3333333333333333,0.6666666666666667,0.5,0.6833333333333333
5,1,5.0,5,0,0,0,1.0,0.0,0.0,0.0,1,0,0,0,0,0,0,0,0,0,0,0,0,0,0,0,0,2,2,1,2,1.0,0,0.0,0,0.0,0,0.0,0,0.0,0,0.0,0,0.0,1,0,0,0,0,0,0,0,0,0,5,5.0,0,0,0.25,0.0,0.2,0.8,0.19166666666666665,0.65
3,1,3.0,3,0,0,0,1.0,0.0,0.0,0.0,1,0,0,0,0,0,0,0,0,0,0,0,0,0,0,0,0,1,1,1,1,1.0,0,0.0,0,0.0,0,0.0,0,0.0,0,0.0,0,0.0,1,0,0,0,0,0,0,0,0,0,3,3.0,0,0,0.0,0.5,0.3333333333333333,0.6666666666666667,0.25,0.6833333333333333
7,2,3.0,6,0,0,0,0.8571428571428571,0.0,0.0,0.0,1,0,0,0,0,0,0,0,0,0,0,0,0,0,1,2,1,4,4,4,1,0.25,1,0.25,0,0.0,0,0.0,0,0.0,1,0.25,1,0.25,0,1,0,0,0,0,0,0,0,0,6,3.0,1,2,0.2,0.6,0.3333333333333333,0.6666666666666667,0.58,0.5333333333333334
3,1,3.0,3,0,0,0,1.0,0.0,0.0,0.0,1,0,0,0,0,0,0,0,0,0,0,0,0,0,0,0,0,3,3,2,3,1.0,0,0.0,0,0.0,0,0.0,0,0.0,0,0.0,0,0.0,1,0,0,0,0,0,0,0,0,0,3,3.0,0,0,0.0,0.0,0.6666666666666666,0.33333333333333337,0.15000000000000002,0.5166666666666666
4,1,4.0,0,0,0,0,0.0,0.0,0.0,0.0,0,0,0,0,0,0,0,0,1,4,0,0,0,0,1,3,1,1,1,1,0,0.0,0,0.0,0,0.0,0,0.0,0,0.0,0,0.0,0,0.0,1,0,0,0,0,0,1,1,0,0,0,0.0,0,0,0.0,0.0,0.0,1.0,0.1,1.0
6,1,6.0,6,0,0,0,1.0,0.0,0.0,0.0,1,0,0,0,0,0,0,0,0,0,0,0,0,0,0,0,0,1,1,1,1,1.0,0,0.0,0,0.0,0,0.0,0,0.0,0,0.0,0,0.0,1,0,0,0,0,0,0,0,0,0,6,6.0,0,0,0.4,0.0,0.16666666666666666,0.8333333333333334,0.22,0.6166666666666667
20,4,4.25,17,0,0,0,0.85,0.0,0.0,0.0,1,0,0,0,0,0,0,0,0,0,0,0,0,0,0,0,0,14,12,11,2,0.14285714285714285,3,0.21428571428571427,0,0.0,0,0.0,1,0.07142857142857142,1,0.07142857142857142,5,0.35714285714285715,0,1,0,0,0,0,0,0,0,0,17,4.25,0,0,0.0,0.125,0.17647058823529413,0.8235294117647058,0.06533852174946561,0.4117647058823529
3,1,3.0,3,0,0,0,1.0,0.0,0.0,0.0,1,0,0,0,0,0,0,0,0,0,0,0,0,0,0,0,0,1,1,1,1,1.0,0,0.0,0,0.0,0,0.0,0,0.0,0,0.0,0,0.0,1,0,0,0,0,0,0,0,0,0,3,3.0,0,0,0.0,0.0,1.0,0.0,0.15000000000000002,0.35
7,2,3.0,6,0,0,0,0.8571428571428571,0.0,0.0,0.0,1,0,0,0,0,0,0,0,0,0,0,0,0,0,0,0,0,5,5,5,2,0.4,0,0.0,0,0.0,0,0.0,0,0.0,1,0.2,1,0.2,0,1,0,0,0,0,0,0,0,0,6,3.0,0,0,0.6,0.2,0.3333333333333333,0.6666666666666667,0.27,0.5333333333333334
1,1,1.0,1,0,0,0,1.0,0.0,0.0,0.0,1,0,0,0,0,0,0,0,0,0,0,0,0,0,0,0,0,1,1,1,1,1.0,0,0.0,0,0.0,0,0.0,0,0.0,0,0.0,0,0.0,1,0,0,0,0,0,0,0,0,0,1,1.0,0,0,0.0,0.0,1.0,0.0,0.18333333333333335,0.45
4,1,4.0,4,0,0,0,1.0,0.0,0.0,0.0,1,0,0,0,0,0,0,0,0,0,0,0,0,0,0,0,0,1,1,1,1,1.0,0,0.0,0,0.0,0,0.0,0,0.0,0,0.0,0,0.0,1,0,0,0,0,0,0,0,1,0,4,4.0,0,0,0.0,0.0,0.75,0.25,0.13333333333333333,0.425
3,1,3.0,3,0,0,0,1.0,0.0,0.0,0.0,1,0,0,0,0,0,0,0,0,0,0,0,0,0,0,0,0,1,1,1,1,1.0,0,0.0,0,0.0,0,0.0,0,0.0,0,0.0,0,0.0,1,0,0,0,0,0,0,0,0,0,3,3.0,0,0,0.0,0.0,1.0,0.0,0.15000000000000002,0.35
11,3,3.0,7,0,2,0,0.6363636363636364,0.0,0.18181818181818182,0.0,1,0,1,0,0,0,0,0,0,0,0,0,0,0,1,2,1,7,7,7,0,0.0,1,0.14285714285714285,1,0.14285714285714285,1,0.14285714285714285,0,0.0,1,0.14285714285714285,2,0.2857142857142857,0,1,0,0,0,0,0,0,0,0,7,2.3333333333333335,0,0,0.0,0.0,0.2857142857142857,0.7142857142857143,0.05505102572168219,0.5071428571428571
8,3,2.0,5,0,0,1,0.625,0.0,0.0,0.125,1,0,0,0,1,0,0,0,0,0,0,0,0,0,0,0,0,7,7,7,1,0.14285714285714285,2,0.2857142857142857,0,0.0,1,0.14285714285714285,0,0.0,0,0.0,2,0.2857142857142857,0,1,0,1,0,0,0,0,0,0,5,1.6666666666666667,0,0,0.0,0.0,0.6,0.4,0.058088022903976175,0.45
4,2,1.5,3,0,0,0,0.75,0.0,0.0,0.0,1,0,0,0,0,0,0,0,0,0,0,0,0,0,0,0,0,2,2,2,1,0.5,0,0.0,0,0.0,0,0.0,1,0.5,0,0.0,0,0.0,0,1,0,0,0,0,0,0,0,0,3,1.5,0,0,0.0,0.0,0.6666666666666666,0.33333333333333337,0.11666666666666667,0.5166666666666666
8,3,2.0,6,0,0,0,0.75,0.0,0.0,0.0,1,0,0,0,0,0,0,0,0,0,0,0,0,0,0,0,0,5,5,5,1,0.2,1,0.2,0,0.0,1,0.2,0,0.0,1,0.2,1,0.2,0,1,0,0,0,0,0,0,0,0,6,2.0,0,0,0.0,0.4,0.5,0.5,0.1350510257216822,0.45
5,1,5.0,5,0,0,0,1.0,0.0,0.0,0.0,1,0,0,0,0,0,0,0,0,0,0,0,0,0,0,0,0,2,2,1,2,1.0,0,0.0,0,0.0,0,0.0,0,0.0,0,0.0,0,0.0,1,0,0,0,0,0,0,0,0,0,5,5.0,0,0,0.0,0.75,0.0,1.0,0.2666666666666667,0.75
9,2,4.0,6,0,2,0,0.6666666666666666,0.0,0.2222222222222222,0.0,1,0,1,0,0,0,0,0,0,0,0,0,0,0,1,2,1,7,7,7,0,0.0,2,0.2857142857142857,0,0.0,0,0.0,0,0.0,1,0.14285714285714285,3,0.42857142857142855,0,1,0,0,0,0,0,0,0,0,6,3.0,0,0,0.0,0.0,0.5,0.5,0.05,0.45
3,1,3.0,3,0,0,0,1.0,0.0,0.0,0.0,1,0,0,0,0,0,0,0,0,0,0,0,0,0,0,0,0,2,2,1,2,1.0,0,0.0,0,0.0,0,0.0,0,0.0,0,0.0,0,0.0,1,0,0,0,0,0,0,0,0,0,3,3.0,0,0,0.5,0.0,0.6666666666666666,0.33333333333333337,0.30000000000000004,0.5166666666666666
4,1,4.0,3,0,0,1,0.75,0.0,0.0,0.25,1,0,0,0,0,1,0,0,0,0,0,0,0,0,0,0,0,3,3,3,2,0.6666666666666666,0,0.0,0,0.0,0,0.0,0,0.0,0,0.0,0,0.0,1,0,0,0,1,0,0,0,0,0,3,3.0,0,0,0.0,0.0,0.3333333333333333,0.6666666666666667,0.15000000000000002,0.6833333333333333
13,4,2.5,10,0,0,0,0.7692307692307693,0.0,0.0,0.0,1,0,0,0,0,0,0,0,0,0,0,0,0,0,0,0,0,7,7,7,2,0.2857142857142857,0,0.0,1,0.14285714285714285,1,0.14285714285714285,0,0.0,2,0.2857142857142857,1,0.14285714285714285,0,1,0,0,0,0,0,0,0,0,10,2.5,0,0,0.1111111111111111,0.0,0.4,0.6,0.1,0.3
27,7,3.0,19,0,2,0,0.7037037037037037,0.0,0.07407407407407407,0.0,1,0,1,0,0,0,0,0,0,0,0,0,0,0,1,2,1,17,17,13,3,0.17647058823529413,3,0.17647058823529413,1,0.058823529411764705,1,0.058823529411764705,0,0.0,3,0.17647058823529413,5,0.29411764705882354,0,0,1,0,0,0,0,0,0,0,19,2.7142857142857144,0,0,0.1111111111111111,0.05555555555555555,0.47368421052631576,0.5263157894736843,0.09637037460365842,0.26315789473684215
9,3,2.3333333333333335,7,0,0,0,0.7777777777777778,0.0,0.0,0.0,1,0,0,0,0,0,0,0,0,0,0,0,0,0,0,0,0,3,3,2,3,1.0,0,0.0,0,0.0,0,0.0,0,0.0,0,0.0,0,0.0,0,1,0,0,0,0,0,0,0,0,7,2.3333333333333335,0,0,0.16666666666666666,0.0,0.14285714285714285,0.8571428571428572,0.10147186257614296,0.5785714285714286
4,1,4.0,4,0,0,0,1.0,0.0,0.0,0.0,1,0,0,0,0,0,0,0,0,0,0,0,0,0,0,0,0,1,1,1,1,1.0,0,0.0,0,0.0,0,0.0,0,0.0,0,0.0,0,0.0,1,0,0,0,0,0,0,0,0,0,4,4.0,0,0,0.0,0.0,0.0,1.0,0.13333333333333333,0.8
3,1,3.0,3,0,0,0,1.0,0.0,0.0,0.0,1,0,0,0,0,0,0,0,0,0,0,0,0,0,0,0,0,1,1,1,1,1.0,0,0.0,0,0.0,0,0.0,0,0.0,0,0.0,0,0.0,1,0,0,0,0,0,0,0,0,0,3,3.0,0,0,0.0,0.0,1.0,0.0,0.15000000000000002,0.35
4,1,4.0,4,0,0,0,1.0,0.0,0.0,0.0,1,0,0,0,0,0,0,0,0,0,0,0,0,0,0,0,0,2,2,1,2,1.0,0,0.0,0,0.0,0,0.0,0,0.0,0,0.0,0,0.0,1,0,0,0,0,0,0,0,0,0,4,4.0,0,0,0.0,0.0,0.25,0.75,0.13333333333333333,0.675
3,1,3.0,3,0,0,0,1.0,0.0,0.0,0.0,1,0,0,0,0,0,0,0,0,0,0,0,0,0,0,0,0,1,1,1,1,1.0,0,0.0,0,0.0,0,0.0,0,0.0,0,0.0,0,0.0,1,0,0,0,0,0,0,0,0,0,3,3.0,0,0,0.0,0.0,0.6666666666666666,0.33333333333333337,0.15000000000000002,0.5166666666666666
4,1,4.0,4,0,0,0,1.0,0.0,0.0,0.0,1,0,0,0,0,0,0,0,0,0,0,0,0,0,0,0,0,2,2,1,2,1.0,0,0.0,0,0.0,0,0.0,0,0.0,0,0.0,0,0.0,1,0,0,0,0,0,0,0,0,0,4,4.0,0,0,0.0,0.3333333333333333,0.25,0.75,0.2,0.675
12,3,3.3333333333333335,10,0,0,0,0.8333333333333334,0.0,0.0,0.0,1,0,0,0,0,0,0,0,0,0,0,0,0,0,0,0,0,5,5,4,2,0.4,1,0.2,0,0.0,0,0.0,0,0.0,1,0.2,1,0.2,0,1,0,0,0,0,0,0,0,0,10,3.3333333333333335,0,0,0.1111111111111111,0.3333333333333333,0.6,0.4,0.15147186257614298,0.2
9,3,2.3333333333333335,7,0,0,0,0.7777777777777778,0.0,0.0,0.0,1,0,0,0,0,0,0,0,0,0,0,0,0,0,0,0,0,5,5,5,1,0.2,1,0.2,0,0.0,1,0.2,0,0.0,1,0.2,1,0.2,0,1,0,0,0,0,0,0,0,0,7,2.3333333333333335,0,0,0.0,0.0,0.42857142857142855,0.5714285714285714,0.06796227589829593,0.4357142857142857
6,2,2.5,5,0,0,0,0.8333333333333334,0.0,0.0,0.0,1,0,0,0,0,0,0,0,0,0,0,0,0,0,0,0,0,3,3,2,2,0.6666666666666666,0,0.0,0,0.0,0,0.0,0,0.0,1,0.3333333333333333,0,0.0,0,1,0,0,0,0,0,0,0,0,5,2.5,0,0,0.25,0.0,0.2,0.8,0.15833333333333333,0.65
12,4,2.25,8,0,0,1,0.6666666666666666,0.0,0.0,0.08333333333333333,1,0,0,0,1,0,0,0,0,0,0,0,0,0,0,0,0,7,7,6,3,0.42857142857142855,1,0.14285714285714285,0,0.0,0,0.0,0,0.0,1,0.14285714285714285,1,0.14285714285714285,0,1,0,1,0,0,0,0,0,0,8,2.0,0,0,0.14285714285714285,0.0,0.5,0.5,0.09752715962871086,0.35
10,3,2.6666666666666665,7,0,0,1,0.7,0.0,0.0,0.1,1,0,0,0,0,0,0,0,0,0,0,0,0,0,0,0,0,8,8,8,2,0.25,1,0.125,0,0.0,0,0.0,0,0.0,1,0.125,2,0.25,0,1,0,0,0,0,0,0,0,0,7,2.3333333333333335,0,0,0.0,0.0,0.42857142857142855,0.5714285714285714,0.06796227589829593,0.4357142857142857
4,1,4.0,4,0,0,0,1.0,0.0,0.0,0.0,1,0,0,0,0,0,0,0,0,0,0,0,0,0,0,0,0,4,4,4,1,0.25,1,0.25,0,0.0,0,0.0,0,0.0,0,0.0,1,0.25,1,0,0,0,0,0,0,0,0,0,4,4.0,0,0,0.0,0.3333333333333333,0.25,0.75,0.2,0.675
4,1,4.0,4,0,0,0,1.0,0.0,0.0,0.0,1,0,0,0,0,0,0,0,0,0,0,0,0,0,0,0,0,1,1,1,1,1.0,0,0.0,0,0.0,0,0.0,0,0.0,0,0.0,0,0.0,1,0,0,0,0,0,0,0,0,0,4,4.0,0,0,0.0,0.0,0.25,0.75,0.13333333333333333,0.675
14,3,4.0,12,0,0,0,0.8571428571428571,0.0,0.0,0.0,1,0,0,0,0,0,0,0,0,0,0,0,0,0,0,0,0,7,7,6,2,0.2857142857142857,0,0.0,0,0.0,0,0.0,0,0.0,1,0.14285714285714285,2,0.2857142857142857,0,1,0,0,0,0,0,0,0,0,12,4.0,0,0,0.0,0.36363636363636365,0.3333333333333333,0.6666666666666667,0.11414862896458225,0.33333333333333337
5,2,2.0,4,0,0,0,0.8,0.0,0.0,0.0,1,0,0,0,0,0,0,0,0,0,0,0,0,0,0,0,0,2,2,1,2,1.0,0,0.0,0,0.0,0,0.0,0,0.0,0,0.0,0,0.0,0,1,0,0,0,0,0,0,0,0,4,2.0,0,0,0.0,0.0,0.0,1.0,0.13333333333333333,0.8
14,4,2.75,11,0,0,0,0.7857142857142857,0.0,0.0,0.0,1,0,0,0,0,0,0,0,0,0,0,0,0,0,0,0,0,9,9,9,2,0.2222222222222222,1,0.1111111111111111,0,0.0,0,0.0,0,0.0,2,0.2222222222222222,2,0.2222222222222222,0,1,0,0,0,0,0,0,0,0,11,2.75,0,0,0.0,0.1,0.36363636363636365,0.6363636363636364,0.08978305207480379,0.3181818181818182
6,2,2.5,2,0,3,0,0.3333333333333333,0.0,0.5,0.0,1,0,1,0,0,0,0,0,0,0,0,0,0,0,1,2,1,4,4,3,2,0.5,0,0.0,0,0.0,0,0.0,0,0.0,0,0.0,0,0.0,0,1,0,0,0,0,0,0,0,0,2,1.0,0,0,0.0,0.0,1.0,0.0,0.13333333333333333,0.4
16,4,3.25,13,0,0,0,0.8125,0.0,0.0,0.0,1,0,0,0,0,0,0,0,0,0,0,0,0,0,0,0,0,9,9,8,2,0.2222222222222222,1,0.1111111111111111,0,0.0,1,0.1111111111111111,0,0.0,2,0.2222222222222222,2,0.2222222222222222,0,1,0,0,0,0,0,0,0,0,13,3.25,0,0,0.08333333333333333,0.08333333333333333,0.46153846153846156,0.5384615384615384,0.08200518841613227,0.2692307692307692
13,5,1.8,9,0,0,0,0.6923076923076923,0.0,0.0,0.0,1,0,0,0,0,0,0,0,0,0,0,0,0,0,0,0,0,8,7,7,2,0.25,3,0.375,0,0.0,0,0.0,0,0.0,0,0.0,3,0.375,0,1,0,0,0,1,0,0,0,0,9,1.8,0,0,0.0,0.125,0.3333333333333333,0.6666666666666667,0.09642857142857145,0.38333333333333336
4,1,4.0,4,0,0,0,1.0,0.0,0.0,0.0,1,0,0,0,0,0,0,0,0,0,0,0,0,0,0,0,0,7,7,6,2,0.2857142857142857,2,0.2857142857142857,0,0.0,0,0.0,0,0.0,1,0.14285714285714285,2,0.2857142857142857,1,0,0,0,0,0,0,0,0,0,4,4.0,0,0,0.0,0.0,0.5,0.5,0.13333333333333333,0.55
3,1,3.0,3,0,0,0,1.0,0.0,0.0,0.0,1,0,0,0,0,0,0,0,0,0,0,0,0,0,0,0,0,2,2,1,2,1.0,0,0.0,0,0.0,0,0.0,0,0.0,0,0.0,0,0.0,1,0,0,0,0,0,0,0,0,0,3,3.0,0,0,0.5,0.0,0.6666666666666666,0.33333333333333337,0.30000000000000004,0.5166666666666666
18,4,3.75,12,0,2,1,0.6666666666666666,0.0,0.1111111111111111,0.05555555555555555,1,0,1,0,0,0,0,0,0,0,0,0,0,0,1,2,1,10,10,8,3,0.3,0,0.0,0,0.0,0,0.0,0,0.0,1,0.1,1,0.1,0,1,0,0,0,0,0,0,0,0,12,3.0,0,0,0.18181818181818182,0.09090909090909091,0.3333333333333333,0.6666666666666667,0.11622372446205934,0.33333333333333337
10,3,2.6666666666666665,5,0,2,1,0.5,0.0,0.2,0.1,1,0,1,0,1,0,0,0,0,0,0,0,0,0,1,2,1,6,6,5,2,0.3333333333333333,0,0.0,0,0.0,0,0.0,0,0.0,0,0.0,1,0.16666666666666666,0,1,0,1,0,0,0,0,0,0,5,1.6666666666666667,0,0,0.0,0.25,0.4,0.6,0.11813852924280964,0.55
9,2,4.0,8,0,0,0,0.8888888888888888,0.0,0.0,0.0,1,0,0,0,0,0,0,0,0,0,0,0,0,0,0,0,0,7,7,7,1,0.14285714285714285,1,0.14285714285714285,0,0.0,0,0.0,0,0.0,1,0.14285714285714285,2,0.2857142857142857,0,1,0,0,0,0,0,0,0,0,8,4.0,0,0,0.14285714285714285,0.0,0.5,0.5,0.09285714285714286,0.35
3,1,3.0,3,0,0,0,1.0,0.0,0.0,0.0,1,0,0,0,0,0,0,0,0,0,0,0,0,0,0,0,0,2,2,1,2,1.0,0,0.0,0,0.0,0,0.0,0,0.0,0,0.0,0,0.0,1,0,0,0,0,0,0,0,0,0,3,3.0,0,0,0.0,0.0,0.6666666666666666,0.33333333333333337,0.15000000000000002,0.5166666666666666
4,1,4.0,4,0,0,0,1.0,0.0,0.0,0.0,1,0,0,0,0,0,0,0,0,0,0,0,0,0,0,0,0,3,3,3,1,0.3333333333333333,1,0.3333333333333333,0,0.0,0,0.0,0,0.0,0,0.0,1,0.3333333333333333,1,0,0,0,0,0,0,0,0,0,4,4.0,0,0,0.3333333333333333,0.3333333333333333,0.75,0.25,0.3,0.425
12,4,2.25,9,0,0,0,0.75,0.0,0.0,0.0,1,0,0,0,0,0,0,0,0,0,0,0,0,0,1,2,1,6,6,6,1,0.16666666666666666,1,0.16666666666666666,1,0.16666666666666666,1,0.16666666666666666,0,0.0,0,0.0,2,0.3333333333333333,0,1,0,0,0,1,0,0,0,0,9,2.25,1,2,0.125,0.125,0.4444444444444444,0.5555555555555556,0.417170016771568,0.3277777777777778
13,4,2.5,10,0,0,0,0.7692307692307693,0.0,0.0,0.0,1,0,0,0,0,0,0,0,0,0,0,0,0,0,0,0,0,7,7,7,2,0.2857142857142857,1,0.14285714285714285,0,0.0,1,0.14285714285714285,0,0.0,1,0.14285714285714285,1,0.14285714285714285,0,1,0,0,0,0,0,0,0,0,10,2.5,0,0,0.0,0.3333333333333333,0.4,0.6,0.11388026216662461,0.3
6,3,1.3333333333333333,4,0,0,0,0.6666666666666666,0.0,0.0,0.0,1,0,0,0,0,0,0,0,0,0,0,0,0,0,0,0,0,5,5,4,1,0.2,2,0.4,0,0.0,0,0.0,0,0.0,0,0.0,2,0.4,0,1,0,0,0,0,0,0,0,0,4,1.3333333333333333,0,0,0.3333333333333333,0.0,0.5,0.5,0.20129560923162926,0.55
3,1,3.0,3,0,0,0,1.0,0.0,0.0,0.0,1,0,0,0,0,0,0,0,0,0,0,0,0,0,0,0,0,2,2,2,0,0.0,1,0.5,0,0.0,0,0.0,0,0.0,0,0.0,1,0.5,1,0,0,0,0,0,0,0,0,0,3,3.0,0,0,0.0,0.0,0.6666666666666666,0.33333333333333337,0.15000000000000002,0.5166666666666666
3,1,3.0,3,0,0,0,1.0,0.0,0.0,0.0,1,0,0,0,0,0,0,0,0,0,0,0,0,0,0,0,0,1,1,1,1,1.0,0,0.0,0,0.0,0,0.0,0,0.0,0,0.0,0,0.0,1,0,0,0,0,0,0,0,0,0,3,3.0,0,0,0.0,0.5,0.0,1.0,0.25,0.85
3,1,3.0,3,0,0,0,1.0,0.0,0.0,0.0,1,0,0,0,0,0,0,0,0,0,0,0,0,0,0,0,0,1,1,1,1,1.0,0,0.0,0,0.0,0,0.0,0,0.0,0,0.0,0,0.0,1,0,0,0,0,0,0,0,0,0,3,3.0,0,0,0.0,0.5,0.3333333333333333,0.6666666666666667,0.25,0.6833333333333333
3,1,3.0,3,0,0,0,1.0,0.0,0.0,0.0,1,0,0,0,0,0,0,0,0,0,0,0,0,0,0,0,0,4,4,4,0,0.0,1,0.25,0,0.0,1,0.25,0,0.0,0,0.0,2,0.5,1,0,0,0,0,1,0,0,0,0,3,3.0,0,0,0.0,0.0,0.6666666666666666,0.33333333333333337,0.15000000000000002,0.5166666666666666
3,1,3.0,3,0,0,0,1.0,0.0,0.0,0.0,1,0,0,0,0,0,0,0,0,0,0,0,0,0,0,0,0,2,2,1,2,1.0,0,0.0,0,0.0,0,0.0,0,0.0,0,0.0,0,0.0,1,0,0,0,0,0,0,0,0,0,3,3.0,0,0,0.0,0.0,0.3333333333333333,0.6666666666666667,0.15000000000000002,0.6833333333333333
5,1,5.0,5,0,0,0,1.0,0.0,0.0,0.0,1,0,0,0,0,0,0,0,0,0,0,0,0,0,0,0,0,2,2,2,0,0.0,0,0.0,1,0.5,0,0.0,0,0.0,0,0.0,1,0.5,1,0,0,0,0,0,0,0,0,0,5,5.0,0,0,0.0,0.0,0.4,0.6,0.11666666666666667,0.55
3,1,3.0,3,0,0,0,1.0,0.0,0.0,0.0,1,0,0,0,0,0,0,0,0,0,0,0,0,0,0,0,0,3,3,3,1,0.3333333333333333,1,0.3333333333333333,0,0.0,0,0.0,0,0.0,0,0.0,1,0.3333333333333333,1,0,0,0,0,0,0,0,0,0,3,3.0,0,0,0.0,0.0,0.3333333333333333,0.6666666666666667,0.15000000000000002,0.6833333333333333
3,1,3.0,3,0,0,0,1.0,0.0,0.0,0.0,1,0,0,0,0,0,0,0,0,0,0,0,0,0,0,0,0,1,1,1,1,1.0,0,0.0,0,0.0,0,0.0,0,0.0,0,0.0,0,0.0,1,0,0,0,0,0,0,0,0,0,3,3.0,0,0,0.0,0.0,1.0,0.0,0.15000000000000002,0.35
4,1,4.0,4,0,0,0,1.0,0.0,0.0,0.0,1,0,0,0,0,0,0,0,0,0,0,0,0,0,0,0,0,2,2,1,2,1.0,0,0.0,0,0.0,0,0.0,0,0.0,0,0.0,0,0.0,1,0,0,0,0,0,0,0,0,0,4,4.0,0,0,0.0,0.0,0.75,0.25,0.13333333333333333,0.425
2,1,2.0,2,0,0,0,1.0,0.0,0.0,0.0,1,0,0,0,0,0,0,0,0,0,0,0,0,0,0,0,0,2,2,1,2,1.0,0,0.0,0,0.0,0,0.0,0,0.0,0,0.0,0,0.0,1,0,0,0,0,0,0,0,0,0,2,2.0,0,0,0.0,1.0,1.0,0.0,0.3666666666666667,0.4
4,2,1.5,3,0,0,0,0.75,0.0,0.0,0.0,1,0,0,0,0,0,0,0,0,0,0,0,0,0,0,0,0,4,4,4,1,0.25,0,0.0,1,0.25,0,0.0,1,0.25,0,0.0,1,0.25,0,1,0,0,0,0,0,0,0,0,3,1.5,0,0,1.0,0.0,0.3333333333333333,0.6666666666666667,0.41666666666666663,0.6833333333333333
10,3,2.6666666666666665,7,0,0,1,0.7,0.0,0.0,0.1,1,0,0,0,1,0,0,0,0,0,0,0,0,0,0,0,0,7,7,7,2,0.2857142857142857,0,0.0,0,0.0,0,0.0,0,0.0,2,0.2857142857142857,1,0.14285714285714285,0,1,0,1,0,0,0,0,0,0,7,2.3333333333333335,0,0,0.0,0.0,0.7142857142857143,0.2857142857142857,0.06796227589829593,0.29285714285714287
2,1,2.0,2,0,0,0,1.0,0.0,0.0,0.0,1,0,0,0,0,0,0,0,0,0,0,0,0,0,0,0,0,2,2,2,0,0.0,1,0.5,0,0.0,0,0.0,0,0.0,0,0.0,1,0.5,1,0,0,0,0,0,0,0,0,0,2,2.0,0,0,0.0,0.0,0.5,0.5,0.16666666666666669,0.65
4,1,4.0,4,0,0,0,1.0,0.0,0.0,0.0,1,0,0,0,0,0,0,0,0,0,0,0,0,0,0,0,0,2,2,1,2,1.0,0,0.0,0,0.0,0,0.0,0,0.0,0,0.0,0,0.0,1,0,0,0,0,0,0,0,0,0,4,4.0,0,0,0.0,0.0,0.5,0.5,0.13333333333333333,0.55
10,4,1.75,7,0,0,0,0.7,0.0,0.0,0.0,1,0,0,0,0,0,0,0,0,0,0,0,0,0,0,0,0,6,6,5,2,0.3333333333333333,1,0.16666666666666666,0,0.0,1,0.16666666666666666,0,0.0,0,0.0,1,0.16666666666666666,0,1,0,0,0,0,0,0,0,0,7,1.75,0,0,0.0,0.0,0.2857142857142857,0.7142857142857143,0.05467001677156801,0.5071428571428571
23,6,3.0,18,0,0,0,0.782608695652174,0.0,0.0,0.0,1,0,0,0,0,0,0,0,0,0,0,0,0,0,0,0,0,15,15,13,4,0.26666666666666666,2,0.13333333333333333,1,0.06666666666666667,0,0.0,0,0.0,2,0.13333333333333333,4,0.26666666666666666,0,0,1,0,0,0,0,0,0,0,18,3.0,0,0,0.11764705882352941,0.17647058823529413,0.7222222222222222,0.2777777777777778,0.11200959153142716,0.1388888888888889
2,1,2.0,2,0,0,0,1.0,0.0,0.0,0.0,1,0,0,0,0,0,0,0,0,0,0,0,0,0,0,0,0,1,1,1,1,1.0,0,0.0,0,0.0,0,0.0,0,0.0,0,0.0,0,0.0,1,0,0,0,0,0,0,0,0,0,2,2.0,0,0,0.0,0.0,0.5,0.5,0.16666666666666669,0.65
3,1,3.0,3,0,0,0,1.0,0.0,0.0,0.0,1,0,0,0,0,0,0,0,0,0,0,0,0,0,0,0,0,2,2,2,1,0.5,0,0.0,1,0.5,0,0.0,0,0.0,0,0.0,0,0.0,1,0,0,0,0,0,0,0,0,0,3,3.0,0,0,0.0,0.0,0.6666666666666666,0.33333333333333337,0.15000000000000002,0.5166666666666666
8,3,2.0,6,0,0,0,0.75,0.0,0.0,0.0,1,0,0,0,0,0,0,0,0,0,0,0,0,0,0,0,0,5,5,4,2,0.4,0,0.0,1,0.2,0,0.0,0,0.0,1,0.2,1,0.2,0,1,0,0,0,0,0,0,0,0,6,2.0,0,0,0.0,0.0,0.8333333333333334,0.16666666666666663,0.1,0.2833333333333333
6,2,2.5,2,0,3,0,0.3333333333333333,0.0,0.5,0.0,1,0,1,0,0,0,0,0,0,0,0,0,0,0,0,0,0,3,3,3,1,0.3333333333333333,0,0.0,0,0.0,0,0.0,1,0.3333333333333333,0,0.0,0,0.0,0,1,0,0,0,0,0,0,0,0,2,1.0,0,0,0.0,1.0,0.5,0.5,0.3333333333333333,0.65
6,2,2.5,5,0,0,0,0.8333333333333334,0.0,0.0,0.0,1,0,0,0,0,0,0,0,0,0,0,0,0,0,0,0,0,6,6,6,2,0.3333333333333333,1,0.16666666666666666,0,0.0,0,0.0,0,0.0,0,0.0,2,0.3333333333333333,0,1,0,0,0,0,0,0,0,0,5,2.5,0,0,0.25,0.5,0.4,0.6,0.2583333333333333,0.55
2,1,2.0,2,0,0,0,1.0,0.0,0.0,0.0,1,0,0,0,0,0,0,0,0,0,0,0,0,0,0,0,0,1,1,1,1,1.0,0,0.0,0,0.0,0,0.0,0,0.0,0,0.0,0,0.0,1,0,0,0,0,0,0,0,0,0,2,2.0,0,0,1.0,0.0,0.5,0.5,0.4666666666666667,0.65
3,1,3.0,3,0,0,0,1.0,0.0,0.0,0.0,1,0,0,0,0,0,0,0,0,0,0,0,0,0,0,0,0,1,1,1,1,1.0,0,0.0,0,0.0,0,0.0,0,0.0,0,0.0,0,0.0,1,0,0,0,0,0,0,0,0,0,3,3.0,0,0,0.5,0.0,0.6666666666666666,0.33333333333333337,0.30000000000000004,0.5166666666666666
6,2,2.5,5,0,0,0,0.8333333333333334,0.0,0.0,0.0,1,0,0,0,0,0,0,0,0,0,0,0,0,0,0,0,0,3,3,3,0,0.0,1,0.3333333333333333,0,0.0,0,0.0,0,0.0,0,0.0,1,0.3333333333333333,0,1,0,0,0,0,0,0,0,0,5,2.5,0,0,0.0,0.0,0.4,0.6,0.05666666666666667,0.55
6,2,2.5,5,0,0,0,0.8333333333333334,0.0,0.0,0.0,1,0,0,0,0,0,0,0,0,0,0,0,0,0,0,0,0,3,3,1,3,1.0,0,0.0,0,0.0,0,0.0,0,0.0,0,0.0,0,0.0,0,1,0,0,0,0,0,0,0,0,5,2.5,0,0,0.0,0.0,0.2,0.8,0.08333333333333333,0.65
8,2,3.5,7,0,0,0,0.875,0.0,0.0,0.0,1,0,0,0,0,0,0,0,0,0,0,0,0,0,0,0,0,5,5,4,2,0.4,1,0.2,0,0.0,0,0.0,0,0.0,0,0.0,1,0.2,0,1,0,0,0,0,0,0,0,0,7,3.5,0,0,0.0,0.16666666666666666,0.14285714285714285,0.8571428571428572,0.1,0.5785714285714286
2,1,2.0,2,0,0,0,1.0,0.0,0.0,0.0,1,0,0,0,0,0,0,0,0,0,0,0,0,0,0,0,0,1,1,1,1,1.0,0,0.0,0,0.0,0,0.0,0,0.0,0,0.0,0,0.0,1,0,0,0,0,0,0,0,0,0,2,2.0,0,0,1.0,0.0,0.5,0.5,0.4666666666666667,0.65
4,1,4.0,4,0,0,0,1.0,0.0,0.0,0.0,1,0,0,0,0,0,0,0,0,0,0,0,0,0,0,0,0,1,1,1,1,1.0,0,0.0,0,0.0,0,0.0,0,0.0,0,0.0,0,0.0,1,0,0,0,0,0,0,0,0,0,4,4.0,0,0,0.0,0.3333333333333333,0.5,0.5,0.2,0.55
11,3,3.0,7,0,2,0,0.6363636363636364,0.0,0.18181818181818182,0.0,1,0,1,0,0,0,0,0,0,0,0,0,0,0,1,2,1,6,6,6,1,0.16666666666666666,1,0.16666666666666666,0,0.0,0,0.0,0,0.0,1,0.16666666666666666,1,0.16666666666666666,0,1,0,0,0,0,0,0,0,0,7,2.3333333333333335,0,0,0.16666666666666666,0.16666666666666666,0.2857142857142857,0.7142857142857143,0.18333333333333335,0.5071428571428571
12,4,2.25,9,0,0,0,0.75,0.0,0.0,0.0,1,0,0,0,0,0,0,0,0,0,0,0,0,0,0,0,0,6,6,6,1,0.16666666666666666,1,0.16666666666666666,0,0.0,1,0.16666666666666666,0,0.0,1,0.16666666666666666,1,0.16666666666666666,0,1,0,0,0,0,0,0,0,0,9,2.25,0,0,0.0,0.0,0.3333333333333333,0.6666666666666667,0.06978305207480379,0.38333333333333336
5,1,5.0,5,0,0,0,1.0,0.0,0.0,0.0,1,0,0,0,0,0,0,0,0,0,0,0,0,0,0,0,0,1,1,1,1,1.0,0,0.0,0,0.0,0,0.0,0,0.0,0,0.0,0,0.0,1,0,0,0,0,0,0,0,0,0,5,5.0,0,0,0.0,0.75,1.0,0.0,0.2666666666666667,0.25
2,1,2.0,2,0,0,0,1.0,0.0,0.0,0.0,1,0,0,0,0,0,0,0,0,0,0,0,0,0,0,0,0,1,1,1,1,1.0,0,0.0,0,0.0,0,0.0,0,0.0,0,0.0,0,0.0,1,0,0,0,0,0,0,0,0,0,2,2.0,0,0,0.0,0.0,0.0,1.0,0.16666666666666669,0.9
6,2,2.5,5,0,0,0,0.8333333333333334,0.0,0.0,0.0,1,0,0,0,0,0,0,0,0,0,0,0,0,0,0,0,0,2,2,1,2,1.0,0,0.0,0,0.0,0,0.0,0,0.0,0,0.0,0,0.0,0,1,0,0,0,0,0,0,0,0,5,2.5,0,0,0.0,0.25,0.4,0.6,0.13333333333333333,0.55
7,3,1.6666666666666667,5,0,0,0,0.7142857142857143,0.0,0.0,0.0,1,0,0,0,0,0,0,0,0,0,0,0,0,0,0,0,0,5,5,5,1,0.2,1,0.2,0,0.0,1,0.2,0,0.0,1,0.2,1,0.2,0,1,0,0,0,0,0,0,0,0,5,1.6666666666666667,0,0,0.0,0.0,0.6,0.4,0.08462894256496259,0.45
18,6,2.1666666666666665,13,0,0,0,0.7222222222222222,0.0,0.0,0.0,1,0,0,0,0,0,0,0,0,0,0,0,0,0,0,0,0,10,10,8,3,0.3,1,0.1,1,0.1,1,0.1,0,0.0,2,0.2,2,0.2,0,0,1,0,0,0,0,0,0,0,13,2.1666666666666665,0,0,0.08333333333333333,0.0,0.46153846153846156,0.5384615384615384,0.08427034866470545,0.2692307692307692
4,1,4.0,4,0,0,0,1.0,0.0,0.0,0.0,1,0,0,0,0,0,0,0,0,0,0,0,0,0,0,0,0,1,1,1,1,1.0,0,0.0,0,0.0,0,0.0,0,0.0,0,0.0,0,0.0,1,0,0,0,0,0,0,0,0,0,4,4.0,0,0,0.0,0.0,0.25,0.75,0.13333333333333333,0.675
3,1,3.0,3,0,0,0,1.0,0.0,0.0,0.0,1,0,0,0,0,0,0,0,0,0,0,0,0,0,0,0,0,3,3,2,2,0.6666666666666666,0,0.0,0,0.0,0,0.0,0,0.0,1,0.3333333333333333,0,0.0,1,0,0,0,0,0,0,0,0,0,3,3.0,0,0,0.0,0.5,0.6666666666666666,0.33333333333333337,0.25,0.5166666666666666
7,1,7.0,7,0,0,0,1.0,0.0,0.0,0.0,1,0,0,0,0,0,0,0,0,0,0,0,0,0,0,0,0,6,6,6,2,0.3333333333333333,1,0.16666666666666666,1,0.16666666666666666,0,0.0,0,0.0,0,0.0,2,0.3333333333333333,1,0,0,0,0,0,0,0,0,0,7,7.0,0,0,0.3333333333333333,0.16666666666666666,0.7142857142857143,0.2857142857142857,0.23333333333333334,0.29285714285714287
13,1,13.0,13,0,0,0,1.0,0.0,0.0,0.0,1,0,0,0,0,0,0,0,0,0,0,0,0,0,0,0,0,1,1,1,1,1.0,0,0.0,0,0.0,0,0.0,0,0.0,0,0.0,0,0.0,0,0,0,0,0,0,0,0,0,0,13,13.0,0,0,0.0,0.8333333333333334,0.0,1.0,0.2666666666666667,0.5
4,1,4.0,4,0,0,0,1.0,0.0,0.0,0.0,1,0,0,0,0,0,0,0,0,0,0,0,0,0,0,0,0,5,5,5,1,0.2,1,0.2,1,0.2,0,0.0,0,0.0,0,0.0,2,0.4,1,0,0,0,0,0,0,0,0,0,4,4.0,0,0,0.0,0.0,0.5,0.5,0.13333333333333333,0.55
13,3,3.6666666666666665,11,0,0,0,0.8461538461538461,0.0,0.0,0.0,1,0,0,0,0,0,0,0,0,0,0,0,0,0,0,0,0,7,7,6,2,0.2857142857142857,2,0.2857142857142857,0,0.0,0,0.0,0,0.0,1,0.14285714285714285,2,0.2857142857142857,0,1,0,0,0,0,0,0,0,0,11,3.6666666666666665,0,0,0.0,0.1,0.18181818181818182,0.8181818181818181,0.08796227589829593,0.40909090909090906
2,1,2.0,2,0,0,0,1.0,0.0,0.0,0.0,1,0,0,0,0,0,0,0,0,0,0,0,0,0,0,0,0,1,1,1,1,1.0,0,0.0,0,0.0,0,0.0,0,0.0,0,0.0,0,0.0,1,0,0,0,0,0,0,0,0,0,2,2.0,0,0,0.0,0.0,1.0,0.0,0.16666666666666669,0.4
2,1,2.0,2,0,0,0,1.0,0.0,0.0,0.0,1,0,0,0,0,0,0,0,0,0,0,0,0,0,0,0,0,4,3,4,0,0.0,2,0.5,0,0.0,0,0.0,0,0.0,0,0.0,2,0.5,1,0,0,0,0,0,0,0,0,0,2,2.0,0,0,0.0,0.0,0.0,1.0,0.16666666666666669,0.9
3,1,3.0,3,0,0,0,1.0,0.0,0.0,0.0,1,0,0,0,0,0,0,0,0,0,0,0,0,0,1,3,1,1,1,1,1,1.0,0,0.0,0,0.0,0,0.0,0,0.0,0,0.0,0,0.0,1,0,0,0,0,0,0,0,0,0,3,3.0,1,3,1.0,1.0,0.0,1.0,0.9500000000000001,0.85
5,1,5.0,3,0,0,0,0.6,0.0,0.0,0.0,1,0,0,0,0,0,0,0,1,2,1,0,2,0,1,2,1,2,2,2,1,0.5,0,0.0,0,0.0,0,0.0,0,0.0,0,0.0,0,0.0,1,0,0,0,0,0,1,0,0,0,3,3.0,0,0,0.5,0.0,0.6666666666666666,0.33333333333333337,0.30000000000000004,0.5166666666666666
4,1,4.0,0,4,0,0,0.0,1.0,0.0,0.0,0,1,0,0,0,0,0,0,0,0,0,0,0,0,0,0,0,1,1,1,0,0.0,0,0.0,0,0.0,0,0.0,0,0.0,0,0.0,0,0.0,1,0,0,0,0,0,0,0,0,0,0,0.0,0,0,0.0,0.0,0.0,1.0,0.1,1.0
4,1,4.0,0,1,2,1,0.0,0.25,0.5,0.25,0,1,1,0,0,0,0,0,0,0,0,0,0,0,1,2,1,3,3,3,0,0.0,0,0.0,0,0.0,0,0.0,0,0.0,0,0.0,0,0.0,1,0,0,0,0,0,0,0,0,0,0,0.0,0,0,0.0,0.0,0.0,1.0,0.1,1.0
9,3,2.3333333333333335,5,0,2,0,0.5555555555555556,0.0,0.2222222222222222,0.0,1,0,1,0,0,0,0,0,0,0,0,0,0,0,1,2,1,6,6,6,2,0.3333333333333333,0,0.0,0,0.0,0,0.0,0,0.0,1,0.16666666666666666,1,0.16666666666666666,0,1,0,0,0,0,0,0,0,0,5,1.6666666666666667,0,0,0.0,0.5,0.8,0.19999999999999996,0.16813852924280964,0.35
5,1,5.0,3,0,2,0,0.6,0.0,0.4,0.0,1,0,1,0,0,0,0,0,0,0,0,0,0,0,1,3,2,2,2,2,0,0.0,0,0.0,0,0.0,0,0.0,1,0.5,0,0.0,0,0.0,1,0,0,0,0,0,0,0,0,0,3,3.0,1,3,1.0,1.0,0.0,1.0,0.9500000000000001,0.85
9,2,4.0,8,0,0,0,0.8888888888888888,0.0,0.0,0.0,1,0,0,0,0,0,0,0,0,0,0,0,0,0,0,0,0,2,2,1,2,1.0,0,0.0,0,0.0,0,0.0,0,0.0,0,0.0,0,0.0,0,1,0,0,0,0,0,0,0,0,8,4.0,0,0,0.0,0.8571428571428571,0.0,1.0,0.27142857142857146,0.6
25,6,3.3333333333333335,20,0,0,0,0.8,0.0,0.0,0.0,1,0,0,0,0,0,0,0,0,0,0,0,0,0,1,2,1,12,12,10,3,0.25,2,0.16666666666666666,0,0.0,1,0.08333333333333333,0,0.0,2,0.16666666666666666,3,0.25,0,0,1,0,0,0,0,0,0,0,20,3.3333333333333335,1,2,0.2631578947368421,0.3157894736842105,0.5,0.5,0.4822544255669741,0.25
8,2,3.5,7,0,0,0,0.875,0.0,0.0,0.0,1,0,0,0,0,0,0,0,0,0,0,0,0,0,0,0,0,4,4,4,1,0.25,0,0.0,0,0.0,0,0.0,0,0.0,1,0.25,1,0.25,0,1,0,0,0,0,0,0,0,0,7,3.5,0,0,0.0,0.5,0.42857142857142855,0.5714285714285714,0.16666666666666669,0.4357142857142857
5,1,5.0,5,0,0,0,1.0,0.0,0.0,0.0,1,0,0,0,0,0,0,0,0,0,0,0,0,0,0,0,0,3,3,1,3,1.0,0,0.0,0,0.0,0,0.0,0,0.0,0,0.0,0,0.0,1,0,0,0,0,0,0,0,0,0,5,5.0,0,0,0.5,0.0,0.8,0.19999999999999996,0.26666666666666666,0.35
3,1,3.0,3,0,0,0,1.0,0.0,0.0,0.0,1,0,0,0,0,0,0,0,0,0,0,0,0,0,0,0,0,3,3,2,2,0.6666666666666666,0,0.0,0,0.0,0,0.0,0,0.0,0,0.0,1,0.3333333333333333,1,0,0,0,0,0,0,0,0,0,3,3.0,0,0,0.0,0.0,1.0,0.0,0.15000000000000002,0.35
3,1,3.0,3,0,0,0,1.0,0.0,0.0,0.0,1,0,0,0,0,0,0,0,0,0,0,0,0,0,0,0,0,4,4,4,1,0.25,1,0.25,0,0.0,0,0.0,0,0.0,0,0.0,1,0.25,1,0,0,0,0,1,0,0,0,0,3,3.0,0,0,0.0,0.5,0.6666666666666666,0.33333333333333337,0.25,0.5166666666666666
2,1,2.0,2,0,0,0,1.0,0.0,0.0,0.0,1,0,0,0,0,0,0,0,0,0,0,0,0,0,0,0,0,1,1,1,1,1.0,0,0.0,0,0.0,0,0.0,0,0.0,0,0.0,0,0.0,1,0,0,0,0,0,0,0,0,0,2,2.0,0,0,0.0,1.0,1.0,0.0,0.3666666666666667,0.4
4,1,4.0,4,0,0,0,1.0,0.0,0.0,0.0,1,0,0,0,0,0,0,0,0,0,0,0,0,0,1,2,1,1,1,1,1,1.0,0,0.0,0,0.0,0,0.0,0,0.0,0,0.0,0,0.0,1,0,0,0,0,0,0,0,0,0,4,4.0,1,2,0.3333333333333333,0.3333333333333333,0.75,0.25,0.6,0.425
14,4,2.75,9,0,2,0,0.6428571428571429,0.0,0.14285714285714285,0.0,1,0,1,0,0,0,0,0,0,0,0,0,0,0,1,2,1,8,8,7,2,0.25,2,0.25,0,0.0,0,0.0,0,0.0,1,0.125,2,0.25,0,1,0,0,0,0,0,0,0,0,9,2.25,0,0,0.125,0.125,0.3333333333333333,0.6666666666666667,0.11717001677156802,0.38333333333333336
3,1,3.0,3,0,0,0,1.0,0.0,0.0,0.0,1,0,0,0,0,0,0,0,0,0,0,0,0,0,0,0,0,3,3,2,2,0.6666666666666666,0,0.0,0,0.0,0,0.0,0,0.0,0,0.0,0,0.0,1,0,0,0,0,0,0,0,0,0,3,3.0,0,0,0.0,0.0,1.0,0.0,0.15000000000000002,0.35
6,2,2.5,5,0,0,0,0.8333333333333334,0.0,0.0,0.0,1,0,0,0,0,0,0,0,0,0,0,0,0,0,0,0,0,4,4,3,3,0.75,0,0.0,0,0.0,0,0.0,0,0.0,0,0.0,0,0.0,0,1,0,0,0,0,0,0,0,0,5,2.5,0,0,0.25,0.0,0.6,0.4,0.15833333333333333,0.45
13,3,3.6666666666666665,11,0,0,0,0.8461538461538461,0.0,0.0,0.0,1,0,0,0,0,0,0,0,0,0,0,0,0,0,0,0,0,5,5,4,2,0.4,1,0.2,0,0.0,1,0.2,0,0.0,0,0.0,1,0.2,0,1,0,0,0,0,0,0,0,0,11,3.6666666666666665,0,0,0.1,0.1,0.2727272727272727,0.7272727272727273,0.11796227589829593,0.36363636363636365
6,2,2.5,5,0,0,0,0.8333333333333334,0.0,0.0,0.0,1,0,0,0,0,0,0,0,0,0,0,0,0,0,0,0,0,2,2,2,2,1.0,0,0.0,0,0.0,0,0.0,0,0.0,0,0.0,0,0.0,0,1,0,0,0,0,0,0,0,0,5,2.5,0,0,0.0,0.0,0.6,0.4,0.08333333333333333,0.45
13,4,2.5,10,0,0,0,0.7692307692307693,0.0,0.0,0.0,1,0,0,0,0,0,0,0,0,0,0,0,0,0,1,2,1,6,6,6,2,0.3333333333333333,1,0.16666666666666666,0,0.0,1,0.16666666666666666,0,0.0,1,0.16666666666666666,1,0.16666666666666666,0,1,0,0,0,0,0,0,0,0,10,2.5,1,2,0.2222222222222222,0.3333333333333333,0.7,0.30000000000000004,0.48692317181955785,0.15000000000000002
19,5,3.0,15,0,0,0,0.7894736842105263,0.0,0.0,0.0,1,0,0,0,0,0,0,0,0,0,0,0,0,0,0,0,0,11,11,8,6,0.5454545454545454,0,0.0,0,0.0,0,0.0,0,0.0,2,0.18181818181818182,2,0.18181818181818182,0,1,0,0,0,0,0,0,0,0,15,3.0,0,0,0.07142857142857142,0.07142857142857142,0.6666666666666666,0.33333333333333337,0.07986612972551099,0.16666666666666669
5,1,5.0,4,0,0,1,0.8,0.0,0.0,0.2,1,0,0,0,1,0,0,0,0,0,0,0,0,0,0,0,0,3,3,3,2,0.6666666666666666,0,0.0,0,0.0,0,0.0,0,0.0,0,0.0,0,0.0,1,0,0,1,0,0,0,0,0,0,4,4.0,0,0,0.0,0.0,0.5,0.5,0.13333333333333333,0.55
4,1,4.0,4,0,0,0,1.0,0.0,0.0,0.0,1,0,0,0,0,0,0,0,0,0,0,0,0,0,1,2,1,1,1,1,1,1.0,0,0.0,0,0.0,0,0.0,0,0.0,0,0.0,0,0.0,1,0,0,0,0,0,0,0,0,0,4,4.0,1,2,0.3333333333333333,1.0,0.0,1.0,0.7333333333333333,0.8
9,3,2.3333333333333335,7,0,0,0,0.7777777777777778,0.0,0.0,0.0,1,0,0,0,0,0,0,0,0,0,0,0,0,0,0,0,0,3,3,2,3,1.0,0,0.0,0,0.0,0,0.0,0,0.0,0,0.0,0,0.0,0,1,0,0,0,0,0,0,0,0,7,2.3333333333333335,0,0,0.16666666666666666,0.0,0.2857142857142857,0.7142857142857143,0.09449944320643647,0.5071428571428571
9,3,2.3333333333333335,7,0,0,0,0.7777777777777778,0.0,0.0,0.0,1,0,0,0,0,0,0,0,0,0,0,0,0,0,0,0,0,4,4,1,4,1.0,0,0.0,0,0.0,0,0.0,0,0.0,0,0.0,0,0.0,0,1,0,0,0,0,0,0,1,0,7,2.3333333333333335,0,0,0.0,0.0,0.2857142857142857,0.7142857142857143,0.06796227589829593,0.5071428571428571
8,2,3.5,7,0,0,0,0.875,0.0,0.0,0.0,1,0,0,0,0,0,0,0,0,0,0,0,0,0,0,0,0,6,6,4,1,0.16666666666666666,2,0.3333333333333333,0,0.0,0,0.0,0,0.0,1,0.16666666666666666,2,0.3333333333333333,0,1,0,0,0,0,0,0,0,0,7,3.5,0,0,0.16666666666666666,0.16666666666666666,0.2857142857142857,0.7142857142857143,0.15,0.5071428571428571
4,1,4.0,4,0,0,0,1.0,0.0,0.0,0.0,1,0,0,0,0,0,0,0,0,0,0,0,0,0,0,0,0,2,2,2,1,0.5,1,0.5,0,0.0,0,0.0,0,0.0,0,0.0,0,0.0,1,0,0,0,0,0,0,0,0,0,4,4.0,0,0,0.0,0.6666666666666666,0.25,0.75,0.26666666666666666,0.675
9,1,9.0,9,0,0,0,1.0,0.0,0.0,0.0,1,0,0,0,0,0,0,0,0,0,0,0,0,0,0,0,0,1,1,1,1,1.0,0,0.0,0,0.0,0,0.0,0,0.0,0,0.0,0,0.0,1,0,0,0,0,0,0,0,1,0,9,9.0,0,0,0.0,0.0,0.3333333333333333,0.6666666666666667,0.1,0.38333333333333336
5,2,2.0,4,0,0,0,0.8,0.0,0.0,0.0,1,0,0,0,0,0,0,0,0,0,0,0,0,0,0,0,0,2,2,1,2,1.0,0,0.0,0,0.0,0,0.0,0,0.0,0,0.0,0,0.0,0,1,0,0,0,0,0,0,0,0,4,2.0,0,0,0.3333333333333333,0.0,0.5,0.5,0.23333333333333334,0.55
5,1,5.0,5,0,0,0,1.0,0.0,0.0,0.0,1,0,0,0,0,0,0,0,0,0,0,0,0,0,0,0,0,3,3,3,2,0.6666666666666666,0,0.0,0,0.0,0,0.0,0,0.0,1,0.3333333333333333,0,0.0,1,0,0,0,0,0,0,0,0,0,5,5.0,0,0,0.0,0.75,0.2,0.8,0.2666666666666667,0.65
3,1,3.0,3,0,0,0,1.0,0.0,0.0,0.0,1,0,0,0,0,0,0,0,0,0,0,0,0,0,0,0,0,2,2,2,1,0.5,0,0.0,0,0.0,0,0.0,0,0.0,0,0.0,0,0.0,1,0,0,0,0,0,0,0,0,0,3,3.0,0,0,0.0,0.0,0.6666666666666666,0.33333333333333337,0.15000000000000002,0.5166666666666666
11,3,3.0,7,0,2,0,0.6363636363636364,0.0,0.18181818181818182,0.0,1,0,1,0,0,0,0,0,0,0,0,0,0,0,1,2,1,8,7,7,2,0.25,0,0.0,0,0.0,0,0.0,0,0.0,1,0.125,2,0.25,0,1,0,0,0,0,0,0,0,0,7,2.3333333333333335,0,0,0.0,0.16666666666666666,0.5714285714285714,0.4285714285714286,0.08838435905501552,0.3642857142857143
7,1,7.0,7,0,0,0,1.0,0.0,0.0,0.0,1,0,0,0,0,0,0,0,0,0,0,0,0,0,1,4,1,1,1,1,1,1.0,0,0.0,0,0.0,0,0.0,0,0.0,0,0.0,0,0.0,1,0,0,0,0,0,0,0,0,0,7,7.0,1,4,0.5,0.5,0.0,1.0,0.6499999999999999,0.65
10,2,4.5,9,0,0,0,0.9,0.0,0.0,0.0,1,0,0,0,0,0,0,0,0,0,0,0,0,0,1,2,1,2,2,1,2,1.0,0,0.0,0,0.0,0,0.0,0,0.0,0,0.0,0,0.0,0,1,0,0,0,0,0,0,0,0,9,4.5,2,2,0.375,1.0,0.4444444444444444,0.5555555555555556,0.9791666666666665,0.3277777777777778
12,1,12.0,12,0,0,0,1.0,0.0,0.0,0.0,1,0,0,0,0,0,0,0,0,0,0,0,0,0,1,2,2,1,1,1,1,1.0,0,0.0,0,0.0,0,0.0,0,0.0,0,0.0,0,0.0,0,0,0,0,0,0,0,0,0,0,12,12.0,2,2,0.18181818181818182,0.6363636363636364,0.16666666666666666,0.8333333333333334,0.8818181818181818,0.4166666666666667
5,1,5.0,5,0,0,0,1.0,0.0,0.0,0.0,1,0,0,0,0,0,0,0,0,0,0,0,0,0,0,0,0,1,1,1,1,1.0,0,0.0,0,0.0,0,0.0,0,0.0,0,0.0,0,0.0,1,0,0,0,0,1,0,0,0,0,5,5.0,0,0,0.0,0.0,0.2,0.8,0.11666666666666667,0.65
7,2,3.0,6,0,0,0,0.8571428571428571,0.0,0.0,0.0,1,0,0,0,0,0,0,0,0,0,0,0,0,0,0,0,0,2,2,2,2,1.0,0,0.0,0,0.0,0,0.0,0,0.0,0,0.0,0,0.0,0,1,0,0,0,0,0,0,0,0,6,3.0,0,0,0.0,0.0,0.16666666666666666,0.8333333333333334,0.05,0.6166666666666667
17,4,3.5,11,0,2,1,0.6470588235294118,0.0,0.11764705882352941,0.058823529411764705,1,0,1,0,0,1,0,0,0,0,0,0,0,0,1,2,1,9,9,8,1,0.1111111111111111,2,0.2222222222222222,0,0.0,0,0.0,0,0.0,2,0.2222222222222222,2,0.2222222222222222,0,1,0,0,1,0,0,0,0,0,11,2.75,0,0,0.1,0.1,0.18181818181818182,0.8181818181818181,0.11666666666666667,0.40909090909090906
5,1,5.0,5,0,0,0,1.0,0.0,0.0,0.0,1,0,0,0,0,0,0,0,0,0,0,0,0,0,0,0,0,3,3,3,1,0.3333333333333333,0,0.0,0,0.0,0,0.0,0,0.0,0,0.0,1,0.3333333333333333,1,0,0,0,0,0,0,0,0,0,5,5.0,0,0,0.0,0.0,0.4,0.6,0.11666666666666667,0.55
4,1,4.0,4,0,0,0,1.0,0.0,0.0,0.0,1,0,0,0,0,0,0,0,0,0,0,0,0,0,0,0,0,1,1,1,1,1.0,0,0.0,0,0.0,0,0.0,0,0.0,0,0.0,0,0.0,1,0,0,0,0,0,0,0,0,0,4,4.0,0,0,0.3333333333333333,0.0,0.25,0.75,0.23333333333333334,0.675
3,1,3.0,3,0,0,0,1.0,0.0,0.0,0.0,1,0,0,0,0,0,0,0,0,0,0,0,0,0,0,0,0,1,1,1,1,1.0,0,0.0,0,0.0,0,0.0,0,0.0,0,0.0,0,0.0,1,0,0,0,0,0,0,0,0,0,3,3.0,0,0,0.0,0.0,1.0,0.0,0.15000000000000002,0.35
5,2,2.0,4,0,0,0,0.8,0.0,0.0,0.0,1,0,0,0,0,0,0,0,0,0,0,0,0,0,0,0,0,2,2,2,0,0.0,0,0.0,0,0.0,1,0.5,1,0.5,0,0.0,0,0.0,0,1,0,0,0,0,0,0,0,0,4,2.0,0,0,0.0,0.0,0.0,1.0,0.08333333333333334,0.8
5,2,2.0,3,0,0,1,0.6,0.0,0.0,0.2,1,0,0,0,0,1,0,0,0,0,0,0,0,0,0,0,0,3,3,2,2,0.6666666666666666,0,0.0,0,0.0,0,0.0,0,0.0,0,0.0,0,0.0,0,1,0,0,1,0,0,0,0,0,3,1.5,0,0,0.0,0.0,0.3333333333333333,0.6666666666666667,0.15000000000000002,0.6833333333333333
3,1,3.0,3,0,0,0,1.0,0.0,0.0,0.0,1,0,0,0,0,0,0,0,0,0,0,0,0,0,1,2,1,3,3,3,0,0.0,1,0.3333333333333333,0,0.0,1,0.3333333333333333,0,0.0,0,0.0,1,0.3333333333333333,1,0,0,0,0,0,0,0,0,0,3,3.0,1,2,0.5,0.5,0.6666666666666666,0.33333333333333337,0.7,0.5166666666666666
3,1,3.0,3,0,0,0,1.0,0.0,0.0,0.0,1,0,0,0,0,0,0,0,0,0,0,0,0,0,0,0,0,3,3,3,0,0.0,1,0.3333333333333333,0,0.0,0,0.0,0,0.0,0,0.0,1,0.3333333333333333,1,0,0,0,0,0,0,0,0,0,3,3.0,0,0,0.0,0.0,0.3333333333333333,0.6666666666666667,0.15000000000000002,0.6833333333333333
6,2,2.5,5,0,0,0,0.8333333333333334,0.0,0.0,0.0,1,0,0,0,0,0,0,0,0,0,0,0,0,0,0,0,0,3,3,3,2,0.6666666666666666,0,0.0,0,0.0,0,0.0,0,0.0,1,0.3333333333333333,0,0.0,0,1,0,0,0,0,0,0,0,0,5,2.5,0,0,0.0,0.0,0.2,0.8,0.08333333333333333,0.65
2,1,2.0,2,0,0,0,1.0,0.0,0.0,0.0,1,0,0,0,0,0,0,0,0,0,0,0,0,0,0,0,0,1,1,1,1,1.0,0,0.0,0,0.0,0,0.0,0,0.0,0,0.0,0,0.0,1,0,0,0,0,0,0,0,0,0,2,2.0,0,0,0.0,1.0,1.0,0.0,0.3666666666666667,0.4
6,2,2.5,5,0,0,0,0.8333333333333334,0.0,0.0,0.0,1,0,0,0,0,0,0,0,0,0,0,0,0,0,0,0,0,6,6,6,0,0.0,2,0.3333333333333333,0,0.0,1,0.16666666666666666,0,0.0,0,0.0,3,0.5,0,1,0,0,0,0,0,0,0,0,5,2.5,0,0,0.25,0.25,0.4,0.6,0.18166666666666667,0.55
10,3,2.6666666666666665,8,0,0,0,0.8,0.0,0.0,0.0,1,0,0,0,0,0,0,0,0,0,0,0,0,0,0,0,0,4,4,4,2,0.5,0,0.0,0,0.0,1,0.25,0,0.0,0,0.0,0,0.0,0,1,0,0,0,0,0,0,0,0,8,2.6666666666666665,0,0,0.14285714285714285,0.0,0.25,0.75,0.11081941875543877,0.475
12,1,12.0,12,0,0,0,1.0,0.0,0.0,0.0,1,0,0,0,0,0,0,0,0,0,0,0,0,0,1,2,1,10,10,8,1,0.1,2,0.2,1,0.1,3,0.3,1,0.1,1,0.1,1,0.1,0,0,0,0,0,0,0,0,0,0,12,12.0,1,2,0.09090909090909091,0.18181818181818182,0.4166666666666667,0.5833333333333333,0.4636363636363636,0.29166666666666663
3,1,3.0,3,0,0,0,1.0,0.0,0.0,0.0,1,0,0,0,0,0,0,0,0,0,0,0,0,0,0,0,0,2,2,2,2,1.0,0,0.0,0,0.0,0,0.0,0,0.0,0,0.0,0,0.0,1,0,0,0,0,0,0,0,0,0,3,3.0,0,0,0.0,0.0,0.6666666666666666,0.33333333333333337,0.15000000000000002,0.5166666666666666
6,2,2.5,5,0,0,0,0.8333333333333334,0.0,0.0,0.0,1,0,0,0,0,0,0,0,0,0,0,0,0,0,0,0,0,2,2,2,1,0.5,0,0.0,0,0.0,1,0.5,0,0.0,0,0.0,0,0.0,0,1,0,0,0,0,0,0,0,0,5,2.5,0,0,0.25,0.0,0.2,0.8,0.13166666666666665,0.65
7,2,3.0,6,0,0,0,0.8571428571428571,0.0,0.0,0.0,1,0,0,0,0,0,0,0,0,0,0,0,0,0,0,0,0,2,2,2,2,1.0,0,0.0,0,0.0,0,0.0,0,0.0,0,0.0,0,0.0,0,1,0,0,0,0,0,0,0,0,6,3.0,0,0,0.4,0.2,0.16666666666666666,0.8333333333333334,0.26,0.6166666666666667
5,3,1.0,3,0,0,0,0.6,0.0,0.0,0.0,1,0,0,0,0,0,0,0,0,0,0,0,0,0,0,0,0,3,3,3,2,0.6666666666666666,0,0.0,0,0.0,0,0.0,0,0.0,0,0.0,0,0.0,0,1,0,0,0,0,0,0,0,0,3,1.0,0,0,0.0,0.5,0.3333333333333333,0.6666666666666667,0.25,0.6833333333333333
5,2,2.0,4,0,0,0,0.8,0.0,0.0,0.0,1,0,0,0,0,0,0,0,0,0,0,0,0,0,0,0,0,2,2,2,2,1.0,0,0.0,0,0.0,0,0.0,0,0.0,0,0.0,0,0.0,0,1,0,0,0,0,0,0,0,0,4,2.0,0,0,0.3333333333333333,0.0,0.25,0.75,0.23333333333333334,0.675
6,2,2.5,5,0,0,0,0.8333333333333334,0.0,0.0,0.0,1,0,0,0,0,0,0,0,0,0,0,0,0,0,0,0,0,3,3,2,2,0.6666666666666666,0,0.0,0,0.0,0,0.0,0,0.0,1,0.3333333333333333,0,0.0,0,1,0,0,0,0,0,0,0,0,5,2.5,0,0,0.0,0.0,0.4,0.6,0.08333333333333333,0.55
5,2,2.0,4,0,0,0,0.8,0.0,0.0,0.0,1,0,0,0,0,0,0,0,0,0,0,0,0,0,0,0,0,2,2,1,2,1.0,0,0.0,0,0.0,0,0.0,0,0.0,0,0.0,0,0.0,0,1,0,0,0,0,0,0,0,0,4,2.0,0,0,0.3333333333333333,0.3333333333333333,0.75,0.25,0.3,0.425
5,2,2.0,4,0,0,0,0.8,0.0,0.0,0.0,1,0,0,0,0,0,0,0,0,0,0,0,0,0,0,0,0,3,3,3,0,0.0,1,0.3333333333333333,0,0.0,1,0.3333333333333333,0,0.0,0,0.0,1,0.3333333333333333,0,1,0,0,0,0,0,0,0,0,4,2.0,0,0,0.0,0.0,0.5,0.5,0.13333333333333333,0.55
5,2,2.0,4,0,0,0,0.8,0.0,0.0,0.0,1,0,0,0,0,0,0,0,0,0,0,0,0,0,0,0,0,4,4,4,1,0.25,0,0.0,0,0.0,0,0.0,1,0.25,0,0.0,1,0.25,0,1,0,0,0,0,0,0,0,0,4,2.0,0,0,0.0,0.3333333333333333,0.25,0.75,0.15000000000000002,0.675
9,2,4.0,8,0,0,0,0.8888888888888888,0.0,0.0,0.0,1,0,0,0,0,0,0,0,0,0,0,0,0,0,1,5,1,6,2,2,1,0.16666666666666666,0,0.0,0,0.0,5,0.8333333333333334,0,0.0,0,0.0,0,0.0,0,1,0,0,0,0,0,0,0,0,8,4.0,1,5,0.5714285714285714,0.7142857142857143,0.875,0.125,0.6642857142857144,0.16249999999999998
4,1,4.0,4,0,0,0,1.0,0.0,0.0,0.0,1,0,0,0,0,0,0,0,0,0,0,0,0,0,0,0,0,4,3,2,0,0.0,2,0.5,0,0.0,0,0.0,0,0.0,0,0.0,2,0.5,1,0,0,1,0,0,0,0,0,0,4,4.0,0,0,0.0,1.0,0.5,0.5,0.33333333333333337,0.55
3,1,3.0,3,0,0,0,1.0,0.0,0.0,0.0,1,0,0,0,0,0,0,0,0,0,0,0,0,0,0,0,0,1,1,1,1,1.0,0,0.0,0,0.0,0,0.0,0,0.0,0,0.0,0,0.0,1,0,0,0,0,0,0,0,0,0,3,3.0,0,0,0.0,0.0,0.3333333333333333,0.6666666666666667,0.15000000000000002,0.6833333333333333
15,4,3.0,12,0,0,0,0.8,0.0,0.0,0.0,1,0,0,0,0,0,0,0,0,0,0,0,0,0,1,2,1,8,8,6,0,0.0,2,0.25,0,0.0,1,0.125,0,0.0,0,0.0,3,0.375,0,1,0,0,0,0,0,0,0,0,12,3.0,1,2,0.2727272727272727,0.2727272727272727,0.5833333333333334,0.41666666666666663,0.49494228012632685,0.20833333333333331
6,2,2.5,5,0,0,0,0.8333333333333334,0.0,0.0,0.0,1,0,0,0,0,0,0,0,0,0,0,0,0,0,0,0,0,4,4,4,1,0.25,0,0.0,0,0.0,0,0.0,0,0.0,0,0.0,1,0.25,0,1,0,0,0,1,0,0,0,0,5,2.5,0,0,0.25,0.5,0.8,0.19999999999999996,0.2583333333333333,0.35
3,1,3.0,3,0,0,0,1.0,0.0,0.0,0.0,1,0,0,0,0,0,0,0,0,0,0,0,0,0,0,0,0,2,2,2,2,1.0,0,0.0,0,0.0,0,0.0,0,0.0,0,0.0,0,0.0,1,0,0,0,0,0,0,0,0,0,3,3.0,0,0,0.0,0.0,0.0,1.0,0.15000000000000002,0.85
7,1,7.0,7,0,0,0,1.0,0.0,0.0,0.0,1,0,0,0,0,0,0,0,0,0,0,0,0,0,0,0,0,3,3,3,0,0.0,0,0.0,0,0.0,0,0.0,0,0.0,0,0.0,2,0.6666666666666666,1,0,0,0,0,0,0,0,0,0,7,7.0,0,0,0.0,0.0,0.14285714285714285,0.8571428571428572,0.1,0.5785714285714286
10,2,4.5,9,0,0,0,0.9,0.0,0.0,0.0,1,0,0,0,0,0,0,0,0,0,0,0,0,0,0,0,0,2,2,2,2,1.0,0,0.0,0,0.0,0,0.0,0,0.0,0,0.0,0,0.0,0,1,0,0,0,0,0,0,0,0,9,4.5,0,0,0.0,0.0,0.3333333333333333,0.6666666666666667,0.06666666666666667,0.38333333333333336
2,1,2.0,2,0,0,0,1.0,0.0,0.0,0.0,1,0,0,0,0,0,0,0,0,0,0,0,0,0,0,0,0,1,1,1,1,1.0,0,0.0,0,0.0,0,0.0,0,0.0,0,0.0,0,0.0,1,0,0,0,0,0,0,0,0,0,2,2.0,0,0,0.0,0.0,0.5,0.5,0.16666666666666669,0.65
11,3,3.0,9,0,0,0,0.8181818181818182,0.0,0.0,0.0,1,0,0,0,0,0,0,0,0,0,0,0,0,0,0,0,0,6,6,4,4,0.6666666666666666,1,0.16666666666666666,0,0.0,0,0.0,0,0.0,0,0.0,1,0.16666666666666666,0,1,0,0,0,0,0,0,0,0,9,3.0,0,0,0.25,0.125,0.2222222222222222,0.7777777777777778,0.1550510257216822,0.4388888888888889
13,5,1.8,7,0,2,0,0.5384615384615384,0.0,0.15384615384615385,0.0,1,0,1,0,0,0,0,0,0,0,0,0,0,0,1,2,1,8,8,7,2,0.25,0,0.0,1,0.125,0,0.0,1,0.125,2,0.25,1,0.125,0,1,0,0,0,0,0,0,0,0,7,1.4,0,0,0.3333333333333333,0.16666666666666666,0.5714285714285714,0.4285714285714286,0.20476190476190476,0.3642857142857143
3,1,3.0,3,0,0,0,1.0,0.0,0.0,0.0,1,0,0,0,0,0,0,0,0,0,0,0,0,0,0,0,0,2,2,1,2,1.0,0,0.0,0,0.0,0,0.0,0,0.0,0,0.0,0,0.0,1,0,0,0,0,0,0,0,0,0,3,3.0,0,0,0.0,0.0,0.6666666666666666,0.33333333333333337,0.15000000000000002,0.5166666666666666
6,2,2.5,5,0,0,0,0.8333333333333334,0.0,0.0,0.0,1,0,0,0,0,0,0,0,0,0,0,0,0,0,0,0,0,3,3,2,2,0.6666666666666666,0,0.0,0,0.0,0,0.0,0,0.0,1,0.3333333333333333,0,0.0,0,1,0,0,0,0,0,0,0,0,5,2.5,0,0,0.0,0.25,0.2,0.8,0.13333333333333333,0.65
6,2,2.5,5,0,0,0,0.8333333333333334,0.0,0.0,0.0,1,0,0,0,0,0,0,0,0,0,0,0,0,0,0,0,0,2,2,1,2,1.0,0,0.0,0,0.0,0,0.0,0,0.0,0,0.0,0,0.0,0,1,0,0,0,0,0,0,0,0,5,2.5,0,0,0.0,0.25,0.2,0.8,0.10666666666666667,0.65
5,1,5.0,5,0,0,0,1.0,0.0,0.0,0.0,1,0,0,0,0,0,0,0,0,0,0,0,0,0,0,0,0,1,1,1,1,1.0,0,0.0,0,0.0,0,0.0,0,0.0,0,0.0,0,0.0,1,0,0,0,0,0,0,0,0,0,5,5.0,0,0,0.0,0.0,0.6,0.4,0.11666666666666667,0.45
3,1,3.0,3,0,0,0,1.0,0.0,0.0,0.0,1,0,0,0,0,0,0,0,0,0,0,0,0,0,0,0,0,1,1,1,1,1.0,0,0.0,0,0.0,0,0.0,0,0.0,0,0.0,0,0.0,1,0,0,0,0,0,0,0,0,0,3,3.0,0,0,0.0,0.0,0.6666666666666666,0.33333333333333337,0.15000000000000002,0.5166666666666666
9,3,2.3333333333333335,7,0,0,0,0.7777777777777778,0.0,0.0,0.0,1,0,0,0,0,0,0,0,0,0,0,0,0,0,0,0,0,6,6,4,4,0.6666666666666666,0,0.0,0,0.0,0,0.0,0,0.0,1,0.16666666666666666,0,0.0,0,1,0,0,0,0,0,0,0,0,7,2.3333333333333335,0,0,0.16666666666666666,0.16666666666666666,0.5714285714285714,0.4285714285714286,0.13480519590947632,0.3642857142857143
4,1,4.0,2,0,2,0,0.5,0.0,0.5,0.0,1,0,1,0,0,0,0,0,0,0,0,0,0,0,1,2,1,2,2,2,1,0.5,0,0.0,0,0.0,0,0.0,0,0.0,0,0.0,0,0.0,1,0,0,0,0,0,0,0,0,0,2,2.0,0,0,0.0,0.0,1.0,0.0,0.16666666666666669,0.4
3,1,3.0,3,0,0,0,1.0,0.0,0.0,0.0,1,0,0,0,0,0,0,0,0,0,0,0,0,0,0,0,0,2,2,1,2,1.0,0,0.0,0,0.0,0,0.0,0,0.0,0,0.0,0,0.0,1,0,0,0,0,0,0,0,0,0,3,3.0,0,0,0.0,0.5,0.3333333333333333,0.6666666666666667,0.25,0.6833333333333333
4,1,4.0,2,0,2,0,0.5,0.0,0.5,0.0,1,0,1,0,0,0,0,0,0,0,0,0,0,0,1,2,1,3,3,2,2,0.6666666666666666,0,0.0,0,0.0,0,0.0,0,0.0,0,0.0,0,0.0,1,0,0,0,0,0,0,0,0,0,2,2.0,0,0,0.0,0.0,1.0,0.0,0.16666666666666669,0.4
3,1,3.0,3,0,0,0,1.0,0.0,0.0,0.0,1,0,0,0,0,0,0,0,0,0,0,0,0,0,0,0,0,1,1,1,1,1.0,0,0.0,0,0.0,0,0.0,0,0.0,0,0.0,0,0.0,1,0,0,0,0,0,0,0,0,0,3,3.0,0,0,0.0,0.5,0.6666666666666666,0.33333333333333337,0.25,0.5166666666666666
3,1,3.0,3,0,0,0,1.0,0.0,0.0,0.0,1,0,0,0,0,0,0,0,0,0,0,0,0,0,0,0,0,1,1,1,1,1.0,0,0.0,0,0.0,0,0.0,0,0.0,0,0.0,0,0.0,1,0,0,0,0,0,0,0,0,0,3,3.0,0,0,0.0,0.0,0.3333333333333333,0.6666666666666667,0.15000000000000002,0.6833333333333333
14,4,2.75,9,0,2,0,0.6428571428571429,0.0,0.14285714285714285,0.0,1,0,1,0,0,0,0,0,0,0,0,0,0,0,1,2,1,8,7,8,2,0.25,0,0.0,0,0.0,1,0.125,0,0.0,1,0.125,2,0.25,0,1,0,0,0,0,0,0,0,0,9,2.25,0,0,0.125,0.0,0.3333333333333333,0.6666666666666667,0.07783852174946561,0.38333333333333336
8,3,2.0,2,2,2,0,0.25,0.25,0.25,0.0,1,1,1,1,0,0,0,0,0,0,0,0,0,0,1,2,1,3,3,3,1,0.3333333333333333,0,0.0,0,0.0,0,0.0,0,0.0,0,0.0,0,0.0,0,1,0,0,0,0,0,0,0,0,2,0.6666666666666666,0,0,0.0,0.0,1.0,0.0,0.16666666666666669,0.4
10,3,2.6666666666666665,6,0,2,0,0.6,0.0,0.2,0.0,1,0,1,0,0,0,0,0,0,0,0,0,0,0,1,2,1,5,5,5,0,0.0,0,0.0,0,0.0,1,0.2,0,0.0,1,0.2,1,0.2,0,1,0,0,0,0,0,0,0,0,6,2.0,0,0,0.0,0.0,0.16666666666666666,0.8333333333333334,0.06796227589829593,0.6166666666666667
3,1,3.0,1,0,2,0,0.3333333333333333,0.0,0.6666666666666666,0.0,1,0,1,0,0,0,0,0,0,0,0,0,0,0,1,2,1,2,2,2,1,0.5,0,0.0,0,0.0,0,0.0,0,0.0,0,0.0,0,0.0,1,0,0,0,0,0,0,0,0,0,1,1.0,0,0,0.0,0.0,1.0,0.0,0.18333333333333335,0.45
6,2,2.5,4,1,0,0,0.6666666666666666,0.16666666666666666,0.0,0.0,1,1,0,1,0,0,0,0,0,0,0,0,0,0,0,0,0,6,6,6,0,0.0,0,0.0,0,0.0,0,0.0,0,0.0,0,0.0,2,0.3333333333333333,0,1,0,0,0,1,0,0,0,0,4,2.0,0,0,0.0,0.0,0.25,0.75,0.1,0.675
14,4,2.75,11,0,0,0,0.7857142857142857,0.0,0.0,0.0,1,0,0,0,0,0,0,0,0,0,0,0,0,0,0,0,0,9,9,7,3,0.3333333333333333,1,0.1111111111111111,0,0.0,0,0.0,0,0.0,3,0.3333333333333333,2,0.2222222222222222,0,1,0,0,0,0,0,0,0,0,11,2.75,0,0,0.2,0.1,0.36363636363636365,0.6363636363636364,0.1497830520748038,0.3181818181818182
9,3,2.3333333333333335,7,0,0,0,0.7777777777777778,0.0,0.0,0.0,1,0,0,0,0,0,0,0,0,0,0,0,0,0,0,0,0,7,7,7,1,0.14285714285714285,1,0.14285714285714285,1,0.14285714285714285,0,0.0,0,0.0,1,0.14285714285714285,3,0.42857142857142855,0,1,0,0,0,0,0,0,0,0,7,2.3333333333333335,0,0,0.16666666666666666,0.0,0.5714285714285714,0.4285714285714286,0.11796227589829592,0.3642857142857143
8,2,3.5,7,0,0,0,0.875,0.0,0.0,0.0,1,0,0,0,0,0,0,0,0,0,0,0,0,0,0,0,0,4,4,4,1,0.25,1,0.25,0,0.0,0,0.0,0,0.0,1,0.25,1,0.25,0,1,0,0,0,0,0,0,0,0,7,3.5,0,0,0.16666666666666666,0.0,0.14285714285714285,0.8571428571428572,0.11666666666666667,0.5785714285714286
14,4,2.75,11,0,0,0,0.7857142857142857,0.0,0.0,0.0,1,0,0,0,0,0,0,0,0,0,0,0,0,0,0,0,0,7,7,7,1,0.14285714285714285,1,0.14285714285714285,0,0.0,1,0.14285714285714285,0,0.0,1,0.14285714285714285,2,0.2857142857142857,0,1,0,0,0,0,0,0,1,0,11,2.75,0,0,0.1,0.1,0.36363636363636365,0.6363636363636364,0.10467001677156801,0.3181818181818182
4,1,4.0,4,0,0,0,1.0,0.0,0.0,0.0,1,0,0,0,0,0,0,0,0,0,0,0,0,0,0,0,0,2,2,1,2,1.0,0,0.0,0,0.0,0,0.0,0,0.0,0,0.0,0,0.0,1,0,0,0,0,0,0,0,0,0,4,4.0,0,0,0.0,0.0,0.75,0.25,0.13333333333333333,0.425
12,2,5.5,9,0,2,0,0.75,0.0,0.16666666666666666,0.0,1,0,1,0,0,0,0,0,0,0,0,0,0,0,1,2,1,8,8,8,1,0.125,2,0.25,0,0.0,0,0.0,0,0.0,1,0.125,3,0.375,0,1,0,0,0,0,0,0,0,0,9,4.5,0,0,0.0,0.25,0.4444444444444444,0.5555555555555556,0.11666666666666667,0.3277777777777778
2,1,2.0,2,0,0,0,1.0,0.0,0.0,0.0,1,0,0,0,0,0,0,0,0,0,0,0,0,0,0,0,0,1,1,1,1,1.0,0,0.0,0,0.0,0,0.0,0,0.0,0,0.0,0,0.0,1,0,0,0,0,0,0,0,0,0,2,2.0,0,0,0.0,0.0,0.5,0.5,0.16666666666666669,0.65
9,3,2.3333333333333335,7,0,0,0,0.7777777777777778,0.0,0.0,0.0,1,0,0,0,0,0,0,0,0,0,0,0,0,0,0,0,0,5,5,4,2,0.4,1,0.2,0,0.0,0,0.0,0,0.0,1,0.2,1,0.2,0,1,0,0,0,0,0,0,0,0,7,2.3333333333333335,0,0,0.16666666666666666,0.16666666666666666,0.42857142857142855,0.5714285714285714,0.15129560923162927,0.4357142857142857
10,2,4.5,8,0,0,1,0.8,0.0,0.0,0.1,1,0,0,0,0,0,0,0,0,0,0,0,0,0,0,0,0,5,5,5,1,0.2,1,0.2,0,0.0,0,0.0,0,0.0,0,0.0,2,0.4,0,1,0,0,0,0,0,0,0,0,8,4.0,0,0,0.0,0.0,0.25,0.75,0.02857142857142857,0.475
14,4,2.75,10,0,0,1,0.7142857142857143,0.0,0.0,0.07142857142857142,1,0,0,0,1,0,0,0,0,0,0,0,0,0,0,0,0,9,9,6,4,0.4444444444444444,0,0.0,0,0.0,0,0.0,0,0.0,2,0.2222222222222222,1,0.1111111111111111,0,1,0,1,0,0,0,0,0,0,10,2.5,0,0,0.1111111111111111,0.1111111111111111,0.5,0.5,0.11022557232712357,0.25
3,1,3.0,3,0,0,0,1.0,0.0,0.0,0.0,1,0,0,0,0,0,0,0,0,0,0,0,0,0,0,0,0,2,2,2,2,1.0,0,0.0,0,0.0,0,0.0,0,0.0,0,0.0,0,0.0,1,0,0,0,0,0,0,0,0,0,3,3.0,0,0,0.0,0.5,0.6666666666666666,0.33333333333333337,0.25,0.5166666666666666
6,2,2.5,5,0,0,0,0.8333333333333334,0.0,0.0,0.0,1,0,0,0,0,0,0,0,0,0,0,0,0,0,0,0,0,2,2,1,2,1.0,0,0.0,0,0.0,0,0.0,0,0.0,0,0.0,0,0.0,0,1,0,0,0,0,0,0,0,0,5,2.5,0,0,0.0,0.0,0.2,0.8,0.08333333333333333,0.65
10,3,2.6666666666666665,6,0,2,0,0.6,0.0,0.2,0.0,1,0,1,0,0,0,0,0,0,0,0,0,0,0,1,2,1,5,5,4,2,0.4,0,0.0,0,0.0,0,0.0,0,0.0,1,0.2,0,0.0,0,1,0,0,0,1,0,0,0,0,6,2.0,0,0,0.4,0.0,0.5,0.5,0.16449944320643647,0.45
7,2,3.0,6,0,0,0,0.8571428571428571,0.0,0.0,0.0,1,0,0,0,0,0,0,0,0,0,0,0,0,0,0,0,0,2,2,1,2,1.0,0,0.0,0,0.0,0,0.0,0,0.0,0,0.0,0,0.0,0,1,0,0,0,0,0,0,0,0,6,3.0,0,0,0.0,0.2,0.16666666666666666,0.8333333333333334,0.14,0.6166666666666667
13,4,2.5,8,0,2,0,0.6153846153846154,0.0,0.15384615384615385,0.0,1,0,1,0,0,0,0,0,0,0,0,0,0,0,1,2,1,6,6,6,0,0.0,1,0.16666666666666666,0,0.0,2,0.3333333333333333,0,0.0,1,0.16666666666666666,1,0.16666666666666666,0,1,0,0,0,0,0,0,0,0,8,2.0,0,0,0.0,0.0,0.625,0.375,0.06666666666666667,0.2875
7,2,3.0,5,0,0,1,0.7142857142857143,0.0,0.0,0.14285714285714285,1,0,0,0,0,0,0,0,0,0,0,0,0,0,0,0,0,4,4,4,2,0.5,0,0.0,0,0.0,0,0.0,0,0.0,1,0.25,0,0.0,0,1,0,0,0,0,0,0,0,0,5,2.5,0,0,0.0,0.0,0.4,0.6,0.11666666666666667,0.55
5,2,2.0,2,0,2,0,0.4,0.0,0.4,0.0,1,0,1,0,0,0,0,0,0,0,0,0,0,0,1,2,1,3,3,3,1,0.3333333333333333,0,0.0,0,0.0,0,0.0,0,0.0,1,0.3333333333333333,0,0.0,0,1,0,0,0,0,0,0,0,0,2,1.0,0,0,0.0,0.0,0.0,1.0,0.16666666666666669,0.9
3,1,3.0,3,0,0,0,1.0,0.0,0.0,0.0,1,0,0,0,0,0,0,0,0,0,0,0,0,0,0,0,0,1,1,1,1,1.0,0,0.0,0,0.0,0,0.0,0,0.0,0,0.0,0,0.0,1,0,0,0,0,0,0,0,0,0,3,3.0,0,0,0.5,0.0,0.3333333333333333,0.6666666666666667,0.30000000000000004,0.6833333333333333
5,1,5.0,4,0,0,1,0.8,0.0,0.0,0.2,1,0,0,0,1,0,0,0,0,0,0,0,0,0,0,0,0,4,4,4,1,0.25,0,0.0,0,0.0,0,0.0,0,0.0,0,0.0,1,0.25,1,0,0,1,0,0,0,0,0,0,4,4.0,0,0,0.0,0.3333333333333333,0.25,0.75,0.2,0.675
15,3,4.333333333333333,13,0,0,0,0.8666666666666667,0.0,0.0,0.0,1,0,0,0,0,0,0,0,0,0,0,0,0,0,0,0,0,8,8,7,3,0.375,2,0.25,0,0.0,0,0.0,0,0.0,1,0.125,2,0.25,0,1,0,0,0,0,0,0,0,0,13,4.333333333333333,0,0,0.0,0.08333333333333333,0.0,1.0,0.06813852924280964,0.5
7,1,7.0,6,0,0,1,0.8571428571428571,0.0,0.0,0.14285714285714285,1,0,0,0,1,0,0,0,0,0,0,0,0,0,0,0,0,6,6,5,1,0.16666666666666666,0,0.0,0,0.0,0,0.0,0,0.0,0,0.0,3,0.5,1,0,0,1,0,0,0,0,0,0,6,6.0,0,0,0.4,0.2,0.3333333333333333,0.6666666666666667,0.26,0.5333333333333334
16,5,2.4,12,0,0,0,0.75,0.0,0.0,0.0,1,0,0,0,0,0,0,0,0,0,0,0,0,0,0,0,0,8,8,5,4,0.5,1,0.125,0,0.0,0,0.0,0,0.0,2,0.25,1,0.125,0,1,0,0,0,0,0,0,0,0,12,2.4,0,0,0.09090909090909091,0.18181818181818182,0.5,0.5,0.1307550546157537,0.25
15,4,3.0,12,0,0,0,0.8,0.0,0.0,0.0,1,0,0,0,0,0,0,0,0,0,0,0,0,0,0,0,0,4,1,1,4,1.0,0,0.0,0,0.0,0,0.0,0,0.0,0,0.0,0,0.0,0,1,0,0,0,0,0,0,0,0,12,3.0,0,0,0.0,0.36363636363636365,0.0,1.0,0.17272727272727273,0.5
11,4,2.0,8,0,0,0,0.7272727272727273,0.0,0.0,0.0,1,0,0,0,0,0,0,0,0,0,0,0,0,0,0,0,0,7,7,5,3,0.42857142857142855,1,0.14285714285714285,0,0.0,0,0.0,0,0.0,2,0.2857142857142857,1,0.14285714285714285,0,1,0,0,0,0,0,0,0,0,8,2.0,0,0,0.14285714285714285,0.14285714285714285,0.5,0.5,0.17142857142857143,0.35
8,2,3.5,7,0,0,0,0.875,0.0,0.0,0.0,1,0,0,0,0,0,0,0,0,0,0,0,0,0,0,0,0,3,3,3,2,0.6666666666666666,0,0.0,0,0.0,0,0.0,0,0.0,1,0.3333333333333333,0,0.0,0,1,0,1,0,0,0,0,0,0,7,3.5,0,0,0.0,0.6666666666666666,0.0,1.0,0.1619047619047619,0.65
11,3,3.0,9,0,0,0,0.8181818181818182,0.0,0.0,0.0,1,0,0,0,0,0,0,0,0,0,0,0,0,0,0,0,0,7,7,5,3,0.42857142857142855,1,0.14285714285714285,0,0.0,0,0.0,0,0.0,0,0.0,2,0.2857142857142857,0,1,0,0,0,0,0,0,0,0,9,3.0,0,0,0.375,0.0,0.3333333333333333,0.6666666666666667,0.2125,0.38333333333333336
3,1,3.0,3,0,0,0,1.0,0.0,0.0,0.0,1,0,0,0,0,0,0,0,0,0,0,0,0,0,0,0,0,1,1,1,1,1.0,0,0.0,0,0.0,0,0.0,0,0.0,0,0.0,0,0.0,1,0,0,0,0,0,0,0,0,0,3,3.0,0,0,0.0,0.0,0.3333333333333333,0.6666666666666667,0.15000000000000002,0.6833333333333333
13,4,2.5,10,0,0,0,0.7692307692307693,0.0,0.0,0.0,1,0,0,0,0,0,0,0,0,0,0,0,0,0,0,0,0,8,8,8,2,0.25,1,0.125,0,0.0,0,0.0,0,0.0,2,0.25,2,0.25,0,1,0,0,0,0,0,0,0,0,10,2.5,0,0,0.1111111111111111,0.0,0.3,0.7,0.1,0.35
4,1,4.0,4,0,0,0,1.0,0.0,0.0,0.0,1,0,0,0,0,0,0,0,0,0,0,0,0,0,0,0,0,1,1,1,1,1.0,0,0.0,0,0.0,0,0.0,0,0.0,0,0.0,0,0.0,1,0,0,0,0,0,0,0,0,0,4,4.0,0,0,0.0,0.3333333333333333,0.0,1.0,0.2,0.8
4,1,4.0,4,0,0,0,1.0,0.0,0.0,0.0,1,0,0,0,0,0,0,0,0,0,0,0,0,0,0,0,0,1,1,1,1,1.0,0,0.0,0,0.0,0,0.0,0,0.0,0,0.0,0,0.0,1,0,0,0,0,0,0,0,0,0,4,4.0,0,0,0.0,0.0,0.25,0.75,0.13333333333333333,0.675
10,2,4.5,8,0,0,1,0.8,0.0,0.0,0.1,1,0,0,0,1,0,0,0,0,0,0,0,0,0,0,0,0,7,7,6,1,0.14285714285714285,1,0.14285714285714285,0,0.0,0,0.0,0,0.0,1,0.14285714285714285,3,0.42857142857142855,0,1,0,1,0,0,0,0,0,0,8,4.0,0,0,0.0,0.0,0.25,0.75,0.04000000000000001,0.475
3,1,3.0,3,0,0,0,1.0,0.0,0.0,0.0,1,0,0,0,0,0,0,0,0,0,0,0,0,0,0,0,0,2,2,1,2,1.0,0,0.0,0,0.0,0,0.0,0,0.0,0,0.0,0,0.0,1,0,0,0,0,0,0,0,0,0,3,3.0,0,0,0.0,0.0,0.6666666666666666,0.33333333333333337,0.15000000000000002,0.5166666666666666
5,2,2.0,2,0,2,0,0.4,0.0,0.4,0.0,1,0,1,0,0,0,0,0,0,0,0,0,0,0,1,2,1,3,3,3,0,0.0,1,0.3333333333333333,0,0.0,0,0.0,0,0.0,1,0.3333333333333333,0,0.0,0,1,0,0,0,0,0,0,0,0,2,1.0,0,0,0.0,0.0,0.0,1.0,0.11666666666666667,0.9
6,2,2.5,3,0,2,0,0.5,0.0,0.3333333333333333,0.0,1,0,1,0,0,0,0,0,0,0,0,0,0,0,1,2,1,4,4,4,0,0.0,1,0.25,0,0.0,0,0.0,0,0.0,0,0.0,1,0.25,0,1,0,0,0,0,0,0,0,0,3,1.5,0,0,0.0,0.0,0.0,1.0,0.09000000000000001,0.85
4,1,4.0,4,0,0,0,1.0,0.0,0.0,0.0,1,0,0,0,0,0,0,0,0,0,0,0,0,0,0,0,0,3,3,3,1,0.3333333333333333,0,0.0,0,0.0,1,0.3333333333333333,0,0.0,0,0.0,0,0.0,1,0,0,0,0,0,0,0,1,0,4,4.0,0,0,0.0,0.3333333333333333,0.5,0.5,0.2,0.55
1,1,1.0,1,0,0,0,1.0,0.0,0.0,0.0,1,0,0,0,0,0,0,0,0,0,0,0,0,0,0,0,0,1,1,1,0,0.0,1,1.0,0,0.0,0,0.0,0,0.0,0,0.0,0,0.0,1,0,0,0,0,0,0,0,0,0,1,1.0,0,0,0.0,0.0,1.0,0.0,0.18333333333333335,0.45
3,1,3.0,3,0,0,0,1.0,0.0,0.0,0.0,1,0,0,0,0,0,0,0,0,0,0,0,0,0,0,0,0,1,1,1,1,1.0,0,0.0,0,0.0,0,0.0,0,0.0,0,0.0,0,0.0,1,0,0,0,0,0,0,0,0,0,3,3.0,0,0,0.5,0.0,1.0,0.0,0.30000000000000004,0.35
8,2,3.5,7,0,0,0,0.875,0.0,0.0,0.0,1,0,0,0,0,0,0,0,0,0,0,0,0,0,0,0,0,2,2,1,2,1.0,0,0.0,0,0.0,0,0.0,0,0.0,0,0.0,0,0.0,0,1,0,0,0,0,0,0,0,0,7,3.5,0,0,0.0,0.16666666666666666,0.2857142857142857,0.7142857142857143,0.1,0.5071428571428571
3,1,3.0,3,0,0,0,1.0,0.0,0.0,0.0,1,0,0,0,0,0,0,0,0,0,0,0,0,0,0,0,0,3,3,3,2,0.6666666666666666,0,0.0,0,0.0,0,0.0,0,0.0,0,0.0,0,0.0,1,0,0,0,0,0,0,0,0,0,3,3.0,0,0,0.0,0.0,0.3333333333333333,0.6666666666666667,0.15000000000000002,0.6833333333333333
19,5,3.0,12,0,3,0,0.631578947368421,0.0,0.15789473684210525,0.0,1,0,1,0,0,0,0,0,0,0,0,0,0,0,1,3,1,11,11,8,5,0.45454545454545453,0,0.0,0,0.0,0,0.0,0,0.0,2,0.18181818181818182,2,0.18181818181818182,0,1,0,0,0,0,0,0,0,0,12,2.4,0,0,0.09090909090909091,0.09090909090909091,0.75,0.25,0.08960638946577074,0.125
4,1,4.0,4,0,0,0,1.0,0.0,0.0,0.0,1,0,0,0,0,0,0,0,0,0,0,0,0,0,0,0,0,2,2,2,2,1.0,0,0.0,0,0.0,0,0.0,0,0.0,0,0.0,0,0.0,1,0,0,0,0,0,0,0,0,0,4,4.0,0,0,0.0,0.0,0.5,0.5,0.13333333333333333,0.55
5,2,2.0,4,0,0,0,0.8,0.0,0.0,0.0,1,0,0,0,0,0,0,0,0,0,0,0,0,0,0,0,0,2,2,2,2,1.0,0,0.0,0,0.0,0,0.0,0,0.0,0,0.0,0,0.0,0,1,0,0,0,0,0,0,0,0,4,2.0,0,0,0.0,0.0,0.25,0.75,0.13333333333333333,0.675
7,2,3.0,6,0,0,0,0.8571428571428571,0.0,0.0,0.0,1,0,0,0,0,0,0,0,0,0,0,0,0,0,0,0,0,2,2,1,2,1.0,0,0.0,0,0.0,0,0.0,0,0.0,0,0.0,0,0.0,0,1,0,0,0,0,0,0,0,0,6,3.0,0,0,0.0,0.4,0.0,1.0,0.18000000000000002,0.7
8,1,8.0,8,0,0,0,1.0,0.0,0.0,0.0,1,0,0,0,0,0,0,0,0,0,0,0,0,0,0,0,0,3,3,3,1,0.3333333333333333,0,0.0,0,0.0,0,0.0,0,0.0,0,0.0,1,0.3333333333333333,1,0,0,0,0,0,0,0,0,0,8,8.0,0,0,0.0,0.14285714285714285,0.25,0.75,0.1285714285714286,0.475
2,1,2.0,2,0,0,0,1.0,0.0,0.0,0.0,1,0,0,0,0,0,0,0,0,0,0,0,0,0,0,0,0,3,3,3,0,0.0,1,0.3333333333333333,0,0.0,0,0.0,1,0.3333333333333333,0,0.0,1,0.3333333333333333,1,0,0,1,0,0,0,0,0,0,2,2.0,0,0,0.0,0.0,0.5,0.5,0.16666666666666669,0.65
7,2,3.0,6,0,0,0,0.8571428571428571,0.0,0.0,0.0,1,0,0,0,0,0,0,0,0,0,0,0,0,0,0,0,0,4,4,3,2,0.5,0,0.0,1,0.25,0,0.0,0,0.0,0,0.0,1,0.25,0,1,0,0,0,0,0,0,0,0,6,3.0,0,0,0.0,0.4,0.6666666666666666,0.33333333333333337,0.18000000000000002,0.3666666666666667
3,1,3.0,3,0,0,0,1.0,0.0,0.0,0.0,1,0,0,0,0,0,0,0,0,0,0,0,0,0,0,0,0,1,1,1,1,1.0,0,0.0,0,0.0,0,0.0,0,0.0,0,0.0,0,0.0,1,0,0,0,0,0,0,0,0,0,3,3.0,0,0,0.0,0.5,1.0,0.0,0.25,0.35
9,3,2.3333333333333335,7,0,0,0,0.7777777777777778,0.0,0.0,0.0,1,0,0,0,0,0,0,0,0,0,0,0,0,0,0,0,0,3,3,1,3,1.0,0,0.0,0,0.0,0,0.0,0,0.0,0,0.0,0,0.0,0,1,0,0,0,0,0,0,0,0,7,2.3333333333333335,0,0,0.0,0.0,0.2857142857142857,0.7142857142857143,0.06796227589829593,0.5071428571428571
13,4,2.5,10,0,0,0,0.7692307692307693,0.0,0.0,0.0,1,0,0,0,0,0,0,0,0,0,0,0,0,0,0,0,0,8,8,8,2,0.25,1,0.125,0,0.0,1,0.125,0,0.0,2,0.25,2,0.25,0,1,0,0,0,0,0,0,0,0,10,2.5,0,0,0.1111111111111111,0.0,0.2,0.8,0.08054692883329127,0.4
4,1,4.0,4,0,0,0,1.0,0.0,0.0,0.0,1,0,0,0,0,0,0,0,0,0,0,0,0,0,0,0,0,1,1,1,1,1.0,0,0.0,0,0.0,0,0.0,0,0.0,0,0.0,0,0.0,1,0,0,0,0,0,0,0,0,0,4,4.0,0,0,0.3333333333333333,0.0,0.0,1.0,0.23333333333333334,0.8
6,1,6.0,6,0,0,0,1.0,0.0,0.0,0.0,1,0,0,0,0,0,0,0,0,0,0,0,0,0,0,0,0,1,1,1,1,1.0,0,0.0,0,0.0,0,0.0,0,0.0,0,0.0,0,0.0,1,0,0,0,0,0,0,0,0,0,6,6.0,0,0,0.0,0.0,0.0,1.0,0.1,0.7
4,1,4.0,2,0,2,0,0.5,0.0,0.5,0.0,1,0,1,0,0,0,0,0,0,0,0,0,0,0,1,2,1,2,2,2,1,0.5,0,0.0,0,0.0,0,0.0,0,0.0,0,0.0,0,0.0,1,0,0,0,0,0,0,0,0,0,2,2.0,0,0,0.0,0.0,0.0,1.0,0.16666666666666669,0.9
6,1,6.0,5,0,0,1,0.8333333333333334,0.0,0.0,0.16666666666666666,1,0,0,0,1,0,0,0,0,0,0,0,0,0,0,0,0,5,5,4,2,0.4,0,0.0,0,0.0,0,0.0,0,0.0,0,0.0,1,0.2,1,0,0,1,0,0,0,0,0,0,5,5.0,0,0,0.25,0.0,0.2,0.8,0.19166666666666665,0.65
8,2,3.5,7,0,0,0,0.875,0.0,0.0,0.0,1,0,0,0,0,0,0,0,0,0,0,0,0,0,0,0,0,3,3,3,0,0.0,0,0.0,1,0.3333333333333333,1,0.3333333333333333,0,0.0,0,0.0,1,0.3333333333333333,0,1,0,0,0,0,0,0,0,0,7,3.5,0,0,0.0,0.0,0.42857142857142855,0.5714285714285714,0.06666666666666667,0.4357142857142857
4,1,4.0,4,0,0,0,1.0,0.0,0.0,0.0,1,0,0,0,0,0,0,0,0,0,0,0,0,0,0,0,0,1,1,1,1,1.0,0,0.0,0,0.0,0,0.0,0,0.0,0,0.0,0,0.0,1,0,0,0,0,0,0,0,0,0,4,4.0,0,0,0.0,0.3333333333333333,0.25,0.75,0.2,0.675
3,1,3.0,3,0,0,0,1.0,0.0,0.0,0.0,1,0,0,0,0,0,0,0,0,0,0,0,0,0,0,0,0,3,3,2,0,0.0,2,0.6666666666666666,0,0.0,0,0.0,1,0.3333333333333333,0,0.0,0,0.0,1,0,0,0,0,0,0,0,0,0,3,3.0,0,0,0.0,0.5,0.3333333333333333,0.6666666666666667,0.25,0.6833333333333333
3,1,3.0,3,0,0,0,1.0,0.0,0.0,0.0,1,0,0,0,0,0,0,0,0,0,0,0,0,0,0,0,0,3,3,3,1,0.3333333333333333,0,0.0,0,0.0,0,0.0,0,0.0,0,0.0,1,0.3333333333333333,1,0,0,0,0,1,0,0,0,0,3,3.0,0,0,0.5,0.0,0.3333333333333333,0.6666666666666667,0.30000000000000004,0.6833333333333333
3,1,3.0,3,0,0,0,1.0,0.0,0.0,0.0,1,0,0,0,0,0,0,0,0,0,0,0,0,0,0,0,0,3,3,3,1,0.3333333333333333,1,0.3333333333333333,0,0.0,0,0.0,0,0.0,0,0.0,1,0.3333333333333333,1,0,0,0,0,0,0,0,0,0,3,3.0,0,0,0.0,0.0,0.0,1.0,0.15000000000000002,0.85
3,1,3.0,3,0,0,0,1.0,0.0,0.0,0.0,1,0,0,0,0,0,0,0,0,0,0,0,0,0,0,0,0,3,3,3,1,0.3333333333333333,0,0.0,0,0.0,0,0.0,0,0.0,0,0.0,1,0.3333333333333333,1,0,0,0,0,0,0,0,0,0,3,3.0,0,0,0.0,0.0,1.0,0.0,0.15000000000000002,0.35
6,2,2.5,5,0,0,0,0.8333333333333334,0.0,0.0,0.0,1,0,0,0,0,0,0,0,0,0,0,0,0,0,0,0,0,3,3,3,2,0.6666666666666666,0,0.0,0,0.0,0,0.0,1,0.3333333333333333,0,0.0,0,0.0,0,1,0,0,0,0,0,0,0,0,5,2.5,0,0,0.5,0.25,0.6,0.4,0.2833333333333333,0.45
6,2,2.5,3,0,2,0,0.5,0.0,0.3333333333333333,0.0,1,0,1,0,0,0,0,0,0,0,0,0,0,0,1,2,1,3,3,2,2,0.6666666666666666,0,0.0,0,0.0,0,0.0,0,0.0,0,0.0,0,0.0,0,1,0,0,0,0,0,0,0,0,3,1.5,0,0,0.0,0.0,0.3333333333333333,0.6666666666666667,0.11666666666666667,0.6833333333333333
4,1,4.0,4,0,0,0,1.0,0.0,0.0,0.0,1,0,0,0,0,0,0,0,0,0,0,0,0,0,0,0,0,1,1,1,1,1.0,0,0.0,0,0.0,0,0.0,0,0.0,0,0.0,0,0.0,1,0,0,0,0,0,0,0,0,0,4,4.0,0,0,0.3333333333333333,0.0,0.0,1.0,0.23333333333333334,0.8
4,1,4.0,2,0,2,0,0.5,0.0,0.5,0.0,1,0,1,0,0,0,0,0,0,0,0,0,0,0,1,2,1,4,4,4,1,0.25,0,0.0,0,0.0,0,0.0,0,0.0,0,0.0,1,0.25,1,0,0,0,0,0,0,0,0,0,2,2.0,0,0,0.0,0.0,0.0,1.0,0.16666666666666669,0.9
11,2,5.0,8,0,2,0,0.7272727272727273,0.0,0.18181818181818182,0.0,1,0,1,0,0,0,0,0,0,0,0,0,0,0,1,2,1,7,7,6,0,0.0,2,0.2857142857142857,0,0.0,0,0.0,0,0.0,1,0.14285714285714285,3,0.42857142857142855,0,1,0,0,0,0,0,0,0,0,8,4.0,0,0,0.0,0.14285714285714285,0.5,0.5,0.07857142857142857,0.35
7,2,3.0,6,0,0,0,0.8571428571428571,0.0,0.0,0.0,1,0,0,0,0,0,0,0,0,0,0,0,0,0,0,0,0,4,4,4,1,0.25,0,0.0,1,0.25,0,0.0,0,0.0,1,0.25,1,0.25,0,1,0,0,0,0,0,0,0,0,6,3.0,0,0,0.0,0.0,0.5,0.5,0.1,0.45
10,2,4.5,9,0,0,0,0.9,0.0,0.0,0.0,1,0,0,0,0,0,0,0,0,0,0,0,0,0,0,0,0,5,5,4,2,0.4,0,0.0,0,0.0,0,0.0,0,0.0,1,0.2,1,0.2,0,1,0,0,0,0,0,0,0,0,9,4.5,0,0,0.125,0.0,0.2222222222222222,0.7777777777777778,0.10416666666666666,0.4388888888888889
8,2,3.5,7,0,0,0,0.875,0.0,0.0,0.0,1,0,0,0,0,0,0,0,0,0,0,0,0,0,0,0,0,4,3,3,3,0.75,0,0.0,0,0.0,0,0.0,0,0.0,1,0.25,0,0.0,0,1,0,0,0,0,0,0,0,0,7,3.5,0,0,0.0,0.16666666666666666,0.2857142857142857,0.7142857142857143,0.07333333333333333,0.5071428571428571
3,1,3.0,3,0,0,0,1.0,0.0,0.0,0.0,1,0,0,0,0,0,0,0,0,0,0,0,0,0,0,0,0,1,1,1,1,1.0,0,0.0,0,0.0,0,0.0,0,0.0,0,0.0,0,0.0,1,0,0,0,0,0,0,0,0,0,3,3.0,0,0,0.0,0.5,0.0,1.0,0.25,0.85
8,2,3.5,7,0,0,0,0.875,0.0,0.0,0.0,1,0,0,0,0,0,0,0,0,0,0,0,0,0,0,0,0,3,3,3,2,0.6666666666666666,0,0.0,0,0.0,0,0.0,0,0.0,1,0.3333333333333333,0,0.0,0,1,0,0,0,0,0,0,0,0,7,3.5,0,0,0.0,0.3333333333333333,0.42857142857142855,0.5714285714285714,0.13333333333333333,0.4357142857142857
6,2,2.5,5,0,0,0,0.8333333333333334,0.0,0.0,0.0,1,0,0,0,0,0,0,0,0,0,0,0,0,0,0,0,0,2,2,2,2,1.0,0,0.0,0,0.0,0,0.0,0,0.0,0,0.0,0,0.0,0,1,0,0,0,0,0,0,0,0,5,2.5,0,0,0.0,0.0,0.2,0.8,0.08333333333333333,0.65
24,7,2.5714285714285716,14,0,4,0,0.5833333333333334,0.0,0.16666666666666666,0.0,1,0,1,0,0,0,0,0,0,0,0,0,0,0,1,2,2,15,13,9,4,0.26666666666666666,0,0.0,1,0.06666666666666667,0,0.0,0,0.0,3,0.2,3,0.2,0,0,1,0,0,0,0,0,0,0,14,2.0,0,0,0.0,0.38461538461538464,0.5,0.5,0.13477900477025304,0.25
3,1,3.0,3,0,0,0,1.0,0.0,0.0,0.0,1,0,0,0,0,0,0,0,0,0,0,0,0,0,0,0,0,1,1,1,1,1.0,0,0.0,0,0.0,0,0.0,0,0.0,0,0.0,0,0.0,1,0,0,0,0,0,0,0,0,0,3,3.0,0,0,0.0,0.0,1.0,0.0,0.15000000000000002,0.35
9,2,4.0,8,0,0,0,0.8888888888888888,0.0,0.0,0.0,1,0,0,0,0,0,0,0,0,0,0,0,0,0,0,0,0,3,3,2,1,0.3333333333333333,0,0.0,0,0.0,2,0.6666666666666666,0,0.0,0,0.0,0,0.0,0,1,0,0,0,0,0,0,0,0,8,4.0,1,2,1.0,0.14285714285714285,0.0,1.0,0.6785714285714286,0.6
3,1,3.0,3,0,0,0,1.0,0.0,0.0,0.0,1,0,0,0,0,0,0,0,0,0,0,0,0,0,0,0,0,1,1,1,1,1.0,0,0.0,0,0.0,0,0.0,0,0.0,0,0.0,0,0.0,1,0,0,0,0,0,0,0,0,0,3,3.0,0,0,0.0,0.0,0.3333333333333333,0.6666666666666667,0.15000000000000002,0.6833333333333333
4,1,4.0,4,0,0,0,1.0,0.0,0.0,0.0,1,0,0,0,0,0,0,0,0,0,0,0,0,0,1,2,1,1,1,1,1,1.0,0,0.0,0,0.0,0,0.0,0,0.0,0,0.0,0,0.0,1,0,0,0,0,0,0,0,0,0,4,4.0,1,2,0.3333333333333333,0.3333333333333333,0.25,0.75,0.6,0.675
6,1,6.0,6,0,0,0,1.0,0.0,0.0,0.0,1,0,0,0,0,0,0,0,0,0,0,0,0,0,0,0,0,1,1,1,1,1.0,0,0.0,0,0.0,0,0.0,0,0.0,0,0.0,0,0.0,1,0,0,0,0,0,0,0,0,0,6,6.0,0,0,0.0,0.0,0.0,1.0,0.1,0.7
5,2,2.0,4,0,0,0,0.8,0.0,0.0,0.0,1,0,0,0,0,0,0,0,0,0,0,0,0,0,0,0,0,3,3,2,2,0.6666666666666666,0,0.0,0,0.0,0,0.0,0,0.0,0,0.0,0,0.0,0,1,0,0,0,0,0,0,0,0,4,2.0,0,0,0.0,0.0,1.0,0.0,0.13333333333333333,0.3
10,3,2.6666666666666665,6,0,2,0,0.6,0.0,0.2,0.0,1,0,1,0,0,0,0,0,0,0,0,0,0,0,1,2,1,6,6,6,1,0.16666666666666666,1,0.16666666666666666,0,0.0,0,0.0,0,0.0,1,0.16666666666666666,1,0.16666666666666666,0,1,0,0,0,0,0,0,0,0,6,2.0,0,0,0.0,0.0,0.3333333333333333,0.6666666666666667,0.06796227589829593,0.5333333333333334
5,2,2.0,2,1,0,1,0.4,0.2,0.0,0.2,1,1,0,1,1,0,0,0,0,0,0,0,0,0,0,0,0,5,5,5,1,0.2,0,0.0,0,0.0,0,0.0,0,0.0,0,0.0,1,0.2,0,1,0,1,0,0,0,0,0,0,2,1.0,0,0,0.0,0.0,0.0,1.0,0.11666666666666667,0.9
10,2,4.5,5,0,2,2,0.5,0.0,0.2,0.2,1,0,1,0,0,1,0,0,0,0,0,0,0,0,1,2,2,6,5,4,0,0.0,0,0.0,0,0.0,0,0.0,2,0.3333333333333333,1,0.16666666666666666,0,0.0,0,1,0,0,1,0,0,0,0,0,5,2.5,1,2,0.75,0.75,0.2,0.8,0.7583333333333333,0.65
7,2,3.0,6,0,0,0,0.8571428571428571,0.0,0.0,0.0,1,0,0,0,0,0,0,0,0,0,0,0,0,0,0,0,0,3,3,3,2,0.6666666666666666,0,0.0,0,0.0,0,0.0,1,0.3333333333333333,0,0.0,0,0.0,0,1,0,0,0,0,0,0,0,0,6,3.0,0,0,0.2,0.4,0.0,1.0,0.19,0.7
6,2,2.5,5,0,0,0,0.8333333333333334,0.0,0.0,0.0,1,0,0,0,0,0,0,0,0,0,0,0,0,0,0,0,0,4,4,4,0,0.0,0,0.0,1,0.25,0,0.0,1,0.25,0,0.0,2,0.5,0,1,0,0,0,0,0,0,0,0,5,2.5,0,0,0.5,0.0,0.6,0.4,0.23333333333333334,0.45
5,1,5.0,0,2,2,1,0.0,0.4,0.4,0.2,0,1,1,0,0,0,0,0,0,0,0,0,0,0,1,2,1,3,3,3,0,0.0,0,0.0,0,0.0,0,0.0,0,0.0,0,0.0,0,0.0,1,0,0,0,0,0,0,0,0,0,0,0.0,0,0,0.0,0.0,0.0,1.0,0.1,1.0
4,1,4.0,4,0,0,0,1.0,0.0,0.0,0.0,1,0,0,0,0,0,0,0,0,0,0,0,0,0,0,0,0,2,2,2,1,0.5,0,0.0,0,0.0,0,0.0,0,0.0,0,0.0,0,0.0,1,0,0,0,0,0,0,0,0,0,4,4.0,0,0,0.0,0.0,0.25,0.75,0.13333333333333333,0.675
7,2,3.0,6,0,0,0,0.8571428571428571,0.0,0.0,0.0,1,0,0,0,0,0,0,0,0,0,0,0,0,0,0,0,0,3,3,1,3,1.0,0,0.0,0,0.0,0,0.0,0,0.0,0,0.0,0,0.0,0,1,0,0,0,0,0,0,0,0,6,3.0,0,0,0.0,0.0,0.3333333333333333,0.6666666666666667,0.05,0.5333333333333334
19,5,3.0,15,0,0,0,0.7894736842105263,0.0,0.0,0.0,1,0,0,0,0,0,0,0,0,0,0,0,0,0,0,0,0,12,9,9,2,0.16666666666666666,2,0.16666666666666666,0,0.0,0,0.0,1,0.08333333333333333,1,0.08333333333333333,4,0.3333333333333333,0,1,0,0,0,0,0,0,0,0,15,3.0,0,0,0.21428571428571427,0.2857142857142857,0.4666666666666667,0.5333333333333333,0.1655804154397967,0.26666666666666666
11,4,2.0,8,0,0,0,0.7272727272727273,0.0,0.0,0.0,1,0,0,0,0,0,0,0,0,0,0,0,0,0,1,2,1,5,5,5,2,0.4,1,0.2,0,0.0,0,0.0,0,0.0,0,0.0,1,0.2,0,1,0,0,0,0,0,0,0,0,8,2.0,1,2,0.5714285714285714,0.2857142857142857,0.125,0.875,0.5785714285714286,0.5375
3,1,3.0,3,0,0,0,1.0,0.0,0.0,0.0,1,0,0,0,0,0,0,0,0,0,0,0,0,0,0,0,0,1,1,1,1,1.0,0,0.0,0,0.0,0,0.0,0,0.0,0,0.0,0,0.0,1,0,0,0,0,0,0,0,0,0,3,3.0,0,0,0.5,0.5,0.3333333333333333,0.6666666666666667,0.4,0.6833333333333333
3,1,3.0,3,0,0,0,1.0,0.0,0.0,0.0,1,0,0,0,0,0,0,0,0,0,0,0,0,0,0,0,0,1,1,1,1,1.0,0,0.0,0,0.0,0,0.0,0,0.0,0,0.0,0,0.0,1,0,0,0,0,0,0,0,0,0,3,3.0,0,0,0.0,0.0,1.0,0.0,0.15000000000000002,0.35
8,2,3.5,4,3,0,0,0.5,0.375,0.0,0.0,1,1,0,1,0,0,0,0,0,0,0,0,0,0,0,0,0,5,5,4,1,0.2,0,0.0,0,0.0,0,0.0,0,0.0,0,0.0,1,0.2,0,1,0,0,0,0,0,0,0,0,4,2.0,0,0,0.3333333333333333,0.0,0.25,0.75,0.1619047619047619,0.675
9,3,2.3333333333333335,2,3,2,0,0.2222222222222222,0.3333333333333333,0.2222222222222222,0.0,1,1,1,1,0,0,0,0,0,0,0,0,0,0,1,2,1,4,4,3,0,0.0,0,0.0,0,0.0,0,0.0,0,0.0,0,0.0,1,0.25,0,1,0,0,0,0,0,0,0,0,2,0.6666666666666666,0,0,1.0,0.0,0.0,1.0,0.4111661098731031,0.9
6,2,2.5,5,0,0,0,0.8333333333333334,0.0,0.0,0.0,1,0,0,0,0,0,0,0,0,0,0,0,0,0,1,2,1,4,4,4,1,0.25,0,0.0,0,0.0,0,0.0,0,0.0,0,0.0,1,0.25,0,1,0,0,0,0,0,0,0,0,5,2.5,1,2,0.25,0.25,1.0,0.0,0.5083333333333333,0.25
8,1,8.0,8,0,0,0,1.0,0.0,0.0,0.0,1,0,0,0,0,0,0,0,0,0,0,0,0,0,0,0,0,4,4,2,4,1.0,0,0.0,0,0.0,0,0.0,0,0.0,0,0.0,0,0.0,1,0,0,0,0,0,0,0,1,0,8,8.0,0,0,0.14285714285714285,0.0,0.875,0.125,0.14285714285714285,0.16249999999999998
5,1,5.0,5,0,0,0,1.0,0.0,0.0,0.0,1,0,0,0,0,0,0,0,0,0,0,0,0,0,0,0,0,1,1,1,1,1.0,0,0.0,0,0.0,0,0.0,0,0.0,0,0.0,0,0.0,1,0,0,0,0,0,0,0,0,0,5,5.0,0,0,0.0,0.0,0.2,0.8,0.11666666666666667,0.65
3,1,3.0,3,0,0,0,1.0,0.0,0.0,0.0,1,0,0,0,0,0,0,0,0,0,0,0,0,0,0,0,0,2,2,1,2,1.0,0,0.0,0,0.0,0,0.0,0,0.0,0,0.0,0,0.0,1,0,0,0,0,0,0,0,0,0,3,3.0,0,0,0.0,0.0,1.0,0.0,0.15000000000000002,0.35
4,1,4.0,4,0,0,0,1.0,0.0,0.0,0.0,1,0,0,0,0,0,0,0,0,0,0,0,0,0,0,0,0,2,2,1,2,1.0,0,0.0,0,0.0,0,0.0,0,0.0,0,0.0,0,0.0,1,0,0,0,0,0,0,0,0,0,4,4.0,0,0,0.3333333333333333,0.0,0.5,0.5,0.23333333333333334,0.55
13,4,2.5,8,0,2,0,0.6153846153846154,0.0,0.15384615384615385,0.0,1,0,1,0,0,0,0,0,0,0,0,0,0,0,1,2,1,8,8,8,2,0.25,1,0.125,0,0.0,0,0.0,0,0.0,0,0.0,3,0.375,0,1,0,0,0,0,0,0,0,0,8,2.0,0,0,0.0,0.14285714285714285,0.375,0.625,0.07578502407138651,0.4125
8,2,3.5,5,0,2,0,0.625,0.0,0.25,0.0,1,0,1,0,0,0,0,0,0,0,0,0,0,0,1,2,1,5,5,5,1,0.2,1,0.2,0,0.0,0,0.0,0,0.0,1,0.2,1,0.2,0,1,0,0,0,0,0,0,0,0,5,2.5,0,0,0.0,0.0,0.6,0.4,0.08333333333333333,0.45
9,2,4.0,8,0,0,0,0.8888888888888888,0.0,0.0,0.0,1,0,0,0,0,0,0,0,0,0,0,0,0,0,0,0,0,2,2,1,2,1.0,0,0.0,0,0.0,0,0.0,0,0.0,0,0.0,0,0.0,0,1,0,0,0,0,0,0,0,0,8,4.0,0,0,0.0,0.8571428571428571,0.0,1.0,0.27142857142857146,0.6
3,1,3.0,3,0,0,0,1.0,0.0,0.0,0.0,1,0,0,0,0,0,0,0,0,0,0,0,0,0,0,0,0,1,1,1,1,1.0,0,0.0,0,0.0,0,0.0,0,0.0,0,0.0,0,0.0,1,0,0,0,0,0,0,0,0,0,3,3.0,0,0,0.0,0.0,0.6666666666666666,0.33333333333333337,0.15000000000000002,0.5166666666666666
3,1,3.0,1,0,2,0,0.3333333333333333,0.0,0.6666666666666666,0.0,1,0,1,0,0,0,0,0,0,0,0,0,0,0,1,2,1,2,2,2,1,0.5,0,0.0,0,0.0,0,0.0,0,0.0,0,0.0,0,0.0,1,0,0,0,0,0,0,0,0,0,1,1.0,0,0,0.0,0.0,1.0,0.0,0.18333333333333335,0.45
9,3,2.3333333333333335,6,0,0,1,0.6666666666666666,0.0,0.0,0.1111111111111111,1,0,0,0,1,0,0,0,0,0,0,0,0,0,0,0,0,6,6,6,0,0.0,1,0.16666666666666666,0,0.0,2,0.3333333333333333,1,0.16666666666666666,0,0.0,1,0.16666666666666666,0,1,0,1,0,0,0,0,0,0,6,2.0,0,0,0.0,0.0,0.3333333333333333,0.6666666666666667,0.06796227589829593,0.5333333333333334
8,2,3.5,7,0,0,0,0.875,0.0,0.0,0.0,1,0,0,0,0,0,0,0,0,0,0,0,0,0,0,0,0,6,6,5,3,0.5,0,0.0,0,0.0,0,0.0,0,0.0,1,0.16666666666666666,1,0.16666666666666666,0,1,0,0,0,0,0,0,0,0,7,3.5,0,0,0.0,0.5,0.42857142857142855,0.5714285714285714,0.16666666666666669,0.4357142857142857
5,1,5.0,5,0,0,0,1.0,0.0,0.0,0.0,1,0,0,0,0,0,0,0,0,0,0,0,0,0,0,0,0,2,2,2,1,0.5,0,0.0,0,0.0,0,0.0,0,0.0,1,0.5,0,0.0,1,0,0,0,0,0,0,0,0,0,5,5.0,0,0,0.25,0.0,0.2,0.8,0.19166666666666665,0.65
10,4,1.75,7,0,0,0,0.7,0.0,0.0,0.0,1,0,0,0,0,0,0,0,0,0,0,0,0,0,0,0,0,5,5,4,1,0.2,1,0.2,0,0.0,2,0.4,0,0.0,0,0.0,1,0.2,0,1,0,1,0,0,0,0,0,0,7,1.75,0,0,0.0,0.0,0.2857142857142857,0.7142857142857143,0.06978305207480379,0.5071428571428571
10,3,2.6666666666666665,8,0,0,0,0.8,0.0,0.0,0.0,1,0,0,0,0,0,0,0,0,0,0,0,0,0,0,0,0,6,6,6,2,0.3333333333333333,0,0.0,0,0.0,0,0.0,1,0.16666666666666666,1,0.16666666666666666,1,0.16666666666666666,0,1,0,0,0,0,0,0,0,0,8,2.6666666666666665,0,0,0.2857142857142857,0.0,0.5,0.5,0.1302137289207222,0.35
9,2,4.0,6,0,0,2,0.6666666666666666,0.0,0.0,0.2222222222222222,1,0,0,0,0,1,0,0,0,0,0,0,0,0,0,0,0,6,6,6,1,0.16666666666666666,0,0.0,1,0.16666666666666666,0,0.0,0,0.0,1,0.16666666666666666,1,0.16666666666666666,0,1,0,0,1,0,0,0,0,0,6,3.0,0,0,0.0,0.0,0.5,0.5,0.1,0.45
10,2,4.5,9,0,0,0,0.9,0.0,0.0,0.0,1,0,0,0,0,0,0,0,0,0,0,0,0,0,0,0,0,5,5,5,0,0.0,1,0.2,0,0.0,0,0.0,0,0.0,0,0.0,3,0.6,0,1,0,0,0,0,0,0,0,0,9,4.5,0,0,0.25,0.125,0.5555555555555556,0.4444444444444444,0.14,0.2722222222222222
12,4,2.25,9,0,0,0,0.75,0.0,0.0,0.0,1,0,0,0,0,0,0,0,0,0,0,0,0,0,0,0,0,9,9,6,4,0.4444444444444444,0,0.0,0,0.0,0,0.0,0,0.0,3,0.3333333333333333,1,0.1111111111111111,0,1,0,0,0,0,0,0,0,0,9,2.25,0,0,0.0,0.0,0.3333333333333333,0.6666666666666667,0.047853192472089814,0.38333333333333336
12,3,3.3333333333333335,9,0,0,1,0.75,0.0,0.0,0.08333333333333333,1,0,0,0,1,0,0,0,0,0,0,0,0,0,0,0,0,8,7,7,2,0.25,0,0.0,0,0.0,0,0.0,0,0.0,1,0.125,1,0.125,0,1,0,1,0,0,0,0,0,0,9,3.0,0,0,0.25,0.375,0.2222222222222222,0.7777777777777778,0.187041520828108,0.4388888888888889
5,2,2.0,4,0,0,0,0.8,0.0,0.0,0.0,1,0,0,0,0,0,0,0,0,0,0,0,0,0,0,0,0,4,4,4,1,0.25,1,0.25,0,0.0,0,0.0,0,0.0,1,0.25,1,0.25,0,1,0,0,0,0,0,0,0,0,4,2.0,0,0,0.0,0.3333333333333333,0.0,1.0,0.15000000000000002,0.8
15,4,3.0,6,0,6,0,0.4,0.0,0.4,0.0,1,0,1,0,0,0,0,0,0,0,0,0,0,0,1,2,3,7,5,4,2,0.2857142857142857,1,0.14285714285714285,0,0.0,0,0.0,0,0.0,0,0.0,1,0.14285714285714285,0,1,0,0,0,0,0,0,0,0,6,1.5,0,0,0.0,0.2,0.3333333333333333,0.6666666666666667,0.09000000000000001,0.5333333333333334
5,2,2.0,2,0,2,0,0.4,0.0,0.4,0.0,1,0,1,0,0,0,0,0,0,0,0,0,0,0,1,2,1,2,2,2,1,0.5,0,0.0,0,0.0,0,0.0,0,0.0,0,0.0,0,0.0,0,1,0,0,0,0,0,0,0,0,2,1.0,0,0,0.0,0.0,0.5,0.5,0.16666666666666669,0.65
3,1,3.0,1,0,2,0,0.3333333333333333,0.0,0.6666666666666666,0.0,1,0,1,0,0,0,0,0,0,0,0,0,0,0,1,2,1,2,2,2,1,0.5,0,0.0,0,0.0,0,0.0,0,0.0,0,0.0,0,0.0,1,0,0,0,0,0,0,0,0,0,1,1.0,0,0,0.0,0.0,0.0,1.0,0.18333333333333335,0.95
17,4,3.5,12,0,2,0,0.7058823529411765,0.0,0.11764705882352941,0.0,1,0,1,0,0,0,0,0,0,0,0,0,0,0,1,2,1,10,10,9,0,0.0,2,0.2,0,0.0,1,0.1,0,0.0,1,0.1,3,0.3,0,1,0,0,0,0,0,0,0,0,12,3.0,0,0,0.18181818181818182,0.2727272727272727,0.16666666666666666,0.8333333333333334,0.15630450459086703,0.4166666666666667
16,4,3.25,9,0,4,0,0.5625,0.0,0.25,0.0,1,0,1,0,0,0,0,0,0,0,0,0,0,0,1,2,3,8,6,7,0,0.0,2,0.25,0,0.0,0,0.0,0,0.0,2,0.25,2,0.25,0,1,0,0,0,0,0,0,0,0,9,2.25,1,2,0.25,0.25,0.3333333333333333,0.6666666666666667,0.479670016771568,0.38333333333333336
3,1,3.0,3,0,0,0,1.0,0.0,0.0,0.0,1,0,0,0,0,0,0,0,0,0,0,0,0,0,0,0,0,1,1,1,1,1.0,0,0.0,0,0.0,0,0.0,0,0.0,0,0.0,0,0.0,1,0,0,0,0,0,0,0,0,0,3,3.0,0,0,0.0,0.0,1.0,0.0,0.15000000000000002,0.35
8,3,2.0,6,0,0,0,0.75,0.0,0.0,0.0,1,0,0,0,0,0,0,0,0,0,0,0,0,0,0,0,0,5,5,4,2,0.4,0,0.0,1,0.2,0,0.0,0,0.0,1,0.2,1,0.2,0,1,0,0,0,0,0,0,0,0,6,2.0,0,0,0.0,0.0,0.8333333333333334,0.16666666666666663,0.1,0.2833333333333333
23,6,3.0,18,0,0,0,0.782608695652174,0.0,0.0,0.0,1,0,0,0,0,0,0,0,0,0,0,0,0,0,0,0,0,12,12,10,2,0.16666666666666666,1,0.08333333333333333,1,0.08333333333333333,1,0.08333333333333333,1,0.08333333333333333,1,0.08333333333333333,4,0.3333333333333333,0,0,1,0,0,0,0,0,0,0,18,3.0,0,0,0.17647058823529413,0.23529411764705882,0.5555555555555556,0.4444444444444444,0.14641016151377548,0.2222222222222222
8,2,3.5,7,0,0,0,0.875,0.0,0.0,0.0,1,0,0,0,0,0,0,0,0,0,0,0,0,0,0,0,0,5,5,5,1,0.2,0,0.0,0,0.0,1,0.2,0,0.0,1,0.2,1,0.2,0,1,0,0,0,0,0,0,0,0,7,3.5,0,0,0.16666666666666666,0.16666666666666666,0.2857142857142857,0.7142857142857143,0.15,0.5071428571428571
15,4,3.0,12,0,0,0,0.8,0.0,0.0,0.0,1,0,0,0,0,0,0,0,0,0,0,0,0,0,0,0,0,8,6,3,4,0.5,0,0.0,0,0.0,0,0.0,0,0.0,0,0.0,2,0.25,0,1,0,0,0,0,0,0,0,0,12,3.0,0,0,0.0,0.18181818181818182,0.75,0.25,0.08636363636363636,0.125
15,4,3.0,12,0,0,0,0.8,0.0,0.0,0.0,1,0,0,0,0,0,0,0,0,0,0,0,0,0,0,0,0,9,9,7,4,0.4444444444444444,0,0.0,0,0.0,0,0.0,0,0.0,2,0.2222222222222222,1,0.1111111111111111,0,1,0,0,0,0,0,0,0,0,12,3.0,0,0,0.2727272727272727,0.0,0.4166666666666667,0.5833333333333333,0.12676715609649963,0.29166666666666663
6,2,2.5,5,0,0,0,0.8333333333333334,0.0,0.0,0.0,1,0,0,0,0,0,0,0,0,0,0,0,0,0,0,0,0,5,5,5,3,0.6,0,0.0,0,0.0,0,0.0,0,0.0,0,0.0,1,0.2,0,1,0,0,0,0,0,0,0,0,5,2.5,0,0,0.0,0.25,0.0,1.0,0.10666666666666667,0.75
14,4,2.75,11,0,0,0,0.7857142857142857,0.0,0.0,0.0,1,0,0,0,0,0,0,0,0,0,0,0,0,0,0,0,0,9,8,7,4,0.4444444444444444,0,0.0,0,0.0,0,0.0,0,0.0,2,0.2222222222222222,1,0.1111111111111111,0,1,0,0,0,0,0,0,0,0,11,2.75,0,0,0.1,0.0,0.45454545454545453,0.5454545454545454,0.08467001677156802,0.2727272727272727
3,1,3.0,3,0,0,0,1.0,0.0,0.0,0.0,1,0,0,0,0,0,0,0,0,0,0,0,0,0,0,0,0,1,1,1,1,1.0,0,0.0,0,0.0,0,0.0,0,0.0,0,0.0,0,0.0,1,0,0,0,0,0,0,0,0,0,3,3.0,0,0,0.5,0.5,0.3333333333333333,0.6666666666666667,0.4,0.6833333333333333
8,3,2.0,6,0,0,0,0.75,0.0,0.0,0.0,1,0,0,0,0,0,0,0,0,0,0,0,0,0,0,0,0,5,5,5,2,0.4,1,0.2,0,0.0,0,0.0,0,0.0,1,0.2,1,0.2,0,1,0,0,0,0,0,0,0,0,6,2.0,0,0,0.0,0.0,0.8333333333333334,0.16666666666666663,0.05505102572168219,0.2833333333333333
7,2,3.0,6,0,0,0,0.8571428571428571,0.0,0.0,0.0,1,0,0,0,0,0,0,0,0,0,0,0,0,0,0,0,0,5,5,5,1,0.2,1,0.2,0,0.0,0,0.0,0,0.0,0,0.0,2,0.4,0,1,0,0,0,0,0,0,0,0,6,3.0,0,0,0.2,0.0,0.0,1.0,0.11,0.7
8,1,8.0,8,0,0,0,1.0,0.0,0.0,0.0,1,0,0,0,0,0,0,0,0,0,0,0,0,0,0,0,0,1,1,1,1,1.0,0,0.0,0,0.0,0,0.0,0,0.0,0,0.0,0,0.0,1,0,0,0,0,0,0,0,0,0,8,8.0,0,0,1.0,0.0,0.0,1.0,0.4,0.6
22,6,2.8333333333333335,17,0,0,0,0.7727272727272727,0.0,0.0,0.0,1,0,0,0,0,0,0,0,0,0,0,0,0,0,0,0,0,14,12,8,3,0.21428571428571427,3,0.21428571428571427,0,0.0,0,0.0,0,0.0,1,0.07142857142857142,6,0.42857142857142855,0,0,1,0,0,0,0,0,0,0,17,2.8333333333333335,0,0,0.0625,0.0625,0.29411764705882354,0.7058823529411764,0.07643034903343006,0.3529411764705882
9,2,4.0,8,0,0,0,0.8888888888888888,0.0,0.0,0.0,1,0,0,0,0,0,0,0,0,0,0,0,0,0,0,0,0,6,6,6,2,0.3333333333333333,0,0.0,0,0.0,0,0.0,1,0.16666666666666666,1,0.16666666666666666,1,0.16666666666666666,0,1,0,0,0,0,0,0,0,0,8,4.0,0,0,0.14285714285714285,0.14285714285714285,0.5,0.5,0.12142857142857143,0.35
4,2,1.5,3,0,0,0,0.75,0.0,0.0,0.0,1,0,0,0,0,0,0,0,0,0,0,0,0,0,0,0,0,4,4,4,1,0.25,0,0.0,1,0.25,0,0.0,1,0.25,0,0.0,1,0.25,0,1,0,0,0,0,0,0,0,0,3,1.5,0,0,1.0,0.0,0.3333333333333333,0.6666666666666667,0.41666666666666663,0.6833333333333333
13,4,2.5,10,0,0,0,0.7692307692307693,0.0,0.0,0.0,1,0,0,0,0,0,0,0,0,0,0,0,0,0,0,0,0,10,10,6,2,0.2,3,0.3,0,0.0,0,0.0,0,0.0,1,0.1,4,0.4,0,1,0,0,0,0,0,0,0,0,10,2.5,0,0,0.3333333333333333,0.3333333333333333,0.6,0.4,0.2202565051528912,0.2
3,1,3.0,3,0,0,0,1.0,0.0,0.0,0.0,1,0,0,0,0,0,0,0,0,0,0,0,0,0,0,0,0,3,3,3,2,0.6666666666666666,0,0.0,0,0.0,0,0.0,0,0.0,0,0.0,0,0.0,1,0,0,0,0,0,0,0,0,0,3,3.0,0,0,0.0,0.0,0.3333333333333333,0.6666666666666667,0.15000000000000002,0.6833333333333333
7,3,1.6666666666666667,5,0,0,0,0.7142857142857143,0.0,0.0,0.0,1,0,0,0,0,0,0,0,0,0,0,0,0,0,1,2,1,3,3,3,2,0.6666666666666666,0,0.0,0,0.0,0,0.0,0,0.0,0,0.0,0,0.0,0,1,0,0,0,0,0,0,0,0,5,1.6666666666666667,1,2,0.75,0.5,0.2,0.8,0.6931385292428096,0.65
5,1,5.0,5,0,0,0,1.0,0.0,0.0,0.0,1,0,0,0,0,0,0,0,0,0,0,0,0,0,0,0,0,2,2,2,0,0.0,1,0.5,0,0.0,0,0.0,0,0.0,0,0.0,1,0.5,1,0,0,0,0,0,0,0,0,0,5,5.0,0,0,0.25,0.25,0.4,0.6,0.24166666666666667,0.55
24,7,2.5714285714285716,17,0,0,1,0.7083333333333334,0.0,0.0,0.041666666666666664,1,0,0,0,0,0,0,0,0,0,0,0,0,0,0,0,0,14,13,14,3,0.21428571428571427,2,0.14285714285714285,0,0.0,0,0.0,0,0.0,2,0.14285714285714285,4,0.2857142857142857,0,0,1,0,0,0,0,0,0,0,17,2.4285714285714284,0,0,0.125,0.25,0.5294117647058824,0.47058823529411764,0.14003458619602988,0.23529411764705882
15,5,2.2,10,0,0,1,0.6666666666666666,0.0,0.0,0.06666666666666667,1,0,0,0,0,0,0,0,0,0,0,0,0,0,0,0,0,10,10,10,3,0.3,1,0.1,1,0.1,0,0.0,0,0.0,2,0.2,2,0.2,0,1,0,0,0,0,0,0,0,0,10,2.0,0,0,0.0,0.1111111111111111,0.5,0.5,0.07273247943904414,0.25
7,2,3.0,6,0,0,0,0.8571428571428571,0.0,0.0,0.0,1,0,0,0,0,0,0,0,0,0,0,0,0,0,1,2,1,7,7,5,3,0.42857142857142855,0,0.0,0,0.0,1,0.14285714285714285,0,0.0,0,0.0,1,0.14285714285714285,0,1,0,0,0,0,0,0,0,0,6,3.0,1,2,0.4,0.4,0.6666666666666666,0.33333333333333337,0.6,0.3666666666666667
9,3,2.3333333333333335,7,0,0,0,0.7777777777777778,0.0,0.0,0.0,1,0,0,0,0,0,0,0,0,0,0,0,0,0,0,0,0,6,6,6,0,0.0,1,0.16666666666666666,0,0.0,1,0.16666666666666666,1,0.16666666666666666,1,0.16666666666666666,1,0.16666666666666666,0,1,0,0,0,0,0,0,0,0,7,2.3333333333333335,0,0,0.16666666666666666,0.0,0.42857142857142855,0.5714285714285714,0.11796227589829592,0.4357142857142857
16,4,3.25,9,0,4,0,0.5625,0.0,0.25,0.0,1,0,1,0,0,0,0,0,0,0,0,0,0,0,1,2,2,9,7,7,1,0.1111111111111111,0,0.0,1,0.1111111111111111,0,0.0,0,0.0,2,0.2222222222222222,2,0.2222222222222222,0,1,0,0,0,0,0,0,0,0,9,2.25,0,0,0.0,0.125,0.4444444444444444,0.5555555555555556,0.09478305207480378,0.3277777777777778
5,1,5.0,5,0,0,0,1.0,0.0,0.0,0.0,1,0,0,0,0,0,0,0,0,0,0,0,0,0,0,0,0,2,2,2,2,1.0,0,0.0,0,0.0,0,0.0,0,0.0,0,0.0,0,0.0,1,0,0,0,0,0,0,0,0,0,5,5.0,0,0,0.25,0.5,0.4,0.6,0.29166666666666663,0.55
7,2,3.0,6,0,0,0,0.8571428571428571,0.0,0.0,0.0,1,0,0,0,0,0,0,0,0,0,0,0,0,0,1,2,1,2,2,2,1,0.5,0,0.0,0,0.0,0,0.0,1,0.5,0,0.0,0,0.0,0,1,0,0,0,0,0,0,0,0,6,3.0,1,2,0.2,0.2,0.5,0.5,0.45,0.45
5,1,5.0,5,0,0,0,1.0,0.0,0.0,0.0,1,0,0,0,0,0,0,0,0,0,0,0,0,0,0,0,0,1,1,1,1,1.0,0,0.0,0,0.0,0,0.0,0,0.0,0,0.0,0,0.0,1,0,0,0,0,0,0,0,1,0,5,5.0,0,0,0.0,0.0,0.2,0.8,0.11666666666666667,0.65
10,3,2.6666666666666665,8,0,0,0,0.8,0.0,0.0,0.0,1,0,0,0,0,0,0,0,0,0,0,0,0,0,0,0,0,5,5,5,2,0.4,1,0.2,0,0.0,0,0.0,0,0.0,0,0.0,2,0.4,0,1,0,0,0,0,0,0,0,0,8,2.6666666666666665,0,0,0.14285714285714285,0.14285714285714285,0.125,0.875,0.13939084732686735,0.5375
3,1,3.0,3,0,0,0,1.0,0.0,0.0,0.0,1,0,0,0,0,0,0,0,0,0,0,0,0,0,0,0,0,1,1,1,1,1.0,0,0.0,0,0.0,0,0.0,0,0.0,0,0.0,0,0.0,1,0,0,0,0,0,0,0,0,0,3,3.0,0,0,0.0,0.0,1.0,0.0,0.15000000000000002,0.35
10,3,2.6666666666666665,8,0,0,0,0.8,0.0,0.0,0.0,1,0,0,0,0,0,0,0,0,0,0,0,0,0,0,0,0,5,5,3,3,0.6,0,0.0,0,0.0,0,0.0,0,0.0,2,0.4,0,0.0,0,1,0,0,0,0,0,0,0,0,8,2.6666666666666665,0,0,0.14285714285714285,0.0,0.375,0.625,0.11081941875543877,0.4125
7,2,3.0,6,0,0,0,0.8571428571428571,0.0,0.0,0.0,1,0,0,0,0,0,0,0,0,0,0,0,0,0,0,0,0,6,5,5,3,0.5,0,0.0,0,0.0,0,0.0,0,0.0,1,0.16666666666666666,1,0.16666666666666666,0,1,0,0,0,0,0,0,0,0,6,3.0,0,0,0.0,0.0,0.0,1.0,0.05,0.7
2,1,2.0,2,0,0,0,1.0,0.0,0.0,0.0,1,0,0,0,0,0,0,0,0,0,0,0,0,0,0,0,0,2,2,2,1,0.5,0,0.0,0,0.0,1,0.5,0,0.0,0,0.0,0,0.0,1,0,0,0,0,0,0,0,0,0,2,2.0,0,0,0.0,1.0,1.0,0.0,0.3666666666666667,0.4
18,6,2.1666666666666665,13,0,0,0,0.7222222222222222,0.0,0.0,0.0,1,0,0,0,0,0,0,0,0,0,0,0,0,0,0,0,0,10,10,8,3,0.3,1,0.1,1,0.1,1,0.1,0,0.0,2,0.2,2,0.2,0,0,1,0,0,0,0,0,0,0,13,2.1666666666666665,0,0,0.08333333333333333,0.0,0.46153846153846156,0.5384615384615384,0.08427034866470545,0.2692307692307692
7,2,3.0,6,0,0,0,0.8571428571428571,0.0,0.0,0.0,1,0,0,0,0,0,0,0,0,0,0,0,0,0,0,0,0,3,3,2,2,0.6666666666666666,0,0.0,0,0.0,0,0.0,0,0.0,1,0.3333333333333333,0,0.0,0,1,0,0,0,0,0,0,0,0,6,3.0,0,0,0.0,0.0,0.3333333333333333,0.6666666666666667,0.1,0.5333333333333334
4,1,4.0,4,0,0,0,1.0,0.0,0.0,0.0,1,0,0,0,0,0,0,0,0,0,0,0,0,0,0,0,0,2,2,1,2,1.0,0,0.0,0,0.0,0,0.0,0,0.0,0,0.0,0,0.0,1,0,0,0,0,0,0,0,0,0,4,4.0,0,0,0.3333333333333333,0.0,0.25,0.75,0.23333333333333334,0.675
3,1,3.0,3,0,0,0,1.0,0.0,0.0,0.0,1,0,0,0,0,0,0,0,0,0,0,0,0,0,0,0,0,1,1,1,1,1.0,0,0.0,0,0.0,0,0.0,0,0.0,0,0.0,0,0.0,1,0,0,0,0,0,0,0,0,0,3,3.0,0,0,0.0,0.0,0.3333333333333333,0.6666666666666667,0.15000000000000002,0.6833333333333333
10,3,2.6666666666666665,5,0,2,1,0.5,0.0,0.2,0.1,1,0,1,0,0,0,0,0,0,0,0,0,0,0,1,2,1,5,5,5,0,0.0,0,0.0,0,0.0,1,0.2,1,0.2,0,0.0,1,0.2,0,1,0,0,0,0,0,0,0,0,5,1.6666666666666667,0,0,0.0,0.0,0.2,0.8,0.06116610987310314,0.65
8,2,3.5,7,0,0,0,0.875,0.0,0.0,0.0,1,0,0,0,0,0,0,0,0,0,0,0,0,0,0,0,0,5,5,4,2,0.4,0,0.0,0,0.0,0,0.0,0,0.0,1,0.2,1,0.2,0,1,0,0,0,1,0,0,0,0,7,3.5,0,0,0.0,0.0,0.14285714285714285,0.8571428571428572,0.06666666666666667,0.5785714285714286
5,2,2.0,4,0,0,0,0.8,0.0,0.0,0.0,1,0,0,0,0,0,0,0,0,0,0,0,0,0,0,0,0,4,4,4,1,0.25,1,0.25,0,0.0,0,0.0,0,0.0,0,0.0,2,0.5,0,1,0,0,0,0,0,0,0,0,4,2.0,0,0,0.0,0.0,0.5,0.5,0.08333333333333334,0.55
7,3,1.6666666666666667,5,0,0,0,0.7142857142857143,0.0,0.0,0.0,1,0,0,0,0,0,0,0,0,0,0,0,0,0,0,0,0,6,6,6,1,0.16666666666666666,1,0.16666666666666666,1,0.16666666666666666,0,0.0,0,0.0,1,0.16666666666666666,2,0.3333333333333333,0,1,0,0,0,0,0,0,0,0,5,1.6666666666666667,0,0,0.25,0.25,0.6,0.4,0.2096289425649626,0.45
2,1,2.0,2,0,0,0,1.0,0.0,0.0,0.0,1,0,0,0,0,0,0,0,0,0,0,0,0,0,0,0,0,1,1,1,1,1.0,0,0.0,0,0.0,0,0.0,0,0.0,0,0.0,0,0.0,1,0,0,0,0,0,0,0,0,0,2,2.0,0,0,0.0,0.0,0.5,0.5,0.16666666666666669,0.65
3,1,3.0,0,3,0,0,0.0,1.0,0.0,0.0,0,1,0,0,0,0,0,0,0,0,0,0,0,0,1,2,1,1,1,1,0,0.0,0,0.0,0,0.0,0,0.0,0,0.0,0,0.0,0,0.0,1,0,0,0,0,0,0,0,0,0,0,0.0,0,0,0.0,0.0,0.0,1.0,0.1,1.0
18,5,2.8,11,0,2,1,0.6111111111111112,0.0,0.1111111111111111,0.05555555555555555,1,0,1,0,0,0,0,0,0,0,0,0,0,0,1,2,1,12,11,11,3,0.25,0,0.0,0,0.0,0,0.0,0,0.0,2,0.16666666666666666,2,0.16666666666666666,0,1,0,0,0,0,0,0,0,0,11,2.2,0,0,0.2,0.2,0.6363636363636364,0.36363636363636365,0.14298025212396842,0.18181818181818182
5,2,2.0,2,0,2,0,0.4,0.0,0.4,0.0,1,0,1,0,0,0,0,0,0,0,0,0,0,0,1,2,1,4,4,4,0,0.0,1,0.25,0,0.0,0,0.0,0,0.0,1,0.25,1,0.25,0,1,0,0,0,0,0,0,0,0,2,1.0,0,0,0.0,0.0,0.5,0.5,0.11666666666666667,0.65
7,2,3.0,4,0,2,0,0.5714285714285714,0.0,0.2857142857142857,0.0,1,0,1,0,0,0,0,0,0,0,0,0,0,0,1,2,1,6,5,6,0,0.0,2,0.3333333333333333,0,0.0,0,0.0,0,0.0,1,0.16666666666666666,2,0.3333333333333333,0,1,0,0,0,0,0,0,0,0,4,2.0,0,0,0.0,0.0,0.0,1.0,0.13333333333333333,0.8
4,1,4.0,4,0,0,0,1.0,0.0,0.0,0.0,1,0,0,0,0,0,0,0,0,0,0,0,0,0,0,0,0,4,4,4,0,0.0,2,0.5,0,0.0,0,0.0,0,0.0,0,0.0,2,0.5,1,0,0,0,0,0,0,0,0,0,4,4.0,0,0,0.0,0.3333333333333333,0.25,0.75,0.2,0.675
4,1,4.0,4,0,0,0,1.0,0.0,0.0,0.0,1,0,0,0,0,0,0,0,0,0,0,0,0,0,0,0,0,3,3,1,3,1.0,0,0.0,0,0.0,0,0.0,0,0.0,0,0.0,0,0.0,1,0,0,0,0,0,0,0,0,0,4,4.0,0,0,0.0,0.0,0.5,0.5,0.13333333333333333,0.55
3,1,3.0,3,0,0,0,1.0,0.0,0.0,0.0,1,0,0,0,0,0,0,0,0,0,0,0,0,0,0,0,0,4,4,4,1,0.25,1,0.25,0,0.0,0,0.0,0,0.0,0,0.0,1,0.25,1,0,0,0,0,0,0,0,0,0,3,3.0,0,0,0.0,0.5,0.3333333333333333,0.6666666666666667,0.25,0.6833333333333333
2,1,2.0,2,0,0,0,1.0,0.0,0.0,0.0,1,0,0,0,0,0,0,0,0,0,0,0,0,0,0,0,0,1,1,1,1,1.0,0,0.0,0,0.0,0,0.0,0,0.0,0,0.0,0,0.0,1,0,0,0,0,0,0,0,0,0,2,2.0,0,0,0.0,0.0,1.0,0.0,0.16666666666666669,0.4
3,1,3.0,3,0,0,0,1.0,0.0,0.0,0.0,1,0,0,0,0,0,0,0,0,0,0,0,0,0,0,0,0,2,2,1,2,1.0,0,0.0,0,0.0,0,0.0,0,0.0,0,0.0,0,0.0,1,0,0,0,0,0,0,0,0,0,3,3.0,0,0,0.0,0.0,1.0,0.0,0.15000000000000002,0.35
2,1,2.0,2,0,0,0,1.0,0.0,0.0,0.0,1,0,0,0,0,0,0,0,0,0,0,0,0,0,0,0,0,1,1,1,1,1.0,0,0.0,0,0.0,0,0.0,0,0.0,0,0.0,0,0.0,1,0,0,0,0,0,0,0,0,0,2,2.0,0,0,0.0,0.0,1.0,0.0,0.16666666666666669,0.4
9,2,4.0,6,0,2,0,0.6666666666666666,0.0,0.2222222222222222,0.0,1,0,1,0,0,0,0,0,0,0,0,0,0,0,1,2,1,6,6,5,1,0.16666666666666666,1,0.16666666666666666,0,0.0,0,0.0,0,0.0,0,0.0,2,0.3333333333333333,0,1,0,0,0,0,0,0,0,0,6,3.0,0,0,0.0,0.2,0.3333333333333333,0.6666666666666667,0.09000000000000001,0.5333333333333334
8,3,2.0,6,0,0,0,0.75,0.0,0.0,0.0,1,0,0,0,0,0,0,0,0,0,0,0,0,0,0,0,0,4,4,4,1,0.25,0,0.0,1,0.25,0,0.0,0,0.0,0,0.0,1,0.25,0,1,0,0,0,0,0,0,0,0,6,2.0,0,0,0.0,0.2,0.6666666666666666,0.33333333333333337,0.0950510257216822,0.3666666666666667
3,1,3.0,3,0,0,0,1.0,0.0,0.0,0.0,1,0,0,0,0,0,0,0,0,0,0,0,0,0,0,0,0,1,1,1,1,1.0,0,0.0,0,0.0,0,0.0,0,0.0,0,0.0,0,0.0,1,0,0,0,0,0,0,0,0,0,3,3.0,0,0,0.0,0.5,0.6666666666666666,0.33333333333333337,0.25,0.5166666666666666
4,1,4.0,4,0,0,0,1.0,0.0,0.0,0.0,1,0,0,0,0,0,0,0,0,0,0,0,0,0,0,0,0,2,2,1,2,1.0,0,0.0,0,0.0,0,0.0,0,0.0,0,0.0,0,0.0,1,0,0,0,0,0,0,0,0,0,4,4.0,0,0,0.3333333333333333,0.0,0.5,0.5,0.23333333333333334,0.55
4,1,4.0,4,0,0,0,1.0,0.0,0.0,0.0,1,0,0,0,0,0,0,0,0,0,0,0,0,0,0,0,0,5,5,5,1,0.2,1,0.2,0,0.0,0,0.0,0,0.0,1,0.2,0,0.0,1,0,0,0,0,0,0,0,0,0,4,4.0,0,0,0.3333333333333333,0.0,1.0,0.0,0.23333333333333334,0.3
5,1,5.0,5,0,0,0,1.0,0.0,0.0,0.0,1,0,0,0,0,0,0,0,0,0,0,0,0,0,0,0,0,2,2,2,2,1.0,0,0.0,0,0.0,0,0.0,0,0.0,0,0.0,0,0.0,1,0,0,0,0,0,0,0,0,0,5,5.0,0,0,0.0,0.25,0.0,1.0,0.16666666666666669,0.75
3,1,3.0,3,0,0,0,1.0,0.0,0.0,0.0,1,0,0,0,0,0,0,0,0,0,0,0,0,0,0,0,0,1,1,1,1,1.0,0,0.0,0,0.0,0,0.0,0,0.0,0,0.0,0,0.0,1,0,0,0,0,0,0,0,0,0,3,3.0,0,0,0.0,0.0,0.3333333333333333,0.6666666666666667,0.15000000000000002,0.6833333333333333
6,2,2.5,5,0,0,0,0.8333333333333334,0.0,0.0,0.0,1,0,0,0,0,0,0,0,0,0,0,0,0,0,0,0,0,2,2,1,2,1.0,0,0.0,0,0.0,0,0.0,0,0.0,0,0.0,0,0.0,0,1,0,0,0,0,0,0,0,0,5,2.5,0,0,0.0,0.0,0.4,0.6,0.08333333333333333,0.55
4,1,4.0,4,0,0,0,1.0,0.0,0.0,0.0,1,0,0,0,0,0,0,0,0,0,0,0,0,0,0,0,0,3,3,3,0,0.0,0,0.0,1,0.3333333333333333,0,0.0,0,0.0,0,0.0,1,0.3333333333333333,1,0,0,0,0,0,0,0,0,0,4,4.0,0,0,0.0,0.3333333333333333,0.25,0.75,0.2,0.675
6,2,2.5,5,0,0,0,0.8333333333333334,0.0,0.0,0.0,1,0,0,0,0,0,0,0,0,0,0,0,0,0,0,0,0,3,3,3,0,0.0,0,0.0,0,0.0,1,0.3333333333333333,0,0.0,0,0.0,1,0.3333333333333333,0,1,0,0,0,0,0,0,0,0,5,2.5,1,2,0.25,0.25,0.0,1.0,0.5083333333333333,0.75
6,1,6.0,1,5,0,0,0.16666666666666666,0.8333333333333334,0.0,0.0,1,1,0,1,0,0,0,0,0,0,0,0,0,0,0,0,0,2,2,2,1,0.5,0,0.0,0,0.0,0,0.0,0,0.0,0,0.0,0,0.0,1,0,0,0,0,0,0,0,0,0,1,1.0,0,0,0.0,0.0,1.0,0.0,0.18333333333333335,0.45
5,1,5.0,4,0,0,1,0.8,0.0,0.0,0.2,1,0,0,0,0,0,0,0,0,0,0,0,0,0,0,0,0,5,5,4,2,0.4,0,0.0,0,0.0,0,0.0,0,0.0,0,0.0,1,0.2,1,0,0,0,0,0,0,0,0,0,4,4.0,0,0,0.0,0.3333333333333333,0.5,0.5,0.2,0.55
2,1,2.0,2,0,0,0,1.0,0.0,0.0,0.0,1,0,0,0,0,0,0,0,0,0,0,0,0,0,0,0,0,1,1,1,1,1.0,0,0.0,0,0.0,0,0.0,0,0.0,0,0.0,0,0.0,1,0,0,0,0,0,0,0,0,0,2,2.0,0,0,0.0,0.0,0.5,0.5,0.16666666666666669,0.65
2,1,2.0,2,0,0,0,1.0,0.0,0.0,0.0,1,0,0,0,0,0,0,0,0,0,0,0,0,0,0,0,0,1,1,1,1,1.0,0,0.0,0,0.0,0,0.0,0,0.0,0,0.0,0,0.0,1,0,0,0,0,0,0,0,0,0,2,2.0,0,0,0.0,0.0,0.5,0.5,0.16666666666666669,0.65
4,2,1.5,3,0,0,0,0.75,0.0,0.0,0.0,1,0,0,0,0,0,0,0,0,0,0,0,0,0,0,0,0,3,3,3,1,0.3333333333333333,1,0.3333333333333333,0,0.0,0,0.0,0,0.0,0,0.0,1,0.3333333333333333,0,1,0,0,0,0,0,0,0,0,3,1.5,0,0,0.5,1.0,0.3333333333333333,0.6666666666666667,0.4666666666666666,0.6833333333333333
17,2,8.0,16,0,0,0,0.9411764705882353,0.0,0.0,0.0,1,0,0,0,0,0,0,0,0,0,0,0,0,0,1,2,1,8,6,4,6,0.75,0,0.0,0,0.0,2,0.25,0,0.0,0,0.0,0,0.0,0,1,0,0,0,0,0,0,0,0,16,8.0,1,2,0.06666666666666667,0.2,0.5625,0.4375,0.45999999999999996,0.21875
2,1,2.0,2,0,0,0,1.0,0.0,0.0,0.0,1,0,0,0,0,0,0,0,0,0,0,0,0,0,0,0,0,1,1,1,1,1.0,0,0.0,0,0.0,0,0.0,0,0.0,0,0.0,0,0.0,1,0,0,0,0,0,0,0,0,0,2,2.0,0,0,0.0,0.0,0.5,0.5,0.16666666666666669,0.65
2,1,2.0,2,0,0,0,1.0,0.0,0.0,0.0,1,0,0,0,0,0,0,0,0,0,0,0,0,0,0,0,0,1,1,1,1,1.0,0,0.0,0,0.0,0,0.0,0,0.0,0,0.0,0,0.0,1,0,0,0,0,0,0,0,0,0,2,2.0,0,0,0.0,0.0,1.0,0.0,0.16666666666666669,0.4
8,2,3.5,6,0,0,1,0.75,0.0,0.0,0.125,1,0,0,0,1,0,0,0,0,0,0,0,0,0,0,0,0,5,5,5,1,0.2,1,0.2,0,0.0,0,0.0,0,0.0,1,0.2,1,0.2,0,1,0,1,0,0,0,0,0,0,6,3.0,0,0,0.0,0.0,0.3333333333333333,0.6666666666666667,0.06666666666666667,0.5333333333333334
2,1,2.0,2,0,0,0,1.0,0.0,0.0,0.0,1,0,0,0,0,0,0,0,0,0,0,0,0,0,0,0,0,1,1,1,1,1.0,0,0.0,0,0.0,0,0.0,0,0.0,0,0.0,0,0.0,1,0,0,0,0,0,0,0,0,0,2,2.0,0,0,0.0,0.0,1.0,0.0,0.16666666666666669,0.4
2,1,2.0,2,0,0,0,1.0,0.0,0.0,0.0,1,0,0,0,0,0,0,0,0,0,0,0,0,0,0,0,0,1,1,1,1,1.0,0,0.0,0,0.0,0,0.0,0,0.0,0,0.0,0,0.0,1,0,0,0,0,0,0,0,0,0,2,2.0,0,0,0.0,0.0,0.5,0.5,0.16666666666666669,0.65
3,1,3.0,3,0,0,0,1.0,0.0,0.0,0.0,1,0,0,0,0,0,0,0,0,0,0,0,0,0,0,0,0,1,1,1,1,1.0,0,0.0,0,0.0,0,0.0,0,0.0,0,0.0,0,0.0,1,0,0,0,0,0,0,0,0,0,3,3.0,0,0,0.0,0.0,0.3333333333333333,0.6666666666666667,0.15000000000000002,0.6833333333333333
12,4,2.25,7,0,2,0,0.5833333333333334,0.0,0.16666666666666666,0.0,1,0,1,0,0,0,0,0,0,0,0,0,0,0,1,2,1,6,6,5,1,0.16666666666666666,2,0.3333333333333333,0,0.0,0,0.0,0,0.0,0,0.0,2,0.3333333333333333,0,1,0,0,0,0,0,0,0,0,7,1.75,0,0,0.0,0.16666666666666666,0.42857142857142855,0.5714285714285714,0.10311638540813711,0.4357142857142857
2,1,2.0,2,0,0,0,1.0,0.0,0.0,0.0,1,0,0,0,0,0,0,0,0,0,0,0,0,0,0,0,0,3,3,3,0,0.0,1,0.3333333333333333,0,0.0,0,0.0,1,0.3333333333333333,0,0.0,1,0.3333333333333333,1,0,0,0,0,0,0,0,0,0,2,2.0,0,0,0.0,1.0,0.5,0.5,0.3666666666666667,0.65
2,1,2.0,2,0,0,0,1.0,0.0,0.0,0.0,1,0,0,0,0,0,0,0,0,0,0,0,0,0,0,0,0,2,2,2,1,0.5,0,0.0,0,0.0,0,0.0,1,0.5,0,0.0,0,0.0,1,0,0,0,0,0,0,0,0,0,2,2.0,0,0,0.0,0.0,0.0,1.0,0.16666666666666669,0.9
4,1,4.0,4,0,0,0,1.0,0.0,0.0,0.0,1,0,0,0,0,0,0,0,0,0,0,0,0,0,0,0,0,1,1,1,1,1.0,0,0.0,0,0.0,0,0.0,0,0.0,0,0.0,0,0.0,1,0,0,0,0,0,0,0,0,0,4,4.0,0,0,0.0,0.0,0.5,0.5,0.13333333333333333,0.55
3,1,3.0,3,0,0,0,1.0,0.0,0.0,0.0,1,0,0,0,0,0,0,0,0,0,0,0,0,0,0,0,0,1,1,1,1,1.0,0,0.0,0,0.0,0,0.0,0,0.0,0,0.0,0,0.0,1,0,0,0,0,0,0,0,0,0,3,3.0,0,0,0.0,0.0,0.3333333333333333,0.6666666666666667,0.15000000000000002,0.6833333333333333
14,4,2.75,9,0,2,0,0.6428571428571429,0.0,0.14285714285714285,0.0,1,0,1,0,0,0,0,0,0,0,0,0,0,0,1,2,1,7,7,6,1,0.14285714285714285,1,0.14285714285714285,0,0.0,2,0.2857142857142857,0,0.0,1,0.14285714285714285,1,0.14285714285714285,0,1,0,0,0,0,0,0,0,0,9,2.25,0,0,0.0,0.125,0.2222222222222222,0.7777777777777778,0.09478305207480378,0.4388888888888889
26,7,2.857142857142857,17,0,2,1,0.6538461538461539,0.0,0.07692307692307693,0.038461538461538464,1,0,1,0,0,0,0,0,0,0,0,0,0,0,1,2,1,13,13,11,4,0.3076923076923077,1,0.07692307692307693,0,0.0,1,0.07692307692307693,0,0.0,1,0.07692307692307693,2,0.15384615384615385,0,0,1,0,0,0,0,0,0,0,17,2.4285714285714284,0,0,0.0625,0.3125,0.5294117647058824,0.47058823529411764,0.12195231489145272,0.23529411764705882
2,1,2.0,2,0,0,0,1.0,0.0,0.0,0.0,1,0,0,0,0,0,0,0,0,0,0,0,0,0,0,0,0,1,1,1,1,1.0,0,0.0,0,0.0,0,0.0,0,0.0,0,0.0,0,0.0,1,0,0,0,0,0,0,0,0,0,2,2.0,0,0,0.0,0.0,1.0,0.0,0.16666666666666669,0.4
15,5,2.2,11,0,0,0,0.7333333333333333,0.0,0.0,0.0,1,0,0,0,0,0,0,0,0,0,0,0,0,0,0,0,0,9,9,7,3,0.3333333333333333,1,0.1111111111111111,0,0.0,1,0.1111111111111111,0,0.0,0,0.0,2,0.2222222222222222,0,1,0,0,0,0,0,0,0,0,11,2.2,0,0,0.3,0.1,0.5454545454545454,0.4545454545454546,0.15616399415807225,0.2272727272727273
4,1,4.0,4,0,0,0,1.0,0.0,0.0,0.0,1,0,0,0,0,0,0,0,0,0,0,0,0,0,0,0,0,1,1,1,1,1.0,0,0.0,0,0.0,0,0.0,0,0.0,0,0.0,0,0.0,1,0,0,0,0,0,0,0,0,0,4,4.0,0,0,0.0,0.3333333333333333,0.5,0.5,0.2,0.55
3,1,3.0,3,0,0,0,1.0,0.0,0.0,0.0,1,0,0,0,0,0,0,0,0,0,0,0,0,0,0,0,0,4,4,4,1,0.25,0,0.0,0,0.0,0,0.0,0,0.0,0,0.0,1,0.25,1,0,0,0,0,0,0,0,0,0,3,3.0,0,0,0.0,0.5,0.6666666666666666,0.33333333333333337,0.25,0.5166666666666666
3,1,3.0,3,0,0,0,1.0,0.0,0.0,0.0,1,0,0,0,0,0,0,0,0,0,0,0,0,0,0,0,0,3,3,3,1,0.3333333333333333,0,0.0,0,0.0,1,0.3333333333333333,0,0.0,0,0.0,1,0.3333333333333333,1,0,0,0,0,0,0,0,0,0,3,3.0,0,0,0.0,0.0,0.6666666666666666,0.33333333333333337,0.15000000000000002,0.5166666666666666
3,1,3.0,3,0,0,0,1.0,0.0,0.0,0.0,1,0,0,0,0,0,0,0,0,0,0,0,0,0,0,0,0,2,2,1,2,1.0,0,0.0,0,0.0,0,0.0,0,0.0,0,0.0,0,0.0,1,0,0,0,0,0,0,0,0,0,3,3.0,0,0,0.0,0.5,0.3333333333333333,0.6666666666666667,0.25,0.6833333333333333
11,4,2.0,8,0,0,0,0.7272727272727273,0.0,0.0,0.0,1,0,0,0,0,0,0,0,0,0,0,0,0,0,0,0,0,8,8,7,4,0.5,1,0.125,0,0.0,0,0.0,0,0.0,1,0.125,2,0.25,0,1,0,0,0,0,0,0,0,0,8,2.0,0,0,0.0,0.14285714285714285,0.5,0.5,0.07857142857142857,0.35
3,1,3.0,3,0,0,0,1.0,0.0,0.0,0.0,1,0,0,0,0,0,0,0,0,0,0,0,0,0,0,0,0,1,1,1,1,1.0,0,0.0,0,0.0,0,0.0,0,0.0,0,0.0,0,0.0,1,0,0,0,0,0,0,0,0,0,3,3.0,0,0,0.0,0.0,0.6666666666666666,0.33333333333333337,0.15000000000000002,0.5166666666666666
2,1,2.0,2,0,0,0,1.0,0.0,0.0,0.0,1,0,0,0,0,0,0,0,0,0,0,0,0,0,0,0,0,2,2,2,1,0.5,0,0.0,1,0.5,0,0.0,0,0.0,0,0.0,0,0.0,1,0,0,0,0,0,0,0,0,0,2,2.0,0,0,0.0,0.0,0.5,0.5,0.16666666666666669,0.65
8,3,2.0,5,0,1,0,0.625,0.0,0.125,0.0,1,0,1,0,0,0,0,0,0,0,0,0,0,0,0,0,0,4,4,4,3,0.75,0,0.0,0,0.0,0,0.0,0,0.0,0,0.0,0,0.0,0,1,0,0,0,0,0,0,0,0,5,1.6666666666666667,0,0,0.0,0.0,0.8,0.19999999999999996,0.11666666666666667,0.35
4,1,4.0,4,0,0,0,1.0,0.0,0.0,0.0,1,0,0,0,0,0,0,0,0,0,0,0,0,0,0,0,0,5,5,4,1,0.2,2,0.4,0,0.0,0,0.0,0,0.0,0,0.0,2,0.4,1,0,0,0,0,0,0,0,0,0,4,4.0,0,0,0.3333333333333333,0.0,0.25,0.75,0.23333333333333334,0.675
4,1,4.0,4,0,0,0,1.0,0.0,0.0,0.0,1,0,0,0,0,0,0,0,0,0,0,0,0,0,0,0,0,3,3,3,1,0.3333333333333333,0,0.0,0,0.0,0,0.0,0,0.0,0,0.0,1,0.3333333333333333,1,0,0,0,0,0,0,0,0,0,4,4.0,0,0,0.0,0.0,0.25,0.75,0.13333333333333333,0.675
41,6,6.0,8,22,0,6,0.1951219512195122,0.5365853658536586,0.0,0.14634146341463414,1,1,0,1,0,1,0,0,0,0,0,0,0,0,1,2,1,12,7,3,0,0.0,0,0.0,0,0.0,3,0.25,0,0.0,0,0.0,0,0.0,0,0,1,0,1,0,0,0,0,0,8,1.3333333333333333,0,0,0.0,0.0,0.25,0.75,0.02216368750839041,0.475
14,4,2.75,9,0,2,0,0.6428571428571429,0.0,0.14285714285714285,0.0,1,0,1,0,0,0,0,0,0,0,0,0,0,0,1,2,1,8,7,7,3,0.375,0,0.0,0,0.0,1,0.125,0,0.0,1,0.125,1,0.125,0,1,0,0,0,0,0,0,0,0,9,2.25,0,0,0.125,0.0,0.4444444444444444,0.5555555555555556,0.08099645173478662,0.3277777777777778
5,1,5.0,5,0,0,0,1.0,0.0,0.0,0.0,1,0,0,0,0,0,0,0,0,0,0,0,0,0,1,2,1,2,2,2,1,0.5,0,0.0,0,0.0,1,0.5,0,0.0,0,0.0,0,0.0,1,0,0,0,0,0,0,0,0,0,5,5.0,1,2,0.25,0.25,0.6,0.4,0.5416666666666666,0.45
3,1,3.0,3,0,0,0,1.0,0.0,0.0,0.0,1,0,0,0,0,0,0,0,0,0,0,0,0,0,0,0,0,3,2,1,3,1.0,0,0.0,0,0.0,0,0.0,0,0.0,0,0.0,0,0.0,1,0,0,0,0,0,0,0,0,0,3,3.0,0,0,1.0,0.0,1.0,0.0,0.44999999999999996,0.35
3,1,3.0,3,0,0,0,1.0,0.0,0.0,0.0,1,0,0,0,0,0,0,0,0,0,0,0,0,0,0,0,0,5,4,4,1,0.2,2,0.4,0,0.0,0,0.0,0,0.0,0,0.0,2,0.4,1,0,0,0,0,0,0,0,0,0,3,3.0,0,0,0.0,0.0,0.3333333333333333,0.6666666666666667,0.15000000000000002,0.6833333333333333
3,1,3.0,0,0,0,0,0.0,0.0,0.0,0.0,0,0,0,0,0,0,0,0,1,3,0,0,0,0,0,0,0,1,1,1,0,0.0,0,0.0,0,0.0,0,0.0,0,0.0,0,0.0,0,0.0,1,0,0,0,0,0,1,1,0,0,0,0.0,0,0,0.0,0.0,0.0,1.0,0.1,1.0
8,2,3.5,7,0,0,0,0.875,0.0,0.0,0.0,1,0,0,0,0,0,0,0,0,0,0,0,0,0,0,0,0,4,4,4,2,0.5,0,0.0,0,0.0,0,0.0,0,0.0,2,0.5,0,0.0,0,1,0,0,0,0,0,0,0,0,7,3.5,0,0,0.0,0.16666666666666666,0.5714285714285714,0.4285714285714286,0.1,0.3642857142857143
8,2,3.5,7,0,0,0,0.875,0.0,0.0,0.0,1,0,0,0,0,0,0,0,0,0,0,0,0,0,0,0,0,3,3,3,2,0.6666666666666666,0,0.0,0,0.0,0,0.0,0,0.0,0,0.0,0,0.0,0,1,0,0,0,0,0,0,0,0,7,3.5,0,0,0.0,0.0,0.14285714285714285,0.8571428571428572,0.04000000000000001,0.5785714285714286
4,1,4.0,4,0,0,0,1.0,0.0,0.0,0.0,1,0,0,0,0,0,0,0,0,0,0,0,0,0,0,0,0,3,3,3,1,0.3333333333333333,0,0.0,0,0.0,0,0.0,0,0.0,0,0.0,1,0.3333333333333333,1,0,0,0,0,0,0,0,0,0,4,4.0,0,0,0.0,0.0,0.25,0.75,0.13333333333333333,0.675
2,1,2.0,2,0,0,0,1.0,0.0,0.0,0.0,1,0,0,0,0,0,0,0,0,0,0,0,0,0,0,0,0,2,2,2,2,1.0,0,0.0,0,0.0,0,0.0,0,0.0,0,0.0,0,0.0,1,0,0,0,0,0,0,0,0,0,2,2.0,0,0,0.0,0.0,1.0,0.0,0.16666666666666669,0.4
7,2,3.0,6,0,0,0,0.8571428571428571,0.0,0.0,0.0,1,0,0,0,0,0,0,0,0,0,0,0,0,0,0,0,0,3,3,2,2,0.6666666666666666,0,0.0,0,0.0,0,0.0,0,0.0,0,0.0,0,0.0,0,1,0,0,0,0,0,0,0,0,6,3.0,0,0,0.4,0.0,0.3333333333333333,0.6666666666666667,0.16999999999999998,0.5333333333333334
5,1,5.0,5,0,0,0,1.0,0.0,0.0,0.0,1,0,0,0,0,0,0,0,0,0,0,0,0,0,0,0,0,1,1,1,1,1.0,0,0.0,0,0.0,0,0.0,0,0.0,0,0.0,0,0.0,1,0,0,0,0,0,0,0,0,0,5,5.0,0,0,0.0,0.0,0.8,0.19999999999999996,0.11666666666666667,0.35
3,1,3.0,3,0,0,0,1.0,0.0,0.0,0.0,1,0,0,0,0,0,0,0,0,0,0,0,0,0,0,0,0,2,2,2,1,0.5,0,0.0,0,0.0,0,0.0,1,0.5,0,0.0,0,0.0,1,0,0,0,0,1,0,0,0,0,3,3.0,0,0,0.0,1.0,0.3333333333333333,0.6666666666666667,0.35,0.6833333333333333
3,1,3.0,3,0,0,0,1.0,0.0,0.0,0.0,1,0,0,0,0,0,0,0,0,0,0,0,0,0,0,0,0,1,1,1,1,1.0,0,0.0,0,0.0,0,0.0,0,0.0,0,0.0,0,0.0,1,0,0,0,0,0,0,0,0,0,3,3.0,0,0,0.0,1.0,0.6666666666666666,0.33333333333333337,0.35,0.5166666666666666
4,1,4.0,4,0,0,0,1.0,0.0,0.0,0.0,1,0,0,0,0,0,0,0,0,0,0,0,0,0,0,0,0,2,2,1,2,1.0,0,0.0,0,0.0,0,0.0,0,0.0,0,0.0,0,0.0,1,0,0,0,0,0,0,0,0,0,4,4.0,0,0,0.0,0.3333333333333333,0.5,0.5,0.2,0.55
9,3,2.3333333333333335,7,0,0,0,0.7777777777777778,0.0,0.0,0.0,1,0,0,0,0,0,0,0,0,0,0,0,0,0,0,0,0,5,5,4,2,0.4,0,0.0,0,0.0,0,0.0,0,0.0,1,0.2,1,0.2,0,1,0,0,0,0,0,0,0,0,7,2.3333333333333335,0,0,0.0,0.0,0.7142857142857143,0.2857142857142857,0.06796227589829593,0.29285714285714287
3,1,3.0,3,0,0,0,1.0,0.0,0.0,0.0,1,0,0,0,0,0,0,0,0,0,0,0,0,0,0,0,0,2,2,2,2,1.0,0,0.0,0,0.0,0,0.0,0,0.0,0,0.0,0,0.0,1,0,0,0,0,0,0,0,0,0,3,3.0,0,0,0.0,0.0,0.6666666666666666,0.33333333333333337,0.15000000000000002,0.5166666666666666
3,1,3.0,3,0,0,0,1.0,0.0,0.0,0.0,1,0,0,0,0,0,0,0,0,0,0,0,0,0,0,0,0,1,1,1,1,1.0,0,0.0,0,0.0,0,0.0,0,0.0,0,0.0,0,0.0,1,0,0,0,0,0,0,0,0,0,3,3.0,0,0,0.0,0.0,0.6666666666666666,0.33333333333333337,0.15000000000000002,0.5166666666666666
3,1,3.0,3,0,0,0,1.0,0.0,0.0,0.0,1,0,0,0,0,0,0,0,0,0,0,0,0,0,0,0,0,2,2,1,2,1.0,0,0.0,0,0.0,0,0.0,0,0.0,0,0.0,0,0.0,1,0,0,0,0,0,0,0,0,0,3,3.0,0,0,0.0,0.0,0.3333333333333333,0.6666666666666667,0.15000000000000002,0.6833333333333333
10,3,2.6666666666666665,8,0,0,0,0.8,0.0,0.0,0.0,1,0,0,0,0,0,0,0,0,0,0,0,0,0,0,0,0,6,6,6,1,0.16666666666666666,2,0.3333333333333333,0,0.0,1,0.16666666666666666,0,0.0,0,0.0,2,0.3333333333333333,0,1,0,0,0,0,0,0,0,0,8,2.6666666666666665,0,0,0.14285714285714285,0.14285714285714285,0.5,0.5,0.13939084732686735,0.35
5,1,5.0,5,0,0,0,1.0,0.0,0.0,0.0,1,0,0,0,0,0,0,0,0,0,0,0,0,0,0,0,0,3,3,1,3,1.0,0,0.0,0,0.0,0,0.0,0,0.0,0,0.0,0,0.0,1,0,0,0,0,0,0,0,0,0,5,5.0,0,0,0.25,0.25,0.4,0.6,0.24166666666666667,0.55
4,1,4.0,4,0,0,0,1.0,0.0,0.0,0.0,1,0,0,0,0,0,0,0,0,0,0,0,0,0,0,0,0,2,2,1,2,1.0,0,0.0,0,0.0,0,0.0,0,0.0,0,0.0,0,0.0,1,0,0,0,0,0,0,0,0,0,4,4.0,0,0,0.0,0.3333333333333333,0.5,0.5,0.2,0.55
4,1,4.0,4,0,0,0,1.0,0.0,0.0,0.0,1,0,0,0,0,0,0,0,0,0,0,0,0,0,0,0,0,1,1,1,1,1.0,0,0.0,0,0.0,0,0.0,0,0.0,0,0.0,0,0.0,1,0,0,0,0,0,0,0,0,0,4,4.0,0,0,0.0,0.0,0.5,0.5,0.13333333333333333,0.55
2,1,2.0,2,0,0,0,1.0,0.0,0.0,0.0,1,0,0,0,0,0,0,0,0,0,0,0,0,0,0,0,0,3,3,3,1,0.3333333333333333,1,0.3333333333333333,0,0.0,0,0.0,0,0.0,0,0.0,1,0.3333333333333333,1,0,0,0,0,0,0,0,0,0,2,2.0,0,0,0.0,0.0,0.5,0.5,0.16666666666666669,0.65
4,1,4.0,4,0,0,0,1.0,0.0,0.0,0.0,1,0,0,0,0,0,0,0,0,0,0,0,0,0,0,0,0,1,1,1,1,1.0,0,0.0,0,0.0,0,0.0,0,0.0,0,0.0,0,0.0,1,0,0,0,0,0,0,0,0,0,4,4.0,0,0,0.0,0.0,0.0,1.0,0.13333333333333333,0.8
14,3,4.0,10,0,0,2,0.7142857142857143,0.0,0.0,0.14285714285714285,1,0,0,0,1,0,0,0,0,0,0,0,0,0,0,0,0,10,10,6,3,0.3,1,0.1,1,0.1,0,0.0,0,0.0,0,0.0,2,0.2,0,1,0,0,0,0,0,0,0,0,10,3.3333333333333335,0,0,0.1111111111111111,0.2222222222222222,0.4,0.6,0.13282880349945997,0.3
9,3,2.3333333333333335,5,0,2,0,0.5555555555555556,0.0,0.2222222222222222,0.0,1,0,1,0,0,0,0,0,0,0,0,0,0,0,1,2,1,5,5,5,0,0.0,1,0.2,0,0.0,1,0.2,0,0.0,0,0.0,1,0.2,0,1,0,0,0,0,0,0,0,0,5,1.6666666666666667,0,0,0.25,0.0,0.4,0.6,0.15962894256496257,0.55
3,1,3.0,3,0,0,0,1.0,0.0,0.0,0.0,1,0,0,0,0,0,0,0,0,0,0,0,0,0,0,0,0,2,2,2,2,1.0,0,0.0,0,0.0,0,0.0,0,0.0,0,0.0,0,0.0,1,0,0,0,0,0,0,0,0,0,3,3.0,0,0,0.0,0.5,0.6666666666666666,0.33333333333333337,0.25,0.5166666666666666
7,2,3.0,6,0,0,0,0.8571428571428571,0.0,0.0,0.0,1,0,0,0,0,0,0,0,0,0,0,0,0,0,0,0,0,6,6,5,2,0.3333333333333333,1,0.16666666666666666,0,0.0,0,0.0,0,0.0,1,0.16666666666666666,1,0.16666666666666666,0,1,0,0,0,1,0,0,0,0,6,3.0,0,0,0.0,0.2,0.5,0.5,0.14,0.45
6,1,6.0,6,0,0,0,1.0,0.0,0.0,0.0,1,0,0,0,0,0,0,0,0,0,0,0,0,0,0,0,0,1,1,1,1,1.0,0,0.0,0,0.0,0,0.0,0,0.0,0,0.0,0,0.0,1,0,0,0,0,0,0,0,0,0,6,6.0,0,0,0.0,0.0,0.5,0.5,0.1,0.45
2,1,2.0,2,0,0,0,1.0,0.0,0.0,0.0,1,0,0,0,0,0,0,0,0,0,0,0,0,0,0,0,0,2,2,2,1,0.5,0,0.0,0,0.0,0,0.0,0,0.0,0,0.0,0,0.0,1,0,0,0,0,0,0,0,0,0,2,2.0,0,0,1.0,1.0,0.5,0.5,0.6666666666666666,0.65
3,1,3.0,3,0,0,0,1.0,0.0,0.0,0.0,1,0,0,0,0,0,0,0,0,0,0,0,0,0,0,0,0,1,1,1,1,1.0,0,0.0,0,0.0,0,0.0,0,0.0,0,0.0,0,0.0,1,0,0,0,0,0,0,0,0,0,3,3.0,0,0,0.0,0.0,0.3333333333333333,0.6666666666666667,0.15000000000000002,0.6833333333333333
4,1,4.0,4,0,0,0,1.0,0.0,0.0,0.0,1,0,0,0,0,0,0,0,0,0,0,0,0,0,0,0,0,1,1,1,1,1.0,0,0.0,0,0.0,0,0.0,0,0.0,0,0.0,0,0.0,1,0,0,0,0,0,0,0,0,0,4,4.0,0,0,0.0,0.0,0.5,0.5,0.13333333333333333,0.55
6,2,2.5,5,0,0,0,0.8333333333333334,0.0,0.0,0.0,1,0,0,0,0,0,0,0,0,0,0,0,0,0,0,0,0,3,3,2,2,0.6666666666666666,0,0.0,0,0.0,0,0.0,0,0.0,1,0.3333333333333333,0,0.0,0,1,0,0,0,0,0,0,0,0,5,2.5,0,0,0.0,0.0,0.4,0.6,0.08333333333333333,0.55
3,1,3.0,3,0,0,0,1.0,0.0,0.0,0.0,1,0,0,0,0,0,0,0,0,0,0,0,0,0,0,0,0,2,2,1,2,1.0,0,0.0,0,0.0,0,0.0,0,0.0,0,0.0,0,0.0,1,0,0,0,0,0,0,0,0,0,3,3.0,0,0,0.0,0.5,0.0,1.0,0.25,0.85
4,1,4.0,4,0,0,0,1.0,0.0,0.0,0.0,1,0,0,0,0,0,0,0,0,0,0,0,0,0,1,3,1,2,2,2,1,0.5,0,0.0,0,0.0,0,0.0,1,0.5,0,0.0,0,0.0,1,0,0,0,0,0,0,0,0,0,4,4.0,1,3,0.6666666666666666,0.6666666666666666,0.0,1.0,0.7666666666666666,0.8
12,5,1.6,8,0,0,0,0.6666666666666666,0.0,0.0,0.0,1,0,0,0,0,0,0,0,0,0,0,0,0,0,0,0,0,7,7,6,3,0.42857142857142855,1,0.14285714285714285,0,0.0,0,0.0,0,0.0,1,0.14285714285714285,1,0.14285714285714285,0,1,0,0,0,0,0,0,0,0,8,1.6,0,0,0.14285714285714285,0.2857142857142857,0.625,0.375,0.16711869097939006,0.2875
5,2,2.0,4,0,0,0,0.8,0.0,0.0,0.0,1,0,0,0,0,0,0,0,0,0,0,0,0,0,0,0,0,2,1,1,2,1.0,0,0.0,0,0.0,0,0.0,0,0.0,0,0.0,0,0.0,0,1,0,0,0,0,0,0,0,0,4,2.0,0,0,0.0,0.0,0.5,0.5,0.13333333333333333,0.55
6,3,1.3333333333333333,3,0,0,1,0.5,0.0,0.0,0.16666666666666666,1,0,0,0,1,0,0,0,0,0,0,0,0,0,0,0,0,5,5,4,2,0.4,1,0.2,0,0.0,0,0.0,0,0.0,0,0.0,1,0.2,0,1,0,1,0,0,0,0,0,0,3,1.0,0,0,0.0,0.0,0.0,1.0,0.11796227589829593,0.85
7,2,3.0,6,0,0,0,0.8571428571428571,0.0,0.0,0.0,1,0,0,0,0,0,0,0,0,0,0,0,0,0,0,0,0,5,5,5,1,0.2,1,0.2,0,0.0,0,0.0,1,0.2,0,0.0,2,0.4,0,1,0,1,0,0,0,0,0,0,6,3.0,0,0,0.0,0.0,0.8333333333333334,0.16666666666666663,0.03333333333333333,0.2833333333333333
3,1,3.0,3,0,0,0,1.0,0.0,0.0,0.0,1,0,0,0,0,0,0,0,0,0,0,0,0,0,0,0,0,1,1,1,1,1.0,0,0.0,0,0.0,0,0.0,0,0.0,0,0.0,0,0.0,1,0,0,0,0,0,0,0,0,0,3,3.0,0,0,0.0,0.0,0.3333333333333333,0.6666666666666667,0.15000000000000002,0.6833333333333333
3,1,3.0,3,0,0,0,1.0,0.0,0.0,0.0,1,0,0,0,0,0,0,0,0,0,0,0,0,0,1,3,1,3,1,1,3,1.0,0,0.0,0,0.0,0,0.0,0,0.0,0,0.0,0,0.0,1,0,0,0,0,0,0,0,0,0,3,3.0,1,3,1.0,1.0,1.0,0.0,0.9500000000000001,0.35
2,1,2.0,2,0,0,0,1.0,0.0,0.0,0.0,1,0,0,0,0,0,0,0,0,0,0,0,0,0,0,0,0,2,2,2,1,0.5,0,0.0,0,0.0,1,0.5,0,0.0,0,0.0,0,0.0,1,0,0,0,0,0,0,0,0,0,2,2.0,0,0,0.0,0.0,1.0,0.0,0.16666666666666669,0.4
4,1,4.0,4,0,0,0,1.0,0.0,0.0,0.0,1,0,0,0,0,0,0,0,0,0,0,0,0,0,0,0,0,3,3,3,1,0.3333333333333333,0,0.0,0,0.0,0,0.0,0,0.0,0,0.0,1,0.3333333333333333,1,0,0,0,0,0,0,0,0,0,4,4.0,0,0,0.0,0.3333333333333333,0.5,0.5,0.2,0.55
3,1,3.0,3,0,0,0,1.0,0.0,0.0,0.0,1,0,0,0,0,0,0,0,0,0,0,0,0,0,0,0,0,1,1,1,1,1.0,0,0.0,0,0.0,0,0.0,0,0.0,0,0.0,0,0.0,1,0,0,0,0,0,0,0,0,0,3,3.0,0,0,0.0,0.0,0.6666666666666666,0.33333333333333337,0.15000000000000002,0.5166666666666666
7,2,3.0,6,0,0,0,0.8571428571428571,0.0,0.0,0.0,1,0,0,0,0,0,0,0,0,0,0,0,0,0,0,0,0,2,1,1,2,1.0,0,0.0,0,0.0,0,0.0,0,0.0,0,0.0,0,0.0,0,1,0,0,0,0,0,0,0,0,6,3.0,0,0,0.0,0.4,0.3333333333333333,0.6666666666666667,0.18000000000000002,0.5333333333333334
3,1,3.0,3,0,0,0,1.0,0.0,0.0,0.0,1,0,0,0,0,0,0,0,0,0,0,0,0,0,0,0,0,1,1,1,1,1.0,0,0.0,0,0.0,0,0.0,0,0.0,0,0.0,0,0.0,1,0,0,0,0,0,0,0,0,0,3,3.0,0,0,0.0,0.0,0.6666666666666666,0.33333333333333337,0.15000000000000002,0.5166666666666666
14,5,2.0,10,0,0,0,0.7142857142857143,0.0,0.0,0.0,1,0,0,0,0,0,0,0,0,0,0,0,0,0,0,0,0,13,12,9,3,0.23076923076923078,2,0.15384615384615385,0,0.0,0,0.0,0,0.0,1,0.07692307692307693,4,0.3076923076923077,0,1,0,0,0,0,0,0,0,0,10,2.0,0,0,0.0,0.1111111111111111,0.5,0.5,0.08347963354994291,0.25
3,1,3.0,3,0,0,0,1.0,0.0,0.0,0.0,1,0,0,0,0,0,0,0,0,0,0,0,0,0,0,0,0,1,1,1,1,1.0,0,0.0,0,0.0,0,0.0,0,0.0,0,0.0,0,0.0,1,0,0,0,0,0,0,0,0,0,3,3.0,0,0,0.0,0.0,0.6666666666666666,0.33333333333333337,0.15000000000000002,0.5166666666666666
10,3,2.6666666666666665,8,0,0,0,0.8,0.0,0.0,0.0,1,0,0,0,0,0,0,0,0,0,0,0,0,0,0,0,0,6,6,3,4,0.6666666666666666,1,0.16666666666666666,0,0.0,0,0.0,0,0.0,0,0.0,1,0.16666666666666666,0,1,0,0,0,0,0,0,0,0,8,2.6666666666666665,0,0,0.2857142857142857,0.14285714285714285,0.5,0.5,0.1822479901840102,0.35
3,1,3.0,3,0,0,0,1.0,0.0,0.0,0.0,1,0,0,0,0,0,0,0,0,0,0,0,0,0,0,0,0,3,3,2,2,0.6666666666666666,0,0.0,0,0.0,0,0.0,0,0.0,0,0.0,0,0.0,1,0,0,0,0,0,0,0,0,0,3,3.0,0,0,0.0,0.0,0.6666666666666666,0.33333333333333337,0.15000000000000002,0.5166666666666666
3,1,3.0,3,0,0,0,1.0,0.0,0.0,0.0,1,0,0,0,0,0,0,0,0,0,0,0,0,0,0,0,0,3,3,3,2,0.6666666666666666,0,0.0,1,0.3333333333333333,0,0.0,0,0.0,0,0.0,0,0.0,1,0,0,0,0,0,0,0,0,0,3,3.0,0,0,0.0,0.0,0.6666666666666666,0.33333333333333337,0.15000000000000002,0.5166666666666666
8,2,3.5,6,0,0,1,0.75,0.0,0.0,0.125,1,0,0,0,0,0,0,0,0,0,0,0,0,0,0,0,0,6,6,6,2,0.3333333333333333,0,0.0,0,0.0,1,0.16666666666666666,0,0.0,2,0.3333333333333333,0,0.0,0,1,0,0,0,0,0,0,0,0,6,3.0,0,0,0.2,0.2,0.3333333333333333,0.6666666666666667,0.16666666666666669,0.5333333333333334
3,1,3.0,3,0,0,0,1.0,0.0,0.0,0.0,1,0,0,0,0,0,0,0,0,0,0,0,0,0,0,0,0,3,3,2,3,1.0,0,0.0,0,0.0,0,0.0,0,0.0,0,0.0,0,0.0,1,0,0,0,0,0,0,0,0,0,3,3.0,0,0,0.0,0.0,0.6666666666666666,0.33333333333333337,0.15000000000000002,0.5166666666666666
5,2,2.0,4,0,0,0,0.8,0.0,0.0,0.0,1,0,0,0,0,0,0,0,0,0,0,0,0,0,0,0,0,4,4,4,1,0.25,1,0.25,0,0.0,0,0.0,0,0.0,0,0.0,1,0.25,0,1,0,0,0,0,0,0,0,0,4,2.0,0,0,0.3333333333333333,0.6666666666666666,0.5,0.5,0.31666666666666665,0.55
3,1,3.0,3,0,0,0,1.0,0.0,0.0,0.0,1,0,0,0,0,0,0,0,0,0,0,0,0,0,1,2,1,1,1,1,1,1.0,0,0.0,0,0.0,0,0.0,0,0.0,0,0.0,0,0.0,1,0,0,0,0,0,0,0,0,0,3,3.0,1,2,0.5,0.5,1.0,0.0,0.7,0.35
4,1,4.0,4,0,0,0,1.0,0.0,0.0,0.0,1,0,0,0,0,0,0,0,0,0,0,0,0,0,0,0,0,1,1,1,1,1.0,0,0.0,0,0.0,0,0.0,0,0.0,0,0.0,0,0.0,1,0,0,0,0,0,0,0,0,0,4,4.0,0,0,0.0,0.0,0.75,0.25,0.13333333333333333,0.425
3,1,3.0,3,0,0,0,1.0,0.0,0.0,0.0,1,0,0,0,0,0,0,0,0,0,0,0,0,0,0,0,0,5,5,5,1,0.2,1,0.2,0,0.0,0,0.0,1,0.2,1,0.2,1,0.2,1,0,0,0,0,0,0,0,0,0,3,3.0,0,0,0.0,0.0,0.3333333333333333,0.6666666666666667,0.15000000000000002,0.6833333333333333
4,1,4.0,4,0,0,0,1.0,0.0,0.0,0.0,1,0,0,0,0,0,0,0,0,0,0,0,0,0,0,0,0,2,2,1,2,1.0,0,0.0,0,0.0,0,0.0,0,0.0,0,0.0,0,0.0,1,0,0,0,0,0,0,0,0,0,4,4.0,0,0,0.3333333333333333,0.3333333333333333,0.5,0.5,0.3,0.55
4,1,4.0,4,0,0,0,1.0,0.0,0.0,0.0,1,0,0,0,0,0,0,0,0,0,0,0,0,0,1,2,1,3,2,2,0,0.0,1,0.3333333333333333,0,0.0,2,0.6666666666666666,0,0.0,0,0.0,0,0.0,1,0,0,0,0,0,0,0,0,0,4,4.0,1,2,0.3333333333333333,0.3333333333333333,0.5,0.5,0.6,0.55
3,1,3.0,3,0,0,0,1.0,0.0,0.0,0.0,1,0,0,0,0,0,0,0,0,0,0,0,0,0,0,0,0,1,1,1,1,1.0,0,0.0,0,0.0,0,0.0,0,0.0,0,0.0,0,0.0,1,0,0,0,0,0,0,0,0,0,3,3.0,0,0,0.5,0.0,0.3333333333333333,0.6666666666666667,0.30000000000000004,0.6833333333333333
3,1,3.0,3,0,0,0,1.0,0.0,0.0,0.0,1,0,0,0,0,0,0,0,0,0,0,0,0,0,0,0,0,1,1,1,1,1.0,0,0.0,0,0.0,0,0.0,0,0.0,0,0.0,0,0.0,1,0,0,0,0,0,0,0,0,0,3,3.0,0,0,0.0,0.0,0.3333333333333333,0.6666666666666667,0.15000000000000002,0.6833333333333333
9,3,2.3333333333333335,7,0,0,0,0.7777777777777778,0.0,0.0,0.0,1,0,0,0,0,0,0,0,0,0,0,0,0,0,0,0,0,4,4,3,2,0.5,0,0.0,0,0.0,0,0.0,0,0.0,0,0.0,1,0.25,0,1,0,0,0,0,0,0,0,0,7,2.3333333333333335,0,0,0.16666666666666666,0.16666666666666666,0.2857142857142857,0.7142857142857143,0.15129560923162927,0.5071428571428571
4,1,4.0,4,0,0,0,1.0,0.0,0.0,0.0,1,0,0,0,0,0,0,0,0,0,0,0,0,0,0,0,0,1,1,1,1,1.0,0,0.0,0,0.0,0,0.0,0,0.0,0,0.0,0,0.0,1,0,0,0,0,0,0,0,0,0,4,4.0,0,0,0.0,0.0,0.25,0.75,0.13333333333333333,0.675
7,1,7.0,7,0,0,0,1.0,0.0,0.0,0.0,1,0,0,0,0,0,0,0,0,0,0,0,0,0,0,0,0,1,1,1,1,1.0,0,0.0,0,0.0,0,0.0,0,0.0,0,0.0,0,0.0,1,0,0,0,0,0,0,0,0,0,7,7.0,0,0,0.16666666666666666,0.16666666666666666,0.2857142857142857,0.7142857142857143,0.18333333333333335,0.5071428571428571
4,1,4.0,4,0,0,0,1.0,0.0,0.0,0.0,1,0,0,0,0,0,0,0,0,0,0,0,0,0,0,0,0,3,3,3,0,0.0,1,0.3333333333333333,0,0.0,1,0.3333333333333333,0,0.0,0,0.0,1,0.3333333333333333,1,0,0,0,0,0,0,0,0,0,4,4.0,0,0,0.0,0.6666666666666666,0.0,1.0,0.26666666666666666,0.8
5,1,5.0,5,0,0,0,1.0,0.0,0.0,0.0,1,0,0,0,0,0,0,0,0,0,0,0,0,0,0,0,0,4,4,4,1,0.25,1,0.25,0,0.0,0,0.0,0,0.0,0,0.0,2,0.5,1,0,0,0,0,0,0,0,0,0,5,5.0,0,0,0.0,0.25,0.8,0.19999999999999996,0.16666666666666669,0.35
5,2,2.0,4,0,0,0,0.8,0.0,0.0,0.0,1,0,0,0,0,0,0,0,0,0,0,0,0,0,0,0,0,4,4,4,0,0.0,1,0.25,0,0.0,0,0.0,0,0.0,0,0.0,2,0.5,0,1,0,0,0,0,0,0,0,0,4,2.0,0,0,0.3333333333333333,0.0,0.75,0.25,0.23333333333333334,0.425
12,3,3.3333333333333335,10,0,0,0,0.8333333333333334,0.0,0.0,0.0,1,0,0,0,0,0,0,0,0,0,0,0,0,0,0,0,0,6,6,6,2,0.3333333333333333,1,0.16666666666666666,0,0.0,0,0.0,0,0.0,2,0.3333333333333333,1,0.16666666666666666,0,1,0,0,0,0,0,0,0,0,10,3.3333333333333335,0,0,0.1111111111111111,0.2222222222222222,0.3,0.7,0.12227722098421426,0.35
12,4,2.25,9,0,0,0,0.75,0.0,0.0,0.0,1,0,0,0,0,0,0,0,0,0,0,0,0,0,0,0,0,7,7,6,3,0.42857142857142855,0,0.0,1,0.14285714285714285,0,0.0,0,0.0,2,0.2857142857142857,1,0.14285714285714285,0,1,0,0,0,0,0,0,0,0,9,2.25,0,0,0.375,0.0,0.3333333333333333,0.6666666666666667,0.18228305207480378,0.38333333333333336
6,2,2.5,5,0,0,0,0.8333333333333334,0.0,0.0,0.0,1,0,0,0,0,0,0,0,0,0,0,0,0,0,0,0,0,2,2,1,2,1.0,0,0.0,0,0.0,0,0.0,0,0.0,0,0.0,0,0.0,0,1,0,0,0,0,0,0,0,0,5,2.5,0,0,0.0,0.25,0.6,0.4,0.13333333333333333,0.45
2,1,2.0,2,0,0,0,1.0,0.0,0.0,0.0,1,0,0,0,0,0,0,0,0,0,0,0,0,0,0,0,0,1,1,1,1,1.0,0,0.0,0,0.0,0,0.0,0,0.0,0,0.0,0,0.0,1,0,0,0,0,0,0,0,0,0,2,2.0,0,0,0.0,0.0,0.5,0.5,0.16666666666666669,0.65
3,1,3.0,3,0,0,0,1.0,0.0,0.0,0.0,1,0,0,0,0,0,0,0,0,0,0,0,0,0,0,0,0,2,2,2,0,0.0,0,0.0,0,0.0,0,0.0,0,0.0,0,0.0,1,0.5,1,0,0,0,0,0,0,0,0,0,3,3.0,0,0,0.0,0.0,0.3333333333333333,0.6666666666666667,0.15000000000000002,0.6833333333333333
3,1,3.0,3,0,0,0,1.0,0.0,0.0,0.0,1,0,0,0,0,0,0,0,0,0,0,0,0,0,0,0,0,3,3,2,3,1.0,0,0.0,0,0.0,0,0.0,0,0.0,0,0.0,0,0.0,1,0,0,0,0,0,0,0,0,0,3,3.0,0,0,0.0,0.0,0.6666666666666666,0.33333333333333337,0.15000000000000002,0.5166666666666666
3,1,3.0,3,0,0,0,1.0,0.0,0.0,0.0,1,0,0,0,0,0,0,0,0,0,0,0,0,0,0,0,0,1,1,1,1,1.0,0,0.0,0,0.0,0,0.0,0,0.0,0,0.0,0,0.0,1,0,0,0,0,0,0,0,1,0,3,3.0,0,0,0.5,0.0,0.3333333333333333,0.6666666666666667,0.30000000000000004,0.6833333333333333
6,3,1.3333333333333333,4,0,0,0,0.6666666666666666,0.0,0.0,0.0,1,0,0,0,0,0,0,0,0,0,0,0,0,0,0,0,0,4,4,3,2,0.5,0,0.0,0,0.0,0,0.0,0,0.0,1,0.25,0,0.0,0,1,0,0,0,0,0,0,0,0,4,1.3333333333333333,0,0,0.0,0.0,0.5,0.5,0.10129560923162925,0.55
4,1,4.0,4,0,0,0,1.0,0.0,0.0,0.0,1,0,0,0,0,0,0,0,0,0,0,0,0,0,0,0,0,3,3,3,1,0.3333333333333333,0,0.0,0,0.0,0,0.0,0,0.0,1,0.3333333333333333,0,0.0,1,0,0,0,0,0,0,0,0,0,4,4.0,0,0,0.0,0.0,0.5,0.5,0.13333333333333333,0.55
2,1,2.0,2,0,0,0,1.0,0.0,0.0,0.0,1,0,0,0,0,0,0,0,0,0,0,0,0,0,0,0,0,3,3,3,1,0.3333333333333333,1,0.3333333333333333,0,0.0,0,0.0,0,0.0,0,0.0,1,0.3333333333333333,1,0,0,0,0,0,0,0,0,0,2,2.0,0,0,0.0,0.0,0.5,0.5,0.16666666666666669,0.65
3,1,3.0,3,0,0,0,1.0,0.0,0.0,0.0,1,0,0,0,0,0,0,0,0,0,0,0,0,0,0,0,0,4,4,4,0,0.0,1,0.25,0,0.0,1,0.25,1,0.25,0,0.0,1,0.25,1,0,0,0,0,0,0,0,0,0,3,3.0,0,0,0.0,0.5,0.0,1.0,0.25,0.85
3,1,3.0,3,0,0,0,1.0,0.0,0.0,0.0,1,0,0,0,0,0,0,0,0,0,0,0,0,0,0,0,0,1,1,1,1,1.0,0,0.0,0,0.0,0,0.0,0,0.0,0,0.0,0,0.0,1,0,0,0,0,0,0,0,0,0,3,3.0,0,0,0.0,0.5,0.6666666666666666,0.33333333333333337,0.25,0.5166666666666666
4,1,4.0,4,0,0,0,1.0,0.0,0.0,0.0,1,0,0,0,0,0,0,0,0,0,0,0,0,0,0,0,0,1,1,1,1,1.0,0,0.0,0,0.0,0,0.0,0,0.0,0,0.0,0,0.0,1,0,0,0,0,0,0,0,0,0,4,4.0,0,0,0.3333333333333333,0.0,0.25,0.75,0.23333333333333334,0.675
11,3,3.0,9,0,0,0,0.8181818181818182,0.0,0.0,0.0,1,0,0,0,0,0,0,0,0,0,0,0,0,0,0,0,0,4,4,2,4,1.0,0,0.0,0,0.0,0,0.0,0,0.0,0,0.0,0,0.0,0,1,0,0,0,0,0,0,0,0,9,3.0,0,0,0.25,0.25,0.1111111111111111,0.8888888888888888,0.1800510257216822,0.4944444444444444
11,2,5.0,8,0,2,0,0.7272727272727273,0.0,0.18181818181818182,0.0,1,0,1,0,0,0,0,0,0,0,0,0,0,0,1,2,1,5,5,4,4,0.8,0,0.0,0,0.0,0,0.0,0,0.0,0,0.0,0,0.0,0,1,0,0,0,0,0,0,0,0,8,4.0,0,0,0.0,0.14285714285714285,0.5,0.5,0.1285714285714286,0.35
11,3,3.0,9,0,0,0,0.8181818181818182,0.0,0.0,0.0,1,0,0,0,0,0,0,0,0,0,0,0,0,0,0,0,0,2,2,1,2,1.0,0,0.0,0,0.0,0,0.0,0,0.0,0,0.0,0,0.0,0,1,0,0,0,0,0,0,0,0,9,3.0,0,0,0.125,0.125,0.2222222222222222,0.7777777777777778,0.1625,0.4388888888888889
4,1,4.0,0,4,0,0,0.0,1.0,0.0,0.0,0,1,0,0,0,0,0,0,0,0,0,0,0,0,0,0,0,1,1,1,0,0.0,0,0.0,0,0.0,0,0.0,0,0.0,0,0.0,0,0.0,1,0,0,0,0,0,0,0,0,0,0,0.0,0,0,0.0,0.0,0.0,1.0,0.1,1.0
12,3,3.3333333333333335,9,0,0,1,0.75,0.0,0.0,0.08333333333333333,1,0,0,0,1,0,0,0,0,0,0,0,0,0,0,0,0,7,7,5,2,0.2857142857142857,1,0.14285714285714285,0,0.0,0,0.0,0,0.0,0,0.0,2,0.2857142857142857,0,1,0,0,0,0,0,0,0,0,9,3.0,0,0,0.25,0.125,0.1111111111111111,0.8888888888888888,0.13273531727209287,0.4944444444444444
5,2,2.0,4,0,0,0,0.8,0.0,0.0,0.0,1,0,0,0,0,0,0,0,0,0,0,0,0,0,0,0,0,3,3,2,2,0.6666666666666666,0,0.0,0,0.0,0,0.0,0,0.0,1,0.3333333333333333,0,0.0,0,1,0,0,0,0,0,0,0,0,4,2.0,0,0,0.3333333333333333,0.0,0.5,0.5,0.18333333333333335,0.55
4,1,4.0,4,0,0,0,1.0,0.0,0.0,0.0,1,0,0,0,0,0,0,0,0,0,0,0,0,0,0,0,0,2,2,1,2,1.0,0,0.0,0,0.0,0,0.0,0,0.0,0,0.0,0,0.0,1,0,0,0,0,0,0,0,0,0,4,4.0,0,0,0.0,0.0,0.75,0.25,0.13333333333333333,0.425
2,1,2.0,2,0,0,0,1.0,0.0,0.0,0.0,1,0,0,0,0,0,0,0,0,0,0,0,0,0,0,0,0,1,1,1,1,1.0,0,0.0,0,0.0,0,0.0,0,0.0,0,0.0,0,0.0,1,0,0,0,0,0,0,0,0,0,2,2.0,0,0,0.0,0.0,0.5,0.5,0.16666666666666669,0.65
7,2,3.0,6,0,0,0,0.8571428571428571,0.0,0.0,0.0,1,0,0,0,0,0,0,0,0,0,0,0,0,0,0,0,0,4,4,1,4,1.0,0,0.0,0,0.0,0,0.0,0,0.0,0,0.0,0,0.0,0,1,0,0,0,0,0,0,0,0,6,3.0,0,0,0.0,0.0,0.5,0.5,0.1,0.45
3,1,3.0,3,0,0,0,1.0,0.0,0.0,0.0,1,0,0,0,0,0,0,0,0,0,0,0,0,0,0,0,0,2,2,2,2,1.0,0,0.0,0,0.0,0,0.0,0,0.0,0,0.0,0,0.0,1,0,0,0,0,0,0,0,0,0,3,3.0,0,0,0.0,0.0,1.0,0.0,0.15000000000000002,0.35
2,1,2.0,2,0,0,0,1.0,0.0,0.0,0.0,1,0,0,0,0,0,0,0,0,0,0,0,0,0,0,0,0,1,1,1,1,1.0,0,0.0,0,0.0,0,0.0,0,0.0,0,0.0,0,0.0,1,0,0,0,0,0,0,0,0,0,2,2.0,0,0,0.0,0.0,1.0,0.0,0.16666666666666669,0.4
7,2,3.0,6,0,0,0,0.8571428571428571,0.0,0.0,0.0,1,0,0,0,0,0,0,0,0,0,0,0,0,0,1,2,1,2,2,2,1,0.5,0,0.0,0,0.0,1,0.5,0,0.0,0,0.0,0,0.0,0,1,0,0,0,0,0,0,0,0,6,3.0,1,2,0.2,0.8,0.3333333333333333,0.6666666666666667,0.5700000000000001,0.5333333333333334
4,1,4.0,4,0,0,0,1.0,0.0,0.0,0.0,1,0,0,0,0,0,0,0,0,0,0,0,0,0,0,0,0,3,3,2,2,0.6666666666666666,0,0.0,0,0.0,0,0.0,0,0.0,0,0.0,0,0.0,1,0,0,0,0,0,0,0,0,0,4,4.0,0,0,0.0,0.3333333333333333,0.25,0.75,0.2,0.675
4,1,4.0,0,4,0,0,0.0,1.0,0.0,0.0,0,1,0,0,0,0,0,0,0,0,0,0,0,0,1,2,1,1,1,1,0,0.0,0,0.0,0,0.0,0,0.0,0,0.0,0,0.0,0,0.0,1,0,0,0,0,0,0,0,0,0,0,0.0,0,0,0.0,0.0,0.0,1.0,0.1,1.0
6,2,2.5,5,0,0,0,0.8333333333333334,0.0,0.0,0.0,1,0,0,0,0,0,0,0,0,0,0,0,0,0,0,0,0,3,3,2,2,0.6666666666666666,0,0.0,0,0.0,0,0.0,0,0.0,1,0.3333333333333333,0,0.0,0,1,0,0,0,0,0,0,0,0,5,2.5,0,0,0.0,0.0,0.4,0.6,0.08333333333333333,0.55
5,1,5.0,5,0,0,0,1.0,0.0,0.0,0.0,1,0,0,0,0,0,0,0,0,0,0,0,0,0,0,0,0,1,1,1,1,1.0,0,0.0,0,0.0,0,0.0,0,0.0,0,0.0,0,0.0,1,0,0,0,0,0,0,0,0,0,5,5.0,0,0,0.0,0.0,0.0,1.0,0.11666666666666667,0.75
5,2,2.0,4,0,0,0,0.8,0.0,0.0,0.0,1,0,0,0,0,0,0,0,0,0,0,0,0,0,0,0,0,2,2,1,2,1.0,0,0.0,0,0.0,0,0.0,0,0.0,0,0.0,0,0.0,0,1,0,0,0,0,0,0,0,0,4,2.0,0,0,0.0,0.0,0.5,0.5,0.13333333333333333,0.55
9,2,4.0,8,0,0,0,0.8888888888888888,0.0,0.0,0.0,1,0,0,0,0,0,0,0,0,0,0,0,0,0,0,0,0,6,6,2,5,0.8333333333333334,0,0.0,0,0.0,0,0.0,0,0.0,1,0.16666666666666666,0,0.0,0,1,0,0,0,0,0,0,0,0,8,4.0,0,0,0.0,0.0,0.375,0.625,0.1,0.4125
9,2,4.0,8,0,0,0,0.8888888888888888,0.0,0.0,0.0,1,0,0,0,0,0,0,0,0,0,0,0,0,0,0,0,0,5,4,3,3,0.6,1,0.2,0,0.0,0,0.0,0,0.0,0,0.0,1,0.2,0,1,0,0,0,0,0,0,0,0,8,4.0,0,0,0.0,0.42857142857142855,0.0,1.0,0.18571428571428572,0.6
14,3,4.0,11,0,0,1,0.7857142857142857,0.0,0.0,0.07142857142857142,1,0,0,0,1,0,0,0,0,0,0,0,0,0,0,0,0,7,7,7,1,0.14285714285714285,0,0.0,1,0.14285714285714285,1,0.14285714285714285,0,0.0,1,0.14285714285714285,2,0.2857142857142857,0,1,0,1,0,0,0,0,0,0,11,3.6666666666666665,0,0,0.1,0.2,0.45454545454545453,0.5454545454545454,0.1250510257216822,0.2727272727272727
9,3,2.3333333333333335,7,0,0,0,0.7777777777777778,0.0,0.0,0.0,1,0,0,0,0,0,0,0,0,0,0,0,0,0,0,0,0,5,5,5,1,0.2,0,0.0,0,0.0,1,0.2,0,0.0,2,0.4,0,0.0,0,1,0,0,0,0,0,0,0,0,7,2.3333333333333335,0,0,0.16666666666666666,0.0,0.2857142857142857,0.7142857142857143,0.11796227589829592,0.5071428571428571
7,1,7.0,7,0,0,0,1.0,0.0,0.0,0.0,1,0,0,0,0,0,0,0,0,0,0,0,0,0,0,0,0,5,5,4,0,0.0,1,0.2,0,0.0,2,0.4,0,0.0,0,0.0,2,0.4,1,0,0,0,0,0,0,0,0,0,7,7.0,0,0,0.3333333333333333,0.0,0.7142857142857143,0.2857142857142857,0.2,0.29285714285714287
10,3,2.6666666666666665,7,0,0,1,0.7,0.0,0.0,0.1,1,0,0,0,0,1,0,0,0,0,0,0,0,0,0,0,0,9,8,9,2,0.2222222222222222,2,0.2222222222222222,0,0.0,0,0.0,0,0.0,2,0.2222222222222222,2,0.2222222222222222,0,1,0,0,1,0,0,0,0,0,7,2.3333333333333335,0,0,0.16666666666666666,0.0,0.14285714285714285,0.8571428571428572,0.09449944320643647,0.5785714285714286
6,2,2.5,5,0,0,0,0.8333333333333334,0.0,0.0,0.0,1,0,0,0,0,0,0,0,0,0,0,0,0,0,0,0,0,2,2,2,2,1.0,0,0.0,0,0.0,0,0.0,0,0.0,0,0.0,0,0.0,0,1,0,0,0,0,0,0,0,0,5,2.5,0,0,0.0,0.0,0.0,1.0,0.08333333333333333,0.75
8,2,3.5,7,0,0,0,0.875,0.0,0.0,0.0,1,0,0,0,0,0,0,0,0,0,0,0,0,0,0,0,0,6,5,6,1,0.16666666666666666,1,0.16666666666666666,1,0.16666666666666666,0,0.0,0,0.0,0,0.0,3,0.5,0,1,0,0,0,0,0,0,0,0,7,3.5,0,0,0.16666666666666666,0.0,0.2857142857142857,0.7142857142857143,0.11666666666666667,0.5071428571428571
3,1,3.0,3,0,0,0,1.0,0.0,0.0,0.0,1,0,0,0,0,0,0,0,0,0,0,0,0,0,0,0,0,2,2,2,1,0.5,0,0.0,0,0.0,0,0.0,0,0.0,0,0.0,1,0.5,1,0,0,0,0,0,0,0,0,0,3,3.0,0,0,0.0,0.0,0.6666666666666666,0.33333333333333337,0.15000000000000002,0.5166666666666666
6,2,2.5,5,0,0,0,0.8333333333333334,0.0,0.0,0.0,1,0,0,0,0,0,0,0,0,0,0,0,0,0,0,0,0,2,2,2,2,1.0,0,0.0,0,0.0,0,0.0,0,0.0,0,0.0,0,0.0,0,1,0,0,0,0,0,0,0,0,5,2.5,0,0,0.25,0.0,0.2,0.8,0.15833333333333333,0.65
15,2,7.0,0,13,0,1,0.0,0.8666666666666667,0.0,0.06666666666666667,0,1,0,0,0,0,0,0,0,0,0,0,0,0,0,0,0,4,4,2,0,0.0,0,0.0,0,0.0,0,0.0,0,0.0,0,0.0,0,0.0,0,1,0,0,0,0,0,0,0,1,0,0.0,0,0,0.0,0.0,0.0,1.0,0.025,1.0
4,1,4.0,4,0,0,0,1.0,0.0,0.0,0.0,1,0,0,0,0,0,0,0,0,0,0,0,0,0,0,0,0,2,2,2,2,1.0,0,0.0,0,0.0,0,0.0,0,0.0,0,0.0,0,0.0,1,0,0,0,0,0,0,0,0,0,4,4.0,0,0,0.0,0.0,0.0,1.0,0.13333333333333333,0.8
12,4,2.25,9,0,0,0,0.75,0.0,0.0,0.0,1,0,0,0,0,0,0,0,0,0,0,0,0,0,0,0,0,4,4,1,4,1.0,0,0.0,0,0.0,0,0.0,0,0.0,0,0.0,0,0.0,0,1,0,0,0,0,0,0,0,0,9,2.25,0,0,0.0,0.0,0.3333333333333333,0.6666666666666667,0.03788797813780742,0.38333333333333336
4,1,4.0,4,0,0,0,1.0,0.0,0.0,0.0,1,0,0,0,0,0,0,0,0,0,0,0,0,0,1,2,1,2,2,2,1,0.5,0,0.0,0,0.0,1,0.5,0,0.0,0,0.0,0,0.0,1,0,0,0,0,0,0,0,0,0,4,4.0,1,2,0.3333333333333333,0.6666666666666666,0.75,0.25,0.6666666666666666,0.425
4,1,4.0,4,0,0,0,1.0,0.0,0.0,0.0,1,0,0,0,0,0,0,0,0,0,0,0,0,0,0,0,0,2,2,2,1,0.5,0,0.0,0,0.0,1,0.5,0,0.0,0,0.0,0,0.0,1,0,0,0,0,0,0,0,0,0,4,4.0,0,0,0.0,0.0,0.25,0.75,0.13333333333333333,0.675
5,1,5.0,5,0,0,0,1.0,0.0,0.0,0.0,1,0,0,0,0,0,0,0,0,0,0,0,0,0,0,0,0,1,1,1,1,1.0,0,0.0,0,0.0,0,0.0,0,0.0,0,0.0,0,0.0,1,0,0,0,0,0,0,0,0,0,5,5.0,0,0,0.0,0.25,0.8,0.19999999999999996,0.16666666666666669,0.35
4,1,4.0,4,0,0,0,1.0,0.0,0.0,0.0,1,0,0,0,0,0,0,0,0,0,0,0,0,0,0,0,0,1,1,1,1,1.0,0,0.0,0,0.0,0,0.0,0,0.0,0,0.0,0,0.0,1,0,0,0,0,0,0,0,0,0,4,4.0,0,0,0.0,0.3333333333333333,0.0,1.0,0.2,0.8
2,1,2.0,2,0,0,0,1.0,0.0,0.0,0.0,1,0,0,0,0,0,0,0,0,0,0,0,0,0,0,0,0,2,2,2,1,0.5,1,0.5,0,0.0,0,0.0,0,0.0,0,0.0,0,0.0,1,0,0,0,0,0,0,0,0,0,2,2.0,0,0,0.0,0.0,0.5,0.5,0.16666666666666669,0.65
5,2,2.0,4,0,0,0,0.8,0.0,0.0,0.0,1,0,0,0,0,0,0,0,0,0,0,0,0,0,0,0,0,3,3,2,1,0.3333333333333333,0,0.0,0,0.0,2,0.6666666666666666,0,0.0,0,0.0,0,0.0,0,1,0,0,0,0,0,0,0,0,4,2.0,0,0,0.0,0.0,0.25,0.75,0.13333333333333333,0.675
7,2,3.0,6,0,0,0,0.8571428571428571,0.0,0.0,0.0,1,0,0,0,0,0,0,0,0,0,0,0,0,0,0,0,0,2,2,2,2,1.0,0,0.0,0,0.0,0,0.0,0,0.0,0,0.0,0,0.0,0,1,0,0,0,0,0,0,0,0,6,3.0,0,0,0.0,0.2,0.16666666666666666,0.8333333333333334,0.14,0.6166666666666667
19,5,3.0,15,0,0,0,0.7894736842105263,0.0,0.0,0.0,1,0,0,0,0,0,0,0,0,0,0,0,0,0,0,0,0,9,9,7,3,0.3333333333333333,1,0.1111111111111111,1,0.1111111111111111,0,0.0,0,0.0,2,0.2222222222222222,2,0.2222222222222222,0,1,0,0,0,0,0,0,0,0,15,3.0,0,0,0.14285714285714285,0.21428571428571427,0.5333333333333333,0.4666666666666667,0.1469716970420064,0.23333333333333334
4,1,4.0,4,0,0,0,1.0,0.0,0.0,0.0,1,0,0,0,0,0,0,0,0,0,0,0,0,0,0,0,0,1,1,1,1,1.0,0,0.0,0,0.0,0,0.0,0,0.0,0,0.0,0,0.0,1,0,0,0,0,0,0,0,0,0,4,4.0,0,0,0.0,0.0,0.5,0.5,0.13333333333333333,0.55
3,1,3.0,3,0,0,0,1.0,0.0,0.0,0.0,1,0,0,0,0,0,0,0,0,0,0,0,0,0,0,0,0,2,2,2,1,0.5,0,0.0,0,0.0,0,0.0,0,0.0,0,0.0,0,0.0,1,0,0,0,0,0,0,0,0,0,3,3.0,0,0,0.0,0.5,0.3333333333333333,0.6666666666666667,0.25,0.6833333333333333
4,1,4.0,4,0,0,0,1.0,0.0,0.0,0.0,1,0,0,0,0,0,0,0,0,0,0,0,0,0,0,0,0,3,3,2,2,0.6666666666666666,0,0.0,0,0.0,0,0.0,0,0.0,1,0.3333333333333333,0,0.0,1,0,0,0,0,0,0,0,0,0,4,4.0,0,0,0.0,0.0,0.5,0.5,0.13333333333333333,0.55
3,1,3.0,3,0,0,0,1.0,0.0,0.0,0.0,1,0,0,0,0,0,0,0,0,0,0,0,0,0,0,0,0,3,3,3,2,0.6666666666666666,0,0.0,0,0.0,0,0.0,0,0.0,1,0.3333333333333333,0,0.0,1,0,0,0,0,0,0,0,0,0,3,3.0,0,0,0.0,0.5,0.6666666666666666,0.33333333333333337,0.25,0.5166666666666666
4,1,4.0,4,0,0,0,1.0,0.0,0.0,0.0,1,0,0,0,0,0,0,0,0,0,0,0,0,0,0,0,0,1,1,1,1,1.0,0,0.0,0,0.0,0,0.0,0,0.0,0,0.0,0,0.0,1,0,0,0,0,0,0,0,0,0,4,4.0,0,0,0.0,0.3333333333333333,0.5,0.5,0.2,0.55
8,3,2.0,6,0,0,0,0.75,0.0,0.0,0.0,1,0,0,0,0,0,0,0,0,0,0,0,0,0,0,0,0,4,4,2,3,0.75,0,0.0,0,0.0,0,0.0,0,0.0,0,0.0,1,0.25,0,1,0,0,0,0,0,0,0,0,6,2.0,0,0,0.0,0.0,0.3333333333333333,0.6666666666666667,0.05505102572168219,0.5333333333333334
6,1,6.0,6,0,0,0,1.0,0.0,0.0,0.0,1,0,0,0,0,0,0,0,0,0,0,0,0,0,0,0,0,1,1,1,1,1.0,0,0.0,0,0.0,0,0.0,0,0.0,0,0.0,0,0.0,1,0,0,0,0,0,0,0,0,0,6,6.0,0,0,0.0,0.0,0.5,0.5,0.1,0.45
9,2,4.0,8,0,0,0,0.8888888888888888,0.0,0.0,0.0,1,0,0,0,0,0,0,0,0,0,0,0,0,0,0,0,0,4,4,4,1,0.25,1,0.25,0,0.0,0,0.0,0,0.0,1,0.25,1,0.25,0,1,0,0,0,0,0,0,0,0,8,4.0,0,0,0.14285714285714285,0.2857142857142857,0.25,0.75,0.2,0.475
2,1,2.0,2,0,0,0,1.0,0.0,0.0,0.0,1,0,0,0,0,0,0,0,0,0,0,0,0,0,0,0,0,3,3,3,0,0.0,1,0.3333333333333333,0,0.0,0,0.0,0,0.0,0,0.0,1,0.3333333333333333,1,0,0,0,0,0,0,0,0,0,2,2.0,0,0,0.0,0.0,0.5,0.5,0.16666666666666669,0.65
4,1,4.0,4,0,0,0,1.0,0.0,0.0,0.0,1,0,0,0,0,0,0,0,0,0,0,0,0,0,0,0,0,4,4,4,2,0.5,0,0.0,0,0.0,1,0.25,0,0.0,0,0.0,0,0.0,1,0,0,0,0,0,0,0,0,0,4,4.0,0,0,0.0,0.3333333333333333,0.25,0.75,0.2,0.675
2,1,2.0,2,0,0,0,1.0,0.0,0.0,0.0,1,0,0,0,0,0,0,0,0,0,0,0,0,0,0,0,0,1,1,1,1,1.0,0,0.0,0,0.0,0,0.0,0,0.0,0,0.0,0,0.0,1,0,0,0,0,0,0,0,0,0,2,2.0,0,0,0.0,0.0,1.0,0.0,0.16666666666666669,0.4
4,1,4.0,4,0,0,0,1.0,0.0,0.0,0.0,1,0,0,0,0,0,0,0,0,0,0,0,0,0,0,0,0,1,1,1,1,1.0,0,0.0,0,0.0,0,0.0,0,0.0,0,0.0,0,0.0,1,0,0,0,0,0,0,0,0,0,4,4.0,0,0,0.0,0.0,0.25,0.75,0.13333333333333333,0.675
3,1,3.0,3,0,0,0,1.0,0.0,0.0,0.0,1,0,0,0,0,0,0,0,0,0,0,0,0,0,0,0,0,1,1,1,1,1.0,0,0.0,0,0.0,0,0.0,0,0.0,0,0.0,0,0.0,1,0,0,0,0,0,0,0,0,0,3,3.0,0,0,0.0,0.0,0.6666666666666666,0.33333333333333337,0.15000000000000002,0.5166666666666666
3,1,3.0,3,0,0,0,1.0,0.0,0.0,0.0,1,0,0,0,0,0,0,0,0,0,0,0,0,0,0,0,0,3,3,3,1,0.3333333333333333,0,0.0,0,0.0,1,0.3333333333333333,0,0.0,0,0.0,0,0.0,1,0,0,0,0,0,0,0,0,0,3,3.0,0,0,0.0,0.0,1.0,0.0,0.15000000000000002,0.35
3,1,3.0,3,0,0,0,1.0,0.0,0.0,0.0,1,0,0,0,0,0,0,0,0,0,0,0,0,0,1,2,1,4,4,4,0,0.0,0,0.0,1,0.25,1,0.25,0,0.0,1,0.25,1,0.25,1,0,0,0,0,0,0,0,0,0,3,3.0,1,2,0.5,0.5,1.0,0.0,0.7,0.35
7,2,3.0,6,0,0,0,0.8571428571428571,0.0,0.0,0.0,1,0,0,0,0,0,0,0,0,0,0,0,0,0,0,0,0,2,2,1,2,1.0,0,0.0,0,0.0,0,0.0,0,0.0,0,0.0,0,0.0,0,1,0,0,0,0,0,0,0,0,6,3.0,0,0,0.0,0.2,0.3333333333333333,0.6666666666666667,0.14,0.5333333333333334
3,1,3.0,3,0,0,0,1.0,0.0,0.0,0.0,1,0,0,0,0,0,0,0,0,0,0,0,0,0,0,0,0,1,1,1,1,1.0,0,0.0,0,0.0,0,0.0,0,0.0,0,0.0,0,0.0,1,0,0,0,0,0,0,0,0,0,3,3.0,0,0,0.0,0.0,0.3333333333333333,0.6666666666666667,0.15000000000000002,0.6833333333333333
10,3,2.6666666666666665,8,0,0,0,0.8,0.0,0.0,0.0,1,0,0,0,0,0,0,0,0,0,0,0,0,0,0,0,0,6,6,6,1,0.16666666666666666,0,0.0,0,0.0,1,0.16666666666666666,0,0.0,1,0.16666666666666666,1,0.16666666666666666,0,1,0,0,0,0,0,0,0,0,8,2.6666666666666665,0,0,0.14285714285714285,0.14285714285714285,0.5,0.5,0.1229004340047144,0.35
3,1,3.0,3,0,0,0,1.0,0.0,0.0,0.0,1,0,0,0,0,0,0,0,0,0,0,0,0,0,0,0,0,1,1,1,1,1.0,0,0.0,0,0.0,0,0.0,0,0.0,0,0.0,0,0.0,1,0,0,0,0,0,0,0,0,0,3,3.0,0,0,0.0,0.0,1.0,0.0,0.15000000000000002,0.35
4,1,4.0,4,0,0,0,1.0,0.0,0.0,0.0,1,0,0,0,0,0,0,0,0,0,0,0,0,0,0,0,0,1,1,1,0,0.0,0,0.0,0,0.0,1,1.0,0,0.0,0,0.0,0,0.0,1,0,0,0,0,0,0,0,0,0,4,4.0,0,0,0.0,0.0,0.5,0.5,0.13333333333333333,0.55
9,2,4.0,3,5,0,0,0.3333333333333333,0.5555555555555556,0.0,0.0,1,1,0,1,0,0,0,0,0,0,0,0,0,0,0,0,0,3,3,3,0,0.0,1,0.3333333333333333,0,0.0,0,0.0,0,0.0,0,0.0,1,0.3333333333333333,0,1,0,0,0,0,0,0,0,0,3,1.5,0,0,0.0,0.0,0.0,1.0,0.1,0.85
4,1,4.0,4,0,0,0,1.0,0.0,0.0,0.0,1,0,0,0,0,0,0,0,0,0,0,0,0,0,0,0,0,3,3,2,2,0.6666666666666666,0,0.0,0,0.0,1,0.3333333333333333,0,0.0,0,0.0,0,0.0,1,0,0,0,0,0,0,0,0,0,4,4.0,0,0,0.0,0.0,0.75,0.25,0.13333333333333333,0.425
14,4,2.75,11,0,0,0,0.7857142857142857,0.0,0.0,0.0,1,0,0,0,0,0,0,0,0,0,0,0,0,0,0,0,0,10,10,10,2,0.2,1,0.1,0,0.0,0,0.0,0,0.0,1,0.1,3,0.3,0,1,0,0,0,0,0,0,0,0,11,2.75,0,0,0.2,0.2,0.5454545454545454,0.4545454545454546,0.14785319247208983,0.2272727272727273
5,2,2.0,4,0,0,0,0.8,0.0,0.0,0.0,1,0,0,0,0,0,0,0,0,0,0,0,0,0,0,0,0,2,2,1,2,1.0,0,0.0,0,0.0,0,0.0,0,0.0,0,0.0,0,0.0,0,1,0,0,0,0,0,0,0,0,4,2.0,0,0,0.0,0.3333333333333333,0.25,0.75,0.2,0.675
57,12,3.8333333333333335,45,0,0,1,0.7894736842105263,0.0,0.0,0.017543859649122806,1,0,0,0,1,0,0,0,0,0,0,0,0,0,0,0,0,39,30,17,11,0.28205128205128205,7,0.1794871794871795,1,0.02564102564102564,3,0.07692307692307693,0,0.0,6,0.15384615384615385,9,0.23076923076923078,0,0,1,1,0,0,0,0,0,0,45,3.75,0,0,0.022727272727272728,0.1590909090909091,0.37777777777777777,0.6222222222222222,0.07471542191741287,0.3111111111111111
6,1,6.0,6,0,0,0,1.0,0.0,0.0,0.0,1,0,0,0,0,0,0,0,0,0,0,0,0,0,0,0,0,3,3,3,1,0.3333333333333333,0,0.0,0,0.0,0,0.0,0,0.0,0,0.0,1,0.3333333333333333,1,0,0,0,0,0,0,0,0,0,6,6.0,0,0,0.0,0.4,0.3333333333333333,0.6666666666666667,0.18000000000000002,0.5333333333333334
16,4,3.25,13,0,0,0,0.8125,0.0,0.0,0.0,1,0,0,0,0,0,0,0,0,0,0,0,0,0,0,0,0,9,9,8,0,0.0,3,0.3333333333333333,0,0.0,1,0.1111111111111111,0,0.0,1,0.1111111111111111,4,0.4444444444444444,0,1,0,0,0,0,0,0,0,0,13,3.25,0,0,0.08333333333333333,0.08333333333333333,0.15384615384615385,0.8461538461538461,0.11144971874147044,0.4230769230769231
7,2,3.0,6,0,0,0,0.8571428571428571,0.0,0.0,0.0,1,0,0,0,0,0,0,0,0,0,0,0,0,0,0,0,0,2,2,1,2,1.0,0,0.0,0,0.0,0,0.0,0,0.0,0,0.0,0,0.0,0,1,0,0,0,0,0,0,0,0,6,3.0,0,0,0.2,0.2,0.3333333333333333,0.6666666666666667,0.2,0.5333333333333334
4,1,4.0,4,0,0,0,1.0,0.0,0.0,0.0,1,0,0,0,0,0,0,0,0,0,0,0,0,0,0,0,0,1,1,1,1,1.0,0,0.0,0,0.0,0,0.0,0,0.0,0,0.0,0,0.0,1,0,0,0,0,0,0,0,0,0,4,4.0,0,0,0.0,1.0,0.0,1.0,0.33333333333333337,0.8
