h12_freq_sum,h12_freq_mean,h12_freq_median,h12_freq_std,h12_freq_min,h12_freq_max,h12_freq_first,h12_freq_last,h12_active_month_count,h12_zero_month_count,h12_nonzero_month_count,h12_freq_slope,h12_freq_log_slope,h12_freq_first_to_last_diff,h12_freq_first_to_last_ratio,h12_freq_last_to_max_ratio,h12_freq_early_mean,h12_freq_late_mean,h12_freq_late_to_early_ratio,h12_peak_value,h12_peak_month,h12_time_to_peak,h12_post_peak_slope,h12_post_peak_log_slope,h12_post_peak_decay_rate,h12_peak_sharpness,h12_peak_count,h12_longest_active_streak,h12_current_active_streak,h12_retention_ratio,h12_late_activity_ratio,h12_revival_count,h12_has_revival,h12_freq_entropy,h12_freq_gini,h12_freq_cv,h12_freq_burstiness,h12_freq_autocorr_lag1
,,,,,,,,,,,,,,,,,,,,,,,,,,,,,,,,,,,,,
,,,,,,,,,,,,,,,,,,,,,,,,,,,,,,,,,,,,,
,,,,,,,,,,,,,,,,,,,,,,,,,,,,,,,,,,,,,
,,,,,,,,,,,,,,,,,,,,,,,,,,,,,,,,,,,,,
,,,,,,,,,,,,,,,,,,,,,,,,,,,,,,,,,,,,,
,,,,,,,,,,,,,,,,,,,,,,,,,,,,,,,,,,,,,
,,,,,,,,,,,,,,,,,,,,,,,,,,,,,,,,,,,,,
,,,,,,,,,,,,,,,,,,,,,,,,,,,,,,,,,,,,,
,,,,,,,,,,,,,,,,,,,,,,,,,,,,,,,,,,,,,
,,,,,,,,,,,,,,,,,,,,,,,,,,,,,,,,,,,,,
,,,,,,,,,,,,,,,,,,,,,,,,,,,,,,,,,,,,,
,,,,,,,,,,,,,,,,,,,,,,,,,,,,,,,,,,,,,
,,,,,,,,,,,,,,,,,,,,,,,,,,,,,,,,,,,,,
,,,,,,,,,,,,,,,,,,,,,,,,,,,,,,,,,,,,,
,,,,,,,,,,,,,,,,,,,,,,,,,,,,,,,,,,,,,
,,,,,,,,,,,,,,,,,,,,,,,,,,,,,,,,,,,,,
,,,,,,,,,,,,,,,,,,,,,,,,,,,,,,,,,,,,,
,,,,,,,,,,,,,,,,,,,,,,,,,,,,,,,,,,,,,
,,,,,,,,,,,,,,,,,,,,,,,,,,,,,,,,,,,,,
,,,,,,,,,,,,,,,,,,,,,,,,,,,,,,,,,,,,,
,,,,,,,,,,,,,,,,,,,,,,,,,,,,,,,,,,,,,
,,,,,,,,,,,,,,,,,,,,,,,,,,,,,,,,,,,,,
,,,,,,,,,,,,,,,,,,,,,,,,,,,,,,,,,,,,,
,,,,,,,,,,,,,,,,,,,,,,,,,,,,,,,,,,,,,
,,,,,,,,,,,,,,,,,,,,,,,,,,,,,,,,,,,,,
,,,,,,,,,,,,,,,,,,,,,,,,,,,,,,,,,,,,,
,,,,,,,,,,,,,,,,,,,,,,,,,,,,,,,,,,,,,
,,,,,,,,,,,,,,,,,,,,,,,,,,,,,,,,,,,,,
,,,,,,,,,,,,,,,,,,,,,,,,,,,,,,,,,,,,,
,,,,,,,,,,,,,,,,,,,,,,,,,,,,,,,,,,,,,
,,,,,,,,,,,,,,,,,,,,,,,,,,,,,,,,,,,,,
,,,,,,,,,,,,,,,,,,,,,,,,,,,,,,,,,,,,,
,,,,,,,,,,,,,,,,,,,,,,,,,,,,,,,,,,,,,
,,,,,,,,,,,,,,,,,,,,,,,,,,,,,,,,,,,,,
,,,,,,,,,,,,,,,,,,,,,,,,,,,,,,,,,,,,,
,,,,,,,,,,,,,,,,,,,,,,,,,,,,,,,,,,,,,
,,,,,,,,,,,,,,,,,,,,,,,,,,,,,,,,,,,,,
,,,,,,,,,,,,,,,,,,,,,,,,,,,,,,,,,,,,,
,,,,,,,,,,,,,,,,,,,,,,,,,,,,,,,,,,,,,
,,,,,,,,,,,,,,,,,,,,,,,,,,,,,,,,,,,,,
,,,,,,,,,,,,,,,,,,,,,,,,,,,,,,,,,,,,,
,,,,,,,,,,,,,,,,,,,,,,,,,,,,,,,,,,,,,
,,,,,,,,,,,,,,,,,,,,,,,,,,,,,,,,,,,,,
,,,,,,,,,,,,,,,,,,,,,,,,,,,,,,,,,,,,,
,,,,,,,,,,,,,,,,,,,,,,,,,,,,,,,,,,,,,
,,,,,,,,,,,,,,,,,,,,,,,,,,,,,,,,,,,,,
,,,,,,,,,,,,,,,,,,,,,,,,,,,,,,,,,,,,,
,,,,,,,,,,,,,,,,,,,,,,,,,,,,,,,,,,,,,
,,,,,,,,,,,,,,,,,,,,,,,,,,,,,,,,,,,,,
,,,,,,,,,,,,,,,,,,,,,,,,,,,,,,,,,,,,,
,,,,,,,,,,,,,,,,,,,,,,,,,,,,,,,,,,,,,
165047.0,13753.916666666666,10071.5,10465.808389372296,4486.0,39173.0,11327.0,5972.0,12.0,0.0,12.0,-2370.511123249158,-0.17039192070029252,-5355.0,0.5272358082453189,0.15245194394094086,20961.0,6546.833333333333,0.31233401714279896,39173.0,2.0,1.0,-2514.538717490794,-0.2025164784766457,0.7075868582950738,2.8481341678410286,3.0,12.0,12.0,0.15245194394094086,0.23799887304826878,2.0,1.0,2.2424783161226745,0.3783846419504675,0.7609329504466984,-0.1357615856367103,0.5670516212105473
111564.0,9297.0,11301.5,5236.360233979324,691.0,15836.0,691.0,15836.0,12.0,0.0,12.0,1408.760329396336,0.2711961502427586,15145.0,22.917510853503366,0.9999999999993685,5566.166666666667,13027.833333333334,2.3405395694181985,15836.0,12.0,11.0,0.0,0.0,0.0,1.7033451651051914,2.0,12.0,12.0,0.9999999999993685,0.7006471621669444,0.0,0.0,2.278791522000822,0.30802200231853916,0.5632311749998592,-0.27940130160153975,0.8430980887406645
408.0,34.0,12.5,43.66157731156002,0.0,150.0,91.0,0.0,11.0,1.0,11.0,-10.886204695251244,-0.3997948170603455,-91.0,0.0,0.0,62.666666666666664,5.333333333333333,0.0851063829651426,150.0,2.0,1.0,-5.6363636295316795,-0.3834806898039701,0.8886666666074222,4.411764704584775,3.0,11.0,0.0,0.0,0.07843137254709727,2.0,1.0,1.8062906163558068,0.6176470588200553,1.2841640381975994,0.12440614322776347,0.6028535752958533
11791.0,982.5833333333334,434.5,1207.1539848153407,7.0,4053.0,1896.0,8.0,12.0,0.0,12.0,-316.01652866043116,-0.6416454027777977,-1888.0,0.004219409282678168,0.0019738465334271558,1871.6666666666667,93.5,0.04995547640222642,4053.0,2.0,1.0,-250.50505020140798,-0.746020022827867,0.8558598568940147,4.124840980366806,2.0,12.0,12.0,0.0019738465334271558,0.04757866169107999,1.0,1.0,1.7742431078621779,0.6246218867496602,1.2285512524498907,0.10255597765984382,0.7281995231648974
105576.0,8798.0,6156.5,7144.988243517269,1623.0,27850.0,8320.0,3624.0,12.0,0.0,12.0,-1653.6884919371464,-0.1984525328466169,-4696.0,0.4355769230763995,0.13012567324950444,13589.166666666666,4006.8333333333335,0.2948549702579544,27850.0,2.0,1.0,-1550.0606041817446,-0.22399257655709687,0.7507863554754934,3.165492157304881,3.0,12.0,12.0,0.13012567324950444,0.22771273774340497,3.0,1.0,2.2078187295210876,0.4031534944810573,0.8121150538200895,-0.10368268051341256,0.48209768778238943
3224.0,268.6666666666667,196.5,205.85971490853237,30.0,682.0,324.0,137.0,12.0,0.0,12.0,-49.479974529362,-0.22279341097364921,-187.0,0.4228395061597889,0.20087976539294897,427.0,110.33333333333333,0.25839188133664964,682.0,3.0,2.0,-55.76249991635625,-0.2700253014007148,0.7111436950042355,2.5384615383670543,2.0,12.0,12.0,0.20087976539294897,0.20533498759241522,1.0,1.0,2.206945738599861,0.41273779983418746,0.7662272266781764,-0.13235713375581337,0.7569545206785856
8047.0,670.5833333333334,860.5,376.72413831461466,157.0,1119.0,316.0,220.0,12.0,0.0,12.0,56.83026060075274,0.11096804102646525,-96.0,0.6962025316235378,0.19660411081146914,475.1666666666667,866.0,1.822518414553016,1119.0,7.0,6.0,-213.374998933125,-0.3948307899015796,0.27131367291982744,1.6686964085745937,2.0,12.0,12.0,0.19660411081146914,0.6457064744617302,1.0,1.0,2.3044732128054926,0.30716416055658535,0.561785716379764,-0.28058540874679594,0.6877017609622923
12528.0,1044.0,434.5,1129.8406229788932,51.0,2795.0,2710.0,51.0,12.0,0.0,12.0,-320.734901193026,-0.45341652463148663,-2659.0,0.018819188191812476,0.018246869409594826,1920.1666666666667,167.83333333333334,0.08740560715170174,2795.0,2.0,1.0,-290.68686833452085,-0.5034258764882236,0.7487298747737076,2.677203065108456,2.0,12.0,12.0,0.018246869409594826,0.0803799489143675,1.0,1.0,1.8950796145240345,0.5619545551297329,1.0822228189349339,0.03948800205088989,0.9252136610062168
11877.0,989.75,154.5,1753.2658157944372,11.0,5978.0,5978.0,14.0,12.0,0.0,12.0,-409.92625521862516,-0.6283068453357425,-5964.0,0.0023419203747033425,0.0023419203747033425,1943.8333333333333,35.666666666666664,0.018348623853116617,5978.0,1.0,0.0,-238.04999976194998,-0.6105522311522484,0.910292283827061,6.039909067885427,0.0,12.0,12.0,0.0023419203747033425,0.018018018018002846,0.0,0.0,1.3614582066317886,0.7540835227749825,1.7714229005069189,0.2783490388189844,0.9849700480966099
7142.0,595.1666666666666,292.0,651.1929864145924,5.0,2084.0,987.0,5.0,12.0,0.0,12.0,-173.8893831980076,-0.570164405723141,-982.0,0.005065856129634591,0.0023992322456698693,1086.3333333333333,104.0,0.0957348880015735,2084.0,2.0,1.0,-162.40404020718702,-0.6899588688145765,0.8046545105527608,3.501540184763346,2.0,12.0,12.0,0.0023992322456698693,0.08737048445801264,1.0,1.0,1.898589381831005,0.575282367217206,1.0941355134197441,0.044951968405722686,0.7746778552713696
277.0,23.083333333333332,13.0,22.08490560440673,0.0,73.0,32.0,13.0,11.0,1.0,11.0,-5.0921805424528435,-0.24535549272395762,-19.0,0.4062499998730469,0.17808219175642712,38.166666666666664,8.0,0.20960698684464446,73.0,3.0,2.0,-2.2874999965687506,-0.18851635787075346,0.8325722982116721,3.162454872276193,3.0,9.0,2.0,0.17808219175642712,0.1732851985497009,3.0,1.0,2.0683812237922345,0.4894705174441252,0.9567468127728199,-0.022104641495582576,0.6862958511630581
1194.0,99.5,82.5,42.10007917648929,55.0,210.0,72.0,55.0,12.0,0.0,12.0,-2.5098537804748844,-0.0384859039541991,-17.0,0.7638888887827933,0.2619047618922902,99.66666666666667,99.33333333333333,0.9966555182946499,210.0,9.0,8.0,-17.249999741250004,-0.2580721174278221,0.6984126983794406,2.1105527636069796,3.0,12.0,12.0,0.2619047618922902,0.499162479057796,0.0,0.0,2.4051318252255687,0.21803461753119668,0.42311637359053395,-0.40536644579071324,-0.1440924307828035
214379.0,17864.916666666668,14893.5,11296.35525629346,4767.0,45339.0,22393.0,7284.0,12.0,0.0,12.0,-1857.150665955856,-0.14131107025199974,-15109.0,0.32528022149764424,0.1606563885396324,20396.5,15333.333333333334,0.7517629658679585,45339.0,7.0,6.0,-2728.374986358125,-0.2877627567255698,0.794168376011647,2.537879176597033,3.0,12.0,12.0,0.1606563885396324,0.429146511551951,1.0,1.0,2.299647077967476,0.33809398308602456,0.6323206241070517,-0.22524948252340113,0.17519024652627913
479512.0,39959.333333333336,33017.5,26898.138034485255,10116.0,113783.0,62485.0,20456.0,12.0,0.0,12.0,-6526.672594650217,-0.17169848470240404,-42029.0,0.32737456989672287,0.17978081084167408,55394.833333333336,24523.833333333332,0.4427097593336726,113783.0,2.0,1.0,-4082.0336650857494,-0.1538594757804017,0.7334891855548955,2.847469927759177,3.0,12.0,12.0,0.17978081084167408,0.3068598908890641,3.0,1.0,2.288143979194784,0.34249820650994933,0.6731378076330568,-0.1953587988242859,0.4590524092887072
,,,,,,,,,,,,,,,,,,,,,,,,,,,,,,,,,,,,,
2650.0,220.83333333333334,190.5,129.21740938777904,29.0,441.0,307.0,62.0,12.0,0.0,12.0,-32.38397962953157,-0.18108884807807094,-245.0,0.2019543973875585,0.14058956915780976,299.5,142.16666666666666,0.47468002224347194,441.0,2.0,1.0,-33.3198652794776,-0.20140356284367694,0.5687074829803014,1.9969811319850421,4.0,12.0,12.0,0.14058956915780976,0.32188679245161556,3.0,1.0,2.299251719306112,0.33446540880458553,0.5851354387106159,-0.2617218384705101,0.48638311341894463
42708.0,3559.0,2891.5,2720.469812366974,215.0,9230.0,5674.0,254.0,12.0,0.0,12.0,-789.276540977848,-0.33525550140273036,-5420.0,0.04476559746202897,0.027518959913296292,5849.666666666667,1268.3333333333333,0.21682147130853582,9230.0,2.0,1.0,-788.1885512331719,-0.40487470069645093,0.6987648970739991,2.593425119408279,2.0,12.0,12.0,0.027518959913296292,0.17818675657952185,1.0,1.0,2.175608508555273,0.42577893290871516,0.7643916303341755,-0.13353518890723295,0.8461603351551169
,,,,,,,,,,,,,,,,,,,,,,,,,,,,,,,,,,,,,
,,,,,,,,,,,,,,,,,,,,,,,,,,,,,,,,,,,,,
,,,,,,,,,,,,,,,,,,,,,,,,,,,,,,,,,,,,,
,,,,,,,,,,,,,,,,,,,,,,,,,,,,,,,,,,,,,
,,,,,,,,,,,,,,,,,,,,,,,,,,,,,,,,,,,,,
,,,,,,,,,,,,,,,,,,,,,,,,,,,,,,,,,,,,,
,,,,,,,,,,,,,,,,,,,,,,,,,,,,,,,,,,,,,
,,,,,,,,,,,,,,,,,,,,,,,,,,,,,,,,,,,,,
,,,,,,,,,,,,,,,,,,,,,,,,,,,,,,,,,,,,,
,,,,,,,,,,,,,,,,,,,,,,,,,,,,,,,,,,,,,
,,,,,,,,,,,,,,,,,,,,,,,,,,,,,,,,,,,,,
,,,,,,,,,,,,,,,,,,,,,,,,,,,,,,,,,,,,,
,,,,,,,,,,,,,,,,,,,,,,,,,,,,,,,,,,,,,
,,,,,,,,,,,,,,,,,,,,,,,,,,,,,,,,,,,,,
,,,,,,,,,,,,,,,,,,,,,,,,,,,,,,,,,,,,,
,,,,,,,,,,,,,,,,,,,,,,,,,,,,,,,,,,,,,
,,,,,,,,,,,,,,,,,,,,,,,,,,,,,,,,,,,,,
,,,,,,,,,,,,,,,,,,,,,,,,,,,,,,,,,,,,,
,,,,,,,,,,,,,,,,,,,,,,,,,,,,,,,,,,,,,
,,,,,,,,,,,,,,,,,,,,,,,,,,,,,,,,,,,,,
1835.0,152.91666666666666,29.5,223.56857946102855,0.0,775.0,368.0,0.0,11.0,1.0,11.0,-53.809281582308806,-0.5548734366086542,-368.0,0.0,0.0,292.1666666666667,13.666666666666666,0.04677695379189582,775.0,2.0,1.0,-30.087542051072333,-0.5787513380105244,0.9107096774076037,5.068119890676744,1.0,11.0,0.0,0.0,0.04468664850111888,0.0,0.0,1.6319039683572643,0.677611262487847,1.4620288574152038,0.18766183673641693,0.6539671237388245
,,,,,,,,,,,,,,,,,,,,,,,,,,,,,,,,,,,,,
103360.0,8613.333333333334,6290.5,5456.06785046602,2708.0,18655.0,17031.0,2708.0,12.0,0.0,12.0,-1527.791479963964,-0.18992287440109085,-14323.0,0.1590041688684405,0.14516215491817466,12808.333333333334,4418.333333333333,0.3449577098240637,18655.0,2.0,1.0,-1216.4848470103213,-0.1848140294815065,0.6372339855263268,2.1658281733720983,4.0,12.0,12.0,0.14516215491817466,0.25648219814239004,3.0,1.0,2.2908232751489632,0.347726393188843,0.6334444098830904,-0.22440652886496695,0.6758060151128669
983.0,81.91666666666667,10.5,143.1423873475483,0.0,503.0,503.0,4.0,11.0,1.0,11.0,-32.731087067256816,-0.4946882056972612,-499.0,0.007952286282148066,0.007952286282148066,157.16666666666666,6.666666666666667,0.04241781547980375,503.0,1.0,0.0,-17.63999998236,-0.46107553897461134,0.9132477859930495,6.140386570969637,1.0,10.0,1.0,0.007952286282148066,0.04069175991820252,1.0,1.0,1.4412913128916647,0.7282977280418688,1.747414697823896,0.2720429131204564,0.9765835965445185
,,,,,,,,,,,,,,,,,,,,,,,,,,,,,,,,,,,,,
1547.0,128.91666666666666,118.5,43.925046638816696,75.0,227.0,133.0,164.0,12.0,0.0,12.0,-3.2689129025333976,-0.017184761017251558,31.0,1.2330827066742043,0.7224669603205961,141.83333333333334,116.0,0.8178613395428064,227.0,3.0,2.0,8.906249986640624,0.07754477025959405,0.5134605971384183,1.7608274077496449,2.0,12.0,12.0,0.7224669603205961,0.44990303813542404,2.0,1.0,2.4300655294718596,0.18568196509304613,0.3407243436489421,-0.49173095080767354,0.2839212629447004
1591.0,132.58333333333334,137.5,37.61085466841838,72.0,217.0,104.0,139.0,12.0,0.0,12.0,4.191989824835711,0.04140291559711596,35.0,1.3365384614099483,0.6405529953621865,123.16666666666667,142.0,1.1529093368482077,217.0,4.0,3.0,1.0204081613216716,0.005123055417005893,0.35656682026006603,1.6367064737923287,2.0,12.0,12.0,0.6405529953621865,0.5355122564391231,1.0,1.0,2.444946793730843,0.15268175151831342,0.2836770936436073,-0.5580242179501288,0.04442049285360456
18852.0,1571.0,836.0,2151.6877484120846,10.0,8034.0,2224.0,10.0,12.0,0.0,12.0,-486.27844841583754,-0.5866475618227551,-2214.0,0.004496402877677624,0.0012447099825725109,2949.3333333333335,192.66666666666666,0.06532549728730111,8034.0,2.0,1.0,-322.58585819484534,-0.684547186328432,0.8930296240964738,5.11394016546713,2.0,12.0,12.0,0.0012447099825725109,0.06131975387223566,1.0,1.0,1.7545377447992228,0.6238683782444963,1.3696293751740218,0.1559861550725595,0.391090774218138
733.0,61.083333333333336,45.0,57.29813599838034,11.0,180.0,180.0,13.0,12.0,0.0,12.0,-14.994278436241292,-0.2755172833342102,-167.0,0.07222222221820987,0.07222222221820987,102.5,19.666666666666668,0.191869918680468,180.0,1.0,0.0,-12.519999987479999,-0.2712272621308114,0.7207070706670313,2.946793996789065,3.0,12.0,12.0,0.07222222221820987,0.16098226466356094,3.0,1.0,2.092203961568536,0.48010459299503916,0.9380322399290589,-0.03197457639275322,0.45558275582060487
11873.0,989.4166666666666,89.0,1821.3178588745996,10.0,6552.0,6552.0,10.0,12.0,0.0,12.0,-410.1474885305819,-0.5656040718388692,-6542.0,0.0015262515262491967,0.0015262515262491967,1936.5,42.333333333333336,0.021860745330810602,6552.0,1.0,0.0,-203.87999979612,-0.527516192708639,0.9261710511696376,6.622083719296332,2.0,12.0,12.0,0.0015262515262491967,0.021393076728694185,2.0,1.0,1.3376332588556465,0.7549692579801623,1.8407996552071337,0.2959728799164244,0.9275125244751217
12242.0,1020.1666666666666,125.5,1528.5710011496212,18.0,4788.0,4788.0,18.0,12.0,0.0,12.0,-396.1983467749639,-0.6000999701780084,-4770.0,0.00375939849623275,0.00375939849623275,1998.6666666666667,41.666666666666664,0.020847231487554133,4788.0,1.0,0.0,-293.27999970672005,-0.5980129830302698,0.8584719374175128,4.693350759633785,2.0,12.0,12.0,0.00375939849623275,0.02042149975492532,2.0,1.0,1.5310277450602348,0.7079997821705473,1.498354191603958,0.19947299437707589,0.9854492268047969
14036.0,1169.6666666666667,329.5,1792.408823033654,34.0,6500.0,1199.0,34.0,12.0,0.0,12.0,-352.71455787311936,-0.5163262611154583,-1165.0,0.02835696413654415,0.005230769230761183,2260.8333333333335,78.5,0.03472171028366507,6500.0,3.0,2.0,-213.11249968033124,-0.5857580166959947,0.9344957264942889,5.557138785931401,1.0,12.0,12.0,0.005230769230761183,0.03355656882300259,0.0,0.0,1.609186457386516,0.6840386624868333,1.5324099370347648,0.2102384488613722,0.4788345394998948
7889.0,657.4166666666666,164.5,896.000786675002,67.0,3030.0,3030.0,109.0,12.0,0.0,12.0,-224.11315937963806,-0.34914400083526476,-2921.0,0.03597359735961725,0.03597359735961725,1194.1666666666667,120.66666666666667,0.10104675505846995,3030.0,1.0,0.0,-151.41999984858,-0.31829787169804913,0.8542154215393349,4.608949169659897,2.0,12.0,12.0,0.03597359735961725,0.09177335530473853,2.0,1.0,1.7704788214506328,0.62575527105234,1.3629115781387344,0.15358660963513962,0.9911326797175866
,,,,,,,,,,,,,,,,,,,,,,,,,,,,,,,,,,,,,
95870.0,7989.166666666667,7631.0,4560.635204905368,975.0,14435.0,975.0,14435.0,12.0,0.0,12.0,1165.66306323034,0.21035674323836503,13460.0,14.805128204976358,0.9999999999993072,5291.166666666667,10687.166666666666,2.0198128957028634,14435.0,12.0,11.0,0.0,0.0,0.0,1.806821737767635,2.0,12.0,12.0,0.9999999999993072,0.6688536559924201,0.0,0.0,2.3046655338119937,0.324213344459499,0.5708524299446741,-0.2731940708581957,0.5234049333698323
,,,,,,,,,,,,,,,,,,,,,,,,,,,,,,,,,,,,,
173842.0,14486.833333333334,16518.0,9172.145748890436,1204.0,27873.0,1204.0,27873.0,12.0,0.0,12.0,2537.6147467580095,0.28398791858635514,26669.0,23.150332225721346,0.9999999999996412,6857.333333333333,22116.333333333332,3.2252090219669087,27873.0,12.0,11.0,0.0,0.0,0.0,1.9240229633792127,2.0,12.0,12.0,0.9999999999996412,0.7633253183925194,0.0,0.0,2.247677963043024,0.3591853522163735,0.6331366930120986,-0.2246372324845519,0.7115692086861121
126546.0,10545.5,12503.5,5440.568697296267,1441.0,16891.0,1482.0,16891.0,12.0,0.0,12.0,1437.4825162762384,0.22224470437842905,15409.0,11.397435897358992,0.9999999999994079,6908.166666666667,14182.833333333334,2.0530531496508195,16891.0,12.0,11.0,0.0,0.0,0.0,1.6017258546284179,2.0,12.0,12.0,0.9999999999994079,0.6724590267570154,0.0,0.0,2.316744035038061,0.28506761704570294,0.5159137733906507,-0.3193362545454305,0.8349931409005329
,,,,,,,,,,,,,,,,,,,,,,,,,,,,,,,,,,,,,
6907.0,575.5833333333334,229.0,643.3308452024423,26.0,2219.0,1215.0,26.0,12.0,0.0,12.0,-169.5905910846411,-0.3951350991185356,-1189.0,0.021399176954556388,0.011716989634917905,1036.1666666666667,115.0,0.11098600611120168,2219.0,2.0,1.0,-121.69023554273235,-0.41469305100232623,0.8434880576798401,3.8552193426288364,3.0,12.0,12.0,0.011716989634917905,0.09989865353974244,2.0,1.0,1.930584266581867,0.5649220597459526,1.1177023515701727,0.05558021480227186,0.7448641002959238
48176.0,4014.6666666666665,457.5,7083.167621591032,11.0,25405.0,8798.0,11.0,12.0,0.0,12.0,-1525.8385238308285,-0.7290498454631804,-8787.0,0.0012502841554884628,0.00043298563274928834,7943.166666666667,86.16666666666667,0.010847898613049982,25405.0,2.0,1.0,-690.5521877151556,-0.7488477015759076,0.9449990159413718,6.3280471603960615,2.0,12.0,12.0,0.00043298563274928834,0.01073148455662348,1.0,1.0,1.3694816385611965,0.7494360954278438,1.7643227220790574,0.27649547427179494,0.47151736849349957
11926.0,993.8333333333334,391.5,1434.9486537464986,5.0,5154.0,5154.0,5.0,12.0,0.0,12.0,-358.32167802098877,-0.634572996210054,-5149.0,0.0009701202949146874,0.0009701202949146874,1853.8333333333333,133.83333333333334,0.07219275375309436,5154.0,1.0,0.0,-220.08999977991004,-0.648723351521551,0.8805517338678367,5.185980211250854,2.0,12.0,12.0,0.0009701202949146874,0.06733187992615518,2.0,1.0,1.6718651587580862,0.6620269439319033,1.4438524102620092,0.18161997361554458,0.9256816239081107
,,,,,,,,,,,,,,,,,,,,,,,,,,,,,,,,,,,,,
275.0,22.916666666666668,16.0,26.606572913891448,7.0,110.0,16.0,15.0,12.0,0.0,12.0,0.011443102342590645,-0.018780061492357353,-1.0,0.9374999994140625,0.1363636363512397,17.166666666666668,28.666666666666668,1.6699029116486002,110.0,7.0,6.0,3.3749999831250004,0.2731002558017065,0.8872727271920661,4.799999997905454,4.0,12.0,12.0,0.1363636363512397,0.6254545454318017,1.0,1.0,2.0833596955037166,0.40515151514700465,1.161014090281366,0.07450857976440381,-0.16572366189383153
,,,,,,,,,,,,,,,,,,,,,,,,,,,,,,,,,,,,,
691.0,57.583333333333336,43.0,32.82138107325095,26.0,133.0,35.0,100.0,12.0,0.0,12.0,7.350286071390731,0.11215247185324553,65.0,2.8571428563265306,0.7518796991915879,35.5,79.66666666666667,2.2441314547669116,133.0,11.0,10.0,0.0,0.0,0.24812030073322403,2.309696092218287,4.0,12.0,12.0,0.7518796991915879,0.6917510853734913,0.0,0.0,2.3376107204015453,0.3018572117687106,0.5699805684668794,-0.2739011169924114,0.2161150393532741
314239.0,26186.583333333332,19013.0,15728.195035552839,9569.0,61132.0,14793.0,9569.0,12.0,0.0,12.0,-871.0832796250287,-0.03974080597691784,-5224.0,0.6468600013515535,0.1565301315186553,27035.666666666668,25337.5,0.9371879122636996,61132.0,3.0,2.0,-819.749998770375,-0.05679213092224529,0.6070215998893931,2.334477897395676,3.0,12.0,12.0,0.1565301315186553,0.4837878175528663,2.0,1.0,2.3205063042685268,0.3187841632218329,0.6006203572012448,-0.24951553377510838,0.24425996575259645
174.0,14.5,11.0,11.507244095206579,0.0,39.0,27.0,0.0,10.0,2.0,10.0,-2.8684043205427248,-0.2442561921701315,-27.0,0.0,0.0,22.5,6.5,0.2888888887604938,39.0,2.0,1.0,-2.154882152270176,-0.23779481781153178,0.7230769228915187,2.6896551705588583,3.0,7.0,0.0,0.0,0.22413793102160126,3.0,1.0,2.1334922182901153,0.4300766283452424,0.7936030405014171,-0.1150739345040515,0.6622562276124357
260.0,21.666666666666668,9.0,23.131267919324166,4.0,82.0,50.0,8.0,12.0,0.0,12.0,-5.454545449968213,-0.2102847571948431,-42.0,0.159999999968,0.09756097559785842,35.666666666666664,7.666666666666667,0.21495327096777012,82.0,2.0,1.0,-2.680134676886032,-0.13354681252353803,0.8439024389214754,3.7846153828686386,3.0,12.0,12.0,0.09756097559785842,0.17692307691627218,2.0,1.0,2.017261599697058,0.5173076923025621,1.0675969803991474,0.032693499507644094,0.7024149663961986
,,,,,,,,,,,,,,,,,,,,,,,,,,,,,,,,,,,,,
509.0,42.416666666666664,10.5,71.4229868848647,0.0,259.0,259.0,6.0,10.0,2.0,10.0,-15.955499033018908,-0.40533021973061534,-253.0,0.023166023165128724,0.023166023165128724,78.16666666666667,6.666666666666667,0.08528784647096531,259.0,1.0,0.0,-7.919999992079999,-0.35649698388581286,0.9122499122146902,6.106090371841393,2.0,7.0,1.0,0.023166023165128724,0.0785854616880435,2.0,1.0,1.5296660543008989,0.6999017681699686,1.6838425194819555,0.25479979348777493,0.9684535417939201
,,,,,,,,,,,,,,,,,,,,,,,,,,,,,,,,,,,,,
,,,,,,,,,,,,,,,,,,,,,,,,,,,,,,,,,,,,,
144589.0,12049.083333333334,9603.0,6299.919741001115,5073.0,26419.0,12096.0,5073.0,12.0,0.0,12.0,-429.0743798052268,-0.044878000217024934,-7023.0,0.4193948412694945,0.1920208940534494,11974.166666666666,12124.0,1.012513048923923,26419.0,9.0,8.0,-3806.249942906251,-0.5199342801681787,0.6953833730771936,2.192614929211329,3.0,12.0,12.0,0.1920208940534494,0.5031088118736209,0.0,0.0,2.3622788754436868,0.2728763368352056,0.5228546908267615,-0.3133229401640186,0.203014483274613
4171.0,347.5833333333333,102.0,520.2825287497383,0.0,1657.0,1657.0,0.0,9.0,3.0,9.0,-130.39415119382056,-0.753524911285405,-1657.0,0.0,0.0,655.5,39.666666666666664,0.06051360284677579,1657.0,1.0,0.0,-92.35999990763999,-0.7849497749114407,0.8620727492129903,4.767202109668649,1.0,9.0,0.0,0.0,0.05706065691666972,1.0,1.0,1.577809192889292,0.6930991768557149,1.4968569515265493,0.19899295842781334,0.9480802250612875
967.0,80.58333333333333,11.0,139.41452478928522,0.0,488.0,488.0,5.0,10.0,2.0,10.0,-32.36490779229391,-0.5431155190951855,-483.0,0.010245901639134304,0.010245901639134304,156.0,5.166666666666667,0.03311965811753507,488.0,1.0,0.0,-17.97999998202,-0.5145064370701544,0.9107675111586839,6.055842812071664,2.0,8.0,1.0,0.010245901639134304,0.03205791106481843,3.0,1.0,1.4243876793264456,0.7367287142349017,1.7300664914827455,0.2674171101269878,0.9533257483776276
,,,,,,,,,,,,,,,,,,,,,,,,,,,,,,,,,,,,,
,,,,,,,,,,,,,,,,,,,,,,,,,,,,,,,,,,,,,
,,,,,,,,,,,,,,,,,,,,,,,,,,,,,,,,,,,,,
16811.0,1400.9166666666667,980.5,1608.5241920434048,7.0,5354.0,3524.0,7.0,12.0,0.0,12.0,-410.5365540102299,-0.596069043257289,-3517.0,0.001986379114636815,0.0013074336944316261,2670.0,131.83333333333334,0.04937578027447176,5354.0,3.0,2.0,-287.64374956853436,-0.720784440375562,0.8777445731108829,3.821783356108583,3.0,12.0,12.0,0.0013074336944316261,0.04705252513232582,2.0,1.0,1.830427742487951,0.5961919774749826,1.1481940577231025,0.06898541460789313,0.5473203496944476
,,,,,,,,,,,,,,,,,,,,,,,,,,,,,,,,,,,,,
4181.0,348.4166666666667,213.5,348.1260447819949,46.0,1264.0,613.0,50.0,12.0,0.0,12.0,-88.65734258294489,-0.30253054476116176,-563.0,0.08156606851416695,0.03955696202500351,581.3333333333334,115.5,0.19868119265713277,1264.0,2.0,1.0,-65.53535345591673,-0.3104699332846315,0.8177215189808724,3.6278402295060173,4.0,12.0,12.0,0.03955696202500351,0.1657498206166808,3.0,1.0,2.0600196015353207,0.5006178745113643,0.9991658783219417,-0.00041723483698966426,0.6722827707400028
830.0,69.16666666666667,14.5,98.73435178407878,0.0,330.0,330.0,5.0,10.0,2.0,10.0,-25.693579126563556,-0.5068899563710739,-325.0,0.015151515151056014,0.015151515151056014,134.33333333333334,4.0,0.02977667493574863,330.0,1.0,0.0,-18.02999998197,-0.4895867718486612,0.862258953141915,4.7710843366596025,2.0,6.0,1.0,0.015151515151056014,0.02891566265025403,2.0,1.0,1.6104681977399915,0.684738955821518,1.4274846039007798,0.17610188067039576,0.9812001795834527
232231.0,19352.583333333332,16459.0,9502.532947047446,8017.0,38551.0,38551.0,8376.0,12.0,0.0,12.0,-2848.4132207502194,-0.15614020951808263,-30175.0,0.21727062851801063,0.21727062851801063,27334.166666666668,11371.0,0.4159995122098414,38551.0,1.0,0.0,-2581.8899974181104,-0.15563388413939286,0.5432732554984784,1.9920337939369033,2.0,12.0,12.0,0.21727062851801063,0.29378506745437544,2.0,1.0,2.3650599217430455,0.2739395257308408,0.49102141989876646,-0.34136235288643546,0.9058791364145241
,,,,,,,,,,,,,,,,,,,,,,,,,,,,,,,,,,,,,
,,,,,,,,,,,,,,,,,,,,,,,,,,,,,,,,,,,,,
151927.0,12660.583333333334,10453.0,5529.235969799283,6601.0,23336.0,13281.0,7698.0,12.0,0.0,12.0,-1131.7571509892439,-0.09108350300389974,-5583.0,0.5796250282353892,0.3298765855329406,16606.666666666668,8714.5,0.5247591328780461,23336.0,4.0,3.0,-1239.156460224736,-0.1116772712954812,0.5678886698660576,1.8432010110104116,2.0,12.0,12.0,0.3298765855329406,0.3441587078004341,1.0,1.0,2.3973933610545872,0.22986971813216606,0.4367283737422511,-0.3920515781210637,0.6408309329339312
33247.0,2770.5833333333335,270.0,5049.662636558561,26.0,17879.0,17879.0,37.0,12.0,0.0,12.0,-1156.8480600590976,-0.6352463120222684,-17842.0,0.0020694669724245934,0.0020694669724245934,5436.0,105.16666666666667,0.019346333088019356,17879.0,1.0,0.0,-609.92999939007,-0.6112433924626713,0.9218585542200276,6.453153667976829,1.0,12.0,12.0,0.0020694669724245934,0.018979156014070752,1.0,1.0,1.3336585749446102,0.7605322786015318,1.8225990807737245,0.2914331994155701,0.9926344043647732
2505.0,208.75,121.5,209.7828738640661,10.0,765.0,256.0,69.0,12.0,0.0,12.0,-47.56897643814936,-0.2604836991681127,-187.0,0.2695312499894714,0.09019607843019352,335.6666666666667,81.83333333333333,0.24379344587158508,765.0,2.0,1.0,-38.63973059289461,-0.2674377500921061,0.8060130718848887,3.6646706585070814,3.0,12.0,12.0,0.09019607843019352,0.19600798403115366,2.0,1.0,2.0641447331039853,0.49244843645988823,1.0049478987018758,0.002467844053695231,0.5818677088125239
3066.0,255.5,106.0,374.6090184000736,24.0,1429.0,211.0,24.0,12.0,0.0,12.0,-70.87094717511148,-0.28445124250030296,-187.0,0.11374407582399317,0.016794961511429007,447.5,63.5,0.14189944133761118,1429.0,2.0,1.0,-42.08754203652688,-0.2893241492247378,0.9002099370125949,5.592954989996362,2.0,12.0,12.0,0.016794961511429007,0.12426614481368473,1.0,1.0,1.8079226712619798,0.5888780169597545,1.4661801110975021,0.18902922338838463,0.26755317012922086
1177.0,98.08333333333333,43.5,111.72619681863138,3.0,385.0,205.0,23.0,12.0,0.0,12.0,-27.83343926462801,-0.37994815810300026,-182.0,0.11219512194574657,0.05974025973870804,181.16666666666666,15.0,0.08279668812790451,385.0,3.0,2.0,-15.6749999764875,-0.36990290005133397,0.8891774891543935,3.92523364445962,2.0,12.0,12.0,0.05974025973870804,0.07646559048363241,1.0,1.0,1.903120767014677,0.5765363919557775,1.1390946148571668,0.06502499421626032,0.6618029974920133
398.0,33.166666666666664,33.5,5.413460589637238,23.0,44.0,27.0,33.0,12.0,0.0,12.0,0.12205975832096704,0.0031743112680003177,6.0,1.2222222217695473,0.7499999998295455,33.0,33.333333333333336,1.010101009794919,44.0,7.0,6.0,0.6249999968750001,0.01867751498155823,0.2909090908429752,1.3266331654291559,4.0,12.0,12.0,0.7499999998295455,0.5025125628014444,2.0,1.0,2.4715256761737123,0.09087102177308592,0.1632199172262826,-0.7193653324536653,0.08037761352404882
339.0,28.25,27.0,8.738087128580641,16.0,43.0,17.0,22.0,12.0,0.0,12.0,1.1404958668115357,0.04772504612482976,5.0,1.2941176462975779,0.5116279068577609,24.166666666666668,32.333333333333336,1.337931033929132,43.0,3.0,2.0,1.331249998003125,0.04671461090845164,0.3204134366179917,1.5221238932665049,3.0,12.0,12.0,0.5116279068577609,0.5722713864137973,2.0,1.0,2.4363328355395515,0.176253687312538,0.30931281860132787,-0.527518841358718,-0.08180979965359683
1540.0,128.33333333333334,119.5,43.839353198797184,66.0,217.0,130.0,113.0,12.0,0.0,12.0,0.19071837237651088,0.003841248326368383,-17.0,0.8692307691639053,0.5207373271649429,124.66666666666667,132.0,1.0588235293268324,217.0,2.0,1.0,7.050505041958983,0.05592853201554059,0.45023041472579584,1.6909090907773314,3.0,12.0,12.0,0.5207373271649429,0.5142857142823748,2.0,1.0,2.4274849993911256,0.19166666666597676,0.34160534957439836,-0.49075136034344535,0.28699568467498476
269080.0,22423.333333333332,17528.0,11402.590351416744,8630.0,45963.0,36307.0,8630.0,12.0,0.0,12.0,-2988.2593744790197,-0.1365690000945291,-27677.0,0.23769521028996127,0.18775971977456046,30850.0,13996.666666666666,0.45370070232292153,45963.0,4.0,3.0,-1314.857140352653,-0.09510312204362005,0.6717522790068813,2.049784450720061,4.0,12.0,12.0,0.18775971977456046,0.3121004905604165,2.0,1.0,2.3640148324065042,0.27318641296268353,0.5085145095025267,-0.3258075990658571,0.5563912802748306
3137.0,261.4166666666667,163.0,219.3450319828456,77.0,790.0,790.0,157.0,12.0,0.0,12.0,-54.73998723950618,-0.17749505513485003,-633.0,0.19873417721267425,0.19873417721267425,390.6666666666667,132.16666666666666,0.33831058019611826,790.0,1.0,0.0,-40.03999995996001,-0.14881523590052284,0.7299194476317271,3.0219955370217915,2.0,12.0,12.0,0.19873417721267425,0.25278928912893595,2.0,1.0,2.1858055277836903,0.4209701413235831,0.8390629211646348,-0.08751037114879923,0.931923322203451
15933.0,1327.75,1635.0,742.5686416083028,158.0,2272.0,158.0,1724.0,12.0,0.0,12.0,213.50921787550405,0.2548197858189058,1566.0,10.911392404372696,0.7588028168980687,704.0,1951.5,2.7720170454151702,2272.0,10.0,9.0,-681.9999727200011,-0.36077462599726334,0.1661531690133532,1.711165505541622,2.0,12.0,12.0,0.7588028168980687,0.734889851251657,0.0,0.0,2.2903099817838477,0.312145651582596,0.5592684177011562,-0.28265279876641575,0.9314443148169107
182.0,15.166666666666666,13.5,6.162160515778718,9.0,33.0,14.0,13.0,12.0,0.0,12.0,-0.7247298150307416,-0.03877275370882538,-1.0,0.9285714279081632,0.39393939382001836,18.5,11.833333333333334,0.6396396392938885,33.0,4.0,3.0,-0.4081632645286686,-0.024329554765098117,0.6060606058769513,2.1758241743895663,4.0,12.0,12.0,0.39393939382001836,0.3901098900884555,2.0,1.0,2.414796546718698,0.1959706959648384,0.406296297475764,-0.4221753999712334,-0.03778165565945036
3558.0,296.5,146.5,335.0456436567014,0.0,889.0,793.0,0.0,9.0,3.0,9.0,-89.98092808723787,-0.7246808287512504,-793.0,0.0,0.0,535.0,58.0,0.10841121495124464,889.0,3.0,2.0,-39.63749994054375,-0.8853243374466866,0.8701412323361689,2.998313659258067,2.0,9.0,0.0,0.0,0.09780775716667284,1.0,1.0,1.8175635093488054,0.5965898444815254,1.130002170810797,0.06103382082236935,0.8344643482190051
1379.0,114.91666666666667,50.5,147.95182680709135,0.0,500.0,296.0,3.0,11.0,1.0,11.0,-38.261919866175624,-0.5321780544389317,-293.0,0.010135135134792733,0.00599999999988,217.0,12.833333333333334,0.05913978494351122,500.0,2.0,1.0,-23.17171714363024,-0.5711492525208093,0.883399999982332,4.35097896988969,1.0,10.0,1.0,0.00599999999988,0.05583756345137174,0.0,0.0,1.7699079218008085,0.6311941020052487,1.2874705739888324,0.12567181293815205,0.7427602606646826
3731.0,310.9166666666667,231.5,374.68863925783614,0.0,1390.0,353.0,0.0,9.0,3.0,9.0,-78.16783210223677,-0.706792901696521,-353.0,0.0,0.0,534.6666666666666,87.16666666666667,0.16302992518398324,1390.0,3.0,2.0,-58.19999991269999,-0.9940722265242944,0.8852917665803618,4.470651299775803,2.0,9.0,0.0,0.0,0.14017689627408156,1.0,1.0,1.8416251970326598,0.5827972840164242,1.2051095338915627,0.09301557622026589,0.42725016473631
432594.0,36049.5,34716.5,9998.794698195712,19701.0,51908.0,51908.0,41975.0,12.0,0.0,12.0,-843.6465345749438,-0.024875082541617875,-9933.0,0.8086422131461801,0.8086422131461801,35576.0,36523.0,1.0266190690350163,51908.0,1.0,0.0,-154.36999984563,-0.008284019222065456,0.33328546309197976,1.439909013994247,1.0,12.0,12.0,0.8086422131461801,0.5065673587705676,2.0,1.0,2.4458068044311907,0.15794833030508748,0.2773629231526911,-0.5657257336571763,0.4170454471934156
180321.0,15026.75,11038.0,9608.242426210598,5881.0,35678.0,23072.0,5881.0,12.0,0.0,12.0,-2173.9796548826107,-0.15467346082291702,-17191.0,0.25489771151167867,0.16483547284035965,22185.833333333332,7867.666666666667,0.35462569958290746,35678.0,3.0,2.0,-2799.974995800037,-0.21239933760279683,0.6557698176901452,2.3742991664848523,4.0,12.0,12.0,0.16483547284035965,0.261788699042249,3.0,1.0,2.295772994134887,0.3376954616119707,0.6394092153129721,-0.21995166387882212,0.43984765034978895
7078.0,589.8333333333334,664.0,266.8035586136154,148.0,914.0,148.0,800.0,12.0,0.0,12.0,77.69866490619056,0.17308194584044823,652.0,5.405405405040175,0.8752735229663536,356.5,823.1666666666666,2.309022907836119,914.0,9.0,8.0,41.24999938125001,0.05335150934817677,0.11597374179304186,1.5495902797137677,2.0,12.0,12.0,0.8752735229663536,0.6977959875661235,1.0,1.0,2.366053273790876,0.252660826975448,0.45233720024146706,-0.377090664379129,0.9247776024347557
558.0,46.5,33.5,44.10309890850453,19.0,187.0,36.0,31.0,12.0,0.0,12.0,2.7463445622217577,0.06964244374545854,-5.0,0.8611111108719136,0.16577540106065372,25.166666666666668,67.83333333333333,2.69536423733959,187.0,7.0,6.0,-4.24999997875,-0.1068807905552286,0.7647058823120478,4.021505375479246,4.0,12.0,12.0,0.16577540106065372,0.7293906809905127,1.0,1.0,2.1862901132278334,0.37843488649721957,0.9484537397638707,-0.026454957061142374,-0.07790790843925977
636.0,53.0,43.5,29.765752132274432,23.0,142.0,43.0,37.0,12.0,0.0,12.0,1.876668784184868,0.030193172280022107,-6.0,0.8604651160789616,0.2605633802633406,39.333333333333336,66.66666666666667,1.6949152538063774,142.0,7.0,6.0,3.24999998375,0.051251429506624625,0.6366197182650268,2.67924528251335,5.0,12.0,12.0,0.2605633802633406,0.628930817600174,2.0,1.0,2.360553567672138,0.2494758909835788,0.5616179646539293,-0.280722971353971,-0.38807727689325683
212.0,17.666666666666668,6.0,29.682580001670264,0.0,89.0,89.0,8.0,9.0,3.0,9.0,-3.631277810048769,-0.12418967183945512,-81.0,0.08988764043933847,0.08988764043933847,30.5,4.833333333333333,0.15846994530323388,89.0,1.0,0.0,-0.47999999952000005,-0.0063199074221584346,0.8743615933644742,5.037735846205055,3.0,3.0,2.0,0.08988764043933847,0.1367924528237362,3.0,1.0,1.4659390885071555,0.697327044018158,1.680146036879366,0.25377200648265175,-0.12812891733380144
6706.0,558.8333333333334,146.0,721.0815757519316,0.0,1980.0,1639.0,0.0,10.0,2.0,10.0,-195.36427192760277,-0.7950436090401962,-1639.0,0.0,0.0,1065.0,52.666666666666664,0.04945226917011469,1980.0,2.0,1.0,-145.07070689486378,-0.9217753083684079,0.8440909090866461,3.543095735099139,2.0,10.0,0.0,0.0,0.047121980316064536,1.0,1.0,1.680008906297943,0.6481509096329492,1.2903338665177957,0.12676486637169251,0.9045569894589265
15218.0,1268.1666666666667,248.5,1740.2340280037688,35.0,5430.0,3246.0,38.0,12.0,0.0,12.0,-448.52383942018344,-0.5591458623893871,-3208.0,0.011706715958066214,0.006998158379360961,2473.3333333333335,63.0,0.02547169811310456,5430.0,2.0,1.0,-310.4107740345189,-0.5726193455406525,0.879521178635581,4.281771586245642,3.0,12.0,12.0,0.006998158379360961,0.024839006439726086,2.0,1.0,1.637977115563679,0.6723397730756475,1.3722439437429725,0.1569163848990691,0.8095230623836993
3217.0,268.0833333333333,126.5,363.24588970680577,40.0,1317.0,1317.0,52.0,12.0,0.0,12.0,-81.89828346592134,-0.25071365147277047,-1265.0,0.03948367501868274,0.03948367501868274,451.5,84.66666666666667,0.18752307123984815,1317.0,1.0,0.0,-44.41999995558,-0.19592364596996528,0.8688479326226567,4.912651538517402,2.0,12.0,12.0,0.03948367501868274,0.15791109729512617,2.0,1.0,1.8433244372323723,0.5845249196970088,1.3549737881004267,0.15073364719870538,0.9769227485732423
435.0,36.25,36.0,9.584057943620055,20.0,52.0,24.0,32.0,12.0,0.0,12.0,1.5905912256201016,0.04616872845577315,8.0,1.3333333327777777,0.6153846152662722,30.0,42.5,1.4166666661944445,52.0,8.0,7.0,-8.133333268266668,-0.1926511389477401,0.19711538457747782,1.4344827582249702,1.0,12.0,12.0,0.6153846152662722,0.5862068965382481,0.0,0.0,2.4494045233599175,0.14923371647273465,0.2643878052683083,-0.5817931740489459,0.43200831161130576
686.0,57.166666666666664,33.0,46.346221229159795,20.0,170.0,32.0,52.0,12.0,0.0,12.0,0.8773045129319502,0.041270637969787485,20.0,1.6249999994921875,0.3058823529231834,51.333333333333336,63.0,1.227272727033648,170.0,3.0,2.0,6.487499990268749,0.14624914976256037,0.7039215685860437,2.973760932424415,4.0,12.0,12.0,0.3058823529231834,0.5510204081552329,3.0,1.0,2.210057262500509,0.39723032069790976,0.8107210709222027,-0.10453235009104424,-0.2987462244312841
1197.0,99.75,92.5,32.84337832805876,53.0,162.0,92.0,121.0,12.0,0.0,12.0,-4.413223136792464,-0.04413556567748216,29.0,1.3152173911613896,0.7469135802008078,120.33333333333333,79.16666666666667,0.6578947367874327,162.0,4.0,3.0,-2.217687070605766,-0.024599284564931073,0.45756172836681713,1.6240601502131269,3.0,12.0,12.0,0.7469135802008078,0.3968253968220817,2.0,1.0,2.431497251132589,0.18497632971228883,0.3292569255615659,-0.504600022343173,0.14710992507164028
363.0,30.25,14.5,30.370284270428993,0.0,82.0,82.0,3.0,10.0,2.0,10.0,-8.15893197026714,-0.3813907663579405,-79.0,0.03658536584919691,0.03658536584919691,54.0,6.5,0.12037037034807956,82.0,1.0,0.0,-7.58999999241,-0.39540647085599745,0.6884700664348873,2.710743800756779,3.0,8.0,2.0,0.03658536584919691,0.1074380165259659,3.0,1.0,1.957562077715829,0.5383379246978384,1.0039763391864207,0.0019842247831197662,0.6702953394216838
180.0,15.0,5.0,33.05298776207682,0.0,124.0,10.0,124.0,9.0,3.0,9.0,4.310235215709148,-0.007124785869119472,114.0,12.3999999876,0.9999999999193548,6.833333333333333,23.166666666666668,3.390243897477692,124.0,12.0,11.0,0.0,0.0,0.0,8.266666661155556,1.0,5.0,2.0,0.9999999999193548,0.7722222221793209,0.0,0.0,1.2509393581961747,0.7194444444360983,2.203532516002766,0.37568918394221584,0.034780740308093944
454.0,37.833333333333336,38.0,12.047360245667466,22.0,60.0,33.0,28.0,12.0,0.0,12.0,-1.9682136029255932,-0.04779593102952769,-5.0,0.8484848482277318,0.4666666665888889,43.0,32.666666666666664,0.759689922303948,60.0,3.0,2.0,-1.01249999848125,-0.027602257958886017,0.4407407406672839,1.585903083281259,4.0,12.0,12.0,0.4666666665888889,0.4317180616644996,3.0,1.0,2.435299938208239,0.17731277532808254,0.318432429316735,-0.5169529778421512,0.13953425875725434
289.0,24.083333333333332,10.0,33.12465932738865,0.0,100.0,55.0,3.0,9.0,3.0,9.0,-8.013986007260991,-0.4255509005568411,-52.0,0.05454545453553719,0.029999999997000003,45.333333333333336,2.8333333333333335,0.06249999998621324,100.0,2.0,1.0,-5.818181811129476,-0.4108572436384825,0.8659999999134,4.15224913322398,2.0,7.0,1.0,0.029999999997000003,0.058823529409729285,1.0,1.0,1.6629349714039126,0.6577277969961333,1.3754183798048913,0.1580430560830096,0.7135510002264385
290.0,24.166666666666668,13.5,24.96608811078651,4.0,95.0,35.0,11.0,12.0,0.0,12.0,-5.57660520828918,-0.21132701011947408,-24.0,0.3142857141959184,0.11578947367202216,39.833333333333336,8.5,0.21338912128534163,95.0,2.0,1.0,-3.649831645407611,-0.1792694097290666,0.8315789472808864,3.9310344811319853,3.0,12.0,12.0,0.11578947367202216,0.17586206895945303,3.0,1.0,2.0640065655359168,0.49540229884603826,1.033079507605064,0.016270641603104017,0.4969620565921911
491.0,40.916666666666664,33.5,24.088234795342636,23.0,115.0,54.0,35.0,12.0,0.0,12.0,0.6980292428980305,-0.005859214716722269,-19.0,0.6481481480281207,0.3043478260604915,37.333333333333336,44.5,1.1919642853950094,115.0,10.0,9.0,23.999999040000038,0.810930183779121,0.7478260868914934,2.8105906306776562,3.0,12.0,12.0,0.3043478260604915,0.5437881873616336,0.0,0.0,2.3528043925665427,0.25746775288299273,0.5887144958726394,-0.25887943047756556,-0.06972740799123689
214.0,17.833333333333332,14.5,16.18555597507303,0.0,62.0,16.0,13.0,10.0,2.0,10.0,-3.120152572079719,-0.23128285025487083,-3.0,0.8124999994921874,0.20967741932101977,29.0,6.666666666666667,0.22988505739199366,62.0,3.0,2.0,-2.8499999957250006,-0.2598604636966757,0.8028673833830501,3.4766355120691763,3.0,7.0,1.0,0.20967741932101977,0.1869158878417329,2.0,1.0,2.088687872039719,0.46183800622451265,0.9076012691213281,-0.04843712982036576,0.48992162935691846
446.0,37.166666666666664,13.0,48.40597988770488,0.0,137.0,137.0,0.0,10.0,2.0,10.0,-12.816274623701537,-0.45505739412345314,-137.0,0.0,0.0,69.83333333333333,4.5,0.06443914080222829,137.0,1.0,0.0,-10.80999998919,-0.4582100651935339,0.7949568678915425,3.686098653716745,2.0,9.0,0.0,0.0,0.060538116590570894,2.0,1.0,1.7272663680824818,0.640134529144762,1.3024030459555387,0.13134235847881023,0.9427929142082085
58.0,4.833333333333333,4.5,3.6476781047065483,0.0,11.0,8.0,6.0,9.0,3.0,9.0,0.007628734895060442,0.07544854888641059,-2.0,0.7499999990624999,0.5454545449586776,5.0,4.666666666666667,0.9333333314666667,11.0,4.0,3.0,-0.14965986366051182,0.06807483366921134,0.5568181813119835,2.2758620642568372,1.0,6.0,6.0,0.5454545449586776,0.48275862060642094,2.0,1.0,2.1144142925648253,0.4166666666451151,0.7546920201019921,-0.13980115884654434,-0.06104793117078794
1436.0,119.66666666666667,103.0,96.47394582073557,7.0,400.0,144.0,7.0,12.0,0.0,12.0,-18.44628097625614,-0.18807731017807164,-137.0,0.04861111110773534,0.0174999999995625,161.33333333333334,78.0,0.48347107435019804,400.0,2.0,1.0,-9.670033658312416,-0.1694335180223319,0.776999999980575,3.3426183841217867,4.0,12.0,12.0,0.0174999999995625,0.32590529247683914,3.0,1.0,2.201330555687782,0.3878830083556921,0.8061889622228998,-0.10730385455074926,0.27770482423404874
11252.0,937.6666666666666,846.0,463.89336657852266,269.0,1915.0,488.0,1619.0,12.0,0.0,12.0,101.76732350010624,0.09981832284942889,1131.0,3.317622950751688,0.8454308093950631,722.0,1153.3333333333333,1.597414589082215,1915.0,10.0,9.0,1077.9999568800017,0.8090791888112753,0.29530026109506374,2.042303590451024,3.0,12.0,12.0,0.8454308093950631,0.615001777461238,0.0,0.0,2.364646612093628,0.2750473989808213,0.49473163872048564,-0.3380328268834715,0.3224974828651636
26405.0,2200.4166666666665,557.5,2892.136708915323,21.0,8955.0,2844.0,21.0,12.0,0.0,12.0,-681.6083910364126,-0.6172222059438255,-2823.0,0.007383966244699776,0.0023450586264630426,4266.5,134.33333333333334,0.03148560490636786,8955.0,3.0,2.0,-530.549999204175,-0.736117697191872,0.8931695514600112,4.069683771994382,2.0,12.0,12.0,0.0023450586264630426,0.03052452187084623,1.0,1.0,1.6787322688376467,0.6588493340907107,1.3143586633905002,0.13582970883800446,0.7608560456320187
103025.0,8585.416666666666,7055.5,5677.003852654633,3022.0,20589.0,8808.0,3172.0,12.0,0.0,12.0,-1257.8067376603274,-0.16818389434420994,-5636.0,0.360127157129473,0.15406284909410167,13357.333333333334,3813.5,0.2854986025152584,20589.0,3.0,2.0,-1907.362497138956,-0.25092556818158307,0.6504066356897236,2.39813637466355,2.0,12.0,12.0,0.15406284909410167,0.22209172530936938,1.0,1.0,2.278373695870465,0.3572555205047203,0.6612380124414098,-0.20392140380869903,0.7013426884760107
5751.0,479.25,203.0,653.8927186473328,21.0,2480.0,947.0,151.0,12.0,0.0,12.0,-124.30642074756231,-0.3080253248201202,-796.0,0.15945089756959396,0.06088709677394804,825.6666666666666,132.83333333333334,0.16088009688945243,2480.0,3.0,2.0,-39.71249994043125,-0.25561026995172714,0.9240591397812201,5.174752216897762,4.0,12.0,12.0,0.06088709677394804,0.13858459398341405,3.0,1.0,1.850629305653574,0.5834202747345874,1.3644083852554798,0.1541224382170217,0.15960526085298607
128.0,10.666666666666666,11.0,8.98455464796237,0.0,32.0,13.0,0.0,9.0,3.0,9.0,-2.3191354080983735,-0.3240450711285507,-13.0,0.0,0.0,17.666666666666668,3.6666666666666665,0.20754716969384118,32.0,3.0,2.0,-2.5687499961468747,-0.45007211310673145,0.774305555313585,2.9999999971875,2.0,8.0,0.0,0.0,0.17187499998657227,1.0,1.0,2.0655381842717517,0.4570312499899718,0.842301997456814,-0.08559834480089501,0.7073489990492069
466.0,38.833333333333336,26.5,37.40060902653265,13.0,151.0,76.0,34.0,12.0,0.0,12.0,-3.318499679351291,-0.08715045379484868,-42.0,0.44736842099376734,0.22516556289899564,57.666666666666664,20.0,0.34682080918841257,151.0,6.0,5.0,3.2914285601436744,0.13290389743929157,0.8675496688167185,3.888412016166074,4.0,12.0,12.0,0.22516556289899564,0.2575107296082079,2.0,1.0,2.1568419395183267,0.41130185979704126,0.9631058115940323,-0.01879378479273058,-0.08944725713066883
373.0,31.083333333333332,9.0,53.89102945347727,0.0,200.0,200.0,7.0,11.0,1.0,11.0,-11.523204058988792,-0.3322598140321084,-193.0,0.03499999999825,0.03499999999825,58.333333333333336,3.8333333333333335,0.0657142857030204,200.0,1.0,0.0,-4.96999999503,-0.2667568001795641,0.9213636363175682,6.434316351817378,2.0,6.0,5.0,0.03499999999825,0.06166219838976777,3.0,1.0,1.5361201725068712,0.6959338695223878,1.7337596601439038,0.2684067919953852,0.9197532823887888
359.0,29.916666666666668,14.0,39.1396183198332,0.0,117.0,109.0,0.0,9.0,3.0,9.0,-10.218690391933459,-0.4815298717793792,-109.0,0.0,0.0,56.0,3.8333333333333335,0.06845238094015732,117.0,2.0,1.0,-4.6666666610101,-0.475665525920813,0.8863247862490321,3.910863508442051,2.0,8.0,0.0,0.0,0.06406685236590343,1.0,1.0,1.7407302641519373,0.6334726090953651,1.30828807710586,0.13355702024274832,0.8384670262300531
509.0,42.416666666666664,36.5,28.161611972486398,13.0,127.0,54.0,27.0,12.0,0.0,12.0,-1.682136044360827,-0.019703109788711162,-27.0,0.4999999999074074,0.21259842518011038,46.5,38.333333333333336,0.8243727596793464,127.0,4.0,3.0,3.877551013022352,0.1383752931944143,0.7431102361619598,2.9941060896674014,3.0,12.0,12.0,0.21259842518011038,0.45186640470625017,2.0,1.0,2.3094133168753292,0.3069744597226747,0.6639279834777316,-0.20197509725396692,-0.22786031757824365
3392.0,282.6666666666667,59.5,376.4813703521361,0.0,1244.0,1244.0,0.0,8.0,4.0,8.0,-90.73617284184886,-0.7792379850669238,-1244.0,0.0,0.0,477.8333333333333,87.5,0.1831182420610439,1244.0,1.0,0.0,-61.25999993873999,-0.8091353392215067,0.8430283542755969,4.400943396070721,1.0,8.0,0.0,0.0,0.1547759433957701,1.0,1.0,1.6433602771740063,0.664062499999571,1.3318916403495888,0.1423272139417294,0.7282014139469014
28229.0,2352.4166666666665,1462.5,2817.718328078392,8.0,9527.0,5202.0,8.0,12.0,0.0,12.0,-700.5352823110576,-0.7155719047016276,-5194.0,0.0015378700499778203,0.0008397186942365489,4651.666666666667,53.166666666666664,0.011429595127169982,9527.0,3.0,2.0,-570.8062491437906,-0.8994437577386396,0.8808065964559291,4.049877785239081,2.0,12.0,12.0,0.0008397186942365489,0.011300435722125721,1.0,1.0,1.747158257544845,0.607799898449535,1.19779729840933,0.089997971403795,0.5320811614035791
41976.0,3498.0,621.5,5613.3795524621355,32.0,18989.0,18989.0,32.0,12.0,0.0,12.0,-1389.947869145117,-0.6346547573528577,-18957.0,0.0016851861604077702,0.0016851861604077702,6881.666666666667,114.33333333333333,0.016614192298353186,18989.0,1.0,0.0,-892.5299991074701,-0.6284353656934266,0.8899506412798898,5.4285305888924285,2.0,12.0,12.0,0.0016851861604077702,0.01634267200304547,2.0,1.0,1.472752473571078,0.724243218346956,1.604739723397967,0.23216896412664342,0.9588648876523553
192.0,16.0,6.5,17.24818831066034,0.0,47.0,47.0,0.0,10.0,2.0,10.0,-4.561983467246143,-0.30657822869366375,-47.0,0.0,0.0,28.0,4.0,0.14285714280612244,47.0,1.0,0.0,-4.119999995880001,-0.30036682049628444,0.7195357832124779,2.9374999981640624,2.0,6.0,0.0,0.0,0.12499999999348958,2.0,1.0,1.914413904591166,0.5564236111039942,1.0780117687425137,0.03754154357591623,0.9140683657297486
240.0,20.0,16.5,16.436747447918847,0.0,54.0,23.0,3.0,11.0,1.0,11.0,-4.027972024591912,-0.21910225899837102,-20.0,0.13043478255198487,0.05555555554526749,33.333333333333336,6.666666666666667,0.19999999993999998,54.0,3.0,2.0,-3.056249995415625,-0.19161629664528068,0.7654320986236854,2.69999999865,1.0,6.0,5.0,0.05555555554526749,0.1666666666597222,1.0,1.0,2.1410006051610253,0.44097222221692967,0.8218373719850236,-0.09779282731523684,0.6725818383652579
297.0,24.75,16.5,21.39752711568948,9.0,86.0,12.0,16.0,12.0,0.0,12.0,-0.9955499038053872,-0.025798979441993105,4.0,1.333333332222222,0.18604651160627367,29.333333333333332,20.166666666666668,0.687499999765625,86.0,3.0,2.0,0.749999998875,-0.005135659425568749,0.7648578810480139,3.474747473343536,3.0,12.0,12.0,0.18604651160627367,0.40740740739368997,2.0,1.0,2.2090955363316644,0.37457912457503406,0.8645465497795561,-0.07264685874022182,-0.07820372965015361
6036.0,503.0,139.0,773.6704724881259,0.0,2538.0,2538.0,0.0,9.0,3.0,9.0,-191.3286711681158,-0.815600421295203,-2538.0,0.0,0.0,945.5,60.5,0.0639873083018087,2538.0,1.0,0.0,-128.69999987129998,-0.8498753374816406,0.8747044917223219,5.045725646022948,1.0,9.0,0.0,0.0,0.06013916500984073,1.0,1.0,1.533689485015822,0.7079743759661765,1.538112271317584,0.21201279290065453,0.9643961436307484
305.0,25.416666666666668,18.0,26.559550489837402,0.0,89.0,65.0,0.0,10.0,2.0,10.0,-6.9230769172673465,-0.3956413763170501,-65.0,0.0,0.0,45.166666666666664,5.666666666666667,0.12546125458476873,89.0,3.0,2.0,-4.106249993840625,-0.4397418086372362,0.8626716603275401,3.5016393428846007,3.0,8.0,0.0,0.0,0.11147540983241064,2.0,1.0,1.9522447146480573,0.548907103820677,1.0449659205005013,0.021988591811319097,0.540218194383366
526.0,43.833333333333336,43.0,11.6963907063485,24.0,66.0,57.0,41.0,12.0,0.0,12.0,-1.3655435462158185,-0.028045892304623628,-16.0,0.7192982454878424,0.6212121211179982,48.333333333333336,39.333333333333336,0.8137931032799048,66.0,4.0,3.0,2.258503397058633,0.0600951247111674,0.4242424241781451,1.5057034217097254,3.0,12.0,12.0,0.6212121211179982,0.4486692015123827,2.0,1.0,2.448933430421865,0.15177439797016,0.26683781073034496,-0.5787340595863985,0.21905461130215234
29047.0,2420.5833333333335,2312.0,1175.1512993605925,185.0,4423.0,3193.0,1745.0,12.0,0.0,12.0,-159.63509204658723,-0.11567755963530332,-1448.0,0.5465079862181443,0.39452860049650795,2653.8333333333335,2187.3333333333335,0.8242165421057933,4423.0,3.0,2.0,-124.7999998128,-0.127578313244506,0.517622528699812,1.827245498667013,2.0,12.0,12.0,0.39452860049650795,0.45181946500483633,1.0,1.0,2.3454951517429468,0.273496402382307,0.48548268641404796,-0.34636372290804984,0.30387158194381425
464.0,38.666666666666664,18.0,46.20485784946091,3.0,172.0,65.0,7.0,12.0,0.0,12.0,-10.909090899936427,-0.31012338431266656,-58.0,0.10769230767573966,0.040697674416238505,68.0,9.333333333333334,0.13725490194059978,172.0,2.0,1.0,-7.07744106886236,-0.30007119981558134,0.868023255763487,4.4482758609185495,2.0,12.0,12.0,0.040697674416238505,0.12068965516981273,1.0,1.0,1.9306535130712412,0.5610632183878514,1.194953219935639,0.08881884972472272,0.5464475864564718
79743.0,6645.25,5507.0,3174.3519056389027,3388.0,15347.0,4087.0,5383.0,12.0,0.0,12.0,-276.7666876253452,-0.02748569477124393,1296.0,1.317103009539229,0.35075259008252374,7302.666666666667,5987.833333333333,0.8199516158469692,15347.0,3.0,2.0,-3.5999999946,0.004496727967522486,0.6241321141297526,2.3094691697042107,3.0,12.0,12.0,0.35075259008252374,0.45053484318367126,2.0,1.0,2.386054983804948,0.24007227384638452,0.4776873564778038,-0.3534662736545766,0.2613803446458212
857.0,71.41666666666667,72.0,19.10697225854711,40.0,100.0,61.0,84.0,12.0,0.0,12.0,-1.582962490725041,-0.028032043709956954,23.0,1.377049180102123,0.839999999916,78.33333333333333,64.5,0.8234042552140336,100.0,5.0,4.0,-6.583333316875,-0.10121252858380791,0.309999999969,1.4002333720326394,3.0,12.0,12.0,0.839999999916,0.451575262538488,1.0,1.0,2.447752454172458,0.15140023337102804,0.26754220194919515,-0.5778567346983997,0.31070205650945704
168887.0,14073.916666666666,14376.5,3695.1478873953374,7915.0,20815.0,14757.0,7915.0,12.0,0.0,12.0,-852.3547354576554,-0.06678586646390863,-6842.0,0.5363556278372729,0.3802546240689982,16979.0,11168.833333333334,0.6578027759777817,20815.0,4.0,3.0,-1072.979589792964,-0.09090897974403184,0.40521258707643276,1.478977067505625,5.0,12.0,12.0,0.3802546240689982,0.396791937804544,3.0,1.0,2.4488765822231287,0.145675806900466,0.2625529179197484,-0.5840920183326649,0.37513843378927436
325.0,27.083333333333332,19.0,27.499873737083878,0.0,89.0,34.0,0.0,11.0,1.0,11.0,-6.511125232934086,-0.3172502139470425,-34.0,0.0,0.0,45.666666666666664,8.5,0.1861313868205552,89.0,3.0,2.0,-3.2249999951625,-0.34111601657708424,0.8489388263715301,3.2861538449404972,3.0,11.0,0.0,0.0,0.15692307691824853,2.0,1.0,2.032274354912141,0.5023076923036267,1.0153799529943413,0.00763129222394093,0.6040379590912992
316.0,26.333333333333332,8.5,35.97530016861878,4.0,131.0,62.0,7.0,12.0,0.0,12.0,-7.918626821072735,-0.2641103868688774,-55.0,0.11290322578824141,0.05343511449973777,46.5,6.166666666666667,0.13261648742667745,131.0,2.0,1.0,-3.1043771006142227,-0.17787160211473138,0.9061068701598392,4.974683542414677,3.0,12.0,12.0,0.05343511449973777,0.11708860759123137,2.0,1.0,1.8199703034726074,0.6002109704596954,1.3661506387958458,0.15474527833186896,0.5638343063538848
406.0,33.833333333333336,10.0,57.46859045503804,0.0,216.0,55.0,4.0,10.0,2.0,10.0,-11.32104258426969,-0.42535758592148715,-51.0,0.07272727271404958,0.01851851851766118,63.0,4.666666666666667,0.0740740740623163,216.0,2.0,1.0,-4.639730634106724,-0.4067588239905426,0.9374999999565972,6.384236451315004,3.0,9.0,1.0,0.01851851851766118,0.06896551723968065,2.0,1.0,1.5664030238482245,0.681855500817395,1.698579027725682,0.2588692125907462,0.276998682781414
6617.0,551.4166666666666,215.0,673.1998784825267,49.0,2243.0,2243.0,106.0,12.0,0.0,12.0,-175.2739985814611,-0.3415858485729492,-2137.0,0.04725813642422087,0.04725813642422087,975.3333333333334,127.5,0.13072453861793515,2243.0,1.0,0.0,-128.25999987174,-0.3211876627881452,0.8227211932034817,4.067704397689569,2.0,12.0,12.0,0.04725813642422087,0.11561130421623755,2.0,1.0,1.8702761260867895,0.5872877940655798,1.220855152129941,0.09944599580763379,0.9320210098760361
158.0,13.166666666666666,9.5,13.539038206444195,0.0,52.0,52.0,9.0,11.0,1.0,11.0,-2.4335664315242806,-0.11768315565684677,-43.0,0.17307692304363906,0.17307692304363906,19.333333333333332,7.0,0.36206896532996435,52.0,1.0,0.0,-0.85999999914,-0.04983559766328007,0.8146853145286443,3.9493670856080754,2.0,6.0,5.0,0.17307692304363906,0.26582278479330235,2.0,1.0,2.049066201981993,0.493670886067632,1.0282813819869403,0.013943520360438893,0.8158516785251233
683.0,56.916666666666664,39.0,31.14604933035471,18.0,102.0,100.0,32.0,12.0,0.0,12.0,-1.0184361084905686,-0.004685602458691717,-68.0,0.319999999968,0.31372549016532103,61.0,52.833333333333336,0.8661202184372481,102.0,10.0,9.0,-1.9999999200000032,-0.05970592391112571,0.6813725489528066,1.792093703931111,3.0,12.0,12.0,0.31372549016532103,0.4641288433314183,0.0,0.0,2.335372285758988,0.29978038067181156,0.5472219500711418,-0.29263936549784847,-0.12310410506846374
1527.0,127.25,111.0,41.01651090313103,87.0,252.0,111.0,139.0,12.0,0.0,12.0,6.228862041816848,0.045833637633289424,28.0,1.2522522521394368,0.5515873015654131,103.33333333333333,151.16666666666666,1.4629032256648804,252.0,9.0,8.0,0.7499999887500002,0.005376367028313773,0.46825396823538673,1.9803536344219763,3.0,12.0,12.0,0.5515873015654131,0.5939751145999085,0.0,0.0,2.4410620943587586,0.14401877319295608,0.32233014459652437,-0.5124815902398292,0.07559523599078687
45120.0,3760.0,1050.0,4466.358714508572,95.0,13616.0,8750.0,95.0,12.0,0.0,12.0,-1203.3871572864139,-0.565382486039926,-8655.0,0.010857142857130448,0.006977085781428483,7352.333333333333,167.66666666666666,0.022804551842921333,13616.0,3.0,2.0,-770.4749988442875,-0.6052939508772407,0.8891255385814073,3.62127659573505,2.0,12.0,12.0,0.006977085781428483,0.022296099290775202,1.0,1.0,1.7598329873145002,0.6195774231678173,1.1878613602384824,0.08586529460014071,0.8174135691187757
33780.0,2815.0,1187.5,3100.2333514323295,62.0,9672.0,5282.0,77.0,12.0,0.0,12.0,-816.67132798601,-0.5119161360850397,-5205.0,0.014577811435034877,0.007961124896600535,5478.166666666667,151.83333333333334,0.02771608506490423,9672.0,3.0,2.0,-750.7874988738188,-0.57394878263558,0.8456598658202817,3.4358792184602636,2.0,12.0,12.0,0.007961124896600535,0.026968620485486393,1.0,1.0,1.8313040081655605,0.5811229524372987,1.1013262349631674,0.04822013511314482,0.8084593244927522
119.0,9.916666666666666,9.0,9.707886255800258,0.0,37.0,37.0,12.0,9.0,3.0,9.0,-1.6287349000954037,-0.1663166287778592,-25.0,0.32432432423666907,0.32432432423666907,13.833333333333334,6.0,0.4337349394454928,37.0,1.0,0.0,-0.5099999994900001,-0.11256568727920474,0.7985257983099807,3.7310924332123436,1.0,6.0,2.0,0.32432432423666907,0.30252100837793944,2.0,1.0,2.00965310346054,0.49089635853239355,0.978946512202769,-0.010638734629261357,0.4200656433808379
49547.0,4128.916666666667,3257.0,2378.950309777169,2332.0,10197.0,8151.0,2355.0,12.0,0.0,12.0,-475.94532700047813,-0.08808855247344353,-5796.0,0.2889216047107239,0.2309502794937423,5127.166666666667,3130.6666666666665,0.6106036472373748,10197.0,2.0,1.0,-38.65993261307213,-0.009493686475197228,0.6940374619979464,2.469655074973331,3.0,12.0,12.0,0.2309502794937423,0.3791147799058714,2.0,1.0,2.3485220237022046,0.2709397138070695,0.5761681578553068,-0.2689001424308556,0.6683559755868048
188215.0,15684.583333333334,9853.0,14053.849777779356,6278.0,57167.0,9664.0,6807.0,12.0,0.0,12.0,-2288.395420838727,-0.12333662500655158,-2857.0,0.7043667218535757,0.11907219199885966,22187.5,9181.666666666666,0.4138215962439449,57167.0,3.0,2.0,-1360.687497958969,-0.10096980530334587,0.8146871835536948,3.6447892038337146,2.0,12.0,12.0,0.11907219199885966,0.29269718141485573,1.0,1.0,2.189080837722778,0.3977007677390154,0.8960295265161902,-0.05483589365520589,0.42238840303522784
12662.0,1055.1666666666667,917.5,586.8436522807606,192.0,2026.0,375.0,2026.0,12.0,0.0,12.0,146.09790197530245,0.13530097575878,1651.0,5.402666666522595,0.9999999999950642,677.5,1432.8333333333333,2.1148831488002724,2026.0,12.0,11.0,0.0,0.0,0.0,1.920075817388216,3.0,12.0,12.0,0.9999999999950642,0.678960669719887,0.0,0.0,2.3204438876458013,0.31611646396031423,0.5561620460671606,-0.2852131981017401,0.3126179709094815
9567.0,797.25,467.0,756.098662543454,63.0,2603.0,1576.0,63.0,12.0,0.0,12.0,-211.21296867209082,-0.34513472822691066,-1513.0,0.03997461928908646,0.024202842873514395,1386.0,208.5,0.15043290043181506,2603.0,2.0,1.0,-170.9494947422834,-0.375575431869581,0.7930080676112446,3.2649733458354975,2.0,12.0,12.0,0.024202842873514395,0.13076199435546068,1.0,1.0,2.0624319872686927,0.5006358663459824,0.9483833960915273,-0.026492015893521202,0.7965295452919267
274.0,22.833333333333332,13.0,25.09260625939221,7.0,97.0,15.0,53.0,12.0,0.0,12.0,4.401780034449873,0.11094207775042085,38.0,3.5333333309777775,0.5463917525209906,13.0,32.666666666666664,2.5128205108875736,97.0,11.0,10.0,0.0,0.0,0.4536082473759167,4.248175180621237,4.0,12.0,12.0,0.5463917525209906,0.7153284671271778,0.0,0.0,2.0772623560985304,0.43248175182020754,1.0989462590541348,0.04714092086220449,0.3493954001607963
1640.0,136.66666666666666,67.0,132.75750658834912,9.0,426.0,158.0,9.0,12.0,0.0,12.0,-33.09345197477219,-0.3155779653499885,-149.0,0.0569620253128505,0.021126760562884348,237.0,36.333333333333336,0.15330520393164676,426.0,3.0,2.0,-24.937499962593748,-0.36318058869672265,0.8215962441121691,3.117073170503629,2.0,12.0,12.0,0.021126760562884348,0.13292682926748217,1.0,1.0,2.0535607990923808,0.5046747967471605,0.9713963895997694,-0.014509314553866491,0.7207137211611193
4532.0,377.6666666666667,195.0,514.5487235324647,0.0,1899.0,495.0,0.0,9.0,3.0,9.0,-105.25365534714886,-0.7520222454112236,-495.0,0.0,0.0,687.6666666666666,67.66666666666667,0.09840038778334853,1899.0,3.0,2.0,-76.78124988482813,-1.0304537917473235,0.9094260136866276,5.028243600925995,2.0,9.0,0.0,0.0,0.08958517210924628,1.0,1.0,1.729858994129434,0.6329802883197788,1.3624414568018717,0.15341817499215457,0.44587494773177566
376.0,31.333333333333332,12.5,45.14852033997226,0.0,172.0,25.0,14.0,10.0,2.0,10.0,-7.552447546109834,-0.29906303751092456,-11.0,0.559999999776,0.08139534883247701,55.166666666666664,7.5,0.13595166160677613,172.0,3.0,2.0,-3.7687499943468747,-0.27387772764469326,0.9186046511093834,5.489361700375736,3.0,7.0,1.0,0.08139534883247701,0.11968085106064678,2.0,1.0,1.7716069100249967,0.6072695035423525,1.440910223156271,0.1806335273180558,0.3225982452150532
261.0,21.75,12.5,19.536824204563032,0.0,60.0,39.0,10.0,11.0,1.0,11.0,-5.122695482033085,-0.28558241076854923,-29.0,0.2564102563445102,0.16666666663888888,35.833333333333336,7.666666666666667,0.21395348831238506,60.0,2.0,1.0,-4.700336694639321,-0.30474888446582393,0.7299999998783333,2.758620688386841,3.0,10.0,1.0,0.16666666663888888,0.17624521072121666,2.0,1.0,2.0855374295339844,0.47349936142542526,0.8982447906014062,-0.05360489302677627,0.8112746309040356
210.0,17.5,4.0,30.617260926912888,0.0,110.0,110.0,3.0,7.0,5.0,7.0,-6.95740622429512,-0.41419585726869407,-107.0,0.027272727270247935,0.027272727270247935,33.666666666666664,1.3333333333333333,0.03960396038427605,110.0,1.0,0.0,-3.569999996429999,-0.36045725694695996,0.9173553718174305,6.2857142821224485,1.0,5.0,1.0,0.027272727270247935,0.038095238093424036,1.0,1.0,1.3898051379425027,0.7436507936435439,1.7495577662524175,0.27261029974484796,0.960060898937646
5157.0,429.75,215.5,445.00227059345815,52.0,1620.0,967.0,108.0,12.0,0.0,12.0,-106.04322940878762,-0.2738298056744404,-859.0,0.11168562564517388,0.06666666666625515,726.6666666666666,132.83333333333334,0.18279816513509914,1620.0,3.0,2.0,-45.76874993134687,-0.22777286217546122,0.8731824416955704,3.769633507765686,2.0,12.0,12.0,0.06666666666625515,0.15454721737414281,1.0,1.0,2.0484959265271176,0.5065121840860984,1.0354910310252547,0.017436102889948703,0.4864055162976516
294.0,24.5,22.0,8.05708797684788,16.0,46.0,20.0,20.0,12.0,0.0,12.0,-1.113795294678824,-0.04137805227636838,0.0,0.9999999995,0.4347826086011342,27.5,21.5,0.7818181815338843,46.0,3.0,2.0,-1.256249998115625,-0.05389785885872087,0.5096618356379962,1.877551019641816,4.0,12.0,12.0,0.4347826086011342,0.4387755101891573,3.0,1.0,2.4369792674027684,0.16383219954295036,0.32886073361466417,-0.505048609685073,0.024981984146048523
20952.0,1746.0,600.5,2324.9966308219314,0.0,7905.0,7905.0,9.0,11.0,1.0,11.0,-615.9135404875996,-0.7521847431032233,-7896.0,0.0011385199240972314,0.0011385199240972314,3266.0,226.0,0.06919779546825108,7905.0,1.0,0.0,-437.81999956217993,-0.7905036810111045,0.8499568742442241,4.527491408908777,2.0,9.0,2.0,0.0011385199240972314,0.06471935853376064,3.0,1.0,1.7118211912677344,0.6519504900088402,1.3316131906120363,0.14222478752177453,0.966257759240844
485.0,40.416666666666664,34.0,20.681949994029953,25.0,104.0,36.0,27.0,12.0,0.0,12.0,2.155117607854574,0.03847267988485853,-9.0,0.7499999997916666,0.2596153845904216,33.833333333333336,47.0,1.3891625611657645,104.0,10.0,9.0,-9.999999600000017,-0.32860608943830927,0.7163461537772744,2.573195875651993,4.0,12.0,12.0,0.2596153845904216,0.5814432989570837,0.0,0.0,2.382996488806529,0.22285223367473184,0.5117183502411407,-0.3229977657104901,-0.04473672991380729
233.0,19.416666666666668,9.0,25.695195184227643,0.0,93.0,37.0,0.0,9.0,3.0,9.0,-5.908455176224309,-0.36982355411177437,-37.0,0.0,0.0,34.0,4.833333333333333,0.14215686270328717,93.0,2.0,1.0,-3.441077436906437,-0.34541044572933177,0.8892473117323391,4.789699568348652,3.0,5.0,0.0,0.0,0.12446351930796294,2.0,1.0,1.7624928069738908,0.6241058655160681,1.3233576912099947,0.13917688737656786,0.558433877540207
256.0,21.333333333333332,12.0,21.989896669960856,0.0,77.0,43.0,5.0,10.0,2.0,10.0,-5.469802919758335,-0.293181508378169,-38.0,0.11627906974040021,0.06493506492663181,36.0,6.666666666666667,0.18518518513374485,77.0,2.0,1.0,-3.6363636319559225,-0.2650558676179193,0.8233766232696914,3.6093749983081054,2.0,6.0,1.0,0.06493506492663181,0.1562499999938965,1.0,1.0,1.9881078942282098,0.5253906249947633,1.0307764059212388,0.015154995055217512,0.7256956770501906
13432.0,1119.3333333333333,1257.5,590.4247529439199,200.0,1821.0,255.0,1480.0,12.0,0.0,12.0,110.43356634089493,0.1199397636918908,1225.0,5.803921568399846,0.8127402526039937,832.1666666666666,1406.5,1.6901662327055058,1821.0,7.0,6.0,92.12499953937501,0.20800020340288525,0.2731466227332612,1.6268612269062523,3.0,12.0,12.0,0.8127402526039937,0.6282757593801159,1.0,1.0,2.3212123236400704,0.295587651379704,0.5274789335366098,-0.30934702671179676,0.2941131646329636
54702.0,4558.5,5426.0,2685.3725222645244,523.0,9667.0,523.0,9667.0,12.0,0.0,12.0,785.233311483466,0.2629232745815695,9144.0,18.48374760958922,0.9999999999989655,2521.0,6596.0,2.6164220547298043,9667.0,12.0,11.0,0.0,0.0,0.0,2.1206537238080054,2.0,12.0,12.0,0.9999999999989655,0.7234836020619496,0.0,0.0,2.277178751676778,0.325496934907904,0.5890912629721693,-0.25858095541793535,0.8456582491193605
849.0,70.75,22.5,95.3197469922506,0.0,323.0,323.0,6.0,11.0,1.0,11.0,-24.766687836813713,-0.46634785193230927,-317.0,0.01857585139261375,0.01857585139261375,134.33333333333334,7.166666666666667,0.053349875926549634,323.0,1.0,0.0,-17.32999998267,-0.4578428124696109,0.8519560934157852,4.565371024089701,2.0,10.0,1.0,0.01857585139261375,0.05064782096524561,2.0,1.0,1.721024833208917,0.6487043580666154,1.3472755756717718,0.1479483616719042,0.8459323322138995
190107.0,15842.25,16221.5,7905.259969634142,273.0,30523.0,20494.0,8501.0,12.0,0.0,12.0,-2056.993005266859,-0.233194897637728,-11993.0,0.4148043329753026,0.2785112865706914,22425.666666666668,9258.833333333334,0.41286769624073033,30523.0,3.0,2.0,-2447.7562463283657,-0.3327783668584604,0.5714452125353506,1.926683394087376,3.0,12.0,12.0,0.2785112865706914,0.2922196447263755,2.0,1.0,2.3316719489150617,0.2804933537428864,0.4989985620495291,-0.33422409509508644,0.5970702205333319
144816.0,12068.0,9609.5,7447.120707584465,4716.0,33371.0,33371.0,4999.0,12.0,0.0,12.0,-1870.8099157854615,-0.1466102375166901,-28372.0,0.1498007251805011,0.1498007251805011,17017.333333333332,7118.666666666667,0.41831857713679094,33371.0,1.0,0.0,-1174.13999882586,-0.12213875910977112,0.6964021564720686,2.765246934038146,3.0,12.0,12.0,0.1498007251805011,0.2949397856590228,3.0,1.0,2.3261499191441994,0.3004985636946116,0.6170965120631665,-0.23678456114377416,0.6313942448628467
157510.0,13125.833333333334,15070.5,7267.753571236592,1239.0,24310.0,1239.0,19535.0,12.0,0.0,12.0,1847.6567053789531,0.22819039124872184,18296.0,15.766747376789615,0.8035787741666789,8364.5,17887.166666666668,2.1384621515506343,24310.0,10.0,9.0,12935.99948256002,0.8041848150916554,0.3294529000409998,1.8520728842599055,4.0,12.0,12.0,0.8035787741666789,0.6813726112627336,0.0,0.0,2.298850250205582,0.31044272321333355,0.553698449969987,-0.28725107503188435,0.618472357213273
109.0,9.083333333333334,4.5,15.713361264294225,0.0,60.0,60.0,4.0,9.0,3.0,9.0,-2.513668147922414,-0.1186965702654112,-56.0,0.06666666665555555,0.06666666665555555,14.0,4.166666666666667,0.2976190474064626,60.0,1.0,0.0,-0.23999999976000003,-0.005452131367978459,0.9257575756032829,6.605504579883847,3.0,3.0,3.0,0.06666666665555555,0.22935779814409563,3.0,1.0,1.5838518398948036,0.6475535168063391,1.7299113299444158,0.26737547225030023,-0.013879279275792994
20246.0,1687.1666666666667,219.0,2459.717864354004,23.0,8345.0,4126.0,23.0,12.0,0.0,12.0,-608.4678952300205,-0.6148138085934601,-4103.0,0.005574406204542961,0.002756141402033845,3303.1666666666665,71.16666666666667,0.021544982087830233,8345.0,2.0,1.0,-367.5353530898561,-0.6371694172587211,0.9068304373865705,4.94616220485066,1.0,12.0,12.0,0.002756141402033845,0.021090585794714466,0.0,0.0,1.5786993064148767,0.6913217425663598,1.4578985662389166,0.18629677096297803,0.6874810173672874
112658.0,9388.166666666666,8606.5,2018.3344137073902,6702.0,13723.0,6702.0,7406.0,12.0,0.0,12.0,-145.27399860663593,-0.013531497685937224,704.0,1.1050432706638242,0.5396779129923925,10019.166666666666,8757.166666666666,0.8740414206096241,13723.0,3.0,2.0,-253.18124962022813,-0.029341474324624032,0.33283133749479826,1.4617337428307318,4.0,12.0,12.0,0.5396779129923925,0.46639386461676346,3.0,1.0,2.462626531905428,0.11867480930484886,0.2149870667370527,-0.6461080572405585,0.08012381706732372
312.0,26.0,22.5,10.352133435513023,13.0,48.0,39.0,22.0,12.0,0.0,12.0,-2.6166560690057303,-0.09498238725861627,-17.0,0.5641025639579224,0.4583333332378472,33.833333333333336,18.166666666666668,0.5369458126491785,48.0,2.0,1.0,-1.8518518496071827,-0.0777685787490524,0.5312499998893229,1.846153845443787,3.0,12.0,12.0,0.4583333332378472,0.34935897434777696,2.0,1.0,2.4091419904058213,0.2174145299110557,0.39815897813582435,-0.4304524956682675,0.5614583112157566
918.0,76.5,15.5,101.15623230099732,0.0,289.0,182.0,0.0,9.0,3.0,9.0,-26.105530810896823,-0.6185863416849818,-182.0,0.0,0.0,147.83333333333334,5.166666666666667,0.03494926719042057,289.0,3.0,2.0,-10.31249998453125,-0.6715657066294699,0.926182237568875,3.777777777283951,1.0,9.0,0.0,0.0,0.03376906318046003,1.0,1.0,1.6640875741460768,0.6608569353651559,1.3223036900362652,0.13878619387714575,0.7971663624554983
524202.0,43683.5,40119.0,11706.910747502947,26064.0,69800.0,35107.0,37674.0,12.0,0.0,12.0,713.6376344933237,0.02122188460717914,2567.0,1.0731193209328416,0.5397421203437622,43608.666666666664,43758.333333333336,1.0034320395026213,69800.0,4.0,3.0,675.8095225222676,0.014683324463624274,0.37161532951284076,1.5978573145463166,2.0,12.0,12.0,0.5397421203437622,0.5008565400360834,1.0,1.0,2.450431459987089,0.14552055632497707,0.2679938820721844,-0.5772946764785062,0.296577296130421
374.0,31.166666666666668,27.5,11.560228755906557,19.0,59.0,21.0,29.0,12.0,0.0,12.0,1.5104895092219668,0.04341308460353417,8.0,1.3809523802947845,0.49152542364550417,25.5,36.833333333333336,1.4444444438779958,59.0,10.0,9.0,19.999999200000033,0.8109301837791218,0.593220338882505,1.8930481277348508,3.0,12.0,12.0,0.49152542364550417,0.5909090908932911,0.0,0.0,2.421925846119121,0.1969696969668444,0.37091643055178797,-0.45887813079470713,0.06389236685621166
2349.0,195.75,95.5,239.89446464365673,24.0,761.0,674.0,91.0,12.0,0.0,12.0,-55.38842970558632,-0.2487286021780567,-583.0,0.13501483679324905,0.11957950065545887,325.5,66.0,0.202764976952296,761.0,2.0,1.0,-14.047138030111212,-0.13571396844270786,0.8798948751526953,3.8876117494821143,3.0,12.0,12.0,0.11957950065545887,0.16858237547820953,2.0,1.0,1.9116082710824291,0.5580743578822047,1.2255145064183988,0.10133140261233935,0.7507864938301211
32187.0,2682.25,1010.5,3458.7123115643294,74.0,11845.0,3684.0,74.0,12.0,0.0,12.0,-842.8035593690397,-0.5154255410497997,-3610.0,0.020086862106351557,0.006247361756009921,5162.333333333333,202.16666666666666,0.03916187770380482,11845.0,2.0,1.0,-721.49494862041,-0.5840165613239866,0.8593668214429216,4.4160685991074065,2.0,12.0,12.0,0.006247361756009921,0.037686022307130924,1.0,1.0,1.750824281271794,0.6373095763299437,1.2894817081000782,0.12643984316609028,0.6195247454225874
8729.0,727.4166666666666,611.0,633.3264637785336,54.0,2163.0,1271.0,137.0,12.0,0.0,12.0,-170.20088987624595,-0.33531662694790326,-1134.0,0.10778914240670505,0.06333795654154721,1274.3333333333333,180.5,0.14164268898659452,2163.0,3.0,2.0,-173.51249973973125,-0.42146205070722365,0.7831201520485704,2.9735364875292905,2.0,12.0,12.0,0.06333795654154721,0.12406919463841898,1.0,1.0,2.093212340232023,0.4711020735477953,0.870651571226707,-0.06914618988865127,0.7456313666401075
8650.0,720.8333333333334,425.5,845.3183654037624,3.0,3029.0,1143.0,3.0,12.0,0.0,12.0,-212.54418291127888,-0.6116091730520902,-1140.0,0.002624671915987536,0.000990425883126476,1323.8333333333333,117.83333333333333,0.08900919048151322,3029.0,2.0,1.0,-167.2996630968758,-0.7311876818020592,0.85216242984202,4.202080924797197,4.0,12.0,12.0,0.000990425883126476,0.08173410404614828,3.0,1.0,1.8528815943468413,0.588073217726236,1.1726959982317253,0.07948465794853443,0.5357541859652449
14070.0,1172.5,623.0,1245.1610002994257,30.0,3953.0,2544.0,30.0,12.0,0.0,12.0,-335.92371236909133,-0.47251668620390436,-2514.0,0.011792452830142327,0.007589172780147763,2115.0,230.0,0.10874704491674352,3953.0,3.0,2.0,-250.91249962363125,-0.5671762171178406,0.8535851814352862,3.3714285713998176,3.0,12.0,12.0,0.007589172780147763,0.09808102345408806,2.0,1.0,1.9232662344614833,0.5611940298506488,1.0619710023785127,0.030054255038289557,0.789737498076616
90.0,7.5,3.5,10.136567466356647,0.0,37.0,37.0,4.0,9.0,3.0,9.0,-2.3954227570489777,-0.2746997948557532,-33.0,0.1081081080788897,0.1081081080788897,13.5,1.5,0.11111111102880658,37.0,1.0,0.0,-1.36999999863,-0.23385811072238175,0.8697788695437944,4.933333326755555,1.0,7.0,2.0,0.1081081080788897,0.0999999999888889,2.0,1.0,1.7567505721802188,0.6240740740582651,1.3515423270454965,0.1494943656066406,0.8409882036632089
27597.0,2299.75,422.5,3279.2653426491734,29.0,10585.0,10585.0,29.0,12.0,0.0,12.0,-858.244118796642,-0.547490377893534,-10556.0,0.0027397260273946717,0.0027397260273946717,4417.0,182.5,0.0413176364047061,10585.0,1.0,0.0,-627.8999993721,-0.5491417285836062,0.8538927298484654,4.602674203697782,0.0,12.0,12.0,0.0027397260273946717,0.039678225894104545,0.0,0.0,1.6314912118436706,0.6794307352247901,1.4259225318555993,0.1755713656421491,0.9923666688968666
27654.0,2304.5,2524.5,1389.1451508031837,196.0,4800.0,2845.0,257.0,12.0,0.0,12.0,-355.55244725408187,-0.28094504395939246,-2588.0,0.09033391915609724,0.053541666666555125,3349.0,1260.0,0.3762317109573717,4800.0,3.0,2.0,-534.5062491982407,-0.44540060464589626,0.5972685185172741,2.0828813191491307,2.0,12.0,12.0,0.053541666666555125,0.27337817313941076,2.0,1.0,2.2540164553149404,0.33060919457096594,0.6027967675405319,-0.24781883798320314,0.727670518924818
2543.0,211.91666666666666,118.5,223.29780500986172,31.0,748.0,611.0,38.0,12.0,0.0,12.0,-54.19071832706183,-0.243659335372978,-573.0,0.06219312602189537,0.050802139036753985,343.5,80.33333333333333,0.23386705482094514,748.0,2.0,1.0,-21.023568998085903,-0.16731958578804854,0.8417112299352713,3.5296893431287604,5.0,12.0,12.0,0.050802139036753985,0.18953991348726096,4.0,1.0,2.031401227938538,0.5112400052426287,1.0537057255178512,0.026150643150930297,0.6442034680361678
15670.0,1305.8333333333333,1259.5,965.8951662692087,128.0,2606.0,235.0,2546.0,12.0,0.0,12.0,191.3134136983257,0.16259593023859814,2311.0,10.834042552730466,0.9769762087452918,644.3333333333334,1967.3333333333333,3.0532850490990175,2606.0,7.0,6.0,-156.24999921875002,-0.3062787000367731,0.2940905602444586,1.9956604977511503,2.0,12.0,12.0,0.9769762087452918,0.7532865347793534,1.0,1.0,2.176958876352566,0.4128696022122156,0.7396772173032383,-0.14963855369253112,0.31141155653464203
7925.0,660.4166666666666,325.0,694.277497154816,17.0,2216.0,1457.0,17.0,12.0,0.0,12.0,-191.30959933087817,-0.42584355890152426,-1440.0,0.011667810569583612,0.007671480144369714,1178.0,142.83333333333334,0.12125070741266626,2216.0,2.0,1.0,-152.78114459595548,-0.47141501666478064,0.8081227436786638,3.3554574131984034,2.0,12.0,12.0,0.007671480144369714,0.1081388012616932,1.0,1.0,1.9583103737250684,0.5441745531018269,1.0512719199661376,0.024995184442502365,0.7977127526838635
624.0,52.0,45.5,33.60803475361212,25.0,160.0,46.0,46.0,12.0,0.0,12.0,-3.1354100418698403,-0.03593164831466149,0.0,0.9999999997826087,0.28749999998203124,60.833333333333336,43.166666666666664,0.7095890409792456,160.0,3.0,2.0,0.618749999071875,0.018571730908193897,0.7395833332871093,3.076923076331361,3.0,12.0,12.0,0.28749999998203124,0.4150641025574509,3.0,1.0,2.3354291166982377,0.24813034187856386,0.6463083605220967,-0.21483924140033442,-0.23221132501917097
526.0,43.833333333333336,44.5,10.350791703482827,23.0,61.0,47.0,60.0,12.0,0.0,12.0,1.0146217410430385,0.01977027779380706,13.0,1.2765957444092348,0.9836065572158021,41.833333333333336,45.833333333333336,1.0956175296185775,61.0,11.0,10.0,0.0,0.0,0.01639344262026337,1.3916349806711097,5.0,12.0,12.0,0.9836065572158021,0.5228136882029883,0.0,0.0,2.4558606158096303,0.12927756653800282,0.23613973462634438,-0.6179400627198636,0.2194351095962121
76833.0,6402.75,5324.5,2664.7859865600217,3470.0,11972.0,10062.0,4440.0,12.0,0.0,12.0,-744.3013344040193,-0.11156874944815445,-5622.0,0.4412641621939562,0.3708653524888315,8422.666666666666,4382.833333333333,0.5203617223359343,11972.0,2.0,1.0,-581.1380464336373,-0.09819451207792573,0.5422736384893566,1.8698215610450668,2.0,12.0,12.0,0.3708653524888315,0.3422617885543527,2.0,1.0,2.403652164892995,0.22549230148502475,0.4161939770498395,-0.4122359171197442,0.8678830273252687
398.0,33.166666666666664,29.0,18.374952758820605,20.0,91.0,38.0,24.0,12.0,0.0,12.0,0.7552447546109834,0.024995720359660245,-14.0,0.6315789472022161,0.26373626370728176,25.666666666666668,40.666666666666664,1.5844155837982794,91.0,7.0,6.0,-0.4999999975,-0.024698628492099823,0.6637362636633257,2.7437185921375726,3.0,12.0,12.0,0.26373626370728176,0.6130653266177621,2.0,1.0,2.369400457202197,0.23115577889172023,0.5540186759783041,-0.28698581980646337,-0.039068821742790534
403.0,33.583333333333336,30.5,11.863517840655678,21.0,69.0,41.0,29.0,12.0,0.0,12.0,0.16401780024379942,-0.009055239064817262,-12.0,0.7073170729982153,0.42028985501155225,33.666666666666664,33.5,0.9950495046549358,69.0,11.0,10.0,0.0,0.0,0.5797101448435203,2.054590570107814,3.0,12.0,12.0,0.42028985501155225,0.49875930519854195,0.0,0.0,2.431955464077088,0.16315136476169068,0.35325611425676773,-0.4779168397112092,-0.2367438385422647
235.0,19.583333333333332,14.0,16.069942612080343,9.0,67.0,18.0,12.0,12.0,0.0,12.0,-1.4303877928238322,-0.0626535135621523,-6.0,0.6666666662962962,0.1791044775852083,26.666666666666668,12.5,0.4687499998242187,67.0,5.0,4.0,-0.9583333309375,-0.07378587474055692,0.8102345414568947,3.421276593997646,2.0,12.0,12.0,0.1791044775852083,0.3191489361566319,1.0,1.0,2.2408204657315296,0.34645390070414983,0.8205928138148637,-0.09854327904248326,0.27227939914852783
259.0,21.583333333333332,11.5,29.233138539829913,10.0,118.0,10.0,17.0,12.0,0.0,12.0,-2.071201524008909,-0.0445965848688472,7.0,1.6999999982999998,0.14406779659796037,31.0,12.166666666666666,0.39247311815296565,118.0,4.0,3.0,-0.05442176860382248,-0.007023648529560496,0.894067796534401,5.4671814646484105,3.0,12.0,12.0,0.14406779659796037,0.2818532818423995,2.0,1.0,1.978632043070119,0.4372586872537949,1.3544311286309931,0.150537904797581,0.008259517661539467
9476.0,789.6666666666666,644.0,485.6595744163006,143.0,1499.0,319.0,184.0,12.0,0.0,12.0,65.34774311108772,0.06121126717099651,-135.0,0.576802507818909,0.12274849899851403,626.0,953.3333333333334,1.5228966985912211,1499.0,8.0,7.0,-445.86666309973333,-0.7791008253037136,0.31987991994449716,1.89826931192193,3.0,12.0,12.0,0.12274849899851403,0.6036302237224529,1.0,1.0,2.279471331168147,0.34429084001675925,0.6150184564079575,-0.23837594056704187,0.054457759866076864
16341.0,1361.75,1405.0,940.6751232492544,167.0,3063.0,167.0,221.0,12.0,0.0,12.0,181.37698649750945,0.15711419642521143,54.0,1.323353293333931,0.07215148547152415,757.8333333333334,1965.6666666666667,2.593798108608835,3063.0,10.0,9.0,-4691.999812320008,-4.896410370018731,0.5448906300994291,2.2493115476243855,2.0,12.0,12.0,0.07215148547152415,0.721742855393965,0.0,0.0,2.2201821907593295,0.3920557697406586,0.6907840082558081,-0.18288320106353026,0.5478996436153041
2614.0,217.83333333333334,115.0,240.98887710616208,13.0,811.0,211.0,95.0,12.0,0.0,12.0,-54.63699931842285,-0.3041769282901726,-116.0,0.45023696680330627,0.11713933415391936,373.1666666666667,62.5,0.16748548458684717,811.0,2.0,1.0,-53.11784505345984,-0.343919975146953,0.8036991368581541,3.72302983915579,3.0,12.0,12.0,0.11713933415391936,0.143458301453162,2.0,1.0,1.9705091726095998,0.5472456006115689,1.1062993592735995,0.050467355863492075,0.6203715291022491
0.0,0.0,0.0,0.0,0.0,0.0,0.0,0.0,0.0,12.0,0.0,0.0,0.0,0.0,0.0,0.0,0.0,0.0,0.0,0.0,1.0,0.0,0.0,0.0,0.0,0.0,0.0,0.0,0.0,0.0,0.0,0.0,0.0,0.0,-1.0833333333333333,0.0,0.0,
177.0,14.75,6.5,18.69547627992754,0.0,67.0,67.0,8.0,10.0,2.0,10.0,-4.481881750848008,-0.2701410450302147,-59.0,0.11940298505680554,0.11940298505680554,25.666666666666668,3.8333333333333335,0.14935064929246078,67.0,1.0,0.0,-2.73999999726,-0.22456758400414722,0.8507462685297394,4.542372878276357,0.0,5.0,2.0,0.11940298505680554,0.12994350281751732,2.0,1.0,1.8222796702008401,0.6078154425532434,1.2674899164239077,0.1179674119670337,0.9425630753137539
15544.0,1295.3333333333333,1622.5,696.9640513605339,121.0,2087.0,1741.0,1736.0,12.0,0.0,12.0,-43.97965667002344,-0.08693472432951775,-5.0,0.9971280873004186,0.8318160038292678,1618.0,972.6666666666666,0.6011536876765483,2087.0,5.0,4.0,33.8749999153125,0.08899800764847572,0.4598535149543303,1.6111682964363525,4.0,12.0,12.0,0.8318160038292678,0.37545033453398385,2.0,1.0,2.2934688863333514,0.2913235546405164,0.538057682466665,-0.3003413479166617,-0.10791661904155896
3217.0,268.0833333333333,173.5,260.10172956407314,57.0,999.0,260.0,96.0,12.0,0.0,12.0,-58.76033052920303,-0.2366414653184496,-164.0,0.36923076921656806,0.09609609609513417,432.5,103.66666666666667,0.2396917148306815,999.0,2.0,1.0,-50.30303024205693,-0.2588907396923948,0.804004003995956,3.7264532171441798,3.0,12.0,12.0,0.09609609609513417,0.19334783960151275,3.0,1.0,2.1027555863029583,0.4741218526573525,0.9702271540728786,-0.015111377298943783,0.407438229598244
1800.0,150.0,135.5,52.22866390530523,71.0,239.0,149.0,122.0,12.0,0.0,12.0,7.270184354992598,0.04619506579142776,-27.0,0.8187919462537723,0.510460251024667,121.16666666666667,178.83333333333334,1.475928473055632,239.0,10.0,9.0,-167.99999328000027,-1.0410688341431502,0.3138075313676231,1.5933333332271111,3.0,12.0,12.0,0.510460251024667,0.5961111111077995,0.0,0.0,2.4237075033524222,0.19620370370311124,0.34819109267882214,-0.483469228356481,0.31865325695832836
193.0,16.083333333333332,13.5,12.925803220260198,0.0,41.0,41.0,8.0,11.0,1.0,11.0,-3.284170372323519,-0.22738009759311184,-33.0,0.19512195117192146,0.19512195117192146,26.0,6.166666666666667,0.2371794870882643,41.0,1.0,0.0,-2.80999999719,-0.22040365333216416,0.6629711750045968,2.5492227963424523,4.0,9.0,2.0,0.19512195117192146,0.19170984454965234,4.0,1.0,2.1470181084567237,0.4434369602697463,0.8036768836615603,-0.10884605635025467,0.6632201332562874
175.0,14.583333333333334,6.5,20.22563692171124,0.0,71.0,71.0,10.0,10.0,2.0,10.0,-4.382708197212222,-0.23016946986743622,-61.0,0.1408450704026979,0.1408450704026979,24.833333333333332,4.333333333333333,0.17449664422503489,71.0,1.0,0.0,-2.35999999764,-0.1660793485271258,0.8668373878420589,4.868571425232979,2.0,6.0,1.0,0.1408450704026979,0.14857142856293876,2.0,1.0,1.7491121472531188,0.6309523809442179,1.3869008165377528,0.16209337838539706,0.8673335082841974
196720.0,16393.333333333332,12142.5,7908.750747677467,8521.0,33756.0,14362.0,11334.0,12.0,0.0,12.0,-1567.1099796131052,-0.09202732804616817,-3028.0,0.7891658543372865,0.33576253110548177,21973.833333333332,10812.833333333334,0.4920776984744771,33756.0,3.0,2.0,-2109.6374968355435,-0.12072351852758698,0.5759667417148826,2.059129727530261,3.0,12.0,12.0,0.33576253110548177,0.3297936152907518,3.0,1.0,2.3794430119725476,0.25083451945234647,0.48243701185477694,-0.3491298341890797,0.6641349389267052
165.0,13.75,7.5,16.588776326179094,0.0,49.0,36.0,3.0,7.0,5.0,7.0,-4.321678318051738,-0.37723801992991013,-33.0,0.08333333331018518,0.06122448978342357,24.833333333333332,2.6666666666666665,0.10738255029232917,49.0,2.0,1.0,-3.070707066985001,-0.3369683149437753,0.8367346937067889,3.5636363610446278,2.0,5.0,1.0,0.06122448978342357,0.09696969696382002,1.0,1.0,1.7148370874223673,0.627777777769136,1.2064564592083293,0.09356924269862009,0.8089859138703406
28369.0,2364.0833333333335,175.5,4602.166925451773,10.0,15845.0,15845.0,41.0,12.0,0.0,12.0,-1026.2212324509778,-0.6671476402356069,-15804.0,0.0025875670558519483,0.0025875670558519483,4674.0,54.166666666666664,0.011588931678765678,15845.0,1.0,0.0,-536.34999946365,-0.6300906114538902,0.9281448119561543,6.702386407670193,0.0,12.0,12.0,0.0025875670558519483,0.011456166942785626,1.0,1.0,1.1914715169976209,0.790813329103309,1.9467024958647703,0.321275221098006,0.9882257770652976
10089.0,840.75,410.5,946.501199594239,98.0,3600.0,1102.0,98.0,12.0,0.0,12.0,-220.07755862015105,-0.3159876346955582,-1004.0,0.08892921959991898,0.027222222222146607,1476.1666666666667,205.33333333333334,0.13909901772515007,3600.0,2.0,1.0,-161.27272707724515,-0.33551234448573397,0.8503611111087491,4.281891168548535,2.0,12.0,12.0,0.027222222222146607,0.12211319258586369,1.0,1.0,1.9848167701193384,0.5264066475037492,1.1257819798786572,0.05916974604222174,0.4129451186630028
2244.0,187.0,165.5,61.23860438209436,125.0,312.0,220.0,170.0,12.0,0.0,12.0,0.3356643353826593,0.0001678803542449152,-50.0,0.7727272726921487,0.544871794854331,191.83333333333334,182.16666666666666,0.9496090355716971,312.0,9.0,8.0,11.249999831250003,0.06885566090700747,0.5096153845990508,1.6684491977717406,3.0,12.0,12.0,0.544871794854331,0.48707664883918417,0.0,0.0,2.435702817071277,0.17015745692169726,0.32747916780117414,-0.5066149800748346,-0.26444006346405285
352032.0,29336.0,23531.0,19914.652842400574,14079.0,88448.0,32058.0,14079.0,12.0,0.0,12.0,-3694.931974013153,-0.11933199309822339,-17979.0,0.4391727493915905,0.15917827424021355,40581.5,18090.5,0.44578194497481716,88448.0,3.0,2.0,-3228.2249951576623,-0.1278429794721716,0.745491387280829,3.014998636486564,3.0,12.0,12.0,0.15917827424021355,0.30833276520315456,2.0,1.0,2.3077556590725745,0.30785553586037295,0.6788469062719452,-0.19129385325602313,0.34000194905408976
18034.0,1502.8333333333333,1570.5,934.5374821565775,288.0,3239.0,288.0,2112.0,12.0,0.0,12.0,247.4990462004458,0.23151813777377372,1824.0,7.333333333078704,0.652053102807496,670.1666666666666,2335.5,3.484953991492391,3239.0,9.0,8.0,-238.49999642250006,-0.10514546594786806,0.3511371822568145,2.1552622823412095,1.0,12.0,12.0,0.652053102807496,0.777032272373973,0.0,0.0,2.2719595876020695,0.35144726627474787,0.6218503818234618,-0.23315937302720055,0.8557025695610251
266773.0,22231.083333333332,19242.5,11539.56123846955,9871.0,53801.0,53801.0,19239.0,12.0,0.0,12.0,-2518.043227384732,-0.09528826821288186,-34562.0,0.3575955837251431,0.3575955837251431,28776.833333333332,15685.333333333334,0.545068081384721,53801.0,1.0,0.0,-1406.53999859346,-0.06523811988644909,0.6401351107024533,2.4200799931016617,3.0,12.0,12.0,0.3575955837251431,0.3527793292424513,4.0,1.0,2.368201485075885,0.2638013717030294,0.5190732752623853,-0.3165921832533692,0.5137610840334427
34246.0,2853.8333333333335,1669.0,1935.943302946195,1131.0,6610.0,6610.0,1131.0,12.0,0.0,12.0,-529.5715189453056,-0.17599122443666637,-5479.0,0.171104387291723,0.171104387291723,4243.333333333333,1464.3333333333333,0.34509033778394715,6610.0,1.0,0.0,-468.8099995311901,-0.16833494653419018,0.6199147297473775,2.316182911864803,3.0,12.0,12.0,0.171104387291723,0.25655551013249533,3.0,1.0,2.280051930209925,0.34575814207008526,0.678365929897592,-0.19163524733758686,0.8521306475248743
1054.0,87.83333333333333,51.0,100.52680681733052,6.0,324.0,324.0,78.0,12.0,0.0,12.0,-21.574062283230923,-0.2173439705906612,-246.0,0.24074074073331048,0.24074074073331048,136.5,39.166666666666664,0.286935286914266,324.0,1.0,0.0,-14.10999998589,-0.17424701849067759,0.795173961816086,3.688804553659719,2.0,12.0,12.0,0.24074074073331048,0.22296015180054118,2.0,1.0,1.9673344289517931,0.5335230866527381,1.1445177245451843,0.06738938223962966,0.7664006248775229
771.0,64.25,56.0,26.150605474188673,42.0,141.0,53.0,48.0,12.0,0.0,12.0,-0.8200890012189972,-0.004127575550146056,-5.0,0.9056603771876113,0.3404255318907499,66.0,62.5,0.9469696968262168,141.0,4.0,3.0,-1.7278911531713637,-0.02550056862867334,0.5700354609524797,2.194552528841315,3.0,12.0,12.0,0.3404255318907499,0.48638132295089,2.0,1.0,2.415628270499704,0.19141807176688852,0.4070133147100162,-0.4214506564613113,-0.11062187284455666
17052.0,1421.0,144.5,2375.8329416578654,24.0,8015.0,8015.0,30.0,12.0,0.0,12.0,-574.5047674772114,-0.5833781551872906,-7985.0,0.0037429819089161037,0.0037429819089161037,2788.0,54.0,0.019368723098926226,8015.0,1.0,0.0,-357.43999964256,-0.5601981098991002,0.897499007541556,5.640394088630258,1.0,12.0,12.0,0.0037429819089161037,0.019000703729756624,1.0,1.0,1.4282082645533152,0.7381929783406724,1.6719443642794836,0.2514814205226602,0.9928316804356715
485.0,40.416666666666664,16.0,67.31946020447745,0.0,253.0,253.0,3.0,11.0,1.0,11.0,-14.803560063864783,-0.40835640437525716,-250.0,0.011857707509412738,0.011857707509412738,74.5,6.333333333333333,0.08501118567091573,253.0,1.0,0.0,-6.64999999335,-0.37016239421542396,0.9166367229246029,6.259793812884175,2.0,9.0,2.0,0.011857707509412738,0.07835051546230205,2.0,1.0,1.609338132332372,0.6699312714746508,1.66563612835846,0.24971004914155026,0.8970962474479867
2680.0,223.33333333333334,151.0,231.49634026384857,30.0,896.0,284.0,57.0,12.0,0.0,12.0,-54.01907179192297,-0.27717106335961483,-227.0,0.20070422534504562,0.06361607142786142,375.8333333333333,70.83333333333333,0.18847006651383227,896.0,2.0,1.0,-40.22895618019385,-0.2930751227908239,0.8325892857049935,4.011940298327823,3.0,12.0,12.0,0.06361607142786142,0.1585820895516471,2.0,1.0,2.0639149353536124,0.4924129353228932,1.0365507772544016,0.01794739306645433,0.4810325407348015
77340.0,6445.0,2060.5,9518.920885968815,54.0,34069.0,7879.0,74.0,12.0,0.0,12.0,-1995.2269531890024,-0.6308018045747928,-7805.0,0.009392054829281137,0.002172062578883392,12745.333333333334,144.66666666666666,0.011350559681966195,34069.0,3.0,2.0,-1196.4562482053157,-0.681805419603997,0.9325388672006031,5.286113266089548,2.0,12.0,12.0,0.002172062578883392,0.011223170416341967,1.0,1.0,1.5930001722692997,0.6813809154383053,1.4769466075956628,0.19255425455463474,0.5055454884279418
260194.0,21682.833333333332,22338.5,4784.730153194524,13173.0,28476.0,28476.0,15258.0,12.0,0.0,12.0,-537.2917986591067,-0.028596171684680545,-13218.0,0.5358196375893609,0.5358196375893609,21653.166666666668,21712.5,1.0027401688739894,28476.0,1.0,0.0,-296.70999970329,-0.019536917921685014,0.2602446717490051,1.3132970014675296,3.0,12.0,12.0,0.5358196375893609,0.5006841049370662,3.0,1.0,2.4596680584276633,0.12469798176232239,0.22066904632046785,-0.6384457409059832,0.17613016337311888
382135.0,31844.583333333332,31441.0,5303.314992504426,23277.0,40174.0,26893.0,33652.0,12.0,0.0,12.0,472.16147449252816,0.015629386065274933,6759.0,1.2513293422075442,0.8376561955491518,31297.666666666668,32391.5,1.0349493572467483,40174.0,10.0,9.0,-2327.999906880004,-0.06800713344884368,0.14785682282069304,1.2615646303004138,3.0,12.0,12.0,0.8376561955491518,0.5085872793646091,0.0,0.0,2.471014175029713,0.09471238349448674,0.16653742763691662,-0.7144756375722423,0.247855904191258
1577.0,131.41666666666666,111.5,93.42952632272566,38.0,370.0,370.0,55.0,12.0,0.0,12.0,-20.822631896067467,-0.13211654940539377,-315.0,0.14864864864463112,0.14864864864463112,168.33333333333334,94.5,0.5613861385805117,370.0,1.0,0.0,-12.97999998702,-0.09859518185941867,0.7034398034207915,2.815472415765468,2.0,12.0,12.0,0.14864864864463112,0.3595434369032369,2.0,1.0,2.267872775354093,0.3604417670675102,0.7109412275126158,-0.16894722493275063,0.7227733853932338
55662.0,4638.5,1532.5,5525.2142869455,70.0,16583.0,6431.0,99.0,12.0,0.0,12.0,-1330.7107426849725,-0.5966225551966148,-6332.0,0.015394184419195468,0.005969969245609377,9099.0,178.0,0.01956258929550548,16583.0,3.0,2.0,-1492.8562477607156,-0.7446480071822251,0.837504271442137,3.575078150256387,2.0,12.0,12.0,0.005969969245609377,0.019187237253418997,1.0,1.0,1.7533431128163512,0.6214413184338552,1.1911640157235288,0.0872431339479449,0.7994257764429027
6167.0,513.9166666666666,271.0,556.6404372563037,36.0,1798.0,503.0,36.0,12.0,0.0,12.0,-127.61729169201854,-0.37789904176101846,-467.0,0.07157057653933259,0.020022246940934248,912.6666666666666,115.16666666666667,0.12618699780723683,1798.0,4.0,3.0,-70.38095224689343,-0.44993040872915563,0.8989849833097944,3.4986216960564565,3.0,12.0,12.0,0.020022246940934248,0.11204799740536396,1.0,1.0,1.9481601925548526,0.5577401221553375,1.0831336544423007,0.03990797915653464,0.5766314973036215
108863.0,9071.916666666666,7982.0,4261.746873023107,257.0,17284.0,8246.0,6212.0,12.0,0.0,12.0,-784.2606477843458,-0.1092576601790561,-2034.0,0.7533349502780095,0.3594075445496648,11888.666666666666,6255.166666666667,0.5261453485107446,17284.0,2.0,1.0,-848.5589215303661,-0.1093718691726311,0.5178604489698462,1.9052203227889308,5.0,12.0,12.0,0.3594075445496648,0.34475441610093926,4.0,1.0,2.3496181720473706,0.2586683874839528,0.46977359135997454,-0.36075380028314913,0.16234272058730298
368930.0,30744.166666666668,28954.0,8652.572207474235,17285.0,49079.0,17285.0,29373.0,12.0,0.0,12.0,513.8792112661662,0.02460575858259017,12088.0,1.6993346832503908,0.5984840766925572,29488.833333333332,31999.5,1.0851395726062119,49079.0,3.0,2.0,966.8624985497062,0.03397601940957831,0.3796147254652156,1.5963678746640513,3.0,12.0,12.0,0.5984840766925572,0.5204157970346537,2.0,1.0,2.4456007091373175,0.15609374858825698,0.28143785132588034,-0.560746779822612,0.051322891729966076
16094.0,1341.1666666666667,645.0,1477.6376322435153,46.0,3993.0,3406.0,71.0,12.0,0.0,12.0,-424.5924980543788,-0.5066969733037513,-3335.0,0.020845566647032163,0.017781116954626145,2604.5,77.83333333333333,0.02988417482550758,3993.0,2.0,1.0,-372.3973059459157,-0.5446888853234919,0.782243926870067,2.977258605669363,3.0,12.0,12.0,0.017781116954626145,0.029017024978234735,2.0,1.0,1.8319629406781874,0.5851145354375509,1.1017554111339614,0.04841448752903045,0.9322970433892608
8523.0,710.25,123.0,1138.512269367353,10.0,3895.0,3895.0,47.0,12.0,0.0,12.0,-277.27781286331424,-0.5235737336891507,-3848.0,0.012066752246438854,0.012066752246438854,1379.6666666666667,40.833333333333336,0.029596520898553302,3895.0,1.0,0.0,-172.37999982762,-0.4987510235251579,0.8919827284374344,5.483984512418388,1.0,12.0,12.0,0.012066752246438854,0.02874574680273525,1.0,1.0,1.5179885558019757,0.7139407094526775,1.6029739800793006,0.2316481012518651,0.9860084568014351
3803.0,316.9166666666667,264.0,327.5368829952166,0.0,1144.0,261.0,0.0,10.0,2.0,10.0,-62.18563249708517,-0.5707359466463855,-261.0,0.0,0.0,518.0,115.83333333333333,0.2236164736121567,1144.0,3.0,2.0,-93.20624986019062,-0.9508939686273198,0.7887529137460192,3.6097817511351105,3.0,10.0,0.0,0.0,0.18275046016254864,2.0,1.0,1.9784742797952026,0.5165439565251997,1.0335110691082245,0.016479413192707373,0.4883441416340863
361.0,30.083333333333332,27.5,9.331473028889324,18.0,48.0,19.0,30.0,12.0,0.0,12.0,1.8652256818422774,0.06365103574212808,11.0,1.5789473675900276,0.6249999998697917,25.5,34.666666666666664,1.3594771236498782,48.0,9.0,8.0,-11.249999831250003,-0.295990639563102,0.263888888833912,1.5955678665056283,3.0,12.0,12.0,0.6249999998697917,0.5761772853025989,0.0,0.0,2.438607199449984,0.16966759002480858,0.31018746900124483,-0.5264991056525589,0.42528119401182957
28499.0,2374.9166666666665,2206.5,1032.366008927497,750.0,4208.0,1424.0,3821.0,12.0,0.0,12.0,234.25937679006842,0.1114974246663906,2397.0,2.6832865168350897,0.9080323193894771,1537.6666666666667,3212.1666666666665,2.0889876436022825,4208.0,8.0,7.0,117.99999905600001,0.023633587180541912,0.27061549429593484,1.77185164390987,2.0,12.0,12.0,0.9080323193894771,0.67626934278372,0.0,0.0,2.3854101258001976,0.2473507842380045,0.4346956772896523,-0.3940238558284909,0.5923284244711187
555874.0,46322.833333333336,47436.5,6101.4755023318385,38219.0,60084.0,47569.0,40016.0,12.0,0.0,12.0,-34.54291160483369,-0.0010176289941626416,-7553.0,0.8412201223484116,0.6660009320283826,47563.0,45082.666666666664,0.9478516213581395,60084.0,6.0,5.0,-762.7885688132965,-0.018954073011568588,0.24967268046952332,1.2970709189489782,3.0,12.0,12.0,0.6660009320283826,0.4866138729280289,2.0,1.0,2.4764143423710077,0.07215604015777988,0.13171637102646688,-0.7672272410319416,0.08502031747585785
241001.0,20083.416666666668,16556.0,9406.669473112623,6082.0,40654.0,17494.0,6082.0,12.0,0.0,12.0,-1821.06674990222,-0.1046892345024776,-11412.0,0.3476620555617082,0.14960397500857245,24101.166666666668,16065.666666666666,0.666592903524449,40654.0,3.0,2.0,-1983.431247024853,-0.1323832108866447,0.5770923183722473,2.024257160757661,3.0,12.0,12.0,0.14960397500857245,0.3999734440935764,2.0,1.0,2.3772886616666797,0.2573298451043726,0.46837993899317953,-0.3620453037317012,0.475277910601049
1383.0,115.25,108.5,34.56666264866579,70.0,178.0,103.0,94.0,12.0,0.0,12.0,4.17673235504559,0.03543971389040977,-9.0,0.912621359134697,0.5280898876107815,90.66666666666667,139.83333333333334,1.5422794115946017,178.0,7.0,6.0,-7.99999996,-0.06780664011104147,0.25730337077206167,1.5444685465037338,3.0,12.0,12.0,0.5280898876107815,0.6066522053463005,1.0,1.0,2.440291760276818,0.17022174017760094,0.299927658530729,-0.5385471543653244,0.26734521596961514
4731.0,394.25,200.5,358.02167648528393,58.0,1204.0,889.0,58.0,12.0,0.0,12.0,-94.31786387507974,-0.2891567661171437,-831.0,0.06524184476866994,0.048172757474682956,672.1666666666666,116.33333333333333,0.17307215472095602,1204.0,3.0,2.0,-75.46874988679687,-0.3166091237478877,0.8056478405248702,3.053899809687916,2.0,12.0,12.0,0.048172757474682956,0.1475375184947209,1.0,1.0,2.1031168263534297,0.48011343620066893,0.9081082472446489,-0.04815856378309783,0.6717057576114519
48102.0,4008.5,4173.5,2207.0333217541897,601.0,7436.0,601.0,6882.0,12.0,0.0,12.0,673.3350280427195,0.2264098174060313,6281.0,11.450915141240417,0.9254975793424886,2315.5,5701.5,2.462319153519921,7436.0,11.0,10.0,0.0,0.0,0.07450242065616662,1.8550580017416614,2.0,12.0,12.0,0.9254975793424886,0.7111762504676082,0.0,0.0,2.312683968516713,0.3092283065152974,0.5505883302354208,-0.289833001447813,0.9378986602030018
1636.0,136.33333333333334,35.0,201.07848108526073,5.0,682.0,682.0,6.0,12.0,0.0,12.0,-50.975206568793844,-0.49025792120744305,-676.0,0.008797653958815283,0.008797653958815283,262.0,10.666666666666666,0.04071246819183031,682.0,1.0,0.0,-34.079999965919995,-0.4777476455777989,0.8728339109442799,5.002444987408133,1.0,12.0,12.0,0.008797653958815283,0.03911980440073888,1.0,1.0,1.6312617362174218,0.6811328443348796,1.4749032841357825,0.19188761324665857,0.9957365494510173
226363.0,18863.583333333332,16557.5,10951.002940814244,6243.0,43746.0,20555.0,7099.0,12.0,0.0,12.0,-2933.008262001544,-0.1702087069963666,-13456.0,0.3453660909752637,0.1622776939605536,27972.666666666668,9754.5,0.3487154126646195,43746.0,2.0,1.0,-3186.8148109520084,-0.2033655359044884,0.6295387006810612,2.319071579718071,2.0,12.0,12.0,0.1622776939605536,0.25855373890608185,1.0,1.0,2.324823130191686,0.3174329874287414,0.5805367276882761,-0.2653929294795375,0.7146759567772665
18032.0,1502.6666666666667,1384.5,454.6777857877916,849.0,2275.0,849.0,1396.0,12.0,0.0,12.0,107.7329941880435,0.07397153390775857,547.0,1.6442873969182064,0.6136263736236764,1156.0,1849.3333333333333,1.5997693194786642,2275.0,11.0,10.0,0.0,0.0,0.38637362637192807,1.5139751552694278,4.0,12.0,12.0,0.6136263736236764,0.6153504880209542,0.0,0.0,2.4399154890128543,0.16935632948825918,0.30258060278489296,-0.5354136210207511,0.5754620843307838
468285.0,39023.75,43078.5,13338.224370363794,160.0,51531.0,46006.0,160.0,12.0,0.0,12.0,-2642.8722164726055,-0.25604540533930437,-45846.0,0.003477807242532827,0.0031049271312407864,44521.5,33526.0,0.753029435216524,51531.0,9.0,8.0,-25821.749612673757,-4.027436592298514,0.5738293454424378,1.3205035395108569,2.0,12.0,12.0,0.0031049271312407864,0.42955892245106225,0.0,0.0,2.38765203925775,0.16421748151944282,0.34179760710747625,-0.4905377602447508,0.5990286823043832
60347.0,5028.916666666667,4239.5,2956.7650526189746,147.0,11968.0,6724.0,147.0,12.0,0.0,12.0,-706.5162104687848,-0.23903394823067173,-6577.0,0.02186198691251954,0.012282754010684923,7281.333333333333,2776.5,0.3813175242624318,11968.0,3.0,2.0,-940.8562485887156,-0.3789874415716263,0.65357620320801,2.3798366115915357,2.0,12.0,12.0,0.012282754010684923,0.2760534906457196,1.0,1.0,2.3008276353630945,0.3169627321987645,0.5879526841658598,-0.25948337122437454,0.5128158617807442
99229.0,8269.083333333334,9195.0,5011.813418619608,624.0,16101.0,624.0,14603.0,12.0,0.0,12.0,1533.7914799589291,0.2839225960631351,13979.0,23.402243589368553,0.9069623004776678,3981.1666666666665,12557.0,3.1541005567802887,16101.0,11.0,10.0,0.0,0.0,0.09303769952171105,1.947132390730193,4.0,12.0,12.0,0.9069623004776678,0.759274002559659,0.0,0.0,2.2641531011201232,0.3451301198910146,0.6060905685168907,-0.24525978746369634,0.9112697725770096
67173.0,5597.75,6012.0,3574.3617174958663,883.0,10975.0,1234.0,7140.0,12.0,0.0,12.0,947.3401136360528,0.24641137617364092,5906.0,5.786061588283744,0.6505694760814117,2375.5,8820.0,3.712902546816616,10975.0,7.0,6.0,46.74999976625,-0.0016286275130829185,0.2356264236899903,1.960609173325067,2.0,12.0,12.0,0.6505694760814117,0.7878165334284924,1.0,1.0,2.2543316521967296,0.36103915759802496,0.6385354325379806,-0.22060222823521658,0.7508043598046116
247900.0,20658.333333333332,20676.5,4157.346175413135,14006.0,28117.0,23197.0,21223.0,12.0,0.0,12.0,-673.9682130390096,-0.030159496388430965,-1974.0,0.9149027891533754,0.7548102571395402,22006.833333333332,19309.833333333332,0.8774471565646076,28117.0,3.0,2.0,175.349999736975,0.010137137914398794,0.33285912437303666,1.361048810003375,2.0,12.0,12.0,0.7548102571395402,0.46736183945137283,2.0,1.0,2.4647307944709067,0.111421272018283,0.20124305810783974,-0.6649419836397248,0.4808954227421362
118413.0,9867.75,9807.5,5162.659184390024,3421.0,23279.0,10168.0,3421.0,12.0,0.0,12.0,-22.09663062354256,-0.019444382464056616,-6747.0,0.33644767899258804,0.14695648438500494,8286.833333333334,11448.666666666666,1.3815490436619757,23279.0,8.0,7.0,-4722.666628885334,-0.6231155536410518,0.6222990678291068,2.3590990854020832,2.0,12.0,12.0,0.14695648438500494,0.5801052249330243,0.0,0.0,2.3578982733397664,0.2760894777881837,0.5231850406004197,-0.3130381054757553,0.37715408985751353
32785.0,2732.0833333333335,732.0,3249.2867796470177,27.0,9073.0,3908.0,27.0,12.0,0.0,12.0,-834.5950406219545,-0.6182550604473579,-3881.0,0.006908904810627153,0.002975862449021298,5316.666666666667,147.5,0.027742946708411768,9073.0,3.0,2.0,-705.5624989416563,-0.763588862719169,0.8559094749981381,3.3209089522526,2.0,12.0,12.0,0.002975862449021298,0.026994052157990854,1.0,1.0,1.7586080088021612,0.6221824004879848,1.1893073465188804,0.08646905918602509,0.8396865808905792
693.0,57.75,52.5,33.86769601454066,21.0,160.0,21.0,64.0,12.0,0.0,12.0,6.739987279785898,0.11287310860391549,43.0,3.0476190461678003,0.39999999997499996,42.5,73.0,1.717647058419377,160.0,11.0,10.0,0.0,0.0,0.5999999999625,2.7705627700830195,5.0,12.0,12.0,0.39999999997499996,0.6320346320255118,0.0,0.0,2.3457409164583423,0.2646705146688937,0.5864536105398463,-0.2606734836364171,0.09208103585129983
400.0,33.333333333333336,9.5,51.97328373522517,0.0,179.0,179.0,2.0,10.0,2.0,10.0,-12.411951674263333,-0.3950499015020863,-177.0,0.0111731843569177,0.0111731843569177,61.0,5.666666666666667,0.0928961748481591,179.0,1.0,0.0,-7.529999992469999,-0.3505413905698342,0.8877602843587336,5.369999998389,1.0,5.0,2.0,0.0111731843569177,0.084999999997875,2.0,1.0,1.5634340770219584,0.6970833333296242,1.5591985115889955,0.21850532866314915,0.984155894212807
319.0,26.583333333333332,10.5,32.128539580185645,0.0,96.0,96.0,6.0,9.0,3.0,9.0,-8.540368715020161,-0.4107762395840876,-90.0,0.06249999999348959,0.06249999999348959,49.833333333333336,3.3333333333333335,0.06688963209360074,96.0,1.0,0.0,-7.029999992969999,-0.40539020375754126,0.7888257574935882,3.611285265099203,3.0,7.0,1.0,0.06249999999348959,0.06269592476292489,3.0,1.0,1.7895787099020697,0.6172936259098731,1.2085970997404267,0.09444778322905448,0.7700567683575533
337683.0,28140.25,25740.0,19209.459619004556,8762.0,77294.0,26592.0,8762.0,12.0,0.0,12.0,-4126.699297236336,-0.16166666930355308,-17830.0,0.32949759326100725,0.11335938106449228,41782.0,14498.5,0.3470034943276179,77294.0,3.0,2.0,-5254.987492117519,-0.22622342273176108,0.7105338059874362,2.7467417666855316,2.0,12.0,12.0,0.11335938106449228,0.25761142846988866,1.0,1.0,2.2828129086064775,0.3467228633560633,0.6826328699637612,-0.1886134139544764,0.61785972182971
31292.0,2607.6666666666665,996.0,3451.2807606581196,10.0,10568.0,4907.0,10.0,12.0,0.0,12.0,-871.2320399554823,-0.7163801859586927,-4897.0,0.0020379050336212803,0.0009462528387576208,5043.166666666667,172.16666666666666,0.03413860339065903,10568.0,2.0,1.0,-747.1582482526028,-0.8420368036855773,0.8503311884927607,4.052665217931538,1.0,12.0,12.0,0.0009462528387576208,0.03301163236608941,0.0,0.0,1.6886272329660421,0.6583418552132136,1.3235130106013875,0.1392344304202921,0.7439115778909683
1341.0,111.75,115.0,31.00571183937996,67.0,173.0,122.0,114.0,12.0,0.0,12.0,-3.947870308193777,-0.03842204520860123,-8.0,0.9344262294316045,0.6589595375341641,127.66666666666667,95.83333333333333,0.7506527414555624,173.0,4.0,3.0,-2.802721083096858,-0.026658055275623517,0.41329479766397137,1.548098433865942,2.0,12.0,12.0,0.6589595375341641,0.42878448918397627,2.0,1.0,2.4467471331646484,0.15616455381479022,0.27745603433203936,-0.5656116110142934,0.10823329210184604
16134.0,1344.5,982.0,901.6897563278994,487.0,3606.0,487.0,775.0,12.0,0.0,12.0,-15.99745707494174,0.012834593012266476,288.0,1.5913757699878568,0.2149195784797146,1526.6666666666667,1162.3333333333333,0.7613537117854059,3606.0,4.0,3.0,-28.625850285610625,-0.01887896124319835,0.6634082085394803,2.6820379322968986,3.0,12.0,12.0,0.2149195784797146,0.4322548655011576,2.0,1.0,2.289713789387836,0.34437626544350297,0.6706506183125274,-0.1971383951078297,0.2775451096970193
2457.0,204.75,130.5,184.82564982527003,41.0,704.0,420.0,49.0,12.0,0.0,12.0,-37.74316589331152,-0.18200960508284714,-371.0,0.11666666666388889,0.06960227272628405,311.3333333333333,98.16666666666667,0.3153104924952256,704.0,3.0,2.0,-13.068749980396879,-0.1002863202618149,0.8284406565538889,3.4383394381715093,3.0,12.0,12.0,0.06960227272628405,0.23972323972226406,2.0,1.0,2.147249923379846,0.4494980328308462,0.9026893763919078,-0.05114372570039957,0.3709702169302383
10311.0,859.25,611.5,904.8871131251677,62.0,2685.0,957.0,69.0,12.0,0.0,12.0,-211.63254909131916,-0.37456126648741705,-888.0,0.07210031347887043,0.025698324022250658,1544.0,174.5,0.11301813471429394,2685.0,3.0,2.0,-257.4374996138437,-0.4809146188475303,0.788537140489511,3.1248181553316865,2.0,12.0,12.0,0.025698324022250658,0.10154204247880753,1.0,1.0,1.9555983784773128,0.5499709048587567,1.0531127298395537,0.025869368534548274,0.7441813214428139
1222.0,101.83333333333333,91.0,49.272766875380114,57.0,242.0,62.0,242.0,12.0,0.0,12.0,6.652256828492703,0.047705538876705436,180.0,3.90322580582206,0.9999999999586776,88.83333333333333,114.83333333333333,1.2926829266837507,242.0,12.0,11.0,0.0,0.0,0.0,2.3764320783263737,3.0,12.0,12.0,0.9999999999586776,0.5638297872294286,0.0,0.0,2.3868805956405894,0.23404255319059097,0.48385695781219196,-0.34783881247597676,-0.17550091327439687
209.0,17.416666666666668,10.5,20.340674904131266,0.0,75.0,75.0,3.0,10.0,2.0,10.0,-4.993006988817057,-0.291489223442046,-72.0,0.03999999999466667,0.03999999999466667,29.666666666666668,5.166666666666667,0.17415730331208182,75.0,1.0,0.0,-3.0899999969100005,-0.2587037620724691,0.8375757574640809,4.306220093221309,3.0,7.0,3.0,0.03999999999466667,0.14832535884457773,3.0,1.0,1.9144120239373128,0.5625996810141711,1.1678856397580328,0.07744211099204204,0.8771713133637066
23799.0,1983.25,1879.5,1272.3434497676587,138.0,4785.0,2472.0,138.0,12.0,0.0,12.0,-321.928798204103,-0.2619779365089651,-2334.0,0.05582524271822077,0.02884012539178926,2889.6666666666665,1076.8333333333333,0.37264967124106824,4785.0,3.0,2.0,-422.9437493655844,-0.3980725068185124,0.6704980842897864,2.412706416223811,3.0,12.0,12.0,0.02884012539178926,0.2714819950416944,2.0,1.0,2.2601317665221994,0.3538208888328138,0.6415446614200143,-0.21836465799527047,0.6738343311629043
23893.0,1991.0833333333333,118.5,4014.877529438337,13.0,14322.0,14322.0,22.0,12.0,0.0,12.0,-870.8239026385965,-0.6723376711084532,-14300.0,0.001536098310290786,0.001536098310290786,3941.3333333333335,40.833333333333336,0.010360284167768031,14322.0,1.0,0.0,-401.64999959834995,-0.6310481908389141,0.939247946578669,7.193069099700199,1.0,12.0,12.0,0.001536098310290786,0.010254049303138888,1.0,1.0,1.1633104544280648,0.7966315099261332,2.016428675889092,0.33696426639178606,0.9933923735949501
140917.0,11743.083333333334,11456.0,6835.666895755104,1689.0,23014.0,1689.0,23014.0,12.0,0.0,12.0,1744.1538446902202,0.21281517655474874,21325.0,13.625814091097538,0.9999999999995655,7487.833333333333,15998.333333333334,2.1365771139820557,23014.0,12.0,11.0,0.0,0.0,0.0,1.9597919342575048,2.0,12.0,12.0,0.9999999999995655,0.6811811208015582,0.0,0.0,2.293923244839912,0.33413463244320285,0.5821015402612274,-0.264141364573174,0.7086029082036757
70583.0,5881.916666666667,3910.5,4409.504062407574,1712.0,15630.0,15630.0,1712.0,12.0,0.0,12.0,-1237.8957395842197,-0.21274641900012783,-13918.0,0.10953294945610394,0.10953294945610394,9008.166666666666,2755.6666666666665,0.30590760236048115,15630.0,1.0,0.0,-1037.7899989622101,-0.20505101864949712,0.68037573431004,2.6572970828624616,1.0,12.0,12.0,0.10953294945610394,0.23424904013711031,1.0,1.0,2.2368366448752006,0.38921907541474265,0.7496712912287792,-0.14307185013804333,0.9515532868397715
247.0,20.583333333333332,8.5,32.02462160414841,0.0,118.0,118.0,0.0,10.0,2.0,10.0,-7.014621736008075,-0.3441165702591072,-118.0,0.0,0.0,36.0,5.166666666666667,0.14351851847865227,118.0,1.0,0.0,-3.34999999665,-0.29592619909057305,0.9006163327433994,5.732793519482044,2.0,9.0,0.0,0.0,0.1255060728694127,2.0,1.0,1.6457505413739528,0.6636302294138092,1.555852060984124,0.21748209528838094,0.9144181631581955
7167.0,597.25,266.5,582.5441506873105,60.0,1873.0,1037.0,110.0,12.0,0.0,12.0,-149.17609650545936,-0.298699082243384,-927.0,0.10607521697101183,0.05872931126503615,1029.8333333333333,164.66666666666666,0.15989642336792464,1873.0,3.0,2.0,-109.81874983527187,-0.29034640019310426,0.8248205493222855,3.136040184124972,3.0,12.0,12.0,0.05872931126503615,0.13785405329965417,2.0,1.0,2.0433896031178804,0.5061741314355626,0.9753773975346284,-0.01246475862250855,0.8106305414450092
8420.0,701.6666666666666,253.0,795.832198952071,25.0,2636.0,1431.0,25.0,12.0,0.0,12.0,-186.03432915094385,-0.38973947633560535,-1406.0,0.01747030048904633,0.009484066767794067,1286.8333333333333,116.5,0.09053231446633443,2636.0,3.0,2.0,-181.4812497277781,-0.48213442001541273,0.845599393016519,3.7567695961459844,2.0,12.0,12.0,0.009484066767794067,0.08301662707828619,1.0,1.0,1.9067656103958135,0.5773159144891469,1.1342026588228917,0.06288187219819244,0.5727442745174788
134642.0,11220.166666666666,10418.0,6044.7258392934755,1600.0,19713.0,1600.0,19245.0,12.0,0.0,12.0,1822.8633169700067,0.213711631901785,17645.0,12.028124999924826,0.9762593212595869,6539.666666666667,15900.666666666666,2.431418522856774,19713.0,11.0,10.0,0.0,0.0,0.023740678739905777,1.7569257735312098,4.0,12.0,12.0,0.9762593212595869,0.7085753331055161,0.0,0.0,2.3231813169420845,0.30071597272766937,0.5387376158364927,-0.29976675647320367,0.8858640629656439
10672.0,889.3333333333334,461.5,1089.0089786386316,0.0,3727.0,1843.0,0.0,11.0,1.0,11.0,-247.781309391563,-0.6656956002466904,-1843.0,0.0,0.0,1646.8333333333333,131.83333333333334,0.08005262625191752,3727.0,3.0,2.0,-223.5749996646375,-0.9451159560891542,0.8728795873929416,4.190779610147779,3.0,11.0,0.0,0.0,0.07411919040472814,2.0,1.0,1.8196748951442594,0.607852323837949,1.224522839534917,0.10093078639421957,0.4781659621261668
500.0,41.666666666666664,14.5,82.05215143770182,0.0,305.0,305.0,0.0,8.0,4.0,8.0,-16.760330564447784,-0.5219621914636059,-305.0,0.0,0.0,80.66666666666667,2.6666666666666665,0.03305785123557134,305.0,1.0,0.0,-6.169999993829999,-0.4776853761056177,0.9418777943059294,7.3199999982432,3.0,7.0,0.0,0.0,0.03199999999936,3.0,1.0,1.3225690323217427,0.7469999999969497,1.9692516340322235,0.32642960373014474,0.6049223676888122
56150.0,4679.166666666667,5310.5,2224.6771988063547,1400.0,7832.0,1400.0,6202.0,12.0,0.0,12.0,627.1354095182334,0.1699717722681047,4802.0,4.4299999999683575,0.7918794688447499,3041.0,6317.333333333333,2.0773868245026503,7832.0,11.0,10.0,0.0,0.0,0.2081205311539733,1.673802315223493,3.0,12.0,12.0,0.7918794688447499,0.6750489759571372,0.0,0.0,2.358972906347026,0.2684416740872462,0.4754430344722921,-0.35552505469191775,0.7889301122110006
757.0,63.083333333333336,13.5,74.95382838046959,0.0,227.0,79.0,13.0,11.0,1.0,11.0,-17.610934505247023,-0.3401134819998824,-66.0,0.16455696200448647,0.057268722464437496,117.33333333333333,8.833333333333334,0.07528409090267467,227.0,3.0,2.0,-12.78749998081875,-0.2584113564239416,0.8668624571326394,3.598414794673963,2.0,6.0,5.0,0.057268722464437496,0.07001321003870524,1.0,1.0,1.8237982990686121,0.604249229412497,1.1881716518138103,0.08599492266356358,0.7851028457462367
28417.0,2368.0833333333335,1037.0,3022.462336636949,0.0,10417.0,5727.0,0.0,11.0,1.0,11.0,-790.7527011800422,-0.8305003276271331,-5727.0,0.0,0.0,4506.666666666667,229.5,0.05092455621290475,10417.0,2.0,1.0,-505.75757514453625,-0.9922517960039436,0.8821829701441085,4.398916141727562,1.0,11.0,0.0,0.0,0.048456909596351315,0.0,0.0,1.7481949351494939,0.6354441590127471,1.276332759949686,0.12139383345694005,0.6812849717983032
282546.0,23545.5,21368.0,7363.864072844727,15482.0,40880.0,34746.0,20763.0,12.0,0.0,12.0,-1532.597582947852,-0.06170344726325163,-13983.0,0.5975651873595241,0.5079011741681733,27364.666666666668,19726.333333333332,0.7208687602014564,40880.0,3.0,2.0,-600.5062490992406,-0.03124774800169407,0.5033105022829819,1.7362128644531922,3.0,12.0,12.0,0.5079011741681733,0.4188981617152457,3.0,1.0,2.439572792791205,0.16649796257364224,0.312750380023427,-0.5235188886129927,0.18909997994949848
155747.0,12978.916666666666,10970.0,7726.258424558136,4230.0,31550.0,14894.0,6569.0,12.0,0.0,12.0,-623.1875392100396,-0.05849026724347835,-8325.0,0.4410500872831737,0.2082091917590465,13096.0,12861.833333333334,0.9821192221535975,31550.0,9.0,8.0,-3245.9999513100006,-0.37954908455505426,0.7403063919701826,2.430865442029113,2.0,12.0,12.0,0.2082091917590465,0.4954894797331251,0.0,0.0,2.3229654047196346,0.3179403134570735,0.5952930142771686,-0.25368818273515387,0.29393737805748266
670.0,55.833333333333336,31.0,55.87013712371057,18.0,218.0,30.0,18.0,12.0,0.0,12.0,1.8537825794996867,-0.0005152440486841641,-12.0,0.5999999998,0.08256880733566198,44.833333333333336,66.83333333333333,1.4907063193701025,218.0,10.0,9.0,-13.999999440000023,-0.6273150926174801,0.9013761467476432,3.904477611240989,3.0,12.0,12.0,0.08256880733566198,0.5985074626776342,0.0,0.0,2.1250602866400987,0.43706467661502457,1.0006591721857427,0.0003294775911916988,-0.26247341057969475
259.0,21.583333333333332,7.0,35.73620557486328,0.0,125.0,125.0,0.0,9.0,3.0,9.0,-7.716465346353635,-0.34412802708566304,-125.0,0.0,0.0,38.333333333333336,4.833333333333333,0.12608695648884685,125.0,1.0,0.0,-3.9099999960900007,-0.28473009898618673,0.902545454473251,5.791505788822469,2.0,5.0,0.0,0.0,0.11196911196478883,2.0,1.0,1.5212000580017901,0.6998069498012127,1.6557315316589636,0.24691182986883706,0.9122805212016414
842.0,70.16666666666667,16.0,111.03140196458939,0.0,388.0,388.0,0.0,9.0,3.0,9.0,-27.19643990089046,-0.5725843968546208,-388.0,0.0,0.0,134.66666666666666,5.666666666666667,0.04207920791766739,388.0,1.0,0.0,-16.57999998342,-0.5617713815053131,0.8936269915421043,5.529691210613346,1.0,7.0,0.0,0.0,0.04038004750545867,1.0,1.0,1.5283122193593828,0.7092240696736019,1.582395277179555,0.22552522554105434,0.9819737699824309
548.0,45.666666666666664,12.5,70.151423522422,0.0,254.0,110.0,0.0,10.0,2.0,10.0,-15.760966293194866,-0.48784575090317905,-110.0,0.0,0.0,85.66666666666667,5.666666666666667,0.06614785991445746,254.0,2.0,1.0,-6.7609427527476775,-0.48662976869244623,0.9275590550815921,5.562043794402473,2.0,10.0,0.0,0.0,0.06204379561930577,1.0,1.0,1.633947128639872,0.6727493917248235,1.5361625585487673,0.21140701606861753,0.5000440803012377
202.0,16.833333333333332,17.0,4.297932319409209,11.0,24.0,20.0,15.0,12.0,0.0,12.0,-0.7933884290862856,-0.04077799003572065,-5.0,0.749999999625,0.6249999997395833,19.333333333333332,14.333333333333334,0.7413793099613556,24.0,2.0,1.0,-0.5925925918742985,-0.027965861224846702,0.3416666665243055,1.42574257341045,1.0,12.0,12.0,0.6249999997395833,0.42574257423634937,2.0,1.0,2.452577321021899,0.14356435643058219,0.25532271189243455,-0.5932158165057683,0.1866256663068427
39879.0,3323.25,1719.5,3078.2844552607544,230.0,10229.0,10229.0,230.0,12.0,0.0,12.0,-878.7349007247743,-0.33448777738335117,-9999.0,0.02248509140676265,0.02248509140676265,5560.833333333333,1085.6666666666667,0.19523452719880974,10229.0,1.0,0.0,-737.5299992624699,-0.33945541384379674,0.7364889485324165,3.0780109832149916,2.0,12.0,12.0,0.02248509140676265,0.16334411595071008,2.0,1.0,2.0827496288563867,0.4866157626820806,0.9262873558268236,-0.03826669159572378,0.9632803491605808
229.0,19.083333333333332,12.5,19.67425700983112,8.0,83.0,9.0,9.0,12.0,0.0,12.0,-1.9338842958978213,-0.055549503339804816,0.0,0.9999999988888888,0.10843373492669474,25.0,13.166666666666666,0.5266666664559999,83.0,3.0,2.0,-0.993749998509375,-0.07386565808631416,0.8313253011046596,4.349344975886806,3.0,12.0,12.0,0.10843373492669474,0.3449781659238001,2.0,1.0,2.153542595710015,0.38027656476905536,1.0309654322893345,0.015246656748090129,-0.14093515659461844
1451.0,120.91666666666667,61.0,121.74184321295982,0.0,325.0,234.0,0.0,11.0,1.0,11.0,-33.86013983172575,-0.46820034171067815,-234.0,0.0,0.0,221.16666666666666,20.666666666666668,0.09344385832282846,325.0,2.0,1.0,-34.76094271880828,-0.5608249751681246,0.7255384615161373,2.6878015159734416,3.0,11.0,0.0,0.0,0.08545830461691621,2.0,1.0,1.9629783766240994,0.5352056053287282,1.0068243407544446,0.003400567104234188,0.8516754250944707
3132.0,261.0,166.5,228.91592343041583,41.0,858.0,459.0,46.0,12.0,0.0,12.0,-56.84933243799039,-0.2690601717226983,-413.0,0.10021786492156388,0.053613053612428754,427.6666666666667,94.33333333333333,0.2205767731826833,858.0,3.0,2.0,-46.856249929715624,-0.3027680876175033,0.8113183113088553,3.287356321713128,3.0,12.0,12.0,0.053613053612428754,0.18071519795600027,2.0,1.0,2.1362556157249704,0.45492762877779436,0.8770725035312072,-0.06548894419327089,0.5680140347974639
260.0,21.666666666666668,9.0,32.95029927363668,0.0,115.0,64.0,0.0,8.0,4.0,8.0,-7.361729173733322,-0.4015232220222276,-64.0,0.0,0.0,41.333333333333336,2.0,0.04838709676248699,115.0,2.0,1.0,-2.377104374223038,-0.3174687062110965,0.9295652173104727,5.307692305242603,4.0,6.0,0.0,0.0,0.04615384615207101,3.0,1.0,1.5883135631309022,0.6820512820456239,1.520783042696716,0.20659574201242029,0.4862201440517421
125410.0,10450.833333333334,9187.0,5684.466683183412,4206.0,24360.0,4206.0,5207.0,12.0,0.0,12.0,-449.19516809094875,-0.036869494972974245,1001.0,1.2379933428406134,0.21375205254506824,12351.666666666666,8550.0,0.6922142760755426,24360.0,4.0,3.0,-1526.0816297462388,-0.17253023775946405,0.6015342775038581,2.330914600109403,2.0,12.0,12.0,0.21375205254506824,0.40905828881266176,1.0,1.0,2.348356225104643,0.29250724290991315,0.5439247284756851,-0.2953999395900864,0.44832748802209854
326.0,27.166666666666668,10.0,37.57400105865165,0.0,133.0,50.0,7.0,10.0,2.0,10.0,-8.216147481980093,-0.35839422497378665,-43.0,0.139999999972,0.05263157894341115,47.5,6.833333333333333,0.14385964909252077,133.0,2.0,1.0,-4.666666661010101,-0.32957160039029615,0.8924812029404149,4.895705519670292,2.0,9.0,1.0,0.05263157894341115,0.12576687116178628,1.0,1.0,1.751121928247089,0.6242331288299909,1.383092062999536,0.1607542022046124,0.5756499451599633
2186.0,182.16666666666666,193.0,44.810403058020164,107.0,238.0,117.0,153.0,12.0,0.0,12.0,3.7304513636845544,0.021904909720046,36.0,1.3076923075805391,0.6428571428301321,173.83333333333334,190.5,1.0958772770222889,238.0,4.0,3.0,-5.074829922306447,-0.030022042179263467,0.1917016806642142,1.3064958828194055,3.0,12.0,12.0,0.6428571428301321,0.5228728270790354,2.0,1.0,2.453328815298487,0.13876181762685946,0.2459857441293338,-0.605154801624684,0.003587621288903079
313.0,26.083333333333332,12.0,28.273834586455056,0.0,82.0,69.0,0.0,8.0,4.0,8.0,-7.609663057822788,-0.42336457213878714,-69.0,0.0,0.0,46.666666666666664,5.5,0.11785714283188777,82.0,3.0,2.0,-4.46249999330625,-0.3818164931878001,0.8563685635812018,3.143769966845839,3.0,5.0,0.0,0.0,0.10543130990078493,2.0,1.0,1.8392954910076582,0.5854632587814996,1.0839808782983482,0.04029829618701129,0.7890040385076025
164510.0,13709.166666666666,10767.0,7080.089733816154,6112.0,26034.0,23190.0,6112.0,12.0,0.0,12.0,-2027.3515558321017,-0.15050400543413583,-17078.0,0.26356188012062803,0.23476991626325774,18960.833333333332,8457.5,0.4460510701883113,26034.0,3.0,2.0,-1336.668747994997,-0.12976879522648194,0.6137614913828274,1.8990213360876063,2.0,12.0,12.0,0.23476991626325774,0.3084614917026133,1.0,1.0,2.35673474494056,0.28334751686826865,0.5164493149701044,-0.31887032441878804,0.8435055154864447
20243.0,1686.9166666666667,1417.0,993.4398537684883,223.0,3632.0,1124.0,259.0,12.0,0.0,12.0,-69.17355366096054,-0.12363248131107517,-865.0,0.23042704626129515,0.07131057268702833,1747.6666666666667,1626.1666666666667,0.9304787335441705,3632.0,8.0,7.0,-1164.1333240202666,-1.1870782120818473,0.6837142070465757,2.1530405572168965,2.0,12.0,12.0,0.07131057268702833,0.48199377562590423,0.0,0.0,2.2950109722742487,0.3293854665809821,0.5889086718940468,-0.258725586543616,0.45519201918811264
535.0,44.583333333333336,28.0,40.36388305844168,16.0,155.0,43.0,20.0,12.0,0.0,12.0,3.5359186238605136,0.03985661526118704,-23.0,0.46511627896160085,0.12903225805619145,30.0,59.166666666666664,1.9722222215648146,155.0,10.0,9.0,1.9999999200000032,0.09758032443565134,0.8741935483306972,3.476635513238885,3.0,12.0,12.0,0.12903225805619145,0.663551401856756,0.0,0.0,2.1783187206823094,0.40295950155531735,0.9053581244722564,-0.0496714366122948,-0.23872197937075967
5237.0,436.4166666666667,154.0,565.3228367244881,32.0,2057.0,607.0,116.0,12.0,0.0,12.0,-126.33566422964839,-0.3350816874818013,-491.0,0.19110378912370504,0.05639280505563251,787.0,85.83333333333333,0.10906395594948246,2057.0,2.0,1.0,-88.06060595386593,-0.325075371304542,0.8749149246432917,4.7133855259565385,3.0,12.0,12.0,0.05639280505563251,0.09833874355528291,3.0,1.0,1.8366887527411522,0.5995003500729295,1.2953740768643138,0.1286823267128359,0.46484237647621096
55371.0,4614.25,3113.5,3957.670150585232,263.0,13817.0,7289.0,263.0,12.0,0.0,12.0,-1099.7774943091504,-0.32090768042544954,-7026.0,0.03608176704618455,0.019034522689426767,7731.666666666667,1496.8333333333333,0.19359775813727922,13817.0,2.0,1.0,-1025.7441065007815,-0.3706802838468221,0.7520083954543301,2.9944194614444504,2.0,12.0,12.0,0.019034522689426767,0.16219681782879808,1.0,1.0,2.1315081932197844,0.46159993498399365,0.8577060520293992,-0.07659658954816269,0.7935343800034469
605.0,50.416666666666664,44.0,22.856284086049996,29.0,115.0,29.0,68.0,12.0,0.0,12.0,2.864589953095195,0.06450761319582066,39.0,2.344827585398335,0.5913043477746692,49.333333333333336,51.5,1.0439189187073137,115.0,6.0,5.0,6.617142834455511,0.12485627453449022,0.5521739129954631,2.280991735084762,3.0,12.0,12.0,0.5913043477746692,0.5107438016444505,2.0,1.0,2.397420237221403,0.22272727272547388,0.4533477834350384,-0.37613310633369723,0.06953170446358828
8188.0,682.3333333333334,183.0,1011.606999887912,0.0,3161.0,3161.0,0.0,10.0,2.0,10.0,-263.2371262889555,-0.843203269067118,-3161.0,0.0,0.0,1318.3333333333333,46.333333333333336,0.03514538558759688,3161.0,1.0,0.0,-196.33999980366,-0.8899601938769429,0.8554254982573382,4.632633121573532,1.0,10.0,0.0,0.0,0.033952125061023505,1.0,1.0,1.545133319075697,0.7038755902945586,1.4825701024031552,0.19438327318559007,0.9805614788526238
51068.0,4255.666666666667,4484.0,2131.5276342462826,1154.0,7072.0,1365.0,6612.0,12.0,0.0,12.0,557.5460898054921,0.17427283765553966,5247.0,4.843956043920557,0.9349547511298997,2474.1666666666665,6037.166666666667,2.440080835288218,7072.0,9.0,8.0,1055.2499841712502,0.17941919889882615,0.23510558069348358,1.6617842876126063,2.0,12.0,12.0,0.9349547511298997,0.7093091564187536,0.0,0.0,2.343395723781345,0.2813405655204604,0.500868089819364,-0.3325621442443744,0.8219582993058746
257590.0,21465.833333333332,17630.0,13086.492277875263,124.0,53623.0,20580.0,124.0,12.0,0.0,12.0,-799.4609020627538,-0.21727128635816287,-20456.0,0.0060252672497541175,0.0023124405572231485,19301.833333333332,23629.833333333332,1.224227404995437,53623.0,8.0,7.0,-9143.466593518933,-2.0731892164671573,0.755207653432155,2.4980628129962352,4.0,12.0,12.0,0.0023124405572231485,0.5504056834504231,1.0,1.0,2.2887297705335277,0.3193789872795225,0.609642871751349,-0.24251163726986386,0.3726496411306162
3925.0,327.0833333333333,135.5,363.4628496222902,65.0,1274.0,737.0,92.0,12.0,0.0,12.0,-86.44500946337736,-0.23875008754829793,-645.0,0.12483039348541614,0.07221350078436253,551.8333333333334,102.33333333333333,0.18544246450887145,1274.0,2.0,1.0,-46.585858529390876,-0.1681347162470027,0.8497645211864225,3.8950318470146743,2.0,12.0,12.0,0.07221350078436253,0.15643312101870974,1.0,1.0,1.9896737033794913,0.5291932059444562,1.1112239988112447,0.05268223499943366,0.7375561288479363
31347.0,2612.25,843.5,3364.6333659850666,6.0,10281.0,3933.0,11.0,12.0,0.0,12.0,-851.2180539582912,-0.7479466630610423,-3922.0,0.0027968471904327567,0.0010699348312410563,5164.833333333333,59.666666666666664,0.01155248636610755,10281.0,2.0,1.0,-819.0909080980715,-0.8754984933878021,0.8333527866930908,3.93568762559504,2.0,12.0,12.0,0.0010699348312410563,0.011420550610900112,1.0,1.0,1.6738481388492097,0.6534091513275664,1.2880211947448317,0.1258822232111276,0.7521234108110788
13891.0,1157.5833333333333,256.0,1795.9894885704527,45.0,6295.0,1377.0,55.0,12.0,0.0,12.0,-387.58931944588824,-0.4810049280521976,-1322.0,0.03994190268671066,0.008737092930883658,2231.1666666666665,84.0,0.0376484649284934,6295.0,2.0,1.0,-284.5050501601959,-0.5091834083349267,0.9012073073853833,5.438053415833809,2.0,12.0,12.0,0.008737092930883658,0.036282485062244414,1.0,1.0,1.5860132813360024,0.692156792167484,1.5514990902497485,0.21614708481217004,0.5075050009232573
1174.0,97.83333333333333,57.5,90.16358589930984,5.0,290.0,202.0,5.0,12.0,0.0,12.0,-24.05340112412556,-0.3557968713552564,-197.0,0.024752475246299383,0.017241379309750296,172.5,23.166666666666668,0.13429951690042707,290.0,4.0,3.0,-15.537414936391318,-0.4283893879760451,0.8594827585910523,2.9642248719286997,2.0,12.0,12.0,0.017241379309750296,0.11839863713698129,1.0,1.0,2.057778164987149,0.5011357183407266,0.9216039443621172,-0.0407971974483493,0.751467159878294
25058.0,2088.1666666666665,1803.5,1444.291108314233,149.0,5329.0,1740.0,705.0,12.0,0.0,12.0,-351.0133499915209,-0.22161722742441367,-1035.0,0.4051724137907749,0.13229498967886602,3084.1666666666665,1092.1666666666667,0.35412050796967054,5329.0,2.0,1.0,-410.10774361064375,-0.28851331238721295,0.6624319759792411,2.5519993614691425,3.0,12.0,12.0,0.13229498967886602,0.2615132891690233,2.0,1.0,2.251202040054767,0.3728815813977753,0.691655092173669,-0.18227409904541386,0.5963385354440788
1551.0,129.25,133.5,36.68134176026462,60.0,209.0,164.0,137.0,12.0,0.0,12.0,-4.375079462317162,-0.03164104042916415,-27.0,0.8353658536075996,0.6555023923131338,146.0,112.5,0.7705479451527022,209.0,3.0,2.0,2.4937499962593748,0.02171097435663094,0.4481658691970575,1.6170212764706366,3.0,12.0,12.0,0.6555023923131338,0.43520309477475694,2.0,1.0,2.443591685235381,0.15457769181106928,0.2838014836164534,-0.5578732580123327,0.35587393089630764
19748.0,1645.6666666666667,398.0,2233.494098691306,19.0,7404.0,1774.0,19.0,12.0,0.0,12.0,-478.4284802088203,-0.5719540202842678,-1755.0,0.010710259300954284,0.002566180443000316,3217.3333333333335,74.0,0.023000414421809987,7404.0,3.0,2.0,-474.82499928776247,-0.7051474924766457,0.885332252835109,4.499088515265349,2.0,12.0,12.0,0.002566180443000316,0.022483289447021226,1.0,1.0,1.6657720580414745,0.664826817905537,1.3571971432111003,0.1515346920582908,0.6740823312567495
2107.0,175.58333333333334,183.0,50.31146047925418,113.0,273.0,273.0,203.0,12.0,0.0,12.0,-7.357914806285792,-0.036658952205728484,-70.0,0.7435897435625058,0.7435897435625058,196.16666666666666,155.0,0.7901444349639688,273.0,1.0,0.0,-3.7999999962000013,-0.019228027288700236,0.38927738926313005,1.5548172756589567,2.0,12.0,12.0,0.7435897435625058,0.4413858566661539,3.0,1.0,2.444103990368103,0.16045720613777736,0.2865389300980852,-0.5545584771310168,0.6986878273509666
12116.0,1009.6666666666666,262.0,1294.260106092366,0.0,3839.0,3179.0,20.0,11.0,1.0,11.0,-336.884932965869,-0.7038879523291776,-3159.0,0.006291286568083387,0.005209690023430035,1973.5,45.833333333333336,0.023224389831822193,3839.0,3.0,2.0,-209.92499968511248,-0.8391839002961488,0.899192498044024,3.8022449652974357,1.0,10.0,1.0,0.005209690023430035,0.022697259821704605,0.0,0.0,1.6901670229105692,0.6529520193682088,1.2818687085634342,0.12352538404840598,0.6654596167195673
247.0,20.583333333333332,9.5,21.561765285389374,0.0,66.0,43.0,9.0,11.0,1.0,11.0,-5.237126505458992,-0.23368908616591708,-34.0,0.20930232553272038,0.13636363634297521,35.666666666666664,5.5,0.1542056074334003,66.0,2.0,1.0,-3.9191919144413836,-0.1674935558672541,0.7909090907892563,3.2064777312357196,4.0,6.0,5.0,0.13636363634297521,0.1336032388609877,3.0,1.0,1.9587136478564706,0.5428475033683329,1.0475351550565517,0.023215794573778058,0.8217989489498605
10323.0,860.25,909.5,366.7308561238519,330.0,1414.0,444.0,940.0,12.0,0.0,12.0,93.72282255326503,0.12910226070871322,496.0,2.117117117069434,0.6647807637859634,547.3333333333334,1173.1666666666667,2.1434226552592555,1414.0,8.0,7.0,-206.53333168106667,-0.18016534452740574,0.17804101838629394,1.6437082243342782,1.0,12.0,12.0,0.6647807637859634,0.6818754238102471,0.0,0.0,2.3893973202486305,0.24318673512211197,0.4263073015048984,-0.4022223667215146,0.8784244564199255
2329.0,194.08333333333334,146.0,143.12026314335168,34.0,571.0,221.0,114.0,12.0,0.0,12.0,-31.518118218942202,-0.1829134842439203,-107.0,0.5158371040490571,0.19964973729948074,284.1666666666667,104.0,0.36598240467920296,571.0,3.0,2.0,-23.193749965209374,-0.18215724655518487,0.7653239929813428,2.942035208092295,3.0,12.0,12.0,0.19964973729948074,0.26792614856046404,2.0,1.0,2.2410377711827563,0.38331902103854776,0.7374165554451395,-0.15113442063182153,0.4643248950374785
71645.0,5970.416666666667,5140.5,3294.2847341603947,1698.0,12644.0,1698.0,5257.0,12.0,0.0,12.0,190.36363620389068,0.056729192209663035,3559.0,3.0959952885565607,0.41577032584592233,5844.166666666667,6096.666666666667,1.0432054755436306,12644.0,10.0,9.0,71.99999712000012,0.013740511511885933,0.5856532742798278,2.1177751413182477,3.0,12.0,12.0,0.41577032584592233,0.5105729639192532,0.0,0.0,2.345919987784975,0.2802765952497108,0.5517679783635777,-0.2888524752955864,0.08971643242559622
196813.0,16401.083333333332,14925.5,4498.700487517355,10868.0,24046.0,24046.0,14557.0,12.0,0.0,12.0,-855.9249833885436,-0.05045746766135813,-9489.0,0.6053813524076331,0.6053813524076331,18140.833333333332,14661.333333333334,0.8081951398773625,24046.0,1.0,0.0,-663.2799993367199,-0.04095587385763176,0.3468314518383773,1.4661226646604852,2.0,12.0,12.0,0.6053813524076331,0.4469623449670272,2.0,1.0,2.4478713387533384,0.15442704496145576,0.27429288639559046,-0.5694978927933149,0.3322484691924128
42339.0,3528.25,2080.5,3807.2524897665157,112.0,11979.0,3901.0,127.0,12.0,0.0,12.0,-921.0514931876745,-0.529758976624476,-3774.0,0.032555754934548695,0.010601886634935635,6905.333333333333,151.16666666666666,0.021891291755133387,11979.0,3.0,2.0,-1066.1062484008405,-0.6676973524856062,0.8166977395620716,3.395167575984142,2.0,12.0,12.0,0.010601886634935635,0.02142232929449883,1.0,1.0,1.8356190973913065,0.5678511537825321,1.0790767348560122,0.03803454366696233,0.7329657835162643
65807.0,5483.916666666667,4749.5,4117.395282180498,1715.0,15286.0,5092.0,1715.0,12.0,0.0,12.0,-713.4888741628702,-0.15806844429320077,-3377.0,0.33680282796477456,0.1121941645949809,6860.333333333333,4107.5,0.5987318400457723,15286.0,2.0,1.0,-567.8451171568206,-0.16912723595137344,0.7028064895978655,2.7874238302865275,3.0,12.0,12.0,0.1121941645949809,0.374504232072519,2.0,1.0,2.2401711428499755,0.37390525830583554,0.7508128829163444,-0.14232652701684428,0.15930609939293727
59567.0,4963.916666666667,2646.5,5696.414024898081,107.0,18036.0,9253.0,152.0,12.0,0.0,12.0,-1362.6026689137727,-0.5290436257225185,-9101.0,0.016427104722774852,0.008427589265907946,9702.166666666666,225.66666666666666,0.023259409410245208,18036.0,3.0,2.0,-1557.29999766405,-0.6610939554848491,0.831910253566479,3.6334211895775175,2.0,12.0,12.0,0.008427589265907946,0.02273070659928774,1.0,1.0,1.8008328123427018,0.6014557836833359,1.1475643946923508,0.06871244236450692,0.6376873527165413
43874.0,3656.1666666666665,588.5,6941.611746481424,33.0,25293.0,4070.0,33.0,12.0,0.0,12.0,-1331.6185621374848,-0.6583618530931259,-4037.0,0.008108108108088187,0.0013047088127144646,7198.0,114.33333333333333,0.01588404186345853,25293.0,2.0,1.0,-711.9259250629852,-0.7082149362421817,0.9426283952077877,6.917901262687922,1.0,12.0,12.0,0.0013047088127144646,0.015635684004190267,0.0,0.0,1.3243194986147846,0.7600856999589385,1.8986037506848992,0.3100126226205657,0.3279340399241547
339721.0,28310.083333333332,25418.0,14169.702434292292,13342.0,58596.0,34400.0,15105.0,12.0,0.0,12.0,-3373.7202768891857,-0.12608990119556995,-19295.0,0.4390988372091747,0.2577821011672712,37623.833333333336,18996.333333333332,0.5049015916328289,58596.0,3.0,2.0,-3850.0124942249813,-0.1488207205126232,0.599377280208634,2.069792565074728,4.0,12.0,12.0,0.2577821011672712,0.3355047229932699,3.0,1.0,2.3639520031103887,0.26734756854398833,0.5005178638101485,-0.3328731688146665,0.5575292993470479
862.0,71.83333333333333,20.0,115.61346038512222,0.0,416.0,416.0,3.0,11.0,1.0,11.0,-27.38715827326698,-0.4750056178662179,-413.0,0.007211538461365107,0.007211538461365107,136.33333333333334,7.333333333333333,0.05378973104739928,416.0,1.0,0.0,-15.24999998475,-0.4471676806523025,0.9025349650132695,5.791183293857377,1.0,8.0,3.0,0.007211538461365107,0.051044083526089974,1.0,1.0,1.5679634416189452,0.6972157772604595,1.6094681257869266,0.2335602875939873,0.9881340356705233
296.0,24.666666666666668,8.0,36.74310214932261,0.0,134.0,41.0,3.0,10.0,2.0,10.0,-7.933884290862856,-0.3915264026305767,-38.0,0.07317073168947055,0.022388059699821786,44.5,4.833333333333333,0.10861423218533013,134.0,2.0,1.0,-4.47811447268646,-0.37910658899424704,0.9097014924694252,5.432432430230095,2.0,9.0,1.0,0.022388059699821786,0.09797297296966308,1.0,1.0,1.675042270976791,0.6565315315266333,1.4895852216659495,0.19665332916128914,0.48856711238375317
273003.0,22750.25,19202.5,13339.932984120773,9837.0,60852.0,60852.0,11516.0,12.0,0.0,12.0,-3406.5162082030506,-0.1366962298348009,-49336.0,0.18924603957138808,0.18924603957138808,30803.833333333332,14696.666666666666,0.47710512219783996,60852.0,1.0,0.0,-2179.2699978207297,-0.11244683398257906,0.6830596439646787,2.67478379358351,2.0,12.0,12.0,0.18924603957138808,0.3230001135518539,2.0,1.0,2.344078628360227,0.2803043067902755,0.5863642370573909,-0.26074450827852663,0.8851840005921982
141.0,11.75,7.0,13.115671287941511,0.0,48.0,48.0,6.0,10.0,2.0,10.0,-2.6433566411384417,-0.15300932994717717,-42.0,0.12499999997395833,0.12499999997395833,17.833333333333332,5.666666666666667,0.3177570091676129,48.0,1.0,0.0,-1.28999999871,-0.08771674563359395,0.8238636361919981,4.085106379502037,4.0,4.0,3.0,0.12499999997395833,0.24113475175594787,4.0,1.0,1.9497283151348637,0.5455082742220518,1.1162273427046159,0.05492195531654791,0.7918765280581339
68115.0,5676.25,4307.0,3571.2908059738475,2690.0,16003.0,3376.0,4480.0,12.0,0.0,12.0,156.79720266562472,0.024972683371694854,1104.0,1.327014218005548,0.27994750984172967,4627.666666666667,6724.833333333333,1.453180148379774,16003.0,9.0,8.0,-818.9999877150002,-0.16356545213406423,0.7118456955982971,2.8192909050820183,3.0,12.0,12.0,0.27994750984172967,0.5923658518680772,0.0,0.0,2.327460839899986,0.29511487924831314,0.6291637623373805,-0.22762367187004864,0.11267457245228245
91506.0,7625.5,8986.0,5240.394363340733,1283.0,18437.0,1283.0,13256.0,12.0,0.0,12.0,1420.9891914331176,0.2568239360640282,11973.0,10.332034294541451,0.7189889895315295,3144.1666666666665,12106.833333333334,3.850569838312694,18437.0,9.0,8.0,1663.4999750475004,0.13731844127559717,0.3768689772375964,2.4178086682808764,1.0,12.0,12.0,0.7189889895315295,0.793838655388631,0.0,0.0,2.2317080746487648,0.37880758274501614,0.6872197709440511,-0.1853820316956264,0.7348627971722441
5175.0,431.25,60.5,848.995791607159,0.0,3086.0,3086.0,0.0,11.0,1.0,11.0,-181.80419565163285,-0.65054076020191,-3086.0,0.0,0.0,840.1666666666666,22.333333333333332,0.02658202737520434,3086.0,1.0,0.0,-79.02999992097001,-0.6274087741957614,0.9384610852500079,7.155942028819572,1.0,11.0,0.0,0.0,0.02589371980671325,1.0,1.0,1.281462315355134,0.7686151368757084,1.9686858935361673,0.32630124179473236,0.9896517871459443
26391.0,2199.25,905.5,2648.489290299912,16.0,7695.0,6245.0,16.0,12.0,0.0,12.0,-744.3242206087043,-0.683905333373931,-6229.0,0.002562049639707667,0.002079272254708149,4336.5,62.0,0.014297244321424428,7695.0,2.0,1.0,-552.7878781178329,-0.7543891330188729,0.8381936322276307,3.498920086377179,4.0,12.0,12.0,0.002079272254708149,0.014095714448101967,3.0,1.0,1.7295824972557658,0.6292012428478866,1.204269314669942,0.09266985359503371,0.8860330033818657
7134.0,594.5,635.0,256.45581165833096,129.0,948.0,496.0,784.0,12.0,0.0,12.0,21.818181799872853,0.020489863701944677,288.0,1.5806451612584547,0.827004219400559,569.6666666666666,619.3333333333334,1.0871854885707342,948.0,8.0,7.0,-87.33333263466668,-0.18879559367451784,0.30406118143139177,1.5946173254567768,3.0,12.0,12.0,0.827004219400559,0.5208858985134274,1.0,1.0,2.3770917593205287,0.243458555275053,0.4313806756165133,-0.3972523410809319,-0.3537760582401112
495163.0,41263.583333333336,34028.0,21476.9153606779,16771.0,79681.0,22783.0,27360.0,12.0,0.0,12.0,313.3006990377895,0.014651574291821099,4577.0,1.2008954044677167,0.34336918462364385,40181.333333333336,42345.833333333336,1.053868297053096,79681.0,4.0,3.0,-436.31292433899574,-0.00701892405226292,0.49374850968229644,1.9310247332691826,2.0,12.0,12.0,0.34336918462364385,0.51311386351564,1.0,1.0,2.3545088202638986,0.28614971231695185,0.5204811028450679,-0.3153731383161763,0.25427539714941194
128951.0,10745.916666666666,10678.0,1451.5624603815327,8620.0,14205.0,11217.0,10657.0,12.0,0.0,12.0,-16.33693577777193,-0.001753740318321281,-560.0,0.9500757778363643,0.750228792678106,10577.833333333334,10914.0,1.0317802952705828,14205.0,8.0,7.0,-336.2666639765334,-0.033179406330450995,0.26673706441375095,1.3218974649273085,4.0,12.0,12.0,0.750228792678106,0.5078208001488544,1.0,1.0,2.475978018143789,0.07321321018577365,0.13508037568194262,-0.7619897611193335,-0.2556316276961557
9501.0,791.75,527.0,941.5172263426729,0.0,2838.0,957.0,3.0,11.0,1.0,11.0,-231.3146851205751,-0.7280102055185125,-954.0,0.0031347962382117576,0.001057082452427565,1428.0,155.5,0.10889355742220663,2838.0,2.0,1.0,-242.329966036233,-0.9178378502097804,0.7989429175447537,3.5844647931343925,2.0,10.0,1.0,0.001057082452427565,0.09820018945363834,1.0,1.0,1.8066853998609607,0.6053485598005748,1.1891597427606964,0.08640746450726422,0.6795911171114786
255.0,21.25,15.0,17.378746598455635,0.0,58.0,43.0,6.0,11.0,1.0,11.0,-4.497139220638129,-0.25483130551728567,-37.0,0.13953488368848024,0.10344827584423305,34.666666666666664,7.833333333333333,0.22596153839635724,58.0,3.0,2.0,-4.443749993334375,-0.28813125711692633,0.7509578542766548,2.729411763421453,3.0,8.0,3.0,0.10344827584423305,0.1843137254829681,2.0,1.0,2.138032116396497,0.4513071895374685,0.8178233689542306,-0.10021690428591248,0.6306073762462123
1443.0,120.25,132.0,31.145157462008974,66.0,162.0,90.0,143.0,12.0,0.0,12.0,-2.872218687990255,-0.024672617829338887,53.0,1.5888888887123458,0.8827160493282273,136.16666666666666,104.33333333333333,0.7662178702007674,162.0,2.0,1.0,-4.626262620655035,-0.04068275882719773,0.26481481479846825,1.3471933470813147,3.0,12.0,12.0,0.8827160493282273,0.4338184338154275,3.0,1.0,2.4494679950748006,0.14420189420118534,0.25900338843591636,-0.5885580756073084,0.3373046811507775
23457.0,1954.75,1590.0,1544.4268691545956,232.0,6374.0,6374.0,992.0,12.0,0.0,12.0,-387.8105527578449,-0.19918014784858845,-5382.0,0.155632256039919,0.155632256039919,2862.1666666666665,1047.3333333333333,0.36592325161463024,6374.0,1.0,0.0,-243.19999975679997,-0.17373215354073668,0.7563539378714209,3.2607750351540568,2.0,12.0,12.0,0.155632256039919,0.26789444515485017,3.0,1.0,2.228088417772553,0.37878174247909424,0.7900892027863895,-0.11726275812498904,0.8586664072937721
52026.0,4335.5,4622.5,1839.4901694038306,1565.0,7075.0,1565.0,7051.0,12.0,0.0,12.0,491.5956766376946,0.1382041281214637,5486.0,4.505431309875365,0.9966077738501815,2857.0,5814.0,2.0350017500803816,7075.0,8.0,7.0,727.5999941792,0.11936058750627007,0.2227208480562223,1.63187636950379,3.0,12.0,12.0,0.9966077738501815,0.6705108983968265,1.0,1.0,2.3878344955014836,0.24090198490496229,0.42428558860560206,-0.4042127618209806,0.7294322630841185
1607.0,133.91666666666666,136.5,37.871401552564116,73.0,206.0,73.0,149.0,12.0,0.0,12.0,2.277177366175541,0.02391127856141263,76.0,2.041095890131357,0.7233009708386747,128.0,139.83333333333334,1.0924479165813192,206.0,4.0,3.0,-1.9999999961904762,-0.020666693547201062,0.3294902912461412,1.5382700683356612,3.0,12.0,12.0,0.7233009708386747,0.5220908525169752,1.0,1.0,2.443944809947131,0.1588363410074456,0.2827982691952916,-0.5590915952669164,-0.25475984870847457
63786.0,5315.5,5131.0,3259.153404899295,1180.0,10229.0,1180.0,7471.0,12.0,0.0,12.0,927.600762095084,0.22583330065098936,6291.0,6.331355932149735,0.7303744256518424,2528.5,8102.5,3.2044690527854285,10229.0,9.0,8.0,17.249999741250004,0.0023121792646188088,0.18587675562923794,1.9243721192702017,4.0,12.0,12.0,0.7303744256518424,0.7621578402783116,1.0,1.0,2.281425084506561,0.348101464271138,0.6131414551581532,-0.2398168763210153,0.8088073103856822
12525.0,1043.75,615.5,1268.7448604165195,0.0,4442.0,2255.0,0.0,10.0,2.0,10.0,-311.965670431154,-0.8169794646543177,-2255.0,0.0,0.0,1910.3333333333333,177.16666666666666,0.09274123189621668,4442.0,3.0,2.0,-187.57499971863749,-1.110177830980161,0.9029216068817534,4.255808383192759,2.0,10.0,0.0,0.0,0.08487025948097016,1.0,1.0,1.7977244070328011,0.6120093147038126,1.2155639381119654,0.09729529101527222,0.5181118059543915
850.0,70.83333333333333,17.0,96.1273749887212,5.0,309.0,171.0,5.0,12.0,0.0,12.0,-22.8709472153912,-0.3836067823809013,-166.0,0.029239766080161416,0.016181229772939117,132.83333333333334,8.833333333333334,0.06649937264242163,309.0,3.0,2.0,-6.318749990521875,-0.26482776573611816,0.9385113268304689,4.362352940560609,2.0,12.0,12.0,0.016181229772939117,0.062352941175737024,1.0,1.0,1.7156626166345206,0.6454901960767363,1.357092352590357,0.15149697140169419,0.6657681382562978
7770.0,647.5,482.0,552.1732065212872,132.0,1724.0,1682.0,132.0,12.0,0.0,12.0,-152.65861398505444,-0.27125596751343345,-1550.0,0.07847800237765472,0.07656612528957908,1107.1666666666667,187.83333333333334,0.1696522655411442,1724.0,3.0,2.0,-100.08749984986875,-0.2680329097670954,0.7824825986033499,2.662548262507142,3.0,12.0,12.0,0.07656612528957908,0.14504504504485838,2.0,1.0,2.140190768705859,0.4505148005146362,0.8527771529154585,-0.07946063391241266,0.6491493199980334
202704.0,16892.0,12792.5,11321.802749562457,5317.0,40256.0,20066.0,5985.0,12.0,0.0,12.0,-2973.1544793868,-0.19591855360179056,-14081.0,0.2982657231135761,0.1486734896660998,26217.5,7566.5,0.28860493944873133,40256.0,2.0,1.0,-3240.377100449374,-0.22856906693887347,0.6463086248011113,2.3831399479029223,3.0,12.0,12.0,0.1486734896660998,0.2239669666114026,2.0,1.0,2.2689346044766068,0.3677044689136155,0.6702464331965282,-0.19742809219582963,0.6957993910945779
8837.0,736.4166666666666,612.5,482.6314084152511,143.0,1555.0,368.0,1303.0,12.0,0.0,12.0,35.28671325710206,0.0034548527234042376,935.0,3.540760869469001,0.8379421221811065,687.3333333333334,785.5,1.1428225024082033,1555.0,9.0,8.0,827.2499875912501,1.4024151047844156,0.6398713826325411,2.111576326779067,3.0,12.0,12.0,0.8379421221811065,0.5333257892944061,0.0,0.0,2.256779899939673,0.3701576704008287,0.6553781714274491,-0.20818314177829275,-0.15214728180108666
359.0,29.916666666666668,17.0,33.22764494948279,0.0,121.0,41.0,3.0,11.0,1.0,11.0,-7.586776853137605,-0.35179999301477316,-38.0,0.07317073168947055,0.024793388427703025,53.166666666666664,6.666666666666667,0.1253918495061959,121.0,3.0,2.0,-4.593749993109374,-0.3819280890715448,0.8797061523607222,4.044568243773403,2.0,10.0,1.0,0.024793388427703025,0.11142061281026683,2.0,1.0,1.9489330547993664,0.551299907145695,1.1106733684136842,0.05243509981420037,0.5161240655530915
212.0,17.666666666666668,8.5,20.216879636141236,0.0,61.0,61.0,0.0,10.0,2.0,10.0,-4.943420211999165,-0.27696913246744154,-61.0,0.0,0.0,27.833333333333332,7.5,0.269461077747499,61.0,1.0,0.0,-3.87999999612,-0.2509194363566733,0.7749627420488139,3.4528301867248126,3.0,5.0,0.0,0.0,0.21226415093338377,3.0,1.0,1.894243815490941,0.5715408804966398,1.1443516768696822,0.067317165832819,0.8590964885981248
4079.0,339.9166666666667,236.0,358.4444304522281,72.0,1383.0,745.0,125.0,12.0,0.0,12.0,-72.31659243772542,-0.21091706305545244,-620.0,0.1677852348970767,0.09038322487280996,547.0,132.83333333333334,0.242839731866371,1383.0,3.0,2.0,-31.949999952075,-0.17128375314257377,0.8668755523356618,4.068644275438039,2.0,12.0,12.0,0.09038322487280996,0.19539102721207308,1.0,1.0,2.0782761344624414,0.47211326305435275,1.0545067823731789,0.02653034921580377,0.1365579972686315
2838.0,236.5,201.0,191.831740508881,24.0,697.0,392.0,53.0,12.0,0.0,12.0,-53.172282218571254,-0.28320860045296564,-339.0,0.13520408162920397,0.07604017216533658,379.0,94.0,0.24802110817287543,697.0,2.0,1.0,-46.148148092210995,-0.31228858730248027,0.7490674318400421,2.94714587725382,3.0,12.0,12.0,0.07604017216533658,0.1987315010563822,2.0,1.0,2.165363032037124,0.4352830631895943,0.8111278668108657,-0.10428426209322676,0.7009858214494711
5972.0,497.6666666666667,282.5,615.2994302686203,0.0,2159.0,801.0,0.0,10.0,2.0,10.0,-150.6751429123387,-0.7237054090226734,-801.0,0.0,0.0,891.8333333333334,103.5,0.11605307419043857,2159.0,2.0,1.0,-116.39057224949289,-0.8770350899019729,0.860490968036774,4.338245143918186,3.0,9.0,0.0,0.0,0.10398526456780981,2.0,1.0,1.810443689787516,0.6100692118774151,1.2363685805551037,0.10569303406888632,0.6258475488413275
352.0,29.333333333333332,10.5,36.69317223801847,0.0,120.0,120.0,12.0,11.0,1.0,11.0,-9.116338199597225,-0.30664570118794165,-108.0,0.09999999999166667,0.09999999999166667,51.166666666666664,7.5,0.14657980453161307,120.0,1.0,0.0,-6.50999999349,-0.278089497149499,0.8242424241737374,4.090909089514463,1.0,9.0,2.0,0.09999999999166667,0.12784090908727724,2.0,1.0,1.8541970494434574,0.5833333333293877,1.2509035985969126,0.11146794518175765,0.9647269845324421
172.0,14.333333333333334,9.0,15.380362660079102,0.0,53.0,53.0,0.0,9.0,3.0,9.0,-3.890654796480823,-0.33931043939473565,-53.0,0.0,0.0,24.5,4.166666666666667,0.17006802714146885,53.0,1.0,0.0,-2.77999999722,-0.328078948914443,0.795883361770931,3.697674416024878,2.0,7.0,0.0,0.0,0.14534883720085182,2.0,1.0,1.9153047444256195,0.5600775193718828,1.0730485569312986,0.03523726320096711,0.7283826807307144
364.0,30.333333333333332,29.0,13.424687043734847,12.0,65.0,34.0,35.0,12.0,0.0,12.0,-1.7546090258639009,-0.06527540123070473,1.0,1.0294117644031142,0.5384615383786983,37.0,23.666666666666668,0.639639639466764,65.0,4.0,3.0,-2.040816322643343,-0.09312818591231822,0.5999999999076924,2.1428571421507066,2.0,12.0,12.0,0.5384615383786983,0.3901098900991728,1.0,1.0,2.3913897948124596,0.230311355308348,0.44257210019700416,-0.3864125054111338,0.33637364632474404
230.0,19.166666666666668,9.5,28.183426966136597,0.0,106.0,106.0,9.0,10.0,2.0,10.0,-5.75969484577063,-0.2357043577297915,-97.0,0.08490566036934853,0.08490566036934853,31.666666666666668,6.666666666666667,0.21052631572299169,106.0,1.0,0.0,-2.3399999976600006,-0.16405353886522553,0.8936535162107188,5.530434779723251,2.0,5.0,1.0,0.08490566036934853,0.1739130434706994,2.0,1.0,1.7440495478670068,0.6202898550662914,1.4704396670312452,0.19042750722923618,0.8854441971914995
69404.0,5783.666666666667,5037.5,2591.2273582652338,2227.0,11194.0,4461.0,2596.0,12.0,0.0,12.0,-325.51048923733384,-0.07371445399333833,-1865.0,0.5819323021730959,0.23190995175966417,6251.666666666667,5315.666666666667,0.850279925351879,11194.0,7.0,6.0,-1255.99999372,-0.2721020118385916,0.630159013756807,1.9354504063132922,3.0,12.0,12.0,0.23190995175966417,0.45954123681625564,1.0,1.0,2.386637218734363,0.248350239179282,0.44802501727752064,-0.38119160659153295,0.38533662174181654
82.0,6.833333333333333,6.0,7.3805299418281765,0.0,26.0,26.0,3.0,8.0,4.0,8.0,-1.4342021602713626,-0.18195952044461144,-23.0,0.11538461534023668,0.11538461534023668,10.166666666666666,3.5,0.3442622947433486,26.0,1.0,0.0,-0.72999999927,-0.13070247363195067,0.8041958038864981,3.8048780432123737,3.0,5.0,2.0,0.11538461534023668,0.25609756094437836,3.0,1.0,1.8780727736557599,0.5528455284386569,1.0800775508820588,0.038497387903406004,0.42038814477797926
3352.0,279.3333333333333,135.5,301.4137060954963,0.0,865.0,774.0,0.0,9.0,3.0,9.0,-86.7539732266273,-0.7236800307471045,-774.0,0.0,0.0,513.8333333333334,44.833333333333336,0.0872526759632711,865.0,2.0,1.0,-66.4713803908091,-0.865015901313756,0.801965317909804,3.096658711106325,2.0,9.0,0.0,0.0,0.08025059665847181,1.0,1.0,1.8782100723986608,0.5747812251388082,1.0790466804941736,0.03802063766609822,0.9177523975868417
13636.0,1136.3333333333333,1295.0,579.953350614417,388.0,2103.0,399.0,1417.0,12.0,0.0,12.0,161.7291797752813,0.17496354395520505,1018.0,3.5513784460262814,0.6737993342811517,647.5,1625.1666666666667,2.509909909871147,2103.0,10.0,9.0,-753.9999698400012,-0.47151516880000577,0.23656680931889412,1.8506893516997596,4.0,12.0,12.0,0.6737993342811517,0.7150924024635412,0.0,0.0,2.3424261216245545,0.28582428864761367,0.5103725584710883,-0.3241766005175233,0.7884660974440115
99720.0,8310.0,8749.5,2740.7558872204095,233.0,11462.0,7820.0,8512.0,12.0,0.0,12.0,-16.378893819694763,-0.030928297928347358,692.0,1.0884910485919586,0.7426278136444402,9054.333333333334,7565.666666666667,0.8355851710037525,11462.0,3.0,2.0,62.906249905640585,0.007050671529791729,0.28976909207210216,1.3793020457263785,3.0,12.0,12.0,0.7426278136444402,0.45521460088242527,2.0,1.0,2.398320619256498,0.1562190800909109,0.329814186187378,-0.5039695175255001,0.03935296730736218
37824.0,3152.0,661.0,4538.214480020382,0.0,15612.0,7753.0,0.0,11.0,1.0,11.0,-1011.05149311215,-0.9460445314924156,-7753.0,0.0,0.0,6250.333333333333,53.666666666666664,0.008586208735520368,15612.0,3.0,2.0,-711.2812489330781,-1.2418601566281526,0.9196344692111285,4.953045685263474,2.0,11.0,0.0,0.0,0.008513113367172032,1.0,1.0,1.5766978924352488,0.6887778482797129,1.439788857869919,0.18025693348606134,0.4060101299535764
45897.0,3824.75,456.5,6895.590778715048,27.0,24258.0,3593.0,27.0,12.0,0.0,12.0,-1373.2905265017525,-0.6881891545432266,-3566.0,0.007514611745038924,0.0011130348750922941,7584.666666666667,64.83333333333333,0.008547947613595128,24258.0,2.0,1.0,-931.1649820362982,-0.749434332067701,0.9256080468295302,6.342375318631696,2.0,12.0,12.0,0.0011130348750922941,0.008475499487982117,1.0,1.0,1.3395816283257689,0.7576294020669136,1.8028866667617542,0.28644992189140633,0.4171544333260724
1332.0,111.0,102.0,45.736564511704785,57.0,198.0,99.0,90.0,12.0,0.0,12.0,6.62174188891246,0.062489016070155515,-9.0,0.9090909089990817,0.45454545452249767,93.66666666666667,128.33333333333334,1.3701067614195617,198.0,6.0,5.0,1.3028571383902043,-0.009381621132445986,0.3518518518340815,1.7837837836230825,3.0,12.0,12.0,0.45454545452249767,0.5780780780737382,2.0,1.0,2.404264268681175,0.22459959959878129,0.41204112168994933,-0.41638934531615035,0.12267146889218587
72.0,6.0,6.0,3.391164991562634,0.0,12.0,6.0,12.0,10.0,2.0,10.0,0.16783216769132964,-0.02327234178300834,6.0,1.9999999966666666,0.9999999991666666,5.166666666666667,6.833333333333333,1.3225806426014568,12.0,12.0,11.0,0.0,0.0,0.0,1.9999999966666666,1.0,5.0,1.0,0.9999999991666666,0.569444444365355,0.0,0.0,2.2557612447511723,0.30787037035426845,0.5651941643184487,-0.27779673853065845,-0.3169885759451585
7489.0,624.0833333333334,722.5,305.12987899508556,151.0,1128.0,427.0,229.0,12.0,0.0,12.0,-14.506039402957427,-0.06724112065178156,-198.0,0.5362997657954028,0.20301418439536337,672.0,576.1666666666666,0.8573908730031141,1128.0,10.0,9.0,155.99999376000025,0.8283975430179366,0.8315602836805713,1.8074509279988122,3.0,12.0,12.0,0.20301418439536337,0.46161036186345095,0.0,0.0,2.3507686834425887,0.27479191703372097,0.48892489623212115,-0.34325109684523636,-0.05606804966305212
6715.0,559.5833333333334,468.5,374.8574080752425,115.0,1151.0,115.0,948.0,12.0,0.0,12.0,72.98029237359569,0.14829793921523132,833.0,8.243478260152742,0.8236316246670407,368.6666666666667,750.5,2.035714285659067,1151.0,11.0,10.0,0.0,0.0,0.17636837532427135,2.0568875651158858,3.0,12.0,12.0,0.8236316246670407,0.6705882352931191,0.0,0.0,2.251581125365891,0.3763837180439986,0.669886656265454,-0.1976860779610895,0.01305103732120213
2099.0,174.91666666666666,153.0,68.37574903103845,98.0,355.0,146.0,208.0,12.0,0.0,12.0,-10.287349005989002,-0.052825475737826345,62.0,1.424657534148996,0.5859154929412418,210.83333333333334,139.0,0.6592885375181364,355.0,2.0,1.0,-7.353535344621976,-0.04636008169751263,0.5498591549140884,2.0295378750626276,3.0,12.0,12.0,0.5859154929412418,0.3973320628851961,3.0,1.0,2.4162272588375524,0.20148483404744932,0.3909047109697727,-0.4379130246445,0.21883060319546577
927.0,77.25,25.5,90.5962885553266,7.0,315.0,138.0,9.0,12.0,0.0,12.0,-21.60839159025869,-0.3793738008857574,-129.0,0.06521739129962192,0.028571428570521543,143.83333333333334,10.666666666666666,0.0741599072949599,315.0,3.0,2.0,-17.0249999744625,-0.40840654528642373,0.8783068782789956,4.077669902384768,1.0,12.0,12.0,0.028571428570521543,0.0690399136993631,0.0,0.0,1.8732314967637782,0.5844120819833982,1.1727674892375266,0.07951494590321044,0.6494606139289216
371.0,30.916666666666668,9.0,49.43422959403287,0.0,176.0,176.0,0.0,9.0,3.0,9.0,-11.454545444933249,-0.4450076668663004,-176.0,0.0,0.0,58.666666666666664,3.1666666666666665,0.05397727271807205,176.0,1.0,0.0,-6.30999999369,-0.410075996583349,0.8992768594530369,5.692722370126343,4.0,7.0,0.0,0.0,0.05121293800401043,4.0,1.0,1.5440228469894122,0.7005840071837739,1.5989508219313215,0.2304586978716596,0.6960754593079461
52253.0,4354.416666666667,674.0,5555.261056847124,9.0,16931.0,11590.0,9.0,12.0,0.0,12.0,-1460.8989180366261,-0.7429171454482713,-11581.0,0.0007765314926654214,0.0005315693107314798,8610.833333333334,98.0,0.011381012290705837,16931.0,3.0,2.0,-916.1999986257,-0.8515081910437031,0.9046653410241475,3.888236082129895,3.0,12.0,12.0,0.0005315693107314798,0.011252942414787429,2.0,1.0,1.6567229155552914,0.6528955275294921,1.2757761790138822,0.12117895492502932,0.7706109087038969
18001.0,1500.0833333333333,668.5,2025.3876360807799,0.0,6857.0,6857.0,0.0,11.0,1.0,11.0,-533.8321673841967,-0.7504113830133433,-6857.0,0.0,0.0,2807.3333333333335,192.83333333333334,0.06868914747066485,6857.0,1.0,0.0,-378.34999962164994,-0.7972211793489549,0.8522544977250355,4.5710793844481685,2.0,11.0,0.0,0.0,0.06427420698846494,2.0,1.0,1.7180240888108673,0.6491074569930497,1.3501834138551936,0.149002589243631,0.9920877254185259
15459.0,1288.25,659.5,1514.570628098934,0.0,5055.0,2871.0,0.0,10.0,2.0,10.0,-390.5111249106963,-0.8510852255954482,-2871.0,0.0,0.0,2441.1666666666665,135.33333333333334,0.05543797364625342,5055.0,3.0,2.0,-298.949999551575,-1.1624356207067554,0.8822727772265214,3.9239278090128167,2.0,9.0,0.0,0.0,0.05252603661294228,1.0,1.0,1.7955566141299988,0.6098335381761599,1.175680673849934,0.08074745341503814,0.6717061294233909
850.0,70.83333333333333,63.0,52.81229865181868,0.0,195.0,195.0,0.0,11.0,1.0,11.0,-9.452002534979883,-0.22415653921155437,-195.0,0.0,0.0,85.33333333333333,56.333333333333336,0.6601562499226381,195.0,1.0,0.0,-4.93999999506,-0.20431461506295648,0.694638694603072,2.7529411760819382,2.0,11.0,0.0,0.0,0.3976470588188512,2.0,1.0,2.1941003005878428,0.40392156862599293,0.7455853926262989,-0.14574744283907443,0.5690127651131668
18427.0,1535.5833333333333,972.5,1765.4880561445011,58.0,6295.0,2467.0,144.0,12.0,0.0,12.0,-425.7101077165052,-0.42045181932671627,-2323.0,0.05837049047402363,0.022875297855404486,2819.1666666666665,252.0,0.08938811705555051,6295.0,3.0,2.0,-283.19999957519997,-0.457568211988309,0.8870532168373518,4.099419330303798,2.0,12.0,12.0,0.022875297855404486,0.08205350843865954,1.0,1.0,1.8928752385112473,0.5780240950777997,1.1497181675582595,0.06964548647547968,0.6085102188049135
5634.0,469.5,259.5,521.4968040809711,31.0,1820.0,688.0,111.0,12.0,0.0,12.0,-123.03623638753476,-0.2835025011573613,-577.0,0.16133720929998055,0.06098901098867589,822.8333333333334,116.16666666666667,0.14117885355307458,1820.0,2.0,1.0,-98.04713792829301,-0.2714001590958542,0.8282417582372076,3.8764643236661027,3.0,12.0,12.0,0.06098901098867589,0.12371317003882905,2.0,1.0,1.97643365661099,0.5452017512717982,1.1107493164427338,0.05246919451840924,0.6303375168756106
526.0,43.833333333333336,17.0,54.51732650166265,0.0,185.0,76.0,8.0,11.0,1.0,11.0,-11.908455171189344,-0.3773592035954635,-68.0,0.10526315788088643,0.04324324324090577,80.33333333333333,7.333333333333333,0.09128630704257848,185.0,3.0,2.0,-10.106249984840625,-0.4113032378722518,0.87627627622891,4.220532318428775,3.0,10.0,1.0,0.04324324324090577,0.08365019011247814,2.0,1.0,1.8273729872522055,0.6096324461316653,1.2437412887275718,0.10863163689158423,0.579468601705426
36486.0,3040.5,418.0,4500.717674253,21.0,14012.0,9974.0,23.0,12.0,0.0,12.0,-1152.3890645129347,-0.7171579414225193,-9951.0,0.002305995588527866,0.0016414501855540667,5987.0,94.0,0.0157006848170775,14012.0,2.0,1.0,-614.7878780426813,-0.747149557278465,0.9107907507843913,4.608452557130049,1.0,12.0,12.0,0.0016414501855540667,0.015457983884225332,1.0,1.0,1.5223176867199768,0.7084954959892884,1.4802557718264093,0.1936315509412353,0.8204224306670604
373.0,31.083333333333332,30.5,10.773875295773982,20.0,59.0,20.0,20.0,12.0,0.0,12.0,0.7361729173733322,0.015651587934474687,0.0,0.9999999995,0.33898305079000285,28.333333333333332,33.833333333333336,1.1941176466373704,59.0,10.0,9.0,0.0,0.0,0.6610169490405056,1.8981233237861266,3.0,12.0,12.0,0.33898305079000285,0.5442359249183851,0.0,0.0,2.42967092277313,0.18208221626169485,0.3466126099401991,-0.48520813255053435,-0.050909878682842365
260.0,21.666666666666668,10.0,24.519833242137313,0.0,75.0,72.0,9.0,10.0,2.0,10.0,-6.019071832202686,-0.2710695328607536,-63.0,0.1249999999826389,0.11999999998400002,37.0,6.333333333333333,0.17117117112490868,75.0,2.0,1.0,-2.2693602666095294,-0.17954800020292377,0.849333333220089,3.461538459940828,2.0,6.0,2.0,0.11999999998400002,0.14615384614822485,2.0,1.0,1.9253581436794307,0.5512820512768122,1.1316846106532523,0.06177490349964863,0.8239615471882135
555.0,46.25,17.5,54.84390728847341,5.0,157.0,128.0,7.0,12.0,0.0,12.0,-14.452638258692,-0.3435806856545175,-121.0,0.054687499995727536,0.04458598725830662,83.66666666666667,8.833333333333334,0.10557768923040906,157.0,2.0,1.0,-10.154882142573205,-0.3166255070436351,0.8280254776542658,3.3945945938606283,3.0,12.0,12.0,0.04458598725830662,0.09549549549377485,2.0,1.0,1.86478875084292,0.583333333330831,1.185814211386276,0.08500915157132505,0.872433526981266
3775.0,314.5833333333333,176.0,476.45661893001574,8.0,1839.0,1839.0,195.0,12.0,0.0,12.0,-91.15956762852473,-0.24332746322674428,-1644.0,0.10603588906957023,0.10603588906957023,516.8333333333334,112.33333333333333,0.21734924217573653,1839.0,1.0,0.0,-28.02999997197,-0.16834709505758536,0.904295812936899,5.845827814383709,1.0,12.0,12.0,0.10603588906957023,0.17854304635714294,2.0,1.0,1.7783398385908784,0.592030905076893,1.5145640866168057,0.2046335145670949,0.7377667363231457
4424.0,368.6666666666667,212.5,367.7957615609813,39.0,1330.0,530.0,46.0,12.0,0.0,12.0,-82.7641448765107,-0.3010575273042465,-484.0,0.08679245282855108,0.03458646616515349,642.5,94.83333333333333,0.1476005188044472,1330.0,3.0,2.0,-87.13124986930312,-0.37789452280672153,0.8203007518735317,3.6075949366110054,2.0,12.0,12.0,0.03458646616515349,0.12861663652773822,1.0,1.0,2.043456694467835,0.511490355635625,0.9976376895596878,-0.0011825519840427622,0.5729137241361565
159.0,13.25,11.5,14.889173919328098,0.0,55.0,16.0,0.0,8.0,4.0,8.0,-2.9332485671507387,-0.3298591326058806,-16.0,0.0,0.0,23.166666666666668,3.3333333333333335,0.14388489202422233,55.0,3.0,2.0,-2.73749999589375,-0.3966595737933902,0.8525252523702479,4.150943393093628,2.0,7.0,0.0,0.0,0.1257861635141015,1.0,1.0,1.8784100448055654,0.5518867924442601,1.1237112383464893,0.058252382370744225,0.4330284625980381
232.0,19.333333333333332,12.5,22.421467887322233,0.0,85.0,85.0,8.0,11.0,1.0,11.0,-5.095994909900373,-0.24801240062437985,-77.0,0.09411764704775087,0.09411764704775087,30.666666666666668,8.0,0.2608695651323251,85.0,1.0,0.0,-2.73999999726,-0.20690519692743273,0.842780748563951,4.396551721863853,2.0,10.0,1.0,0.09411764704775087,0.20689655171521998,2.0,1.0,1.9656385273468193,0.5301724137873078,1.1597310970202546,0.07395878947979885,0.855464515434181
1636.0,136.33333333333334,133.0,40.99051380773633,67.0,217.0,105.0,189.0,12.0,0.0,12.0,-3.3642720887216537,-0.029583265969826408,84.0,1.7999999998285716,0.8709677418953471,153.16666666666666,119.5,0.7801958650197913,217.0,2.0,1.0,-2.707070703789409,-0.03315254233494929,0.39447004606477093,1.5916870414480424,4.0,12.0,12.0,0.8709677418953471,0.4382640586770278,3.0,1.0,2.439553485219673,0.16870415647857984,0.30066391543811505,-0.5376762407166276,-0.22689841010133466
137304.0,11442.0,9971.0,7953.178347889184,3876.0,30577.0,12711.0,3885.0,12.0,0.0,12.0,-1748.956133306661,-0.1733449395467748,-8826.0,0.30564078357304253,0.1270562841350927,17155.333333333332,5728.666666666667,0.3339291959738465,30577.0,3.0,2.0,-2336.0062464959906,-0.24712781169356743,0.7000105380585153,2.67234749169492,3.0,12.0,12.0,0.1270562841350927,0.25033502301460625,2.0,1.0,2.2724709971554864,0.3558842665423596,0.6950863789444356,-0.17988087500565378,0.6121326783326806
18437.0,1536.4166666666667,696.0,1748.1203933717557,9.0,5561.0,2717.0,9.0,12.0,0.0,12.0,-466.0890015160601,-0.6218570270359,-2708.0,0.0033124769966753316,0.0016184139543218515,2873.6666666666665,199.16666666666666,0.06930750492958135,5561.0,2.0,1.0,-421.3804708697071,-0.7465943529102091,0.8173170293098053,3.6194608667118113,2.0,12.0,12.0,0.0016184139543218515,0.0648153170255113,1.0,1.0,1.8473720247439955,0.5961336804613151,1.1377905689821843,0.06445466220495862,0.7883815422480196
5419.0,451.5833333333333,222.5,537.543557666622,99.0,2003.0,2003.0,136.0,12.0,0.0,12.0,-127.19008253789517,-0.2450066619101271,-1867.0,0.06789815277050476,0.06789815277050476,742.5,160.66666666666666,0.21638608304983542,2003.0,1.0,0.0,-73.63999992636,-0.20224420297760584,0.8449598329735876,4.4355047055670305,2.0,12.0,12.0,0.06789815277050476,0.17789260011039326,2.0,1.0,1.9688571237967862,0.5332010826103193,1.1903529602983247,0.08690515353952041,0.9420293352795219
20659.0,1721.5833333333333,253.5,2907.4217804993864,21.0,9973.0,9973.0,49.0,12.0,0.0,12.0,-699.3757146070083,-0.5958635716884746,-9924.0,0.004913265817702884,0.004913265817702884,3366.3333333333335,76.83333333333333,0.022824041984287086,9973.0,1.0,0.0,-421.67999957832,-0.5768901263257525,0.9025915426187132,5.792923181146467,0.0,12.0,12.0,0.004913265817702884,0.02231472965776547,0.0,0.0,1.4217555136452584,0.7398268712586191,1.6888068815426682,0.2561756615087517,0.9972667681820531
30706.0,2558.8333333333335,782.5,3404.0701822312,9.0,11720.0,4855.0,9.0,12.0,0.0,12.0,-860.9027329075706,-0.7373212941519479,-4846.0,0.0018537590113247091,0.0007679180887365461,5041.166666666667,76.5,0.0151750586834757,11720.0,2.0,1.0,-640.2491574730985,-0.8454599876138402,0.8794283276443008,4.580212336333302,3.0,12.0,12.0,0.0007679180887365461,0.01494821858919594,2.0,1.0,1.671534912835098,0.6552628150849524,1.330321181092124,0.14174920769557794,0.6613439226275419
96386.0,8032.166666666667,6895.5,3904.000273935555,3566.0,15083.0,11225.0,5600.0,12.0,0.0,12.0,-335.92371236909133,-0.03879807715807635,-5625.0,0.4988864142534531,0.3712789232908763,8104.666666666667,7959.666666666667,0.9821090729608677,15083.0,2.0,1.0,208.74074048772167,0.026108059834192093,0.5353842073854436,1.8778245803309055,3.0,12.0,12.0,0.3712789232908763,0.4954868964371905,2.0,1.0,2.371677567641647,0.26688350313668185,0.4860457253871759,-0.3458536072149953,0.24141728588611333
3932.0,327.6666666666667,286.0,271.3418303337856,28.0,1027.0,537.0,56.0,12.0,0.0,12.0,-63.57024788053864,-0.23525626159075697,-481.0,0.10428305400178244,0.05452775072975144,535.3333333333334,120.0,0.2241594022374067,1027.0,3.0,2.0,-54.95624991756562,-0.2420715262758554,0.7871903061699831,3.1342828076357794,4.0,12.0,12.0,0.05452775072975144,0.18311291963330847,3.0,1.0,2.159362977275126,0.4370125466256529,0.828103246161255,-0.09403011245080596,0.48954558777370727
2069.0,172.41666666666666,104.0,218.3683655101067,22.0,864.0,864.0,175.0,12.0,0.0,12.0,-35.805467229966176,-0.10899509687108196,-689.0,0.20254629629395202,0.20254629629395202,245.83333333333334,99.0,0.40271186439039813,864.0,1.0,0.0,-5.43999999456,-0.01871814381585199,0.8732112794511729,5.011116481101337,1.0,12.0,12.0,0.20254629629395202,0.28709521507836105,2.0,1.0,1.9695159205683117,0.5134928306744011,1.2665154112949728,0.11758817523358396,0.8303348100210707
199579.0,16631.583333333332,11205.0,12734.68895352594,5452.0,50844.0,22712.0,5452.0,12.0,0.0,12.0,-2603.813093809896,-0.1521969154507097,-17260.0,0.2400493131383233,0.10722995830381024,22072.666666666668,11190.5,0.5069845057232896,50844.0,2.0,1.0,-1530.3097624548432,-0.11954540065918369,0.7521379120445377,3.0570751431745484,4.0,12.0,12.0,0.10722995830381024,0.33642317077446343,3.0,1.0,2.23838792238543,0.3847169124340011,0.7656931212312889,-0.13269966108534093,0.4729151405902481
4456.0,371.3333333333333,193.0,386.74460421431723,36.0,1416.0,614.0,59.0,12.0,0.0,12.0,-99.57787658522392,-0.33808066880696686,-555.0,0.09609120521016137,0.041666666666372414,661.6666666666666,81.0,0.122418136018301,1416.0,2.0,1.0,-77.17171707817569,-0.3598949451145406,0.8286723163783287,3.813285457707003,2.0,12.0,12.0,0.041666666666372414,0.10906642728880371,1.0,1.0,2.0088611875066134,0.520421903051765,1.041502524786092,0.020329401658403915,0.6098164298070546
434.0,36.166666666666664,24.5,28.28672637278639,11.0,112.0,18.0,19.0,12.0,0.0,12.0,1.273998727475093,0.04780178250397101,1.0,1.0555555549691358,0.16964285712771046,26.333333333333332,46.0,1.7468354423746195,112.0,7.0,6.0,-2.124999989375,-0.07495903364221737,0.7071428570797195,3.0967741926921364,3.0,12.0,12.0,0.16964285712771046,0.6359447004461763,1.0,1.0,2.233176623572642,0.3847926267252917,0.7821214663124012,-0.12225795914009127,-0.2572696255268729
105843.0,8820.25,7225.0,4322.1469419144,4273.0,19566.0,19566.0,4668.0,12.0,0.0,12.0,-1182.4195794273403,-0.12468268194561467,-14898.0,0.23857712358160146,0.23857712358160146,11897.333333333334,5743.166666666667,0.4827272217859889,19566.0,1.0,0.0,-905.2099990947897,-0.10948347941163342,0.5991330043764884,2.2183044698254375,2.0,12.0,12.0,0.23857712358160146,0.3255671135549516,2.0,1.0,2.3777043600431282,0.25585930733884665,0.49002544620725025,-0.34225895610690305,0.9312725061659946
540.0,45.0,14.0,77.35524114973292,0.0,285.0,285.0,5.0,10.0,2.0,10.0,-16.68404321549718,-0.371964331536262,-280.0,0.017543859648507232,0.017543859648507232,83.33333333333333,6.666666666666667,0.07999999999040001,285.0,1.0,0.0,-7.469999992529998,-0.3110557448874562,0.918660287049106,6.3333333319259255,1.0,7.0,3.0,0.017543859648507232,0.07407407407270233,1.0,1.0,1.5294451287858808,0.6959876543182419,1.7190053585009526,0.26443690391238445,0.9565772853061374
58682.0,4890.166666666667,1068.5,7013.765772076763,75.0,24069.0,13135.0,75.0,12.0,0.0,12.0,-1614.1411302411527,-0.6322117314765267,-13060.0,0.005709935287395729,0.0031160413810282454,9643.833333333334,136.5,0.014154122669048454,24069.0,3.0,2.0,-866.512498700231,-0.6799585563503845,0.9324765373621028,4.921918135022824,2.0,12.0,12.0,0.0031160413810282454,0.013956579530347644,1.0,1.0,1.6035358275084721,0.6822478215920589,1.4342590447624322,0.1783947545347861,0.42725628851821057
1514.0,126.16666666666667,118.0,66.74807529476453,44.0,316.0,128.0,136.0,12.0,0.0,12.0,-9.932612833368692,-0.07155405416454166,8.0,1.0624999999169922,0.4303797468218234,162.66666666666666,89.66666666666667,0.5512295081628343,316.0,3.0,2.0,-3.693749994459375,-0.029245296964524544,0.676511954971559,2.5046235136720245,3.0,12.0,12.0,0.4303797468218234,0.3553500660478511,2.0,1.0,2.3630940144151933,0.2602377807126026,0.5290468318848671,-0.3080044104701,0.32101291178947505
682.0,56.833333333333336,52.0,19.675845315739014,31.0,105.0,58.0,48.0,12.0,0.0,12.0,-2.95994913928345,-0.04588393351938254,-10.0,0.8275862067538644,0.45714285709931973,66.16666666666667,47.5,0.7178841308738715,105.0,3.0,2.0,-0.6749999989875,-0.006015972831338662,0.5291005290501386,1.8475073310532244,4.0,12.0,12.0,0.45714285709931973,0.41788856304372596,3.0,1.0,2.428508437875112,0.1862170087961028,0.3462025568142578,-0.4856605268652722,0.17446301517968518
403.0,33.583333333333336,28.5,23.21801862538853,18.0,108.0,33.0,23.0,12.0,0.0,12.0,-2.872218687990255,-0.05049395296859837,-10.0,0.696969696758494,0.21296296294324418,40.166666666666664,27.0,0.6721991699571289,108.0,2.0,1.0,0.39057239009896944,0.015019630871292912,0.7574074073372771,3.2158808923426654,3.0,12.0,12.0,0.21296296294324418,0.4019851116525562,2.0,1.0,2.3165858396286594,0.27357320098975,0.6913553931059546,-0.18248359147600132,0.03280325267276036
312.0,26.0,14.5,33.09833832687073,0.0,117.0,29.0,0.0,10.0,2.0,10.0,-7.209154475832114,-0.37808435360435516,-29.0,0.0,0.0,44.166666666666664,7.833333333333333,0.1773584905258811,117.0,2.0,1.0,-5.723905716967655,-0.4295287143568613,0.8581196580463146,4.499999998269231,2.0,10.0,0.0,0.0,0.1506410256361974,1.0,1.0,1.8496275551921468,0.5838675213630684,1.2730130120823309,0.12011062453920408,0.512962958632596
380.0,31.666666666666668,27.5,10.994948334980428,19.0,52.0,50.0,28.0,12.0,0.0,12.0,-0.02288620468518133,0.0028052874085161164,-22.0,0.559999999888,0.5384615383579882,27.833333333333332,35.5,1.275449101338162,52.0,8.0,7.0,3.0666666421333333,0.09566406185048955,0.41826923068879435,1.642105262639335,2.0,12.0,12.0,0.5384615383579882,0.560526315774723,1.0,1.0,2.4272640776076506,0.1903508771901894,0.3472088946792107,-0.48455076832048277,0.14827907473183896
320.0,26.666666666666668,19.5,24.817108793912492,0.0,84.0,38.0,9.0,11.0,1.0,11.0,-6.339478697795223,-0.31097443932354957,-29.0,0.23684210520083102,0.10714285713010205,46.833333333333336,6.5,0.13879003555755373,84.0,3.0,2.0,-4.743749992884375,-0.3346693961774265,0.8201058200081884,3.1499999988187497,2.0,9.0,2.0,0.10714285713010205,0.1218749999961914,2.0,1.0,2.05396666432732,0.4994791666625449,0.9306415794227278,-0.03592506291251155,0.7078783663549099
2189.0,182.41666666666666,169.5,56.7721444802721,107.0,282.0,267.0,113.0,12.0,0.0,12.0,-9.554990456063198,-0.056311306207039134,-154.0,0.4232209737669205,0.4007092198439465,203.33333333333334,161.5,0.794262295042905,282.0,7.0,6.0,-12.749999936250001,-0.07988842099989062,0.5127659574286253,1.5459113749723576,3.0,12.0,12.0,0.4007092198439465,0.44266788487691794,1.0,1.0,2.4368331088486803,0.17622201918636393,0.311222354374563,-0.5252943128010931,0.27655434453218525
275.0,22.916666666666668,9.5,32.84422408210545,0.0,109.0,73.0,4.0,8.0,4.0,8.0,-7.945327393205447,-0.42113275891822416,-69.0,0.05479452054043911,0.036697247703055304,43.333333333333336,2.5,0.05769230767899408,109.0,2.0,1.0,-3.2659932620344856,-0.35110340456538025,0.9146788989986534,4.756363634288132,2.0,6.0,1.0,0.036697247703055304,0.054545454543471074,1.0,1.0,1.624175485839239,0.6778787878734509,1.4332025047755674,0.1780379990410575,0.6937988898569176
105.0,8.75,8.0,8.287792227125388,0.0,32.0,12.0,3.0,10.0,2.0,10.0,-1.1557533366016566,-0.09797617679814798,-9.0,0.24999999979166665,0.09374999997070313,11.166666666666666,6.333333333333333,0.5671641785965693,32.0,2.0,1.0,-0.03367003362922149,0.008351298180874094,0.8093749997470703,3.657142852963265,3.0,5.0,4.0,0.09374999997070313,0.3619047618702948,2.0,1.0,2.060442490022938,0.47222222220987664,0.9471762534461285,-0.027128384149881807,0.3543857789517834
1323.0,110.25,104.5,42.64411839085589,62.0,226.0,144.0,110.0,12.0,0.0,12.0,-2.795931339039651,-0.03190384725506592,-34.0,0.763888888835841,0.4867256636952776,111.0,109.5,0.9864864863976139,226.0,8.0,7.0,25.199999798400004,0.2984243876786171,0.622787610591912,2.049886621129262,3.0,12.0,12.0,0.4867256636952776,0.49659863945202876,1.0,1.0,2.4177063575522113,0.19847568657011738,0.3867947245985301,-0.4421745081906674,-0.19392145237572353
665.0,55.416666666666664,51.0,14.459474018403604,39.0,82.0,54.0,48.0,12.0,0.0,12.0,1.3464717089781675,0.02217004320572317,-6.0,0.8888888887242798,0.5853658535871505,49.0,61.833333333333336,1.2619047616472303,82.0,7.0,6.0,-2.3749999881250003,-0.04177526080195809,0.29512195118352175,1.4796992478532873,4.0,12.0,12.0,0.5853658535871505,0.5578947368337158,2.0,1.0,2.4518453857663705,0.14473684210372428,0.2609228393827557,-0.5861398789465855,-0.02927995004524926
4445.0,370.4166666666667,161.0,429.894649562218,12.0,1382.0,1382.0,12.0,12.0,0.0,12.0,-118.39415120389046,-0.436457786697226,-1370.0,0.008683068017303307,0.008683068017303307,667.6666666666666,73.16666666666667,0.10958562156600722,1382.0,1.0,0.0,-94.49999990549999,-0.4434002394835319,0.7985133535003397,3.7309336331951153,2.0,12.0,12.0,0.008683068017303307,0.09876265466794429,2.0,1.0,1.8829923497151528,0.5883952005996118,1.1605704824763434,0.07431855790203237,0.9776015358120835
804.0,67.0,61.5,24.172987679087857,35.0,116.0,63.0,45.0,12.0,0.0,12.0,-2.136045770616923,-0.037689641502263095,-18.0,0.7142857141723356,0.3879310344493163,76.66666666666667,57.333333333333336,0.7478260868589792,116.0,6.0,5.0,-7.4742856886595925,-0.10652734049144633,0.5057471263931828,1.7313432833236804,3.0,12.0,12.0,0.3879310344493163,0.4278606965120913,1.0,1.0,2.422434585400211,0.19900497512304893,0.36079086082805895,-0.4697335626091142,0.3208880287893422
288.0,24.0,23.0,7.023769168568493,16.0,43.0,18.0,27.0,12.0,0.0,12.0,0.7781309592961648,0.03152131042998813,9.0,1.4999999991666666,0.6279069765981612,20.333333333333332,27.666666666666668,1.360655737035743,43.0,7.0,6.0,2.999999985,0.12288742457884605,0.42790697664467275,1.7916666659201388,2.0,12.0,12.0,0.6279069765981612,0.5763888888688754,1.0,1.0,2.44590866227961,0.14988425925569104,0.29265704856841346,-0.5472007844604144,-0.25801706145926934
950.0,79.16666666666667,72.0,26.02189249245506,52.0,131.0,131.0,59.0,12.0,0.0,12.0,-3.120152572079719,-0.03695157774496294,-72.0,0.4503816793549327,0.4503816793549327,85.66666666666667,72.66666666666667,0.8482490271383367,131.0,1.0,0.0,-0.9799999990199997,-0.015687775899657436,0.43164469115372595,1.6547368418962438,3.0,12.0,12.0,0.4503816793549327,0.4589473684162216,3.0,1.0,2.43447822917858,0.17350877192872205,0.32869758933686,-0.5052334074541859,-0.1423118828083786
1093.0,91.08333333333333,70.5,51.193193449476816,51.0,239.0,71.0,239.0,12.0,0.0,12.0,4.420851871687525,0.021491269820708515,168.0,3.3661971826244796,0.9999999999581589,79.83333333333333,102.33333333333333,1.2818371605910017,239.0,12.0,11.0,0.0,0.0,0.0,2.6239707224932514,4.0,12.0,12.0,0.9999999999581589,0.5617566331147141,0.0,0.0,2.3570529137508927,0.2657060079282181,0.5620478694659434,-0.28037049247024726,-0.4560689793028856
680.0,56.666666666666664,40.5,41.393101948137314,22.0,170.0,44.0,22.0,12.0,0.0,12.0,-2.3725365523637962,-0.04664576949681016,-22.0,0.4999999998863636,0.1294117646982699,70.83333333333333,42.5,0.5999999999152942,170.0,5.0,4.0,0.5833333318749999,0.004600379517423684,0.7554621848295107,2.9999999994705884,3.0,12.0,12.0,0.1294117646982699,0.3749999999944853,2.0,1.0,2.268831845662748,0.3492647058805973,0.7304665048382233,-0.15575770708749093,0.08065003040441089
3282.0,273.5,140.5,346.1130595629122,13.0,1192.0,772.0,49.0,12.0,0.0,12.0,-84.08391601335616,-0.3592510665024037,-723.0,0.0634715025898514,0.04110738254999071,479.6666666666667,67.33333333333333,0.14037526059471073,1192.0,2.0,1.0,-36.76767672310988,-0.3084173588095296,0.8894295301938807,4.358318098560939,3.0,12.0,12.0,0.04110738254999071,0.12309567336952135,3.0,1.0,1.844886347784967,0.6022242535035331,1.265495647350118,0.11719097659588235,0.6734067613674188
240.0,20.0,7.5,22.409075542437414,0.0,75.0,36.0,0.0,10.0,2.0,10.0,-5.485060389548455,-0.34304366256031077,-36.0,0.0,0.0,36.0,4.0,0.1111111110802469,75.0,3.0,2.0,-2.96249999555625,-0.30665737306419844,0.8814814813639508,3.749999998125,2.0,7.0,0.0,0.0,0.09999999999583332,1.0,1.0,1.8928541226259519,0.5770833333275682,1.1204537765616438,0.05680566036999962,0.7105413591494316
288.0,24.0,16.0,21.802140567690444,0.0,70.0,54.0,0.0,10.0,2.0,10.0,-6.011443097307626,-0.361907531432614,-54.0,0.0,0.0,41.0,7.0,0.1707317072754313,70.0,3.0,2.0,-4.7249999929125,-0.4261429046002707,0.803174603059864,2.916666665451389,2.0,8.0,0.0,0.0,0.14583333332826967,1.0,1.0,2.048412227120559,0.49421296295839845,0.9084225232752591,-0.04798595446825255,0.7485016060905669
252.0,21.0,13.5,31.056400306539068,0.0,123.0,9.0,9.0,11.0,1.0,11.0,-0.7781309592961648,0.06908819052702388,0.0,0.9999999988888888,0.07317073170136823,28.833333333333332,13.166666666666666,0.4566473986855558,123.0,5.0,4.0,-0.9583333309375,-0.07298842049120463,0.8919860626452508,5.857142854353741,3.0,10.0,10.0,0.07317073170136823,0.31349206347962333,2.0,1.0,1.8600714480625957,0.4980158730106439,1.4788762043690622,0.19318278339241995,-0.02365709553612663
31238.0,2603.1666666666665,1834.5,1922.504392423822,261.0,7018.0,3989.0,261.0,12.0,0.0,12.0,-499.6134770124032,-0.2266485079119352,-3728.0,0.0654299323136991,0.03719008264457511,3909.8333333333335,1296.5,0.33159981243787473,7018.0,2.0,1.0,-433.69023516455053,-0.2431177585191428,0.7117269877447824,2.695947243731241,2.0,12.0,12.0,0.03719008264457511,0.24902362507194795,1.0,1.0,2.237322454583537,0.38109033869001796,0.7385252803955837,-0.15040029762528329,0.7357629687083803
181243.0,15103.583333333334,11932.5,11273.898537908506,5248.0,45700.0,45700.0,5248.0,12.0,0.0,12.0,-2805.234581244177,-0.17057394616431615,-40452.0,0.11483588621441689,0.11483588621441689,21828.166666666668,8379.0,0.3838618298985024,45700.0,1.0,0.0,-1841.40999815859,-0.14373994709552124,0.7303700019890982,3.0257720298143203,3.0,12.0,12.0,0.11483588621441689,0.2773845058843499,3.0,1.0,2.253030314938259,0.37158998324532355,0.746438662209368,-0.14518765718871388,0.7519560892814153
10154.0,846.1666666666666,768.0,401.8164658425812,364.0,1747.0,569.0,364.0,12.0,0.0,12.0,-12.450095348738637,-0.022050884207023412,-205.0,0.639718804909671,0.20835718374236775,887.6666666666666,804.6666666666666,0.9064964325846058,1747.0,3.0,2.0,10.368749984446875,-0.010561903525892369,0.5512942822584993,2.0646050817167865,3.0,12.0,12.0,0.20835718374236775,0.4754776442776487,2.0,1.0,2.378504685254386,0.25819053246656987,0.4748668101294062,-0.35605465269958864,0.12235229441904286
6609.0,550.75,395.0,410.3931296127328,121.0,1358.0,121.0,207.0,12.0,0.0,12.0,61.17101075604213,0.14084197859588346,86.0,1.7107438015115088,0.15243004418149905,306.0,795.5,2.5996732025294222,1358.0,9.0,8.0,-44.99999932500001,-0.1900866727558539,0.6622484045115691,2.4657285519298098,2.0,12.0,12.0,0.15243004418149905,0.7221970040842455,1.0,1.0,2.208170563295979,0.40993342411843803,0.7451532085434068,-0.14603118522249642,0.3610374248231074
16271.0,1355.9166666666667,187.5,1988.035607424799,0.0,6027.0,3389.0,0.0,11.0,1.0,11.0,-494.4068654465244,-0.7358792028503156,-3389.0,0.0,0.0,2659.1666666666665,52.666666666666664,0.019805703541135172,6027.0,2.0,1.0,-348.855218432364,-0.8095321811355879,0.886261821800421,4.444963431839875,2.0,11.0,0.0,0.0,0.019421055866253197,1.0,1.0,1.5388392404824895,0.7019697621534331,1.4661930605937954,0.18903348162407174,0.7822121855692176
49980.0,4165.0,497.0,7689.013103123183,28.0,27356.0,27356.0,28.0,12.0,0.0,12.0,-1740.991734076218,-0.6673386016004937,-27328.0,0.0010235414534284896,0.0010235414534284896,8212.166666666666,117.83333333333333,0.014348629066611308,27356.0,1.0,0.0,-890.6899991093101,-0.6483285906060574,0.92481622778416,6.5680672268749865,1.0,12.0,12.0,0.0010235414534284896,0.014145658263302493,1.0,1.0,1.3284532865364072,0.7616746698679164,1.846101585379285,0.29728439410883867,0.9936589727388345
8573.0,714.4166666666666,731.5,316.18044909337596,186.0,1363.0,416.0,186.0,12.0,0.0,12.0,37.04895101786103,0.033824255049227786,-230.0,0.4471153846046366,0.13646368305108977,557.8333333333334,871.0,1.5613982670768796,1363.0,9.0,8.0,-590.9999911350001,-1.238496622029996,0.5209097578831922,1.9078502274315945,2.0,12.0,12.0,0.13646368305108977,0.6095882421548937,0.0,0.0,2.3814277778538058,0.24896963334486855,0.44257149061791706,-0.3864130914782701,0.585532328261146
3207.0,267.25,108.0,395.96951166304035,5.0,1292.0,1292.0,69.0,12.0,0.0,12.0,-88.76414487147574,-0.320805071592855,-1223.0,0.053405572755004606,0.053405572755004606,456.8333333333333,77.66666666666667,0.17001094490689506,1292.0,1.0,0.0,-54.86999994512999,-0.26897717054904274,0.8652547143192248,4.8344246957966535,2.0,12.0,12.0,0.053405572755004606,0.14530714062941907,2.0,1.0,1.6813859342015303,0.6491269098841774,1.4816445711813804,0.19408281782653222,0.8953919844542283
3825.0,318.75,135.0,342.35705654574537,0.0,969.0,742.0,0.0,11.0,1.0,11.0,-90.33566425985818,-0.45942441995258443,-742.0,0.0,0.0,557.8333333333334,79.66666666666667,0.14281446070852438,969.0,2.0,1.0,-74.26262617261095,-0.5086980908794788,0.781836945296369,3.0399999999046274,3.0,11.0,0.0,0.0,0.1249673202611112,2.0,1.0,1.9358433414459244,0.5509150326793828,1.074061353835309,0.035708371755603534,0.8684788304443385
128893.0,10741.083333333334,11032.5,6954.720620536976,496.0,21844.0,496.0,11659.0,12.0,0.0,12.0,1806.5797823365,0.3096330733944831,11163.0,23.50604838662286,0.5337392418968441,4739.166666666667,16743.0,3.5328995955613864,21844.0,9.0,8.0,-3422.2499486662505,-0.24769935191394618,0.3277330159309981,2.033686856538027,1.0,12.0,12.0,0.5337392418968441,0.7793906573669028,0.0,0.0,2.228375485413937,0.3664674057810131,0.6474878189379253,-0.21396952196490007,0.8822187420049942
11996.0,999.6666666666666,369.0,1453.856213278634,0.0,4863.0,4863.0,0.0,10.0,2.0,10.0,-366.93451971751205,-0.8049840210352275,-4863.0,0.0,0.0,1884.3333333333333,115.0,0.0610295418358693,4863.0,1.0,0.0,-249.18999975081,-0.8462333051616413,0.8666554502440443,4.864621540464842,2.0,9.0,0.0,0.0,0.05751917305763794,2.0,1.0,1.627414944447246,0.679754362565177,1.4543409935952891,0.18511730635266868,0.971846685854089
463786.0,38648.833333333336,41201.0,14539.797498780908,219.0,54816.0,54816.0,219.0,12.0,0.0,12.0,-2187.898281698649,-0.22617713397066305,-54597.0,0.003995183887915209,0.003995183887915209,41104.833333333336,36192.833333333336,0.8805006710482027,54816.0,1.0,0.0,-1897.93999810206,-0.2529184252667535,0.32174746590239844,1.4183093064470031,4.0,12.0,12.0,0.003995183887915209,0.4682267252568972,4.0,1.0,2.375676437345803,0.19423613476905066,0.3762027529621976,-0.4532742328082516,0.10144089779216953
20808.0,1734.0,480.5,2836.4775690986876,4.0,9549.0,9549.0,4.0,12.0,0.0,12.0,-685.7469797169829,-0.7455256975947099,-9545.0,0.00041889203057867954,0.00041889203057867954,3328.5,139.5,0.04191077061726931,9549.0,1.0,0.0,-429.99999956999994,-0.7631145752208557,0.892811241537922,5.5069204151931554,2.0,12.0,12.0,0.00041889203057867954,0.040224913494790356,2.0,1.0,1.4798151509535336,0.7208445469690421,1.6358002128502478,0.2412171490677915,0.9507756124742474
23074.0,1922.8333333333333,771.0,2165.06019290201,3.0,6253.0,3502.0,3.0,12.0,0.0,12.0,-542.7082004345996,-0.7269993654405121,-3499.0,0.0008566533409455836,0.00047976971053817404,3806.1666666666665,39.5,0.010377895520400112,6253.0,3.0,2.0,-635.69999904645,-0.9582115632854332,0.8109174263007449,3.251971916425837,3.0,12.0,12.0,0.00047976971053817404,0.010271301031459533,2.0,1.0,1.7647355145424317,0.6013767299412873,1.1259739236668547,0.05925468900144219,0.7353317869146371
4871.0,405.9166666666667,168.0,447.5119101456656,60.0,1649.0,621.0,76.0,12.0,0.0,12.0,-109.41513023240435,-0.3156809277145951,-545.0,0.12238325281606469,0.04608853850790729,712.8333333333334,99.0,0.1388823941995948,1649.0,2.0,1.0,-82.25589215618814,-0.32427040399470175,0.8422680412320057,4.062410182613942,4.0,12.0,12.0,0.04608853850790729,0.12194621227648954,3.0,1.0,1.9815048337283085,0.5337541914730692,1.1024723715080456,0.0487389860249058,0.5413959159717875
4313.0,359.4166666666667,124.0,440.8980340043363,30.0,1542.0,1542.0,30.0,12.0,0.0,12.0,-111.84106792903356,-0.3259044394729552,-1512.0,0.01945525291816177,0.01945525291816177,627.0,91.83333333333333,0.1464646464623105,1542.0,1.0,0.0,-75.64999992435,-0.30208954088599144,0.8366348307928293,4.290285184207087,2.0,12.0,12.0,0.01945525291816177,0.1277533039644615,2.0,1.0,1.900203523641883,0.5710835458687584,1.226704476676288,0.10181165892409019,0.9593712384089237
1922.0,160.16666666666666,150.5,85.69308931037295,24.0,326.0,191.0,90.0,12.0,0.0,12.0,-20.91036234736066,-0.154683567689643,-101.0,0.471204188457005,0.2760736196234333,218.0,102.33333333333333,0.4694189602231153,326.0,3.0,2.0,-17.756249973365623,-0.16413599226027892,0.6182685753048247,2.0353798125680305,2.0,12.0,12.0,0.2760736196234333,0.319458896980648,2.0,1.0,2.3343644819415403,0.3013354144981857,0.5350244909782895,-0.302910808063356,0.6387926266505636
4014.0,334.5,156.0,351.02219777862103,43.0,1210.0,373.0,43.0,12.0,0.0,12.0,-81.68849325630718,-0.3090643121828424,-330.0,0.11528150133739191,0.035537190082350935,580.5,88.5,0.15245478035913085,1210.0,3.0,2.0,-70.049999894925,-0.35168755751820113,0.8430670339691574,3.6173393122984354,3.0,12.0,12.0,0.035537190082350935,0.13228699551536552,2.0,1.0,2.005648492935839,0.5300614515857804,1.0493937153008284,0.024101623305443437,0.7241339153598361
1849.0,154.08333333333334,145.5,48.07885594405184,66.0,235.0,146.0,139.0,12.0,0.0,12.0,3.192625553582793,0.01860944965363174,-7.0,0.9520547944553387,0.5914893616769579,135.16666666666666,173.0,1.2799013562554944,235.0,10.0,9.0,-11.999999520000019,-0.08392839484092918,0.3957446808342236,1.5251487289437435,3.0,12.0,12.0,0.5914893616769579,0.5613845321765204,0.0,0.0,2.434473487041062,0.17455381287125582,0.312031515030383,-0.5243536279605185,0.3674496683962271
380.0,31.666666666666668,19.5,35.9243031324973,14.0,149.0,16.0,20.0,12.0,0.0,12.0,-4.233947866758543,-0.057515333746842014,4.0,1.24999999921875,0.1342281879104545,40.666666666666664,22.666666666666668,0.557377049043268,149.0,2.0,1.0,-0.1548821546944189,-0.0025695117800712598,0.8557046979291473,4.705263156408864,4.0,12.0,12.0,0.1342281879104545,0.35789473683268697,3.0,1.0,2.1016784144794376,0.39122807017220507,1.134451677510088,0.06299120249127396,-0.19018495031540952
3940.0,328.3333333333333,149.0,543.7847817739008,0.0,2048.0,329.0,0.0,9.0,3.0,9.0,-93.41385879001507,-0.7147480794934107,-329.0,0.0,0.0,609.8333333333334,46.833333333333336,0.07679693905312714,2048.0,3.0,2.0,-54.93749991759375,-0.9725456680333819,0.9394531249954129,6.237563451586674,2.0,9.0,0.0,0.0,0.07131979695413371,1.0,1.0,1.579436248394123,0.6749576988151951,1.656197304844687,0.24704388626488455,0.2711861366022166
200.0,16.666666666666668,9.5,22.23110933404409,0.0,72.0,72.0,11.0,8.0,4.0,8.0,-5.164653523955917,-0.32084324720534335,-61.0,0.15277777775655865,0.15277777775655865,30.833333333333332,2.5,0.08108108105478451,72.0,1.0,0.0,-3.44999999655,-0.2790775010855052,0.8383838382673962,4.319999997408,1.0,6.0,2.0,0.15277777775655865,0.07499999999625,2.0,1.0,1.7073370497416265,0.6416666666594792,1.3338665592423251,0.143052977266495,0.8417806576281415
10035.0,836.25,410.0,1214.5187747279442,0.0,4369.0,819.0,0.0,11.0,1.0,11.0,-262.98156366997097,-0.6715965433994989,-819.0,0.0,0.0,1577.1666666666667,95.33333333333333,0.06044594737359962,4369.0,2.0,1.0,-204.1010098536149,-0.8108686716370136,0.8890592812980338,5.224514200236478,3.0,11.0,0.0,0.0,0.05700049825604683,2.0,1.0,1.6625075688689992,0.6656286331172772,1.4523393419592476,0.18445218173183908,0.4363308595545527
3049.0,254.08333333333334,112.0,300.90182738265685,7.0,1101.0,1101.0,7.0,12.0,0.0,12.0,-76.22250470399638,-0.3587163719083258,-1094.0,0.006357856494038531,0.006357856494038531,443.3333333333333,64.83333333333333,0.14624060150046073,1101.0,1.0,0.0,-49.0999999509,-0.3414351505297638,0.8391544876482283,4.333224007700889,2.0,12.0,12.0,0.006357856494038531,0.12758281403697086,2.0,1.0,1.927923090448773,0.5639827265765698,1.1842643255000886,0.08435990250276068,0.9392783494047351
5659.0,471.5833333333333,186.0,639.5220166047626,29.0,2071.0,2071.0,176.0,12.0,0.0,12.0,-155.3324855657731,-0.3355106728604303,-1895.0,0.0849830999513038,0.0849830999513038,850.6666666666666,92.5,0.10873824451282832,2071.0,1.0,0.0,-107.64999989234997,-0.3041587589402908,0.8425003292176518,4.391588619804384,2.0,12.0,12.0,0.0849830999513038,0.09807386464022252,2.0,1.0,1.7851368075574254,0.6163485892675828,1.3561166635614803,0.15114559864127589,0.89723668584824
1076.0,89.66666666666667,84.5,23.13487026594751,59.0,140.0,59.0,107.0,12.0,0.0,12.0,-0.22123331195675278,0.0002857277687641628,48.0,1.8135593217265153,0.7642857142311225,95.66666666666667,83.66666666666667,0.8745644598388957,140.0,4.0,3.0,-1.6598639424165855,-0.01952812488563018,0.3714285714020408,1.5613382897886983,4.0,12.0,12.0,0.7642857142311225,0.46654275092503217,3.0,1.0,2.452804266441926,0.14358736059384536,0.2580097055394135,-0.5898128536543439,-0.343223123260211
2220.0,185.0,98.0,238.15051263154288,14.0,904.0,904.0,90.0,12.0,0.0,12.0,-50.02924344180636,-0.24910388196744643,-814.0,0.09955752212279251,0.09955752212279251,291.6666666666667,78.33333333333333,0.2685714285622204,904.0,1.0,0.0,-22.43999997756,-0.1943753082913284,0.8676588897731856,4.886486486222352,1.0,12.0,12.0,0.09955752212279251,0.21171171171075806,2.0,1.0,1.8978094362778477,0.5685435435429236,1.2873000682090263,0.12560663651273293,0.8532504594755266
28305.0,2358.75,413.5,3828.9543856645773,0.0,10679.0,10589.0,0.0,9.0,3.0,9.0,-936.1335020752091,-0.9743087986443585,-10589.0,0.0,0.0,4584.166666666667,133.33333333333334,0.029085620796155422,10679.0,2.0,1.0,-315.87205348917865,-1.0751956905041677,0.9341043168827284,4.527397986202322,2.0,9.0,0.0,0.0,0.028263557675312394,1.0,1.0,1.4393640830154524,0.7237031148795323,1.6232980967242585,0.23760094116136368,0.8617978788562233
40208.0,3350.6666666666665,1142.0,4306.463133735412,11.0,12047.0,5029.0,14.0,12.0,0.0,12.0,-1087.773679951773,-0.7925933101416437,-5015.0,0.002783853648831211,0.0011621150493889248,6628.333333333333,73.0,0.011013326628095028,12047.0,2.0,1.0,-1129.292927924089,-0.9418921594043405,0.807985390552994,3.5954038997107185,2.0,12.0,12.0,0.0011621150493889248,0.010893354556304495,1.0,1.0,1.6680836672752386,0.6525649953574386,1.2852556109398805,0.1248243783221891,0.7798792059267637
95.0,7.916666666666667,0.0,10.50760306740896,0.0,32.0,32.0,0.0,5.0,7.0,5.0,-2.7043865202989252,-0.3688463340283536,-32.0,0.0,0.0,13.666666666666666,2.1666666666666665,0.15853658524985126,32.0,1.0,0.0,-2.0999999979,-0.3470517249355005,0.8210227270161576,4.042105258052078,1.0,4.0,0.0,0.0,0.13684210524875348,1.0,1.0,1.5388136885683101,0.6692982455986614,1.3272761752593092,0.14062627375369466,0.7547747773283874
327297.0,27274.75,24217.0,10892.006037495266,13684.0,52531.0,23088.0,16811.0,12.0,0.0,12.0,-1140.0190708805944,-0.04999466256773935,-6277.0,0.7281271656268502,0.32002055928874,27879.833333333332,26669.666666666668,0.95659347557041,52531.0,8.0,7.0,-4318.399965452801,-0.21790196312852383,0.6368430069862298,1.9259938221241528,3.0,12.0,12.0,0.32002055928874,0.48890762823977946,0.0,0.0,2.41148682677606,0.21194027646652924,0.3993439366993748,-0.429241194782337,0.13551721070678974
416.0,34.666666666666664,10.0,46.74101220793386,2.0,160.0,101.0,8.0,12.0,0.0,12.0,-11.31341384937463,-0.3459261093139931,-93.0,0.07920792078423684,0.049999999996874996,62.833333333333336,6.5,0.10344827584560505,160.0,2.0,1.0,-4.882154876237118,-0.2848375095259542,0.9031249999435547,4.615384614053255,2.0,12.0,12.0,0.049999999996874996,0.09374999999774639,1.0,1.0,1.776734456403008,0.6254006410222182,1.348298428686083,0.1483194915602887,0.6529971648289006
250.0,20.833333333333332,22.5,6.730940168769558,12.0,33.0,24.0,33.0,12.0,0.0,12.0,0.7781309592961648,0.03590415727175203,9.0,1.3749999994270834,0.9999999996969696,16.833333333333332,24.833333333333332,1.4752475238760905,33.0,12.0,11.0,0.0,0.0,0.0,1.58399999923968,3.0,12.0,12.0,0.9999999996969696,0.5959999999761599,0.0,0.0,2.431555857128297,0.18133333332911783,0.3230851279458579,-0.5116185325316741,0.1343834146555516
4130.0,344.1666666666667,166.5,398.57722658922137,31.0,1387.0,756.0,71.0,12.0,0.0,12.0,-99.32612833368692,-0.3399030536316881,-685.0,0.09391534391410165,0.05118961787994817,608.5,79.83333333333333,0.13119693234514604,1387.0,2.0,1.0,-62.05387197865523,-0.31921136980205395,0.8567411679822874,4.030024212957965,4.0,12.0,12.0,0.05118961787994817,0.11598062953967075,3.0,1.0,1.9196533642555205,0.5695318805484963,1.1580936365452021,0.07325615251215098,0.5520448675379644
43859.0,3654.9166666666665,687.5,5341.367887509924,27.0,14990.0,3584.0,27.0,12.0,0.0,12.0,-1200.8811178733863,-0.6647573947072284,-3557.0,0.007533482142836123,0.0018012008005324875,7203.333333333333,106.5,0.014784821841719411,14990.0,3.0,2.0,-685.7624989713562,-0.749613365909897,0.9195537765911884,4.101324699594333,2.0,12.0,12.0,0.0018012008005324875,0.014569415627347964,1.0,1.0,1.5463370580353089,0.698684040523766,1.4614198830329856,0.18746085794478737,0.6918803050538379
1303.0,108.58333333333333,101.5,41.06591923021111,46.0,191.0,85.0,94.0,12.0,0.0,12.0,-4.863318495601029,-0.04592045003566011,9.0,1.1058823528110728,0.4921465968328719,125.0,92.16666666666667,0.7373333332743467,191.0,4.0,3.0,-1.0476190456235828,-0.007409285929302589,0.5137434554704846,1.7590176514112956,4.0,12.0,12.0,0.4921465968328719,0.42440521872275977,2.0,1.0,2.4126017906238695,0.21303402404624183,0.3781972607192246,-0.4511710746429628,-0.10558150345027718
4521.0,376.75,63.0,722.0230980838955,0.0,2492.0,2492.0,0.0,8.0,4.0,8.0,-159.58931963721685,-0.8424000185972652,-2492.0,0.0,0.0,727.3333333333334,26.166666666666668,0.03597616865211765,2492.0,1.0,0.0,-82.27999991772,-0.8432766562871399,0.925981322045022,6.614465825969091,1.0,8.0,0.0,0.0,0.03472683034719149,1.0,1.0,1.2396932465912842,0.7773169652728269,1.916451487895769,0.31423512159413125,0.9469765734033277
1043.0,86.91666666666667,83.0,32.159649493667615,30.0,141.0,88.0,141.0,12.0,0.0,12.0,4.649713918539337,0.047358683176740676,53.0,1.602272727090651,0.999999999929078,73.83333333333333,100.0,1.3544018056856342,141.0,12.0,11.0,0.0,0.0,0.0,1.6222435280971532,4.0,12.0,12.0,0.999999999929078,0.5752636625064692,0.0,0.0,2.413281811237116,0.2106903163939804,0.37000555501400834,-0.45984809518856096,0.004674390772432778
6034.0,502.8333333333333,117.0,766.84514226943,35.0,2204.0,2204.0,91.0,12.0,0.0,12.0,-180.54926876139538,-0.350936678555104,-2113.0,0.041288566243006856,0.041288566243006856,920.3333333333334,85.33333333333333,0.09272002897400158,2204.0,1.0,0.0,-134.59999986539998,-0.31332605041268774,0.8420227685162258,4.383162081450783,2.0,12.0,12.0,0.041288566243006856,0.08485250248577253,2.0,1.0,1.619732485629324,0.66257872058312,1.5250483438929656,0.20793595702146653,0.8497395461905362
333591.0,27799.25,26882.0,6352.447325309619,16423.0,40792.0,22130.0,27488.0,12.0,0.0,12.0,671.9427839243709,0.0223659025661885,5358.0,1.242114776321174,0.6738576191408429,25991.0,29607.5,1.1391443191869728,40792.0,9.0,8.0,-7111.499893327501,-0.22226091933370043,0.25856377067392494,1.467377717024212,3.0,12.0,12.0,0.6738576191408429,0.5325233594431344,0.0,0.0,2.4588823773325044,0.12606380268052497,0.22851146434912215,-0.6279864356489833,0.3456986641451073
1685.0,140.41666666666666,99.5,106.0514484682893,12.0,366.0,256.0,66.0,12.0,0.0,12.0,-28.474252995813085,-0.23265044581433564,-190.0,0.25781249998992917,0.18032786884753202,212.16666666666666,68.66666666666667,0.3236449332133396,366.0,2.0,1.0,-23.441077412664008,-0.23226816425819752,0.7095628415106676,2.606528189725351,3.0,12.0,12.0,0.18032786884753202,0.24451038575522546,2.0,1.0,2.2037975759128114,0.41389713155217756,0.7552625409666707,-0.13943068529641675,0.7575813364935553
368.0,30.666666666666668,13.5,30.442112643872505,0.0,81.0,81.0,0.0,11.0,1.0,11.0,-8.452638263726966,-0.4045649014365547,-81.0,0.0,0.0,55.0,6.333333333333333,0.1151515151305785,81.0,1.0,0.0,-8.05999999194,-0.43114218930742204,0.6778900111396544,2.641304346964792,3.0,11.0,0.0,0.0,0.10326086956241139,3.0,1.0,1.9712520962034434,0.5344202898514092,0.9926775858895346,-0.0036746605854502475,0.807588418838537
377.0,31.416666666666668,12.0,40.97450087825625,0.0,108.0,105.0,0.0,8.0,4.0,8.0,-10.813731713748172,-0.5031548201964715,-105.0,0.0,0.0,59.166666666666664,3.6666666666666665,0.06197183097544138,108.0,3.0,2.0,-3.26249999510625,-0.4416728527778453,0.9228395060873915,3.437665781399151,3.0,7.0,0.0,0.0,0.0583554376642346,2.0,1.0,1.67240858141535,0.647877984081054,1.3042281442508425,0.13203039175101147,0.7963278922385115
466.0,38.833333333333336,32.0,21.03106168398437,20.0,102.0,38.0,31.0,12.0,0.0,12.0,3.043865223129115,0.06389546508063768,-7.0,0.815789473469529,0.3039215685976548,27.666666666666668,50.0,1.8072289150094352,102.0,10.0,9.0,-45.999998160000075,-1.0831945215377083,0.5833333332761438,2.6266094413837053,2.0,12.0,12.0,0.3039215685976548,0.6437768240205198,0.0,0.0,2.3683756420914075,0.24570815450406114,0.5415724037399651,-0.2973766233038072,0.20773697221015205
44188.0,3682.3333333333335,2873.0,3030.7393579051886,173.0,9814.0,5616.0,173.0,12.0,0.0,12.0,-852.3204061506274,-0.336749840761214,-5443.0,0.030804843304788453,0.017627878540842034,6271.666666666667,1093.0,0.17427584374141758,9814.0,3.0,2.0,-779.4562488308156,-0.4279103159528764,0.7650861580953642,2.6651579614302565,2.0,12.0,12.0,0.017627878540842034,0.14841133339364795,1.0,1.0,2.136395061748424,0.45609667783105645,0.8230486171531524,-0.09706344700804351,0.8710579656805658
295.0,24.583333333333332,8.0,32.497328950067406,0.0,108.0,74.0,0.0,11.0,1.0,11.0,-8.288620463483166,-0.4093965592860773,-74.0,0.0,0.0,45.666666666666664,3.5,0.07664233574964037,108.0,2.0,1.0,-4.127946122942556,-0.3864507941432394,0.8953703702874658,4.393220337195978,3.0,11.0,0.0,0.0,0.071186440675553,2.0,1.0,1.7586571546508638,0.6364406779612437,1.3219252448887384,0.13864582677852064,0.7392404573952267
120050.0,10004.166666666666,11361.5,5705.277495929146,1025.0,17558.0,1025.0,17556.0,12.0,0.0,12.0,1531.8881106026113,0.2536901465770395,16531.0,17.127804877881683,0.9998860918094317,5501.333333333333,14507.0,2.636997091609361,17558.0,8.0,7.0,567.3333287946667,0.028321930471484374,0.20408076090659294,1.755068721364343,1.0,12.0,12.0,0.9998860918094317,0.7250478967096439,0.0,0.0,2.2825739922191213,0.3210134666111246,0.5702901287053838,-0.27364998571817317,0.8298709412753801
339.0,28.25,24.5,8.954747344286158,18.0,47.0,34.0,44.0,12.0,0.0,12.0,1.2930705647127445,0.03717578662935761,10.0,1.2941176466782007,0.9361702125667722,24.333333333333332,32.166666666666664,1.3219178076759242,47.0,11.0,10.0,0.0,0.0,0.06382978722046175,1.6637168135703657,1.0,12.0,12.0,0.9361702125667722,0.5693215339065096,0.0,0.0,2.437779377988158,0.16986234021324198,0.31698220676518,-0.5186234023301582,0.7427311136216502
836.0,69.66666666666667,60.5,23.721766844445256,30.0,116.0,97.0,58.0,12.0,0.0,12.0,-0.6408137311850769,0.005207040514047116,-39.0,0.5979381442682539,0.4999999999568966,67.5,71.83333333333333,1.0641975307065388,116.0,3.0,2.0,1.893749997159375,0.029725714991676498,0.4319923371275103,1.6650717700959228,3.0,12.0,12.0,0.4999999999568966,0.5155502392282829,2.0,1.0,2.4277043878600417,0.18540669856332848,0.3405038302541658,-0.4919763410726324,-0.5251405252769362
9287.0,773.9166666666666,777.5,437.34339260534796,136.0,1495.0,361.0,1495.0,12.0,0.0,12.0,70.18817540200357,0.05969938561257637,1134.0,4.14127423811243,0.9999999999933111,626.8333333333334,921.0,1.469290082401447,1495.0,12.0,11.0,0.0,0.0,0.0,1.9317325293171308,2.0,12.0,12.0,0.9999999999933111,0.59502530418801,0.0,0.0,2.3131015510424646,0.3213003840492621,0.5651039852693402,-0.27787036440450746,-0.09061112839522326
110390.0,9199.166666666666,8990.0,1781.1214086137481,6232.0,12382.0,8527.0,6232.0,12.0,0.0,12.0,-43.93388426065306,-0.008748979235276563,-2295.0,0.7308549313935371,0.5033112582777391,8819.333333333334,9579.0,1.0861365182541163,12382.0,8.0,7.0,-2653.8666454357335,-0.2989467170265183,0.2701098368597398,1.345991484734473,2.0,12.0,12.0,0.5033112582777391,0.5206449859588259,0.0,0.0,2.4663097667760434,0.10860736177792996,0.19361769094430423,-0.6755783825695958,0.4931695336344841
8471.0,705.9166666666666,314.0,769.5008618506472,19.0,2354.0,1165.0,19.0,12.0,0.0,12.0,-196.1843609288218,-0.39246148419192417,-1146.0,0.01630901287539649,0.008071367884417709,1263.6666666666667,148.16666666666666,0.11725138485794842,2354.0,3.0,2.0,-111.03749983344375,-0.42124424103222335,0.8651939960314422,3.334671231212353,4.0,12.0,12.0,0.008071367884417709,0.10494628733313073,3.0,1.0,1.9474496630909073,0.5554145516072839,1.0900732312686765,0.043095729821948814,0.7810566401547613
191900.0,15991.666666666666,13478.0,8003.029325754648,6575.0,28719.0,28719.0,11227.0,12.0,0.0,12.0,-2308.8823883994123,-0.14597635193768116,-17492.0,0.39092586789219996,0.39092586789219996,22652.5,9330.833333333334,0.411911856674946,28719.0,1.0,0.0,-2262.91999773708,-0.14860029716720496,0.48345567869211326,1.795872850441816,2.0,12.0,12.0,0.39092586789219996,0.2917404898384423,3.0,1.0,2.362858976266947,0.27620722598575087,0.5004499838926302,-0.33293346760600284,0.918612603832359
9285.0,773.75,357.0,912.4638919796589,28.0,3194.0,1037.0,28.0,12.0,0.0,12.0,-221.87031132049026,-0.40432968826401405,-1009.0,0.02700096431989392,0.008766437069477877,1395.0,152.5,0.10931899641498696,3194.0,2.0,1.0,-189.3737371441934,-0.4605565374126992,0.8417658108927935,4.12794830366232,2.0,12.0,12.0,0.008766437069477877,0.09854604200312488,1.0,1.0,1.9011543621419202,0.5809100700052359,1.17927481999078,0.08226352103883011,0.6265465947036768
381.0,31.75,33.5,8.12532050649901,22.0,47.0,35.0,42.0,12.0,0.0,12.0,-0.6751430382128487,-0.019972343489944783,7.0,1.1999999996571429,0.8936170210864645,35.666666666666664,27.833333333333332,0.7803738315569045,47.0,2.0,1.0,0.22222222195286198,0.006334546740823104,0.363829787156632,1.4803149601636802,3.0,12.0,12.0,0.8936170210864645,0.4383202099622488,3.0,1.0,2.45236108563984,0.14238845144088863,0.25591560642330247,-0.5924636890059838,0.07686602161221377
6432.0,536.0,288.5,629.6469910460411,16.0,2278.0,1130.0,16.0,12.0,0.0,12.0,-142.91671952406227,-0.39484826369033954,-1114.0,0.014159292035272927,0.0070237050043589835,956.0,116.0,0.12133891213262198,2278.0,3.0,2.0,-105.71249984143125,-0.4800972566055527,0.8804994634631137,4.249999999920709,2.0,12.0,12.0,0.0070237050043589835,0.10820895522371236,1.0,1.0,1.9173183384657775,0.571802446102605,1.1747145355117423,0.0803390664279927,0.42304416165864583
308.0,25.666666666666668,27.0,6.3552253216458725,15.0,34.0,27.0,34.0,12.0,0.0,12.0,-0.6942148754505,-0.029619738758616433,7.0,1.2592592587928668,0.9999999997058824,29.833333333333332,21.5,0.720670390819887,34.0,4.0,3.0,-0.04081632645286686,-0.00189641862530673,0.3051470587337803,1.3246753241592173,4.0,12.0,12.0,0.9999999997058824,0.41883116881757043,2.0,1.0,2.452581940878774,0.13906926406595677,0.24760618126635625,-0.6030699668226491,0.28932930470395096
26401.0,2200.0833333333335,1604.0,1337.1491725765761,843.0,5562.0,5562.0,843.0,12.0,0.0,12.0,-362.7883023020467,-0.1552555393011518,-4719.0,0.15156418554449558,0.15156418554449558,3109.5,1290.6666666666667,0.41507209090288344,5562.0,1.0,0.0,-273.83999972616,-0.13862253108753944,0.6593932856056923,2.528086057334822,4.0,12.0,12.0,0.15156418554449558,0.2933222226429706,4.0,1.0,2.324045586847495,0.3095116346602593,0.6077720567723185,-0.2439574326291957,0.867227535641881
38151.0,3179.25,3425.5,2193.6104608992605,149.0,6759.0,519.0,5537.0,12.0,0.0,12.0,473.37444334084284,0.17433180221385317,5018.0,10.66859344873471,0.8192040242627323,1808.0,4550.5,2.516869469012628,6759.0,7.0,6.0,879.6249956018751,0.4923436741760923,0.39209942299098666,2.12597310685814,1.0,12.0,12.0,0.8192040242627323,0.7156562082250228,1.0,1.0,2.202945845196325,0.39183988187287633,0.6899773408484268,-0.18344782007123586,0.4379449717156411
381.0,31.75,32.0,7.060748307840088,17.0,47.0,47.0,29.0,12.0,0.0,12.0,-1.2091544808670796,-0.036254430271872855,-18.0,0.6170212764644636,0.6170212764644636,34.5,29.0,0.8405797099012812,47.0,1.0,0.0,-0.6699999993299999,-0.023064643464370413,0.35396518367710605,1.4803149601636802,2.0,12.0,12.0,0.6170212764644636,0.45669291337384005,2.0,1.0,2.4594298060972424,0.11920384951618002,0.22238577340523558,-0.6361446960508885,0.22401242402952384
3733.0,311.0833333333333,237.5,309.32115412446154,36.0,1179.0,328.0,36.0,12.0,0.0,12.0,-62.574697976733255,-0.25495547513561256,-292.0,0.10975609755762938,0.030534351144779186,522.8333333333334,99.33333333333333,0.18999043671934984,1179.0,3.0,2.0,-67.51874989872188,-0.3348714637134533,0.8217887098224522,3.7899812482039117,3.0,12.0,12.0,0.030534351144779186,0.1596571122417368,2.0,1.0,2.0796855276164394,0.48577998035503867,0.9943353467383387,-0.0028403714745265213,0.4844140861440546
8124.0,677.0,326.0,813.0225499127724,50.0,2849.0,2849.0,50.0,12.0,0.0,12.0,-207.15066734047113,-0.33384719155596365,-2799.0,0.01755001754995595,0.01755001754995595,1176.6666666666667,177.33333333333334,0.15070821529616962,2849.0,1.0,0.0,-141.21999985878,-0.3150911904746826,0.8316793771310035,4.208271787234738,2.0,12.0,12.0,0.01755001754995595,0.13096996553405837,2.0,1.0,1.9288415090370683,0.5601099622515959,1.2009195714930032,0.09128892037226045,0.9529850482259355
1947.0,162.25,89.0,168.0352765542601,0.0,476.0,370.0,0.0,9.0,3.0,9.0,-46.95867764654453,-0.6899504163117559,-370.0,0.0,0.0,276.8333333333333,47.666666666666664,0.17218543045735635,476.0,2.0,1.0,-41.47474742447504,-0.8328952035552573,0.7686974789754475,2.9337442216989986,2.0,9.0,0.0,0.0,0.1468926553664772,1.0,1.0,1.8757695030522694,0.5648433487409483,1.0356565580517936,0.01751599894019046,0.7914647539509221
2478.0,206.5,98.0,246.33868961249266,0.0,821.0,821.0,0.0,9.0,3.0,9.0,-58.375079417002475,-0.6488963685653176,-821.0,0.0,0.0,337.5,75.5,0.22370370369707543,821.0,1.0,0.0,-39.649999960349994,-0.6798704065109246,0.8165208725401597,3.9757869247469353,1.0,9.0,0.0,0.0,0.18280871670628407,1.0,1.0,1.8101057532007354,0.6080844767279758,1.1929234363223409,0.0879754546717376,0.6873295688612808
189.0,15.75,12.5,11.053845484717073,0.0,36.0,27.0,11.0,10.0,2.0,10.0,-2.8111888088297716,-0.2425578296903149,-16.0,0.40740740725651575,0.30555555547067903,24.333333333333332,7.166666666666667,0.29452054782416964,36.0,2.0,1.0,-2.478114475110702,-0.2562784783919904,0.6499999998194443,2.2857142842630385,3.0,8.0,1.0,0.30555555547067903,0.22751322750118977,2.0,1.0,2.1807271331268008,0.3928571428506342,0.7018314589015084,-0.17520450624178235,0.5315607266632824
9848.0,820.6666666666666,134.5,1505.5039761562311,0.0,5509.0,5509.0,0.0,9.0,3.0,9.0,-336.1449456810481,-0.8705542640611563,-5509.0,0.0,0.0,1597.6666666666667,43.666666666666664,0.027331525140659306,5509.0,1.0,0.0,-159.32999984067,-0.8923449827109549,0.9283981583837667,6.712835093338187,1.0,9.0,0.0,0.0,0.02660438667747095,1.0,1.0,1.3725145348223984,0.7465475223394067,1.834489004229756,0.2944054476826962,0.9015315233348029
18401.0,1533.4166666666667,1840.5,876.347197018523,200.0,2745.0,200.0,2138.0,12.0,0.0,12.0,246.6408135247515,0.24770935808083297,1938.0,10.689999999465499,0.7788706739498038,749.0,2317.8333333333335,3.094570538454456,2745.0,9.0,8.0,-11.249999831250003,-0.005241111396829365,0.1982999392828235,1.7901201021566864,4.0,12.0,12.0,0.7788706739498038,0.7557741427092246,1.0,1.0,2.2868252461264182,0.3193259424306014,0.5714997208930872,-0.2726696501459598,0.849586584608407
283.0,23.583333333333332,15.0,21.773295315337293,9.0,83.0,19.0,9.0,12.0,0.0,12.0,-2.1169739333792714,-0.10026989790607427,-10.0,0.4736842102770083,0.10843373492669474,24.0,23.166666666666668,0.9652777773755787,83.0,7.0,6.0,-1.124999994375,-0.09048985445088806,0.8650602408596313,3.519434627482925,4.0,12.0,12.0,0.10843373492669474,0.4911660777211602,1.0,1.0,2.169153760008824,0.4054770317977363,0.9232492709302389,-0.039906802412882206,-0.1863151244590866
37553.0,3129.4166666666665,465.0,5772.290972949033,3.0,20600.0,20600.0,3.0,12.0,0.0,12.0,-1306.218689304381,-0.8519331779781351,-20597.0,0.00014563106796109434,0.00014563106796109434,6126.5,132.33333333333334,0.02160015234360848,20600.0,1.0,0.0,-663.999999336,-0.8680642573648776,0.9251853486315014,6.582696455654943,1.0,12.0,12.0,0.00014563106796109434,0.021143450589827407,1.0,1.0,1.3306818066002015,0.7602166715486147,1.8445261810019722,0.29689520407496717,0.9861455998934611
50054.0,4171.166666666667,4467.5,2149.376996299677,745.0,6686.0,745.0,6490.0,12.0,0.0,12.0,591.4481876791407,0.20697584080320414,5745.0,8.711409395856222,0.9706850134595114,2457.5,5884.833333333333,2.3946422516009713,6686.0,10.0,9.0,2089.9999164000033,0.35107040155671027,0.10746335626666548,1.6029088584290496,2.0,12.0,12.0,0.9706850134595114,0.7054181483995874,0.0,0.0,2.3267252648056993,0.2893475046949068,0.515293961632123,-0.31987591229057805,0.7876826681407278
303.0,25.25,21.5,13.699908758820257,10.0,66.0,26.0,32.0,12.0,0.0,12.0,0.4920534007313983,0.021889927899740175,6.0,1.230769230295858,0.484848484775023,27.0,23.5,0.870370370048011,66.0,6.0,5.0,3.1199999893028574,0.134551682035012,0.6439393938418274,2.613861385103421,2.0,12.0,12.0,0.484848484775023,0.4653465346381074,2.0,1.0,2.3636353493518154,0.2522002200183293,0.542570643698794,-0.296537055060465,-0.2619148383045044
289.0,24.083333333333332,12.0,22.07735768207378,3.0,68.0,44.0,7.0,12.0,0.0,12.0,-5.7558804783231015,-0.24487411941166948,-37.0,0.15909090905475207,0.10294117645544984,40.5,7.666666666666667,0.1893004114758929,68.0,2.0,1.0,-5.164983158722578,-0.2382671801037658,0.7397058822441609,2.823529410592306,4.0,12.0,12.0,0.10294117645544984,0.15916955016750278,3.0,1.0,2.0849113025706605,0.4829873125675712,0.9167068929926663,-0.04345636095775624,0.8174744801589103
14085.0,1173.75,464.0,1322.7341081386437,32.0,3687.0,2437.0,32.0,12.0,0.0,12.0,-364.46662397896,-0.5014541728195905,-2405.0,0.013130898645822196,0.008679142934611665,2205.8333333333335,141.66666666666666,0.06422364941414027,3687.0,2.0,1.0,-346.68686826664214,-0.5691431058351091,0.784079197177152,3.1412140574812253,3.0,12.0,12.0,0.008679142934611665,0.06034788782388331,2.0,1.0,1.8431060681140312,0.5908827357708155,1.126930017573908,0.05967757120998785,0.8850705661607249
21662.0,1805.1666666666667,881.5,2261.899011646826,31.0,7774.0,2503.0,53.0,12.0,0.0,12.0,-547.1328666737346,-0.5204795564982153,-2450.0,0.021174590491325713,0.006817597118591694,3402.0,208.33333333333334,0.06123848716423309,7774.0,2.0,1.0,-462.7003361394877,-0.6047994666714659,0.8535502958568902,4.30652755975825,4.0,12.0,12.0,0.006817597118591694,0.057704736404737465,3.0,1.0,1.7958360727295872,0.6225033084048215,1.2530139479093134,0.11230021374241272,0.4985561844279154
485.0,40.416666666666664,40.0,12.030920810792312,20.0,62.0,38.0,58.0,12.0,0.0,12.0,-0.33947870283018955,-0.011136079007792446,20.0,1.526315789072022,0.9354838708168575,42.5,38.333333333333336,0.9019607841014995,62.0,2.0,1.0,0.7878787869237832,0.013424713539140067,0.37903225800338186,1.5340206181771496,3.0,12.0,12.0,0.9354838708168575,0.4742268041139335,3.0,1.0,2.4398671345468035,0.16924398625214354,0.29767226740987024,-0.5412211927319216,0.04258294847766967
744.0,62.0,25.0,79.60841664045329,0.0,282.0,90.0,5.0,11.0,1.0,11.0,-17.683407486750095,-0.4361838077218457,-85.0,0.05555555554938272,0.017730496453271967,115.5,8.5,0.0735930735867019,282.0,3.0,2.0,-12.29999998155,-0.47698163447202635,0.9018912529231008,4.5483870960405826,2.0,9.0,2.0,0.017730496453271967,0.06854838709585284,2.0,1.0,1.7884996757631373,0.6218637992812441,1.2840067198002132,0.12434583379261954,0.6077240266322447
26943.0,2245.25,528.0,2819.838503797691,3.0,8840.0,3049.0,3.0,12.0,0.0,12.0,-705.7380795094887,-0.7489450692463194,-3046.0,0.0009839291570974617,0.00033936651583672014,4321.166666666667,169.33333333333334,0.03918694796920773,8840.0,2.0,1.0,-687.0707062378941,-0.9193196485423873,0.8297058823520026,3.9372007571364565,2.0,12.0,12.0,0.00033936651583672014,0.03770923802099332,1.0,1.0,1.7256880851575822,0.6411591136843917,1.2559129289767874,0.11344096028445362,0.7130489766009059
87756.0,7313.0,6051.5,5259.321851088154,127.0,19884.0,12559.0,127.0,12.0,0.0,12.0,-1477.9910985690092,-0.31896067265655675,-12432.0,0.010112270085189813,0.006387044860185884,11278.333333333334,3347.6666666666665,0.29682281660975596,19884.0,2.0,1.0,-1218.8619513845442,-0.371236186526848,0.7218215650770862,2.7189935730853017,4.0,12.0,12.0,0.006387044860185884,0.22888463466882847,3.0,1.0,2.2215023987285663,0.3865661607183415,0.7191743266895888,-0.16334915485260687,0.6757017430554215
274536.0,22878.0,15117.5,16952.74087475729,125.0,60981.0,60981.0,125.0,12.0,0.0,12.0,-4957.792748541458,-0.37357190034238535,-60856.0,0.0020498187960180957,0.0020498187960180957,35427.5,10328.5,0.29153905864080404,60981.0,1.0,0.0,-4212.65999578734,-0.3985015599092024,0.6816370523753673,2.665486493573448,1.0,12.0,12.0,0.0020498187960180957,0.22572995891248412,1.0,1.0,2.206427786783637,0.39999186506201556,0.7410062450716793,-0.14876095686676896,0.9631065064384021
753.0,62.75,57.0,24.05246002664454,36.0,129.0,71.0,54.0,12.0,0.0,12.0,0.7590591220585136,0.015050922748107569,-17.0,0.7605633801745686,0.4186046511303407,66.0,59.5,0.9015151513785584,129.0,6.0,5.0,3.599999987657143,0.07915799919288549,0.5387596898807163,2.055776892102665,2.0,12.0,12.0,0.4186046511303407,0.4741035856510743,1.0,1.0,2.4201269960233147,0.19400177069358415,0.38330613582169687,-0.44581155830167607,-0.14162155369818566
4436.0,369.6666666666667,176.0,377.3727894565561,30.0,1210.0,462.0,30.0,12.0,0.0,12.0,-90.29370621793534,-0.312858673335131,-432.0,0.06493506493365941,0.024793388429547165,644.1666666666666,95.16666666666667,0.14773609314130295,1210.0,3.0,2.0,-74.06249988890625,-0.3367093172511947,0.8266299357140132,3.2732191162324646,3.0,12.0,12.0,0.024793388429547165,0.12871956717734734,2.0,1.0,2.010342129055905,0.5274271115115701,1.0208461391695607,0.01031554990385296,0.7707537774161395
26979.0,2248.25,233.0,4393.862938330386,13.0,15247.0,15247.0,13.0,12.0,0.0,12.0,-970.8289883779438,-0.6683023979797038,-15234.0,0.0008526267462446038,0.0008526267462446038,4435.5,61.0,0.013752677262960766,15247.0,1.0,0.0,-492.66999950733003,-0.6390741522496353,0.9300488322584931,6.781719114836955,1.0,12.0,12.0,0.0008526267462446038,0.013566106972084374,1.0,1.0,1.2112032596041893,0.7863616145890671,1.9543480210434083,0.32303168558685996,0.9852917188825846
326364.0,27197.0,22358.5,19522.71002789657,8065.0,83612.0,34477.0,24843.0,12.0,0.0,12.0,2190.232674576537,0.06986252311734177,-9634.0,0.7205673347446935,0.29712242261872734,18854.833333333332,35539.166666666664,1.8848836284231885,83612.0,10.0,9.0,-21279.999148800034,-0.7129312034053195,0.6392503468400901,3.074309666506205,1.0,12.0,12.0,0.29712242261872734,0.653365567280685,0.0,0.0,2.273791435570584,0.34760063405685737,0.7178258641721289,-0.16426236309085462,0.4169307407636737
433023.0,36085.25,36869.0,5731.453918582381,27901.0,43317.0,43203.0,40789.0,12.0,0.0,12.0,650.0101711010723,0.01951455041028068,-2414.0,0.9441242506305247,0.941639541057566,34558.333333333336,37612.166666666664,1.0883674945740762,43317.0,8.0,7.0,1740.1333194122667,0.04774346568069089,0.1095932312948474,1.2004073686613783,3.0,12.0,12.0,0.941639541057566,0.5211570747974006,1.0,1.0,2.4720974026118534,0.09008547659900823,0.15883093282104999,-0.725877298710811,-0.21051408848074254
27075.0,2256.25,724.5,3230.812904027922,46.0,10936.0,3319.0,46.0,12.0,0.0,12.0,-756.2326757798938,-0.5711416172213577,-3273.0,0.013859596263893163,0.004206291148496519,4372.333333333333,140.16666666666666,0.032057635129910673,10936.0,2.0,1.0,-599.0976423714641,-0.6370041575279523,0.882772494512726,4.8469806093968,2.0,12.0,12.0,0.004206291148496519,0.03106186518927754,1.0,1.0,1.6385799495869235,0.6773437980916663,1.4319392372359458,0.17761103181644636,0.622272887393365
364764.0,30397.0,29807.5,8098.257003824959,17248.0,47599.0,37207.0,31212.0,12.0,0.0,12.0,50.670057172991434,-0.0009460054588083158,-5995.0,0.8388744053536059,0.6557280615137596,32591.0,28203.0,0.8653616028962396,47599.0,6.0,5.0,3442.9714167669554,0.12392791426057602,0.4074875522594157,1.5659111096484633,2.0,12.0,12.0,0.6557280615137596,0.4639109122610657,1.0,1.0,2.449610995551102,0.1483434037715683,0.26641632410508587,-0.5792594914732899,0.09894393734886878
26267.0,2188.9166666666665,2157.5,1128.9695492153699,138.0,4774.0,2209.0,1772.0,12.0,0.0,12.0,-232.3979654756737,-0.12811210754184013,-437.0,0.802172928923485,0.3711772098861098,2866.1666666666665,1511.6666666666667,0.5274175728306307,4774.0,2.0,1.0,-217.0370367739618,-0.13207966074931077,0.5960620025123669,2.180987550909441,3.0,12.0,12.0,0.3711772098861098,0.34530018654572453,2.0,1.0,2.3423532270510137,0.2613704140809969,0.515766345243939,-0.3194645772885019,0.40308209313817156
56590.0,4715.833333333333,4132.0,1642.4715032197328,2951.0,7580.0,7580.0,3753.0,12.0,0.0,12.0,-403.788937995549,-0.08134608577579179,-3827.0,0.49511873350858165,0.49511873350858165,5908.666666666667,3523.0,0.5962428071748906,7580.0,1.0,0.0,-357.44999964255,-0.07477671958875284,0.4122091628682497,1.607351122102971,2.0,12.0,12.0,0.49511873350858165,0.3735288920303281,3.0,1.0,2.427262886329276,0.18945926842196403,0.3482887089343524,-0.4833618250638771,0.5188984941949033
528.0,44.0,21.0,43.2030091544559,12.0,152.0,14.0,110.0,12.0,0.0,12.0,2.5251112502650055,0.037240040239335116,96.0,7.857142851530612,0.7236842104787049,49.5,38.5,0.7777777776206509,152.0,6.0,5.0,17.177142798249797,0.33590723654341625,0.7467105262666638,3.4545454537603306,3.0,12.0,12.0,0.7236842104787049,0.437499999991714,1.0,1.0,2.091970344350361,0.47190656565411104,0.9818865714690235,-0.009139487882133274,-0.3486642377950261
1274.0,106.16666666666667,100.5,31.62760749022214,52.0,162.0,95.0,72.0,12.0,0.0,12.0,0.6789574056603791,0.007965566598797174,-23.0,0.7578947367623269,0.4444444444170096,106.66666666666667,105.66666666666667,0.9906249999071289,162.0,3.0,2.0,3.168749995246874,0.03642393242667923,0.3614540466169198,1.5259026686160846,4.0,12.0,12.0,0.4444444444170096,0.4976452119270201,3.0,1.0,2.4402660195556805,0.16758241758159942,0.29790525105723475,-0.5409445321811192,-0.612565233178211
57623.0,4801.916666666667,5820.0,2490.984593098792,1238.0,9042.0,1238.0,5796.0,12.0,0.0,12.0,677.3820719045489,0.17983940084101235,4558.0,4.681744749558306,0.6410086264093773,2734.5,6869.333333333333,2.5120984945358247,9042.0,11.0,10.0,0.0,0.0,0.35899137358951666,1.8829981083902962,4.0,12.0,12.0,0.6410086264093773,0.7152699442929533,0.0,0.0,2.337011612016876,0.2892985439841531,0.51874798460898,-0.3168741754826701,0.7530795127027254
3680.0,306.6666666666667,108.5,432.0795322880062,0.0,1499.0,745.0,0.0,9.0,3.0,9.0,-104.52129679722306,-0.7634839425395967,-745.0,0.0,0.0,577.3333333333334,36.0,0.06235565819753425,1499.0,2.0,1.0,-57.83164976155086,-0.8602136317684074,0.9042028018618801,4.888043478101476,3.0,9.0,0.0,0.0,0.05869565217375355,2.0,1.0,1.6422043058839304,0.6724637681155445,1.4089549965453803,0.1697644817626152,0.5329126667545782
673.0,56.083333333333336,9.0,108.41544964728148,0.0,399.0,399.0,6.0,9.0,3.0,9.0,-22.91290525731403,-0.4799318592032068,-393.0,0.015037593984585524,0.015037593984585524,108.83333333333333,3.3333333333333335,0.03062787136012608,399.0,1.0,0.0,-9.45999999054,-0.4210883500490532,0.9375712007055974,7.114413074511545,2.0,6.0,1.0,0.015037593984585524,0.029717682020360806,2.0,1.0,1.3254087015396763,0.755200594351364,1.9331135149114473,0.3181307202554432,0.9500816836053975
263.0,21.916666666666668,14.0,26.41798103985659,8.0,108.0,14.0,15.0,12.0,0.0,12.0,-3.1315956744223103,-0.0884116128785218,1.0,1.0714285706632651,0.13888888887602882,31.833333333333332,12.0,0.3769633506669225,108.0,3.0,2.0,-0.206249999690625,-0.006561986293332494,0.8816872427167163,4.927756651743989,2.0,12.0,12.0,0.13888888887602882,0.2737642585447238,2.0,1.0,2.0536844299073254,0.431875792137151,1.2053831647666655,0.09312810966554622,0.12426067264531
19655.0,1637.9166666666667,1473.5,847.2764659320015,124.0,3403.0,1302.0,927.0,12.0,0.0,12.0,-118.5314684320016,-0.12245469222806729,-375.0,0.7119815668148082,0.2724066999698137,1847.8333333333333,1428.0,0.7727969694194672,3403.0,2.0,1.0,-107.91919178838076,-0.14703299689089686,0.5606817513941796,2.077639277524838,2.0,12.0,12.0,0.2724066999698137,0.4359196133297197,1.0,1.0,2.33781603350569,0.2855549902483945,0.517289116821264,-0.3181403450542866,0.2798945299813902
29078.0,2423.1666666666665,1590.0,2280.6596207140506,199.0,8425.0,8425.0,206.0,12.0,0.0,12.0,-600.9154476839108,-0.3046332759208221,-8219.0,0.024451038575638632,0.024451038575638632,3793.6666666666665,1052.6666666666667,0.2774800105431576,8425.0,1.0,0.0,-427.58999957241,-0.2964947588842994,0.7771459401123767,3.4768553545492398,3.0,12.0,12.0,0.024451038575638632,0.21720888644328454,3.0,1.0,2.1044033939581164,0.4588233945479532,0.9411897464906688,-0.030295984002348595,0.834805020157229
4564.0,380.3333333333333,260.0,388.0941323384773,47.0,1212.0,404.0,81.0,12.0,0.0,12.0,-92.20088994170048,-0.29703672218920646,-323.0,0.20049504949998775,0.06683168316776542,649.1666666666666,111.5,0.17175866495242478,1212.0,3.0,2.0,-55.46249991680625,-0.31360944903483,0.8380088008731738,3.186678352238738,3.0,12.0,12.0,0.06683168316776542,0.1465819456613791,2.0,1.0,2.0390974329108205,0.5065001460704082,1.020405255902559,0.010099585649581126,0.6517950997279142
155.0,12.916666666666666,12.0,10.086776271711175,3.0,39.0,39.0,16.0,12.0,0.0,12.0,-2.3000635708607224,-0.1611275194088188,-23.0,0.4102564101512163,0.4102564101512163,19.833333333333332,6.0,0.3025210082508297,39.0,1.0,0.0,-1.4499999985499998,-0.13238724344902136,0.7296037294166516,3.0193548363721123,2.0,12.0,12.0,0.4102564101512163,0.23225806450114464,3.0,1.0,2.205266625116039,0.40806451612101413,0.7809117107537077,-0.12302029749659929,0.7752668078041316
28135.0,2344.5833333333335,333.5,4132.628289162829,0.0,14297.0,14297.0,0.0,10.0,2.0,10.0,-970.1500309722834,-0.9233171138529472,-14297.0,0.0,0.0,4573.833333333333,115.33333333333333,0.02521590205146985,14297.0,1.0,0.0,-554.55999944544,-0.95672635431659,0.9120095124844988,6.097885196348614,2.0,10.0,0.0,0.0,0.024595699306904355,2.0,1.0,1.3596406428876593,0.7542769978081323,1.7626280245154586,0.2760516500057883,0.997087403754814
1278.0,106.5,108.0,27.831337253774446,55.0,160.0,107.0,99.0,12.0,0.0,12.0,-2.8302606460674227,-0.032530548067490596,-8.0,0.9252336447733427,0.6187499999613281,120.66666666666667,92.33333333333333,0.765193370102332,160.0,5.0,4.0,-4.5416666553125,-0.045456401507786896,0.39107142854698657,1.5023474176993101,3.0,12.0,12.0,0.6187499999613281,0.4334898278526331,1.0,1.0,2.4485723892652462,0.140845070421737,0.2613271103395416,-0.5856315015442072,0.11658846958100594
509.0,42.416666666666664,38.5,16.408627473239665,26.0,90.0,29.0,28.0,12.0,0.0,12.0,1.8194532724719144,0.03449187414149544,-1.0,0.9655172410463734,0.3111111110765432,37.166666666666664,47.666666666666664,1.2825112104172616,90.0,10.0,9.0,-15.999999360000025,-0.4872441458257346,0.6444444443728395,2.1218074651186307,2.0,12.0,12.0,0.3111111110765432,0.5618860510695111,0.0,0.0,2.420871486239768,0.18647675179883794,0.3868438696118953,-0.4421234023437248,0.12913781407699643
274.0,22.833333333333332,13.5,32.258935024096644,0.0,128.0,16.0,13.0,11.0,1.0,11.0,1.3808010160059392,-0.014943001878917736,-3.0,0.8124999994921874,0.10156249999206543,16.5,29.166666666666668,1.7676767666054485,128.0,9.0,8.0,0.7499999887500002,0.05558097828157691,0.9114583332621257,5.605839413603282,3.0,6.0,5.0,0.10156249999206543,0.6386861313635516,0.0,0.0,1.8903759227568944,0.5072992700681551,1.4128000734292836,0.17108755856449065,-0.10013650157582185
1582.0,131.83333333333334,95.0,97.73760222600556,30.0,367.0,255.0,96.0,12.0,0.0,12.0,-20.559440542187883,-0.13109826893209686,-159.0,0.37647058822053053,0.2615803814642621,182.33333333333334,81.33333333333333,0.4460694698110016,367.0,2.0,1.0,-8.094276084464848,-0.05547501400049411,0.7384196185084899,2.7838179517483828,3.0,12.0,12.0,0.2615803814642621,0.3084702907692259,2.0,1.0,2.2339650971828706,0.3945427728605784,0.7413724567781934,-0.14851937168252557,0.703529330831256
723.0,60.25,44.0,42.29681824124994,24.0,168.0,125.0,45.0,12.0,0.0,12.0,-2.0940877286940904,-0.040822529416623225,-80.0,0.3599999999712,0.267857142841199,63.5,57.0,0.8976377951342303,168.0,9.0,8.0,14.249999786250003,0.3996033918695236,0.7738095237634637,2.7883817422757873,2.0,12.0,12.0,0.267857142841199,0.4730290456366109,1.0,1.0,2.2806299143116604,0.3456662056230648,0.7020218794063023,-0.17507302581307765,-0.27654882218274596
304.0,25.333333333333332,24.5,7.039570693980958,13.0,38.0,24.0,22.0,12.0,0.0,12.0,-0.2898919260122967,-0.006205635682335663,-2.0,0.9166666662847222,0.5789473682686981,25.833333333333332,24.833333333333332,0.9612903222085327,38.0,3.0,2.0,-1.0874999983687499,-0.043479402467224135,0.3304093566381964,1.4999999994078947,4.0,12.0,12.0,0.5789473682686981,0.49013157893124565,3.0,1.0,2.4455827075628562,0.15624999999660205,0.27787779044219135,-0.5650948897963017,-0.286211235888113
687.0,57.25,21.0,75.5779123377547,0.0,216.0,213.0,0.0,10.0,2.0,10.0,-20.212333104462633,-0.5490196211414914,-213.0,0.0,0.0,109.83333333333333,4.666666666666667,0.04248861911601015,216.0,2.0,1.0,-10.289562277090091,-0.5683210712150851,0.880555555514789,3.7729257635331135,3.0,10.0,0.0,0.0,0.04075691411876627,2.0,1.0,1.7108726959121552,0.6476225133409377,1.3201382065424159,0.13798238648643874,0.889560256014137
1726.0,143.83333333333334,93.5,144.2155986323563,18.0,529.0,224.0,113.0,12.0,0.0,12.0,-26.815003156137443,-0.15603836384892747,-111.0,0.5044642856917649,0.21361058600730415,214.5,73.16666666666667,0.34110334108743884,529.0,2.0,1.0,-11.79124577695337,-0.06394760916738552,0.81606805291463,3.677867902409418,3.0,12.0,12.0,0.21361058600730415,0.25434530706689257,2.0,1.0,2.060198370890372,0.5032831208953328,1.0026576960996272,0.0013270845908055964,0.5687902533669643
17952.0,1496.0,1438.5,653.1876963527916,195.0,2397.0,866.0,835.0,12.0,0.0,12.0,-91.40750151261417,-0.09923464302510737,-31.0,0.9642032332452171,0.3483521067987136,1795.1666666666667,1196.8333333333333,0.6666976139597064,2397.0,4.0,3.0,-311.170067434506,-0.2853499117268994,0.4020129328310304,1.602272727262017,2.0,12.0,12.0,0.3483521067987136,0.4000111408197415,1.0,1.0,2.3736242417855395,0.2466020499108117,0.43662279167675494,-0.3921538844995036,0.6785376697069144
396271.0,33022.583333333336,30698.0,12369.993178779669,15319.0,63502.0,36673.0,15319.0,12.0,0.0,12.0,-1753.2320392153422,-0.05388536521160364,-21354.0,0.417718757669016,0.2412364964882616,36436.5,29608.666666666668,0.8126100659135357,63502.0,2.0,1.0,-517.9124572846852,-0.026965646108363713,0.5337217725425131,1.9229870467426817,4.0,12.0,12.0,0.2412364964882616,0.4483093640463105,3.0,1.0,2.419194708617638,0.19938817122625418,0.37459192861781726,-0.45497726151407114,0.19638636437848125
2068.0,172.33333333333334,36.5,284.8357226348003,0.0,1036.0,1036.0,0.0,8.0,4.0,8.0,-63.82199613207563,-0.7406735671561518,-1036.0,0.0,0.0,303.5,41.166666666666664,0.1356397583700503,1036.0,1.0,0.0,-31.83999996816,-0.7400617116511514,0.9094419094331312,6.011605415511898,2.0,7.0,0.0,0.0,0.11943907156615359,2.0,1.0,1.4684406510449433,0.7188910380392479,1.6528185064890062,0.2460848734846304,0.7704538658921904
2489.0,207.41666666666666,213.5,42.662353297595864,145.0,268.0,250.0,145.0,12.0,0.0,12.0,-4.0165289222493215,-0.020666161003979163,-105.0,0.5799999999768,0.5410447760992148,208.16666666666666,206.66666666666666,0.9927942353406183,268.0,10.0,9.0,-113.99999544000019,-0.6591986882989541,0.3526119402853503,1.2920851747066893,3.0,12.0,12.0,0.5410447760992148,0.4981920449959896,0.0,0.0,2.4633391010199173,0.11734967188924572,0.20568430676836813,-0.658809017189954,-0.1469878048628958
158605.0,13217.083333333334,11402.5,6729.794294260082,4627.0,26832.0,16348.0,4627.0,12.0,0.0,12.0,-1765.8499667317726,-0.14034926439875867,-11721.0,0.28303156349383224,0.1724433512223567,17897.0,8537.166666666666,0.4770166322099735,26832.0,2.0,1.0,-1834.8888866647808,-0.15703944425720887,0.5698233452591794,2.0300999337962633,3.0,12.0,12.0,0.1724433512223567,0.32295955360799955,2.0,1.0,2.364822630439319,0.2697702888727691,0.5091739322912889,-0.32522829688872407,0.7111941510691261
40921.0,3410.0833333333335,3763.0,1702.9619029959408,966.0,6328.0,1045.0,5473.0,12.0,0.0,12.0,510.20597541419465,0.18196335952413178,4428.0,5.237320574112562,0.8648862199733488,1955.6666666666667,4864.5,2.4873870802668105,6328.0,11.0,10.0,0.0,0.0,0.13511378002507093,1.8556731262622448,3.0,12.0,12.0,0.8648862199733488,0.7132523643115484,0.0,0.0,2.349706491863829,0.2849453825663806,0.4993901135331825,-0.3338756751465043,0.8334999806754742
167.0,13.916666666666666,8.0,18.423075807861785,0.0,59.0,59.0,3.0,10.0,2.0,10.0,-4.191989824835711,-0.2502746538946617,-56.0,0.05084745761850043,0.05084745761850043,23.166666666666668,4.666666666666667,0.20143884883391128,59.0,1.0,0.0,-2.78999999721,-0.2035606583372235,0.833590138533598,4.23952095503747,3.0,5.0,3.0,0.05084745761850043,0.16766467064864282,3.0,1.0,1.7918372471948083,0.5993013971971926,1.323813829553795,0.1393458572946589,0.7744466677557468
244.0,20.333333333333332,10.0,34.63941236350422,0.0,128.0,128.0,5.0,9.0,3.0,9.0,-7.148124596671632,-0.3077560040191754,-123.0,0.03906249999694824,0.03906249999694824,35.666666666666664,5.0,0.14018691584854573,128.0,1.0,0.0,-2.90999999709,-0.2354750477572585,0.9176136362919477,6.295081964117173,2.0,4.0,1.0,0.03906249999694824,0.12295081966709218,2.0,1.0,1.5352337379625554,0.6892076502671705,1.703577656383694,0.26023948497066773,0.9252701486826548
1489.0,124.08333333333333,115.5,38.752329679072915,81.0,208.0,81.0,88.0,12.0,0.0,12.0,4.382708197212222,0.03291153001988894,7.0,1.0864197529522939,0.42307692305658284,109.16666666666667,139.0,1.273282442631455,208.0,9.0,8.0,-0.7499999887500002,-0.008379975322894405,0.47435897433616864,1.6762928138340127,4.0,12.0,12.0,0.42307692305658284,0.5601074546638005,1.0,1.0,2.438303443439636,0.1711999104537416,0.31230890269402145,-0.5240314195946058,0.09794133292136381
241.0,20.083333333333332,8.0,26.88698053374946,0.0,98.0,98.0,7.0,10.0,2.0,10.0,-6.25174824650203,-0.2697764159811856,-91.0,0.0714285714212828,0.0714285714212828,36.166666666666664,4.0,0.11059907831043343,98.0,1.0,0.0,-3.51999999648,-0.21567353295423708,0.8673469386870055,4.879668047362821,1.0,6.0,4.0,0.0714285714212828,0.09958506223653174,2.0,1.0,1.7962237271380936,0.612378976480997,1.3387708142918715,0.1448499411398586,0.9495723436749689
1731.0,144.25,90.5,161.4889702115906,19.0,580.0,383.0,44.0,12.0,0.0,12.0,-36.057215481503164,-0.22146612467116986,-339.0,0.1148825065244156,0.07586206896420927,219.33333333333334,69.16666666666667,0.3153495440585707,580.0,2.0,1.0,-10.478114465413732,-0.12460017488179005,0.8675862068815933,4.020797226757657,3.0,12.0,12.0,0.07586206896420927,0.23974581166817016,2.0,1.0,2.003519708702508,0.5212305025988808,1.119507592377092,0.05638460219544898,0.5661602063734379
1032.0,86.0,75.5,27.297741054282618,53.0,139.0,92.0,57.0,12.0,0.0,12.0,3.181182451240203,0.03135297998014536,-35.0,0.6195652173239603,0.41007194241654155,69.5,102.5,1.474820143672688,139.0,9.0,8.0,-43.49999934750001,-0.5198603776220534,0.32613908870555347,1.6162790695795026,2.0,12.0,12.0,0.41007194241654155,0.5959302325523651,0.0,0.0,2.4358504073183105,0.17716408268632056,0.3174155936175403,-0.5181238248378759,0.5805347357574739
4130.0,344.1666666666667,107.5,476.1065765374621,30.0,1629.0,1629.0,107.0,12.0,0.0,12.0,-116.18563245177047,-0.33530133830070535,-1522.0,0.0656844689989829,0.0656844689989829,619.0,69.33333333333333,0.11200861604557874,1629.0,1.0,0.0,-75.20999992479,-0.29715472449350383,0.8604274792067277,4.733171912695404,2.0,12.0,12.0,0.0656844689989829,0.1007263922515721,2.0,1.0,1.7556208975863412,0.6304681194508246,1.383360512901584,0.16084873054472298,0.9721709416599653
7534.0,627.8333333333334,306.0,755.0694044626332,0.0,2483.0,596.0,4.0,10.0,2.0,10.0,-182.17418929404323,-0.7419764588371267,-592.0,0.006711409395860546,0.0016109544905291546,1162.1666666666667,93.5,0.08045317653738317,2483.0,2.0,1.0,-186.9831647565187,-0.9442532787529349,0.8205799436132881,3.9548712502688366,2.0,9.0,1.0,0.0016109544905291546,0.07446243695238325,1.0,1.0,1.8049225914591034,0.6136846296786018,1.202658993019283,0.09200652197071013,0.627987049165285
14741.0,1228.4166666666667,1055.5,880.863823975584,330.0,3492.0,1898.0,330.0,12.0,0.0,12.0,-209.26764127385044,-0.19145941697223473,-1568.0,0.17386722866083315,0.0945017182127878,1869.1666666666667,587.6666666666666,0.3144003566634985,3492.0,3.0,2.0,-222.16874966674686,-0.2426221316959774,0.7393088965232743,2.8426836713695733,4.0,12.0,12.0,0.0945017182127878,0.23919679804610325,3.0,1.0,2.2567154755442917,0.373318182845948,0.7170725112014761,-0.16477317465900868,0.5021516421725926
3342.0,278.5,130.0,335.5226023186317,12.0,1016.0,989.0,12.0,12.0,0.0,12.0,-83.19898276552915,-0.3470787554551127,-977.0,0.012133468149523423,0.011811023621930993,470.6666666666667,86.33333333333333,0.18342776203576286,1016.0,2.0,1.0,-30.053872017443112,-0.29521052873806863,0.8684055118024763,3.6481149011257408,3.0,12.0,12.0,0.011811023621930993,0.1549970077793088,2.0,1.0,1.9037725781794839,0.56538001196847,1.2047490208494944,0.09286726922165085,0.8056354685868102
887.0,73.91666666666667,26.5,102.68841084670763,0.0,374.0,102.0,9.0,11.0,1.0,11.0,-21.242212315295788,-0.39586879172346323,-93.0,0.08823529410899654,0.024064171122351225,136.5,11.333333333333334,0.08302808302200039,374.0,3.0,2.0,-9.468749985796874,-0.3776525096416398,0.9286987522033324,5.059751972257982,3.0,9.0,2.0,0.024064171122351225,0.07666290868008271,2.0,1.0,1.7607571725316111,0.6314355505432969,1.3892456933413553,0.16291572464122905,0.47915709223202674
19693.0,1641.0833333333333,570.0,2441.471395775279,0.0,7829.0,7829.0,0.0,11.0,1.0,11.0,-620.7387153087253,-0.7655726281896669,-7829.0,0.0,0.0,3131.0,151.16666666666666,0.04828063451491021,7829.0,1.0,0.0,-442.40999955759,-0.8052248720690659,0.8622371369837685,4.770629157539609,1.0,11.0,0.0,0.0,0.04605697455946475,1.0,1.0,1.5931284991451264,0.6894031720238252,1.487719329158829,0.1960507857330653,0.9527220482129448
27247.0,2270.5833333333335,2662.5,1338.1470682958914,203.0,4711.0,2568.0,234.0,12.0,0.0,12.0,-266.5441828659642,-0.25974653722935126,-2334.0,0.09112149532674797,0.04967098280609283,2844.5,1696.6666666666667,0.5964727251399902,4711.0,7.0,6.0,-869.24999565375,-0.9048446784056567,0.767819995752987,2.074797225373473,3.0,12.0,12.0,0.04967098280609283,0.37361911403076536,0.0,0.0,2.2591308288216956,0.31799525330001477,0.5893406547318962,-0.2583834648922218,0.7292165093924851
405.0,33.75,29.0,18.27623684825006,13.0,77.0,63.0,16.0,12.0,0.0,12.0,-0.8887476152745412,-0.046299877278386165,-47.0,0.25396825392794153,0.2077922077652218,36.333333333333336,31.166666666666668,0.8577981649015234,77.0,11.0,10.0,0.0,0.0,0.7922077921049081,2.281481480805487,4.0,12.0,12.0,0.2077922077652218,0.4617283950503277,0.0,0.0,2.353029024985364,0.28415637859800946,0.541518128676589,-0.29742230240310347,-0.4847953110499889
4044.0,337.0,123.5,421.17870316529536,41.0,1584.0,1584.0,83.0,12.0,0.0,12.0,-102.03432922143337,-0.3033803935792485,-1501.0,0.0523989898986591,0.0523989898986591,586.5,87.5,0.14919011082439573,1584.0,1.0,0.0,-58.92999994107,-0.268749529673722,0.8588154269918234,4.70029673576557,3.0,12.0,12.0,0.0523989898986591,0.1298219584566523,3.0,1.0,1.9122505228192317,0.56355093966336,1.2497884366551855,0.11102752268396643,0.9158009316518592
1536.0,128.0,24.0,195.26349718606735,0.0,619.0,372.0,5.0,10.0,2.0,10.0,-47.54990460091171,-0.5922632528612811,-367.0,0.01344086021469245,0.008077544426363853,250.33333333333334,5.666666666666667,0.022636484686179632,619.0,2.0,1.0,-26.215488183711862,-0.5722195055631727,0.9119547657364789,4.835937499622192,2.0,8.0,2.0,0.008077544426363853,0.022135416666522557,2.0,1.0,1.5061521646103735,0.7080078124990281,1.5254960716469717,0.2080763766076266,0.7530279479854319
19831.0,1652.5833333333333,192.0,3079.8417832288433,13.0,10688.0,10688.0,13.0,12.0,0.0,12.0,-700.6802282740636,-0.6504189613158506,-10675.0,0.001216317365268323,0.001216317365268323,3244.8333333333335,60.333333333333336,0.018593661718572314,10688.0,1.0,0.0,-376.34999962365,-0.626235372535815,0.922232240064461,6.46744995205607,0.0,12.0,12.0,0.001216317365268323,0.018254248398962104,0.0,0.0,1.2842261785807503,0.7719185450388342,1.8636529372458517,0.3015913437061022,0.9966676054415069
6010.0,500.8333333333333,370.0,513.4648370520506,18.0,1863.0,849.0,18.0,12.0,0.0,12.0,-118.10807364532572,-0.4358464226469136,-831.0,0.021201413427312115,0.009661835748740409,877.1666666666666,124.5,0.14193425802612275,1863.0,3.0,2.0,-127.10624980934062,-0.6271098659703864,0.8277569034368404,3.71980033270443,4.0,12.0,12.0,0.009661835748740409,0.12429284525769668,3.0,1.0,1.9882212452195154,0.5293677204656666,1.0252209724628254,0.01245344227900302,0.42920868117459393
836.0,69.66666666666667,69.5,20.125992039041346,38.0,101.0,55.0,38.0,12.0,0.0,12.0,-2.128417035721862,-0.03904338564175567,-17.0,0.6909090907834711,0.37623762372512504,73.33333333333333,66.0,0.8999999998772729,101.0,5.0,4.0,-7.6249999809375,-0.1336460378959283,0.349363507744759,1.4497607653421396,3.0,12.0,12.0,0.37623762372512504,0.4736842105206497,1.0,1.0,2.4420777433826184,0.1650717703336837,0.28888983783950883,-0.5517229953561765,0.18901318516962642
2251.0,187.58333333333334,194.5,40.421649177417564,113.0,252.0,162.0,252.0,12.0,0.0,12.0,1.9109980912126399,0.010052589512559568,90.0,1.5555555554595335,0.9999999999603174,185.5,189.66666666666666,1.0224618148595257,252.0,12.0,11.0,0.0,0.0,0.0,1.3434029319585923,3.0,12.0,12.0,0.9999999999603174,0.5055530875144134,0.0,0.0,2.4610001877434406,0.12161261661439182,0.2154863572204142,-0.6454318784131066,-0.05511344806716504
1934.0,161.16666666666666,111.0,140.01656648014512,52.0,561.0,561.0,119.0,12.0,0.0,12.0,-30.034329281852948,-0.13876834390348539,-442.0,0.21212121211743099,0.21212121211743099,230.66666666666666,91.66666666666667,0.3973988439134076,561.0,1.0,0.0,-15.379999984619998,-0.09155852754958924,0.7775076972799342,3.4808686657612697,2.0,12.0,12.0,0.21212121211743099,0.28438469493131135,2.0,1.0,2.194363339362674,0.4033092037222137,0.8687687681786397,-0.07022336524128384,0.8658346756978764
40623.0,3385.25,376.5,5526.1759250105915,4.0,17485.0,6175.0,33.0,12.0,0.0,12.0,-1247.8130949477984,-0.8009132662067399,-6142.0,0.005344129554647216,0.001887331998855083,6716.166666666667,54.333333333333336,0.00808993225300927,17485.0,2.0,1.0,-914.2828271746065,-0.8680148069558312,0.9029854160704015,5.165054279580046,1.0,12.0,12.0,0.001887331998855083,0.008025010462051542,0.0,0.0,1.3994123295721952,0.7429514478661139,1.6324277158243166,0.24024504529623236,0.6498282036311649
234.0,19.5,12.5,24.807592923672917,0.0,89.0,42.0,0.0,9.0,3.0,9.0,-5.721551171295329,-0.3539749556114658,-42.0,0.0,0.0,35.5,3.5,0.09859154926800238,89.0,2.0,1.0,-2.9831649795490254,-0.3108577933101754,0.8842696628219923,4.564102561761999,4.0,6.0,0.0,0.0,0.08974358973975455,3.0,1.0,1.7878964844309535,0.6160968660908142,1.2721842518436448,0.11978969229084997,0.5823171933587664
2371.0,197.58333333333334,117.0,217.53599638271874,24.0,853.0,853.0,158.0,12.0,0.0,12.0,-48.47679589066156,-0.23627410679885205,-695.0,0.18522860492162685,0.18522860492162685,308.0,87.16666666666667,0.28300865799946945,853.0,1.0,0.0,-24.21999997578,-0.19462137281367844,0.8382180539174886,4.3171657526284015,2.0,12.0,12.0,0.18522860492162685,0.22058203289658126,2.0,1.0,2.0385802925498884,0.4974342752700758,1.1009835328808548,0.048064885493413825,0.7433956625961745
697.0,58.083333333333336,60.5,18.8655697560986,27.0,102.0,68.0,46.0,12.0,0.0,12.0,-4.031786392039442,-0.06927916806627683,-22.0,0.6764705881358132,0.450980392112649,71.0,45.166666666666664,0.6361502346521855,102.0,2.0,1.0,-2.9966329930007136,-0.058878757067939644,0.48333333328594774,1.7560975606732687,4.0,12.0,12.0,0.450980392112649,0.3888091822038908,3.0,1.0,2.432106436565281,0.1753945480616228,0.32480177479800143,-0.5096598131692439,0.2996060382046876
23836.0,1986.3333333333333,613.0,2516.0961936212925,7.0,8328.0,2863.0,7.0,12.0,0.0,12.0,-572.307691827434,-0.7160735240873862,-2856.0,0.0024449877750525846,0.0008405379442833327,3940.8333333333335,31.833333333333332,0.0080778177204278,8328.0,3.0,2.0,-546.8812491796781,-0.8852971570749727,0.8756003842448659,4.192649773430815,3.0,12.0,12.0,0.0008405379442833327,0.008013089444534311,2.0,1.0,1.6852143562108692,0.640445824243381,1.2667039068343475,0.11766155519264866,0.5209768999273727
253.0,21.083333333333332,18.0,6.251111012363234,15.0,36.0,18.0,18.0,12.0,0.0,12.0,-0.011443102342590645,0.0030061403372056523,0.0,0.9999999994444444,0.4999999998611111,20.5,21.666666666666668,1.056910568590125,36.0,2.0,1.0,0.8148148138271604,0.03597070563493589,0.44722222209799384,1.7075098806130389,3.0,12.0,12.0,0.4999999998611111,0.513833992074552,2.0,1.0,2.4445916305704283,0.15250329380357108,0.2964953838449777,-0.5426202240646251,0.12113402061855678
382.0,31.833333333333332,32.5,7.701010034765281,18.0,43.0,43.0,20.0,12.0,0.0,12.0,-1.1977113785244888,-0.04100825173529686,-23.0,0.46511627896160085,0.46511627896160085,34.833333333333336,28.833333333333332,0.8277511959346168,43.0,1.0,0.0,-0.8999999991,-0.03434487082000096,0.28329809718570237,1.3507853398898058,4.0,12.0,12.0,0.46511627896160085,0.45287958113997695,4.0,1.0,2.454240240260753,0.13699825479663996,0.24191654551872613,-0.6104141674435137,-0.38818321829451036
1619.0,134.91666666666666,41.0,167.48803854471387,3.0,555.0,294.0,5.0,12.0,0.0,12.0,-42.16020339755152,-0.48094040466748617,-289.0,0.017006802720509973,0.009009009008846684,257.6666666666667,12.166666666666666,0.04721862871744299,555.0,3.0,2.0,-24.11249996383125,-0.4943691038793177,0.9071071070907628,4.113650401177494,3.0,12.0,12.0,0.009009009008846684,0.045089561457411435,2.0,1.0,1.77491179160031,0.6256434012756285,1.2414184449583672,0.1077078871977299,0.7101900956593435
240626.0,20052.166666666668,18648.5,7199.180773223824,11334.0,38386.0,27861.0,14351.0,12.0,0.0,12.0,-1423.5066739484876,-0.06751572788584755,-13510.0,0.5150927820248681,0.3738602615535941,24679.666666666668,15424.666666666666,0.6249949351015174,38386.0,3.0,2.0,-1222.0124981669815,-0.06849217728952704,0.541273728268846,1.9143068496329168,4.0,12.0,12.0,0.3738602615535941,0.38461346654142176,3.0,1.0,2.425379138771071,0.18977721997345398,0.3590225880771105,-0.4716458854663437,0.06513771031908874
4954.0,412.8333333333333,156.5,645.6137691289498,0.0,2204.0,2204.0,0.0,9.0,3.0,9.0,-160.11188797752848,-0.8155057922593371,-2204.0,0.0,0.0,791.3333333333334,34.333333333333336,0.04338668913171794,2204.0,1.0,0.0,-102.40999989759001,-0.8506029854944873,0.8865698729542352,5.338716188808913,0.0,9.0,0.0,0.0,0.04158255954775619,0.0,0.0,1.5354382839782805,0.7060960839722465,1.5638605630520255,0.21992637634124204,0.9923529456958264
3267.0,272.25,126.5,311.85042488346875,0.0,904.0,529.0,0.0,9.0,3.0,9.0,-85.18626820569239,-0.7716263662790764,-529.0,0.0,0.0,519.3333333333334,25.166666666666668,0.04845956354207074,904.0,3.0,2.0,-59.99999991,-1.0084872498238433,0.869714847581333,3.32047750217372,1.0,9.0,0.0,0.0,0.04621977349235929,0.0,0.0,1.7920856523086417,0.6079226609525328,1.1454561060496389,0.06779728826715248,0.8658577827226394
16499.0,1374.9166666666667,279.5,2270.2127821833988,0.0,7934.0,7934.0,0.0,9.0,3.0,9.0,-552.7819448635269,-0.9633430758223998,-7934.0,0.0,0.0,2680.8333333333335,69.0,0.025738265464622673,7934.0,1.0,0.0,-331.05999966894,-1.0100984301524398,0.9018608061954395,5.770531547324537,1.0,9.0,0.0,0.0,0.025092429844217775,1.0,1.0,1.44882633855858,0.7327262258317768,1.6511639121160462,0.24561435418890717,0.9911937342712307
21022.0,1751.8333333333333,1142.5,2028.374958488253,46.0,5708.0,2680.0,184.0,12.0,0.0,12.0,-468.8315317108343,-0.5038306341139749,-2496.0,0.06865671641765426,0.03223545900484892,3425.1666666666665,78.5,0.0229185927691414,5708.0,4.0,3.0,-326.8979585610107,-0.48177153662983513,0.896483006305367,3.258300827685711,2.0,12.0,12.0,0.03223545900484892,0.02240509941964494,2.0,1.0,1.7928509361150684,0.596073954270063,1.1578584103187184,0.07315512897860181,0.6991643165946979
27926.0,2327.1666666666665,1335.5,1734.5860617321805,898.0,5682.0,5682.0,944.0,12.0,0.0,12.0,-483.6083912025664,-0.19813869996785038,-4738.0,0.16613868356183362,0.16613868356183362,3594.1666666666665,1060.1666666666667,0.29496869928042213,5682.0,1.0,0.0,-432.63999956736,-0.19155317441522843,0.6441073885624324,2.4415956456244006,1.0,12.0,12.0,0.16613868356183362,0.22778056291619717,1.0,1.0,2.2383796308807127,0.3805593353863346,0.7453639168050106,-0.14589283113908902,0.9657464127486589
594.0,49.5,10.0,74.54249347408049,0.0,246.0,157.0,2.0,10.0,2.0,10.0,-18.331849952830236,-0.5340900066990456,-155.0,0.012738853502373321,0.008130081300482516,96.16666666666667,2.8333333333333335,0.029462738298496077,246.0,2.0,1.0,-8.397306387127843,-0.5125806149576929,0.9223577235397415,4.969696968692991,2.0,9.0,1.0,0.008130081300482516,0.02861952861904681,1.0,1.0,1.560568688885928,0.7020202020176973,1.505908958768109,0.20188640820328577,0.7227158474383067
516108.0,43009.0,40815.0,11055.581750108555,28450.0,70606.0,56620.0,70606.0,12.0,0.0,12.0,1354.5810541716166,0.029354615138702484,13986.0,1.2470151889789391,0.9999999999998584,39482.666666666664,46535.333333333336,1.1786269080099678,70606.0,12.0,11.0,0.0,0.0,0.0,1.6416563974978164,3.0,12.0,12.0,0.9999999999998584,0.5409952955582835,0.0,0.0,2.453959172480325,0.134967874940902,0.2570527505895507,-0.5910231285534985,0.3779887379064899
10109.0,842.4166666666666,754.0,450.65349925290593,209.0,1608.0,505.0,209.0,12.0,0.0,12.0,49.178639501007126,0.03300749088236704,-296.0,0.41386138613041856,0.12997512437730116,729.3333333333334,955.5,1.3101005484281063,1608.0,10.0,9.0,-1617.9999352800025,-3.158938878652958,0.6184701492498852,1.9087941438095701,2.0,12.0,12.0,0.12997512437730116,0.5671184093376525,0.0,0.0,2.3337988691428606,0.30443993800892066,0.534953209117685,-0.30297131411436357,0.1659723529221002
349.0,29.083333333333332,16.0,32.30443296033671,0.0,119.0,52.0,8.0,10.0,2.0,10.0,-6.96884932663771,-0.3520737990405621,-44.0,0.15384615381656805,0.0672268907506532,50.333333333333336,7.833333333333333,0.15562913904192796,119.0,3.0,2.0,-6.03749999094375,-0.4400704718942926,0.8580765638868098,4.091690543005723,2.0,9.0,1.0,0.0672268907506532,0.13467048710215843,1.0,1.0,1.9537124647127415,0.5432187201489338,1.1107541415207738,0.05247136067908709,0.4102078628285517
44540.0,3711.6666666666665,1668.5,4633.898706512932,8.0,15638.0,6864.0,8.0,12.0,0.0,12.0,-1061.4926882382897,-0.7209707493504552,-6856.0,0.0011655011654994674,0.0005115743701237296,7349.666666666667,73.66666666666667,0.010023130300680272,15638.0,3.0,2.0,-1038.8249984417625,-0.9283475209620328,0.8722058802626187,4.213201616513121,4.0,12.0,12.0,0.0005115743701237296,0.009923664122135177,3.0,1.0,1.7096851706535932,0.6320872623858382,1.248468443601378,0.11050563965491973,0.4624223303088807
39308.0,3275.6666666666665,797.5,4588.050717776438,5.0,15072.0,3740.0,5.0,12.0,0.0,12.0,-1075.1023512910774,-0.7908376248076502,-3735.0,0.0013368983957183507,0.00033174097664521513,6499.0,52.333333333333336,0.008052520900638993,15072.0,2.0,1.0,-983.5690223768186,-0.9401355594502476,0.8640127388529298,4.601200773365418,2.0,12.0,12.0,0.00033174097664521513,0.007988195787115095,1.0,1.0,1.6009393090873931,0.6774956751805876,1.4006463980143784,0.1668910499892086,0.6036548813787388
16403.0,1366.9166666666667,451.0,1871.4727025497566,18.0,5941.0,2413.0,18.0,12.0,0.0,12.0,-459.0629366777094,-0.564567563387979,-2395.0,0.00745959386652524,0.00302979296414235,2643.5,90.33333333333333,0.034171868104025574,5941.0,2.0,1.0,-380.0471375864748,-0.6222339956372483,0.8645177579517515,4.346278119824328,3.0,12.0,12.0,0.00302979296414235,0.03304273608484238,2.0,1.0,1.6659142539575729,0.6674134812736618,1.3691198214005234,0.15580462333459819,0.7237833391914569
670.0,55.833333333333336,19.0,84.41843532204457,0.0,294.0,294.0,0.0,10.0,2.0,10.0,-20.765416384354516,-0.5453139671724789,-294.0,0.0,0.0,104.33333333333333,7.333333333333333,0.07028753992936541,294.0,1.0,0.0,-12.92999998707,-0.5425650629358512,0.8837353122766818,5.265671640847939,2.0,10.0,0.0,0.0,0.0656716417900646,2.0,1.0,1.6106684443269639,0.6825870646744205,1.5119719756464152,0.20381277370491843,0.955599615657475
158988.0,13249.0,11733.5,5048.464073359342,7393.0,22986.0,7393.0,8792.0,12.0,0.0,12.0,-480.8162742309743,-0.030171032160288692,1399.0,1.1892330582967818,0.38249369181224113,14575.333333333334,11922.666666666666,0.8180030187983226,22986.0,4.0,3.0,-1491.4013577034532,-0.11927246348590555,0.447674671539003,1.7349233904432522,4.0,12.0,12.0,0.38249369181224113,0.4499459078672321,2.0,1.0,2.4138040921664143,0.2122854135741834,0.381044914586424,-0.44817882378443663,-0.09794470022194786
15914.0,1326.1666666666667,521.5,1599.133037687053,5.0,4916.0,1595.0,5.0,12.0,0.0,12.0,-393.07819420288416,-0.6560924349268382,-1590.0,0.0031347962382248604,0.0010170870626504942,2546.1666666666665,106.16666666666667,0.04169666819385339,4916.0,3.0,2.0,-339.5999994906,-0.8688658513832751,0.8686149534382476,3.7069247203440474,1.0,12.0,12.0,0.0010170870626504942,0.040027648611260506,0.0,0.0,1.7722865566303003,0.6250052364793206,1.20583112052909,0.09331227518780305,0.7917545244021785
13029.0,1085.75,500.5,1453.2107053578522,5.0,5287.0,1150.0,5.0,12.0,0.0,12.0,-299.0731084585019,-0.6110802197037216,-1145.0,0.004347826086918715,0.000945715906939766,2031.3333333333333,140.16666666666666,0.06900229734130783,5287.0,3.0,2.0,-271.53749959269373,-0.8423026940224042,0.8957190593262171,4.86944508399844,2.0,12.0,12.0,0.000945715906939766,0.0645483152965964,1.0,1.0,1.7431148729862445,0.6337720981399366,1.338439516780537,0.1447287878780359,0.49324587570744716
10127.0,843.9166666666666,240.0,1233.4380445414442,9.0,4394.0,1056.0,9.0,12.0,0.0,12.0,-275.11888088801214,-0.526313701111827,-1047.0,0.008522727272646566,0.0020482476103731266,1604.8333333333333,83.0,0.051718766226700276,4394.0,2.0,1.0,-204.16834992087334,-0.592767896593631,0.8935593991786674,5.206675224585287,2.0,12.0,12.0,0.0020482476103731266,0.04917547151175158,1.0,1.0,1.6591990429435088,0.6703614100916895,1.46156379325782,0.18750836136519586,0.48643774744865087
12768.0,1064.0,104.5,1825.4288537217767,2.0,5530.0,5530.0,2.0,12.0,0.0,12.0,-440.3382068777836,-0.7864843309050181,-5528.0,0.0003616636528022393,0.0003616636528022393,2103.8333333333335,24.166666666666668,0.011486968232536702,5530.0,1.0,0.0,-309.24999969075,-0.7997295430118846,0.881012658226255,5.197368421003785,0.0,12.0,12.0,0.0003616636528022393,0.011356516290717922,0.0,0.0,1.3424082549110472,0.7534591687551013,1.715628621902839,0.26352227110156057,0.9092082586386578
37523.0,3126.9166666666665,3059.5,1384.8474921047764,1183.0,6244.0,3050.0,1183.0,12.0,0.0,12.0,-326.06357251722574,-0.11704669767858628,-1867.0,0.3878688524577447,0.18946188340776832,4117.833333333333,2136.0,0.5187193912643736,6244.0,3.0,2.0,-446.0249993309625,-0.17092853350890164,0.5648978574978497,1.9968552620995226,3.0,12.0,12.0,0.18946188340776832,0.341550515683623,2.0,1.0,2.3894531884080155,0.24276887953163562,0.4428795646724455,-0.3861170737772774,0.6615703458342657
5681.0,473.4166666666667,133.5,607.1352757463163,5.0,1972.0,1015.0,5.0,12.0,0.0,12.0,-158.08645886288994,-0.5673895617573123,-1010.0,0.004926108374335703,0.0025354969573907937,903.6666666666666,43.166666666666664,0.04776835116140426,1972.0,2.0,1.0,-120.67340052712987,-0.6314753261234923,0.863387423930713,4.16546382670307,1.0,12.0,12.0,0.0025354969573907937,0.045590565041285704,0.0,0.0,1.7371992899773923,0.642653875491151,1.2824543757792468,0.12375028337814545,0.7803943206753828
48529.0,4044.0833333333335,1077.0,5401.001472849477,6.0,16960.0,10095.0,6.0,12.0,0.0,12.0,-1363.4723446918097,-0.7556864432406917,-10089.0,0.0005943536404154588,0.00035377358490545175,7808.333333333333,279.8333333333333,0.03583778014936712,16960.0,3.0,2.0,-562.8937491556594,-0.9000497926239893,0.9314203354292202,4.193781038131772,2.0,12.0,12.0,0.00035377358490545175,0.03459786931524767,1.0,1.0,1.6661505717311391,0.6630245145514067,1.3355316959762917,0.14366394451286027,0.7281677820769502
508.0,42.333333333333336,42.5,6.574360974438673,32.0,52.0,48.0,39.0,12.0,0.0,12.0,-0.991735536357857,-0.023751336556316054,-9.0,0.8124999998307292,0.7499999998557693,45.666666666666664,39.0,0.8540145983531355,52.0,4.0,3.0,-2.3401360499643666,-0.05523319005968018,0.2067307691910133,1.2283464564027526,2.0,12.0,12.0,0.7499999998557693,0.460629921250775,2.0,1.0,2.4727755254610284,0.08891076115293273,0.1552998655012364,-0.7311522830447685,0.20258819844869788
54643.0,4553.583333333333,4329.0,1185.9504949148968,2580.0,7245.0,3433.0,4283.0,12.0,0.0,12.0,-52.85568972042625,-0.005850287277362339,850.0,1.2475968540598672,0.5911663216002883,4420.333333333333,4686.833333333333,1.0602895709198545,7245.0,2.0,1.0,7.9528619432221195,0.0047733626153904874,0.39316770186281136,1.5910546639058816,3.0,12.0,12.0,0.5911663216002883,0.5146313342970711,3.0,1.0,2.4516649064705383,0.14282860262672825,0.26044334935760316,-0.5867432685627028,-0.0971103805096236
1252.0,104.33333333333333,105.5,8.595864638818417,86.0,118.0,93.0,111.0,12.0,0.0,12.0,0.0,-0.00023689309018913742,18.0,1.1935483869684358,0.9406779660219765,106.16666666666667,102.5,0.9654631082293128,118.0,5.0,4.0,-0.6666666649999999,-0.007055957847311606,0.12227602904532772,1.1309904152270618,3.0,12.0,12.0,0.9406779660219765,0.49121405750406383,2.0,1.0,2.4814444879331496,0.045260915867193496,0.08238847895841406,-0.8477654176703359,0.13032361664277636
155119.0,12926.583333333334,13203.5,2317.6241591456446,9800.0,18836.0,11837.0,14070.0,12.0,0.0,12.0,-22.592498391721495,-0.00015720894094507383,2233.0,1.1886457717316983,0.7469738798042328,13204.666666666666,12648.5,0.9578810521525537,18836.0,4.0,3.0,688.1224476688824,0.05728069374863704,0.35700918454005254,1.4571522508514438,4.0,12.0,12.0,0.7469738798042328,0.48924374190134734,3.0,1.0,2.469506623792396,0.09454085787899835,0.17929131769626042,-0.6959337951425066,-0.025385444747870193
1420.0,118.33333333333333,119.5,13.230856191326227,99.0,138.0,110.0,113.0,12.0,0.0,12.0,-1.5333757139071482,-0.012918306778104842,3.0,1.027272727179339,0.8188405796508086,127.5,109.16666666666667,0.8562091502596438,138.0,4.0,3.0,-3.591836727852284,-0.028493586616244612,0.15942028984352025,1.1661971830000397,4.0,12.0,12.0,0.8188405796508086,0.46126760563055447,3.0,1.0,2.478656457274768,0.06338028168946797,0.11181005231161797,-0.7988684269918196,0.2716858370126594
105650.0,8804.166666666666,8142.0,2899.1996548856187,5849.0,17336.0,5849.0,7949.0,12.0,0.0,12.0,172.2797201351499,0.026530749108218867,2100.0,1.3590357326015403,0.4585256114441287,8911.333333333334,8697.0,0.9759482307163432,17336.0,5.0,4.0,228.62499942843752,0.029402490775350003,0.5014585668136075,1.969067676287399,4.0,12.0,12.0,0.4585256114441287,0.4939138665404171,2.0,1.0,2.4381828272329407,0.15624388704842063,0.3292985883444194,-0.5045528653496674,-0.025623215849083853
477.0,39.75,17.5,48.95427288126475,0.0,144.0,144.0,1.0,11.0,1.0,11.0,-13.537190071284748,-0.48535545000885894,-143.0,0.006944444443962191,0.006944444443962191,75.33333333333333,4.166666666666667,0.05530973450593235,144.0,1.0,0.0,-11.48999998851,-0.5024332175789991,0.7897727272178818,3.622641508522606,0.0,10.0,1.0,0.006944444443962191,0.05241090146640648,0.0,0.0,1.790829283766609,0.620370370367394,1.2315540344389737,0.10376357960283952,0.9278437814257524
2665.0,222.08333333333334,58.5,332.0611033964816,2.0,1154.0,1154.0,2.0,12.0,0.0,12.0,-83.82072465947657,-0.5869001821974673,-1152.0,0.001733102253017911,0.001733102253017911,428.6666666666667,15.5,0.03615863141439754,1154.0,1.0,0.0,-53.95999994604,-0.5897330358048315,0.880967386159059,5.1962476545502625,0.0,12.0,12.0,0.001733102253017911,0.03489681050643566,0.0,0.0,1.6097941340970283,0.6871482176354688,1.4952094711363428,0.19846408764866053,0.9876723843957981
17691.0,1474.25,169.0,2550.8585523636284,4.0,8496.0,8496.0,4.0,12.0,0.0,12.0,-612.4081368033193,-0.7579040712499019,-8492.0,0.00047080979284313694,0.00047080979284313694,2911.5,37.0,0.012708226000299817,8496.0,1.0,0.0,-381.45999961854,-0.7619973376463138,0.9016114535171719,5.762930303505085,0.0,12.0,12.0,0.00047080979284313694,0.012548753603520124,0.0,0.0,1.3551082074031697,0.7562837977878658,1.7302754297753609,0.26747317205364474,0.985087677001643
37171.0,3097.5833333333335,2175.0,2198.1918500718316,229.0,7489.0,2686.0,2281.0,12.0,0.0,12.0,37.109980897021494,-0.0019298871619787602,-405.0,0.8492181682768086,0.30458005074068023,2590.5,3604.6666666666665,1.3914945634637141,7489.0,8.0,7.0,-2066.9333167978666,-0.5416421147116702,0.5356522900246553,2.417691210882405,3.0,12.0,12.0,0.30458005074068023,0.5818514433293208,0.0,0.0,2.2446499532374156,0.3728376960533424,0.7096473649021232,-0.1698318852503663,0.17726501507924364
338895.0,28241.25,29168.0,13772.380998003455,142.0,57285.0,29054.0,20064.0,12.0,0.0,12.0,-1232.8302596138997,-0.087749232286572,-8990.0,0.6905761685135642,0.3502487562188443,34356.0,22126.5,0.6440359762485027,57285.0,5.0,4.0,-2615.6666601275,0.08280549730051796,0.5814985224253651,2.0284158810243778,3.0,12.0,12.0,0.3502487562188443,0.3917408046740025,2.0,1.0,2.335991983678448,0.2661451186945778,0.4876689593413386,-0.34438511164818586,0.15272830324694198
231421.0,19285.083333333332,18046.5,5758.487047514207,11097.0,33151.0,24662.0,11097.0,12.0,0.0,12.0,-902.7730443791097,-0.04550858407698102,-13565.0,0.44996350660917606,0.3347410334528869,20433.0,18137.166666666668,0.8876409076815832,33151.0,3.0,2.0,-313.78124952932814,-0.01996876064602555,0.4797643107798218,1.7189969795299205,4.0,12.0,12.0,0.3347410334528869,0.4702382238431054,3.0,1.0,2.442441256073694,0.15984468421908837,0.29859798622482253,-0.5401225176805621,-0.019777265817877997
112820.0,9401.666666666666,8860.0,4726.846206040086,3844.0,19709.0,12883.0,3844.0,12.0,0.0,12.0,-1178.4793378540414,-0.13799622744859646,-9039.0,0.29837770705557837,0.19503779998975337,12959.666666666666,5843.666666666667,0.45091180328677366,19709.0,3.0,2.0,-1537.5562476936657,-0.19369929024881544,0.5974878932915375,2.0963304378633967,2.0,12.0,12.0,0.19503779998975337,0.3107782308101125,1.0,1.0,2.364839811474967,0.27448738403355377,0.5027668363093485,-0.3308784514507552,0.631166840007192
22319.0,1859.9166666666667,266.0,2614.1559969498544,6.0,8403.0,5174.0,6.0,12.0,0.0,12.0,-677.244754676438,-0.7217914914470296,-5168.0,0.0011596443757225365,0.000714030703319393,3649.0,70.83333333333333,0.019411710970989097,8403.0,2.0,1.0,-420.8350163249138,-0.7858483394955172,0.8959657265251744,4.517944352321244,1.0,12.0,12.0,0.000714030703319393,0.01904207177740085,0.0,0.0,1.587755632900345,0.6870416834684285,1.4055231848752001,0.1685800359066651,0.782985597816696
1355.0,112.91666666666667,111.5,40.46697899385237,77.0,236.0,115.0,82.0,12.0,0.0,12.0,-4.230133499311013,-0.04064942965180442,-33.0,0.7130434781988658,0.34745762710392125,136.16666666666666,89.66666666666667,0.6585067318977841,236.0,6.0,5.0,-2.4685714201077555,-0.022993480359846368,0.6200564971488676,2.0900369001839083,3.0,12.0,12.0,0.34745762710392125,0.3970479704767746,1.0,1.0,2.4310354313098754,0.15910209102014616,0.35837914972931584,-0.4723429760461053,0.20345991083059312
519.0,43.25,44.5,7.349886620440708,31.0,60.0,46.0,45.0,12.0,0.0,12.0,-0.400508581990673,-0.011769969225482645,-1.0,0.978260869352552,0.749999999875,43.833333333333336,42.666666666666664,0.973384030196186,60.0,9.0,8.0,2.2499999662500003,0.05058095983793512,0.344444444387037,1.3872832366734604,4.0,12.0,12.0,0.749999999875,0.49325626203288525,0.0,0.0,2.470477386005226,0.08975594091012673,0.16993957499979914,-0.7094899963266305,-0.41248355384938945
16910.0,1409.1666666666667,256.5,2377.416624312103,4.0,8451.0,2894.0,4.0,12.0,0.0,12.0,-523.1481241636646,-0.7369473349234413,-2890.0,0.001382170006906074,0.00047331676724591957,2773.8333333333335,44.5,0.016042780748605264,8451.0,2.0,1.0,-271.9797976501254,-0.7931038129500935,0.9341498047557281,5.997161442890618,1.0,12.0,12.0,0.00047331676724591957,0.015789473684201187,0.0,0.0,1.4365075526160858,0.7334121821406556,1.6871081899197389,0.2557054429384023,0.5223072674814271
36278.0,3023.1666666666665,3095.5,1382.8258406450018,1311.0,5500.0,1311.0,3031.0,12.0,0.0,12.0,325.0603938785253,0.12335366827747027,1720.0,2.3119755911341575,0.5510909090899071,1941.6666666666667,4104.666666666667,2.1139914162981257,5500.0,10.0,9.0,-477.99998088000075,-0.15174655548238175,0.4271818181810415,1.819284414790829,3.0,12.0,12.0,0.5510909090899071,0.6788687358727938,0.0,0.0,2.3811678132759604,0.25367532205006404,0.45740972731917784,-0.37229768849942996,0.7473419618103956
22386.0,1865.5,1434.5,1206.135322700843,155.0,4372.0,3373.0,842.0,12.0,0.0,12.0,-316.9281624803909,-0.1725249616025663,-2531.0,0.24962941002001296,0.19258920402517707,2864.3333333333335,866.6666666666666,0.30257186081588766,4372.0,3.0,2.0,-199.7999997003,-0.11316343396613825,0.7083714547101821,2.343607611887732,3.0,12.0,12.0,0.19258920402517707,0.23228803716598218,2.0,1.0,2.2717475557541706,0.35814050448191415,0.6465480153816016,-0.2146624218128996,0.7249318090049162
13829.0,1152.4166666666667,600.5,1056.697880059491,133.0,3029.0,194.0,133.0,12.0,0.0,12.0,100.6039414286095,0.05004511414703907,-61.0,0.6855670102739398,0.0439088808186071,937.3333333333334,1367.5,1.4589260312788876,3029.0,8.0,7.0,-548.6666622773333,-0.7752886671666167,0.5882304390868662,2.6283896160014892,3.0,12.0,12.0,0.0439088808186071,0.5933183888924771,1.0,1.0,2.048365062877653,0.49461879624933247,0.9169408171671023,-0.043329028251882624,-0.22187210486773046
12605.0,1050.4166666666667,905.0,767.61258222419,178.0,2366.0,309.0,2068.0,12.0,0.0,12.0,169.24729801436334,0.16134850070475548,1759.0,6.6925566340876195,0.8740490278914875,765.1666666666666,1335.6666666666667,1.7455891962307266,2366.0,11.0,10.0,0.0,0.0,0.12595097210428594,2.2524395081102506,3.0,12.0,12.0,0.8740490278914875,0.6357794525976709,0.0,0.0,2.200228540632355,0.408614306492034,0.7307696141691858,-0.15555529957147518,0.3055329922394015
51446.0,4287.166666666667,3016.0,3149.985656933836,1631.0,12722.0,2723.0,3184.0,12.0,0.0,12.0,-223.8881117002337,-0.03283910259777271,461.0,1.1692985677518573,0.2502751139755932,4384.0,4190.333333333333,0.9558242092435618,12722.0,2.0,1.0,92.6127945005366,0.014335636387838363,0.717017764501873,2.967461027089451,2.0,12.0,12.0,0.2502751139755932,0.4887066049837716,2.0,1.0,2.2687403539013515,0.34174992548819105,0.7347476554662725,-0.15290543480233112,-0.07145997127543587
76240.0,6353.333333333333,4889.5,3975.5806564017234,2207.0,16344.0,7214.0,2207.0,12.0,0.0,12.0,-822.598854999472,-0.13953155940604342,-5007.0,0.3059329082335654,0.13503426333814547,9131.166666666666,3575.5,0.39157099311837673,16344.0,3.0,2.0,-1183.2937482250593,-0.2197683352227635,0.6722888453794765,2.572507869880526,2.0,12.0,12.0,0.13503426333814547,0.28138772298002607,1.0,1.0,2.3126577704067164,0.32572140608602873,0.6257472176907869,-0.23020355085658897,0.4809515119919287
299.0,24.916666666666668,23.0,4.786410160258127,18.0,33.0,31.0,22.0,12.0,0.0,12.0,-0.9802924340152663,-0.03693404231900849,-9.0,0.7096774191259105,0.6666666664646465,28.333333333333332,21.5,0.7588235291439447,33.0,2.0,1.0,-0.5993265986001427,-0.023946232682101592,0.28787878779155185,1.3244147151875258,4.0,12.0,12.0,0.6666666664646465,0.43143812707587165,3.0,1.0,2.466767831186322,0.1073021181683651,0.19209672876269535,-0.6777162048540376,0.2014072837842294
142104.0,11842.0,9709.5,6225.800109222911,6012.0,27321.0,9719.0,9700.0,12.0,0.0,12.0,-413.59949107059674,-0.034132614068943565,-19.0,0.9980450663638254,0.3550382489658669,13186.666666666666,10497.333333333334,0.7960566228507614,27321.0,3.0,2.0,-77.81249988328125,-0.018223900882234138,0.612426745401156,2.3071271744618245,3.0,12.0,12.0,0.3550382489658669,0.44322468051564745,3.0,1.0,2.369311584478661,0.24811874870985728,0.5257389046797545,-0.3108402714676442,-0.20822433997450185
14076.0,1173.0,258.0,2155.573048325356,0.0,7687.0,7687.0,0.0,10.0,2.0,10.0,-488.09408732086195,-0.87412820115862,-7687.0,0.0,0.0,2270.5,75.5,0.03325258753563862,7687.0,1.0,0.0,-248.96999975102997,-0.8936404848209871,0.9244415009981233,6.5532821823823255,1.0,10.0,0.0,0.0,0.032182438192645504,1.0,1.0,1.3297966576686957,0.76024201951301,1.8376581826998974,0.2951934760202268,0.9792565299120587
6995.0,582.9166666666666,560.0,209.31374311199815,143.0,944.0,484.0,717.0,12.0,0.0,12.0,40.22250473420617,0.06431693470967326,233.0,1.4814049586470783,0.7595338982970389,496.8333333333333,669.0,1.3465280107075506,944.0,10.0,9.0,-89.99999640000014,-0.12157691960938903,0.21663135592990856,1.619442458871432,4.0,12.0,12.0,0.7595338982970389,0.5738384560392082,0.0,0.0,2.412742618449971,0.1991065046460232,0.3590800453610991,-0.4715836692690586,0.05484450768635502
49574.0,4131.166666666667,3426.5,2974.676980596194,72.0,8579.0,1254.0,8579.0,12.0,0.0,12.0,541.495231586285,0.0766925372279932,7325.0,6.84130781493747,0.9999999999988343,3264.1666666666665,4998.166666666667,1.5312228746442753,8579.0,12.0,11.0,0.0,0.0,0.0,2.076653084273022,2.0,12.0,12.0,0.9999999999988343,0.6049340380036703,0.0,0.0,2.1808943922808215,0.4092501445650023,0.7200573640833485,-0.16275191848814743,-0.09560188610458367
19343.0,1611.9166666666667,463.0,2389.4901987081307,8.0,8037.0,2413.0,8.0,12.0,0.0,12.0,-547.0527649573365,-0.6683016520491348,-2405.0,0.0033153750517889956,0.0009953962921475732,3090.3333333333335,133.5,0.04319922338460835,8037.0,2.0,1.0,-419.7239052151494,-0.7660238729383007,0.8893492596729011,4.985989763707888,2.0,12.0,12.0,0.0009953962921475732,0.041410329318078164,1.0,1.0,1.5979775283604796,0.6907451446689683,1.4823906521387418,0.19432503571882792,0.6092609964785171
83117.0,6926.416666666667,6533.5,1788.1751153216387,4848.0,11911.0,6454.0,8789.0,12.0,0.0,12.0,-29.412587387905525,-0.004802747888509363,2335.0,1.3617911372770968,0.7378893459820856,7344.666666666667,6508.166666666667,0.8861078333472551,11911.0,5.0,4.0,271.8749993203125,0.03450636055540958,0.4614941770508377,1.7196482067422265,4.0,12.0,12.0,0.7378893459820856,0.46980762058297704,3.0,1.0,2.4549491499895715,0.1268142096883389,0.2581674192262556,-0.5896135676669413,-0.10523905325116077
937.0,78.08333333333333,25.0,98.42294645502588,0.0,292.0,292.0,2.0,11.0,1.0,11.0,-27.268912882393536,-0.5298666463365401,-290.0,0.006849315068258585,0.006849315068258585,149.16666666666666,7.0,0.04692737429853001,292.0,1.0,0.0,-22.90999997709,-0.5477544989085521,0.7991905354645358,3.7395944498946094,1.0,9.0,2.0,0.006849315068258585,0.04482390608276602,1.0,1.0,1.7505844580625687,0.6368729989312343,1.2604859736489353,0.11523450125926694,0.9680201188674871
32554.0,2712.8333333333335,2772.5,2008.0921224441427,51.0,6563.0,4633.0,694.0,12.0,0.0,12.0,-548.0788298007221,-0.30028895952991136,-3939.0,0.14979494927660308,0.1057443242418014,4408.666666666667,1017.0,0.230681990019135,6563.0,3.0,2.0,-580.0687491298969,-0.3469320264689226,0.7075185805938395,2.41924187502948,3.0,12.0,12.0,0.1057443242418014,0.18744240339123075,2.0,1.0,2.1703090031130463,0.4202862935429976,0.7402194958911619,-0.14928030901763858,0.75036481692287
64295.0,5357.916666666667,5847.0,3222.3361209515197,77.0,9825.0,1696.0,8324.0,12.0,0.0,12.0,701.0845512235019,0.0953544251218751,6628.0,4.908018867895589,0.8472264631034633,3510.8333333333335,7205.0,2.05221932114298,9825.0,10.0,9.0,-1481.9999407200023,-0.17053622648285152,0.11506361323143505,1.8337351271448783,2.0,12.0,12.0,0.8472264631034633,0.6723695466209391,0.0,0.0,2.2623086204195815,0.3403336184773127,0.6014158713950706,-0.24889482845941643,0.2609250865040953
16628.0,1385.6666666666667,154.0,2740.391375130364,3.0,10002.0,10002.0,3.0,12.0,0.0,12.0,-591.722822135363,-0.7876099589434139,-9999.0,0.00029994001199730056,0.00029994001199730056,2743.8333333333335,27.5,0.01002247464006552,10002.0,1.0,0.0,-258.66999974132995,-0.778182929812842,0.9397756812264513,7.218186191913268,0.0,12.0,12.0,0.00029994001199730056,0.009923021409664468,0.0,0.0,1.238891723129817,0.7774536925666615,1.977669984443532,0.32833389514568917,0.9334078060297769
315052.0,26254.333333333332,23168.0,11133.18759635153,11627.0,46151.0,16241.0,19711.0,12.0,0.0,12.0,-49.72409404600381,0.015131879745796557,3470.0,1.213656794531609,0.4270980043768441,27751.166666666668,24757.5,0.8921246554195708,46151.0,5.0,4.0,-3063.9583256734372,-0.11570083430361132,0.44287850131700907,1.7578431497016018,3.0,12.0,12.0,0.4270980043768441,0.47149359470816016,2.0,1.0,2.398371152645745,0.23460571588181933,0.42405143010095947,-0.4044436582306773,0.4198429918521313
350805.0,29233.75,29495.5,16344.100730462353,268.0,59435.0,37334.0,13064.0,12.0,0.0,12.0,-4047.0781911365902,-0.17765336098479892,-24270.0,0.3499223228155703,0.2198031462942341,41726.0,16741.5,0.4012246560896321,59435.0,3.0,2.0,-2839.631245740553,-0.12524941379260715,0.6331304973686344,2.0330953093592052,3.0,12.0,12.0,0.2198031462942341,0.28633856415956765,2.0,1.0,2.3046580731765633,0.30712765401481024,0.5590832763657335,-0.2828051139524206,0.6144399538382233
39980.0,3331.6666666666665,355.0,5646.311928054355,0.0,18800.0,10968.0,0.0,11.0,1.0,11.0,-1321.411314847894,-0.9651916730114892,-10968.0,0.0,0.0,6605.5,57.833333333333336,0.008755330154151204,18800.0,2.0,1.0,-518.5589219303663,-1.0418518150975082,0.9456808510633267,5.642821410688416,1.0,11.0,0.0,0.0,0.008679339669832748,0.0,0.0,1.358294539414894,0.7547398699349293,1.6947409488856653,0.25781363109354066,0.6651339395411274
13923.0,1160.25,1139.0,629.6631539958488,259.0,2215.0,461.0,2101.0,12.0,0.0,12.0,141.6465351640347,0.10851603055647166,1640.0,4.557483730920662,0.9485327313726929,782.8333333333334,1537.6666666666667,1.9642324887975615,2215.0,11.0,10.0,0.0,0.0,0.051467268622792474,1.9090713208195729,3.0,12.0,12.0,0.9485327313726929,0.6626445449970102,0.0,0.0,2.331343659228427,0.3082609112020043,0.5426961034177306,-0.29643161447061883,0.23835068633182438
957.0,79.75,35.0,92.02184976044187,2.0,284.0,241.0,2.0,12.0,0.0,12.0,-25.628734879955545,-0.454966194641796,-239.0,0.008298755186377644,0.007042253520878793,147.33333333333334,12.166666666666666,0.08257918551475706,284.0,2.0,1.0,-15.99999998060606,-0.477288089098539,0.8478873239138068,3.561128526199232,1.0,12.0,12.0,0.007042253520878793,0.0762800417964861,0.0,0.0,1.8731114988097508,0.5925635667000384,1.1538789937166531,0.07144272927631697,0.8860954654098362
56236.0,4686.333333333333,486.0,8836.080101241476,2.0,31252.0,12180.0,2.0,12.0,0.0,12.0,-1849.3426557907617,-0.8546232094184741,-12178.0,0.00016420361247933973,6.399590426210675e-05,9231.5,141.16666666666666,0.015291844951147021,31252.0,2.0,1.0,-641.0505042734741,-0.891193782260751,0.9590298220910792,6.668753111871395,2.0,12.0,12.0,6.399590426210675e-05,0.015061526424351828,1.0,1.0,1.259122053810227,0.7754285511060255,1.885499701519871,0.30687915200808646,0.4862835491893086
2727.0,227.25,71.5,289.10094113763563,0.0,907.0,697.0,0.0,11.0,1.0,11.0,-78.0305148741257,-0.5928830905899641,-697.0,0.0,0.0,430.1666666666667,24.333333333333332,0.05656722200565903,907.0,2.0,1.0,-46.28282822672788,-0.6481055799374266,0.8761852260101854,3.9911991197363608,1.0,11.0,0.0,0.0,0.05353868720185721,0.0,0.0,1.7536694850135663,0.6379721305458621,1.2721713580854297,0.1197846972064512,0.8415321259862181
540.0,45.0,48.0,11.015141094572204,23.0,65.0,55.0,23.0,12.0,0.0,12.0,-1.861411314394747,-0.04582542670593253,-32.0,0.41818181810578514,0.353846153791716,49.333333333333336,40.666666666666664,0.8243243241572314,65.0,5.0,4.0,-1.583333329375,-0.05299683319278602,0.3846153845562131,1.4444444441234567,4.0,12.0,12.0,0.353846153791716,0.4518518518434842,3.0,1.0,2.453591017803896,0.13425925925738036,0.24478091315831987,-0.606708440526517,-0.4892650528351519
14098.0,1174.8333333333333,224.0,2059.5810186108783,3.0,7104.0,7104.0,3.0,12.0,0.0,12.0,-481.9224407907581,-0.7470107776648638,-7101.0,0.00042229729729670285,0.00042229729729670285,2273.8333333333335,75.83333333333333,0.03335043612094107,7104.0,1.0,0.0,-275.96999972402995,-0.7503191271035258,0.910498566747285,6.046815151033791,1.0,12.0,12.0,0.00042229729729670285,0.032274081429967176,1.0,1.0,1.375215838721674,0.7512413108241218,1.7530835737778532,0.27354184993118974,0.9946927744431033
24324.0,2027.0,379.0,3030.0046204585233,5.0,10765.0,3354.0,5.0,12.0,0.0,12.0,-637.7546084921576,-0.7362628955747799,-3349.0,0.0014907573047063484,0.00046446818392896933,3950.1666666666665,103.83333333333333,0.02628581072521931,10765.0,3.0,2.0,-432.9374993505937,-0.9139417603282224,0.9285441502803986,5.310804144029054,2.0,12.0,12.0,0.00046446818392896933,0.02561256372306133,1.0,1.0,1.5757823155987676,0.6886819602038532,1.4948222103816355,0.19833966858539206,0.5071948327185367
51174.0,4264.5,3510.5,3465.7806119256884,80.0,14460.0,3641.0,2604.0,12.0,0.0,12.0,-296.42212308246843,-0.06646131179879797,-1037.0,0.715188135125748,0.18008298755174268,4841.666666666667,3687.3333333333335,0.7615834767626267,14460.0,2.0,1.0,177.32659911165797,0.025205772727786742,0.7712793914240863,3.3907843826863857,5.0,12.0,12.0,0.18008298755174268,0.4323289170280939,4.0,1.0,2.20784377611085,0.3767863889214338,0.8127050326925926,-0.10332346627120818,-0.20058364619244617
35188.0,2932.3333333333335,153.5,6150.140802362893,1.0,22057.0,22057.0,1.0,12.0,0.0,12.0,-1306.5505392723162,-0.9242236171058984,-22056.0,4.533708119869187e-05,4.533708119869187e-05,5833.833333333333,30.833333333333332,0.005285261263311227,22057.0,1.0,0.0,-565.1899994348099,-0.9158201504921449,0.9458798897068172,7.5219961350203866,0.0,12.0,12.0,4.533708119869187e-05,0.005257474138909498,0.0,0.0,1.083575798633602,0.811199840854792,2.097353916906418,0.3542875455465695,0.9753591281331232
35172.0,2931.0,180.5,5394.1361526507035,0.0,17596.0,17596.0,0.0,11.0,1.0,11.0,-1258.8633174432935,-0.975688896329746,-17596.0,0.0,0.0,5830.333333333333,31.666666666666668,0.005431364701837349,17596.0,1.0,0.0,-770.25999922974,-0.9975605371465178,0.9091942383594411,6.003411804824281,0.0,11.0,0.0,0.0,0.005402024337539691,0.0,0.0,1.2285568534603317,0.7819477614768882,1.840373985886148,0.29586737171421373,0.9585951915725964
1423.0,118.58333333333333,72.0,125.3803934255893,0.0,411.0,207.0,0.0,11.0,1.0,11.0,-34.32549266032444,-0.5202739161500263,-207.0,0.0,0.0,215.66666666666666,21.5,0.09969088098455839,411.0,2.0,1.0,-31.198653160836642,-0.6262527399700064,0.8041362530217971,3.4659170763064586,1.0,11.0,0.0,0.0,0.09065354883984081,0.0,0.0,1.9329976998132943,0.5616654954312221,1.0573188481940925,0.027860945486760862,0.7889524927180637
34607.0,2883.9166666666665,1925.0,3694.0394208854295,75.0,14720.0,2481.0,2280.0,12.0,0.0,12.0,-449.85505365937144,-0.10205374965787486,-201.0,0.9189842805283395,0.15489130434772086,4135.833333333333,1632.0,0.39460004029725265,14720.0,2.0,1.0,47.286195228878675,0.025713312468637645,0.8817527173907053,5.104169676637314,3.0,12.0,12.0,0.15489130434772086,0.28294853642318524,3.0,1.0,1.951844505088529,0.5003539746293721,1.2809105975805892,0.1231572153165602,-0.03530419476280626
1692.0,141.0,139.0,11.683321445547923,120.0,160.0,158.0,160.0,12.0,0.0,12.0,-0.32803560048759883,-0.0029530547030102734,2.0,1.0126582277840088,0.9999999999375,142.16666666666666,139.83333333333334,0.983587338735035,160.0,12.0,11.0,0.0,0.0,0.0,1.1347517729691665,4.0,12.0,12.0,0.9999999999375,0.4958628841578259,0.0,0.0,2.4814532495903667,0.04609929077958563,0.08286043577815119,-0.846960082618462,-0.7899293249067368
1400.0,116.66666666666667,62.0,128.02495416475998,4.0,392.0,132.0,4.0,12.0,0.0,12.0,-32.00254288477854,-0.424936321185358,-128.0,0.030303030300734616,0.010204081632392753,214.83333333333334,18.5,0.08611326609374181,392.0,3.0,2.0,-24.468749963296876,-0.522140248489326,0.8511904761687622,3.359999999712,2.0,12.0,12.0,0.010204081632392753,0.07928571428514797,1.0,1.0,1.918699037526329,0.569999999999016,1.0973567498895977,0.04641878401489721,0.7383395299306539
147906.0,12325.5,11557.0,2199.100327406642,9827.0,15959.0,11256.0,15911.0,12.0,0.0,12.0,196.47043848738656,0.014729439623606188,4655.0,1.4135572139290924,0.9969922927495476,12125.5,12525.5,1.0329883303772767,15959.0,5.0,4.0,732.5833315018749,0.0539177167384341,0.22914074458643094,1.2947953429870636,3.0,12.0,12.0,0.9969922927495476,0.5081132611252749,2.0,1.0,2.469321050319481,0.09938744878503258,0.17841875196988827,-0.6971895573249448,-0.21346071856234505
9642.0,803.5,323.5,923.4671533591942,44.0,2826.0,2133.0,44.0,12.0,0.0,12.0,-253.6325490560744,-0.4386612899928893,-2089.0,0.02062822315977202,0.015569709837170667,1489.1666666666667,117.83333333333333,0.07912702853892024,2826.0,2.0,1.0,-181.56902334893988,-0.4533134412276187,0.83428874734312,3.5171126321902038,2.0,12.0,12.0,0.015569709837170667,0.07332503629944687,1.0,1.0,1.8614242146245958,0.5919415059114919,1.1493057291197275,0.06946695721753973,0.8672612959692537
31429.0,2619.0833333333335,2770.0,1425.7837294118474,166.0,4595.0,981.0,166.0,12.0,0.0,12.0,213.85251094578172,0.018043943244679447,-815.0,0.16921508664455437,0.036126224156613436,1861.5,3376.6666666666665,1.8139493240121016,4595.0,11.0,10.0,0.0,0.0,0.9638737758412103,1.7544306213939187,2.0,12.0,12.0,0.036126224156613436,0.6446275732601595,0.0,0.0,2.3116820895943957,0.3050022802718988,0.5443827278270655,-0.2950157781226719,0.4111052935503492
457.0,38.083333333333336,36.5,7.565914059487826,27.0,53.0,53.0,34.0,12.0,0.0,12.0,-0.7285441824782719,-0.01413958919235794,-19.0,0.6415094338412246,0.6415094338412246,39.0,37.166666666666664,0.9529914527470962,53.0,1.0,0.0,-0.05999999994000001,0.0019080132664867195,0.3070325899935273,1.391684901166297,4.0,12.0,12.0,0.6415094338412246,0.4879649890484034,4.0,1.0,2.4660231129045287,0.10485047410432502,0.1986673275492644,-0.6685196582662503,-0.29840957144996905
194443.0,16203.583333333334,15930.5,5291.222676255671,9948.0,30609.0,10692.0,18018.0,12.0,0.0,12.0,-75.54354729833608,0.006838502436817451,7326.0,1.685185185183609,0.5886503969418835,16839.166666666668,15568.0,0.9245113079620381,30609.0,2.0,1.0,451.2053866584715,0.03026496598989427,0.4996830997417427,1.8890266041964652,4.0,12.0,12.0,0.5886503969418835,0.480387568593342,3.0,1.0,2.4363703815590445,0.167179670477547,0.3265464537938052,-0.507674302908549,-0.24799504130566602
48193.0,4016.0833333333335,2659.0,2252.184882076859,1939.0,9281.0,2476.0,1939.0,12.0,0.0,12.0,-488.1513028325749,-0.11778722379535153,-537.0,0.783117932145464,0.20892145242946994,5733.666666666667,2298.5,0.40087785593790903,9281.0,2.0,1.0,-606.626261890958,-0.16541379070509651,0.607412994288754,2.3109580229436366,3.0,12.0,12.0,0.20892145242946994,0.28616189073095966,2.0,1.0,2.3414073125863277,0.2924370067575275,0.5607913718767251,-0.2814012404442447,0.45486427894604875
519.0,43.25,22.0,50.49112958398402,0.0,150.0,136.0,0.0,10.0,2.0,10.0,-14.200890007155005,-0.5140717866214106,-136.0,0.0,0.0,80.0,6.5,0.08124999998984375,150.0,2.0,1.0,-9.043771032808895,-0.5575257035267265,0.8446666666103555,3.468208091683651,2.0,9.0,0.0,0.0,0.07514450866907237,1.0,1.0,1.8333986601181127,0.6029222864455905,1.1674249612094745,0.07724602440089148,0.9187308165803041
9489.0,790.75,146.0,1159.1011693693235,0.0,3284.0,3054.0,0.0,11.0,1.0,11.0,-302.4450092821186,-0.7746108685431371,-3054.0,0.0,0.0,1547.6666666666667,33.833333333333336,0.021860865819371997,3284.0,2.0,1.0,-151.13131294812365,-0.8373048890024686,0.9040499390959074,4.15301928543594,1.0,11.0,0.0,0.0,0.021393192117165775,0.0,0.0,1.5427943870442387,0.7003811430777933,1.4658250639957828,0.18891245401390153,0.9058355501127454
618.0,51.5,48.0,8.874119674649425,35.0,66.0,60.0,35.0,12.0,0.0,12.0,-1.4113159555861812,-0.029247381607524013,-25.0,0.5833333332361111,0.5303030302226814,54.5,48.5,0.889908256717448,66.0,4.0,3.0,-1.1700680249821833,-0.028967581017585637,0.2689393938986456,1.2815533978094071,3.0,12.0,12.0,0.5303030302226814,0.47087378640014765,2.0,1.0,2.469922376393535,0.09573894282473172,0.17231300335779212,-0.7060290162075611,-0.08809513003461038
16312.0,1359.3333333333333,228.0,2046.9176556200032,3.0,6241.0,4764.0,3.0,12.0,0.0,12.0,-520.3026060478071,-0.7558925647792362,-4761.0,0.0006297229219130358,0.000480692196762569,2673.0,45.666666666666664,0.017084424491767985,6241.0,2.0,1.0,-258.90235658853584,-0.8023852493242138,0.9149655503910993,4.591221186822527,1.0,12.0,12.0,0.000480692196762569,0.016797449730249634,0.0,0.0,1.5108452756024606,0.7119503024357428,1.5058246608177626,0.20185955894457747,0.8343399592960568
11016.0,918.0,195.0,1376.0404548316642,3.0,4066.0,3422.0,3.0,12.0,0.0,12.0,-351.2650982430579,-0.7081654026628638,-3419.0,0.0008766803039132768,0.0007378258730921353,1798.5,37.5,0.020850708923987486,4066.0,2.0,1.0,-167.74410754078153,-0.739139661149894,0.9132316773219055,4.429193899733887,1.0,12.0,12.0,0.0007378258730921353,0.020424836601288646,0.0,0.0,1.5261880412380822,0.7063816267246286,1.4989547438090138,0.19966537811700377,0.8604950771263921
149363.0,12446.916666666666,7251.5,12353.846610525357,4823.0,42972.0,4823.0,7964.0,12.0,0.0,12.0,31.785123940269187,0.017656121236371888,3141.0,1.6512544059679635,0.18532998231402187,11211.833333333334,13682.0,1.220317818969939,42972.0,8.0,7.0,259.5999979232,0.03478349174437082,0.8302790188958321,3.4524212823763962,4.0,12.0,12.0,0.18532998231402187,0.5496140275703788,1.0,1.0,2.1255111673820584,0.41317070939031364,0.9925226416594818,-0.0037527093461217314,-0.2108816559343189
42118.0,3509.8333333333335,1096.5,6014.653866922758,5.0,22221.0,3875.0,5.0,12.0,0.0,12.0,-1080.6560702946815,-0.7365061462255096,-3870.0,0.0012903225806418315,0.00022501237568056117,6839.166666666667,180.5,0.026392104301167698,22221.0,3.0,2.0,-604.8562490927156,-0.9427992166981435,0.9485071678938073,6.331069851351923,1.0,12.0,12.0,0.00022501237568056117,0.025713471674812263,0.0,0.0,1.4824545223094625,0.7140692023995718,1.7136579705320163,0.2629874428850559,0.34496102917330557
23355.0,1946.25,348.0,3081.150275600548,9.0,10137.0,6615.0,9.0,12.0,0.0,12.0,-746.4907813189016,-0.7354334131504758,-6606.0,0.001360544217685018,0.0008878366380577213,3828.5,64.0,0.01671672978969122,10137.0,2.0,1.0,-302.444444077845,-0.7625446597903872,0.9348623853201787,5.208477841977092,1.0,12.0,12.0,0.0008878366380577213,0.016441875401405934,0.0,0.0,1.4837584194979336,0.7234318133161419,1.5831215288810363,0.22574297119453474,0.6817881988224562
11710.0,975.8333333333334,245.0,1328.2355986629614,3.0,4263.0,3084.0,3.0,12.0,0.0,12.0,-319.00317837184735,-0.680199666231903,-3081.0,0.0009727626459112427,0.0007037297677675258,1879.8333333333333,71.83333333333333,0.038212607500461675,4263.0,3.0,2.0,-190.16249971475625,-0.8437818179998875,0.9138061354788688,4.368573868443703,1.0,12.0,12.0,0.0007037297677675258,0.03680614859091647,0.0,0.0,1.6657528372366688,0.6658269285509715,1.3611295630907088,0.15294779615068618,0.41438897886120335
59685.0,4973.75,3215.0,3242.6714327593127,2217.0,11929.0,3210.0,2639.0,12.0,0.0,12.0,-144.08773033045404,-0.024259735615138354,-571.0,0.8221183800597442,0.22122558470934592,4608.166666666667,5339.333333333333,1.1586675829118767,11929.0,2.0,1.0,106.42424229524332,0.011913561072943633,0.6265738955481376,2.398391555662431,4.0,12.0,12.0,0.22122558470934592,0.5367512775403306,3.0,1.0,2.2999744052674482,0.32678925469825737,0.6519570611214462,-0.21068522122498212,0.006253499976083769
1359.0,113.25,112.5,12.676257334087218,94.0,135.0,102.0,102.0,12.0,0.0,12.0,-1.0489510480708102,-0.008391832298311626,0.0,0.9999999999019609,0.7555555554995884,116.83333333333333,109.66666666666667,0.9386590584075328,135.0,2.0,1.0,-1.2255892241036628,-0.009991707195424878,0.16888888887637857,1.192052980027192,4.0,12.0,12.0,0.7555555554995884,0.48417954377863004,3.0,1.0,2.4786708641419137,0.06383370125021637,0.11193163207918677,-0.7986717368332489,-0.07642697542149096
8549.0,712.4166666666666,173.0,1203.7749276292845,0.0,4281.0,4281.0,1.0,11.0,1.0,11.0,-283.1900824069861,-0.8157238585639781,-4280.0,0.00023359028264369636,0.00023359028264369636,1347.8333333333333,77.0,0.05712872511395726,4281.0,1.0,0.0,-157.0999998429,-0.8296539636295392,0.9093669703319099,6.009123874052978,2.0,8.0,3.0,0.00023359028264369636,0.0540414083517908,2.0,1.0,1.4402470817598505,0.7337407883961267,1.6897062968006376,0.2564243901406889,0.9689384584433771
97184.0,8098.666666666667,7032.5,4441.968395004879,2973.0,17028.0,7080.0,2973.0,12.0,0.0,12.0,-1137.9631268263756,-0.157330338361187,-4107.0,0.41991525423669507,0.1745947850597988,11655.166666666666,4542.166666666667,0.38971271682053193,17028.0,2.0,1.0,-1436.7407389992368,-0.20906599724336442,0.5708480150337263,2.102568324001355,2.0,12.0,12.0,0.1745947850597988,0.28042681922947393,1.0,1.0,2.3378130044799943,0.3039149105476777,0.5484814448879727,-0.29158796613378757,0.6832876013834367
165477.0,13789.75,12342.0,4315.680423853617,10213.0,26947.0,16899.0,12150.0,12.0,0.0,12.0,-451.7012075039761,-0.03289227470997446,-4749.0,0.7189774542868105,0.45088507069415856,16077.333333333334,11502.166666666666,0.7154275170007159,26947.0,6.0,5.0,78.89142830094369,0.00680910535345669,0.5731559480954318,1.9541325984865903,3.0,12.0,12.0,0.45088507069415856,0.41705493814847877,1.0,1.0,2.443763438862333,0.13761378721312112,0.31296291983904617,-0.5232722644173768,-0.1211686721414105
1007.0,83.91666666666667,79.5,21.76563933257086,61.0,148.0,77.0,79.0,12.0,0.0,12.0,-1.9949141750583048,-0.022567520191256626,2.0,1.0259740258407828,0.5337837837477173,95.66666666666667,72.16666666666667,0.7543554006180117,148.0,5.0,4.0,-0.83333333125,-0.009413577628382176,0.4971042470706589,1.763654418856367,3.0,12.0,12.0,0.5337837837477173,0.42999006950913615,1.0,1.0,2.455164169805251,0.12305527970770735,0.25937206748731445,-0.5880930278779429,0.2876243389048607
39065.0,3255.4166666666665,2749.5,1878.9065729094202,1347.0,7992.0,2027.0,1827.0,12.0,0.0,12.0,-134.5136680371532,-0.027356151198672882,-200.0,0.9013320177557902,0.22860360360331758,3354.3333333333335,3156.5,0.9410215641430756,7992.0,2.0,1.0,5.845117838032856,-0.001050041638080466,0.636561561560765,2.4549852809344785,4.0,12.0,12.0,0.22860360360331758,0.48480737232804694,3.0,1.0,2.3405176253855755,0.2944643542812966,0.5771631607537127,-0.26809961693573003,-0.11095484057401643
31850.0,2654.1666666666665,2090.0,1769.7092903135879,844.0,7036.0,2190.0,1491.0,12.0,0.0,12.0,-411.90591192389337,-0.15806470002164924,-699.0,0.6808219178051105,0.21191017623619685,3898.1666666666665,1410.1666666666667,0.36175125058695523,7036.0,2.0,1.0,-443.24579070852354,-0.19174105051965565,0.678453666855204,2.650926216630515,4.0,12.0,12.0,0.21191017623619685,0.26565149136569366,4.0,1.0,2.2879519956597143,0.34794871794868043,0.666766451607003,-0.19992815914187875,0.5390390711174365
199.0,16.583333333333332,17.0,3.6846151615723572,9.0,22.0,22.0,21.0,12.0,0.0,12.0,-0.46153846115115654,-0.03013966300887594,-1.0,0.9545454541115702,0.9545454541115702,18.0,15.166666666666666,0.8425925921244856,22.0,1.0,0.0,-0.27999999971999995,-0.021907076381316743,0.2685950412002254,1.326633165029166,2.0,12.0,12.0,0.9545454541115702,0.45728643213782477,3.0,1.0,2.4588293545592963,0.12520938022944517,0.222187848805054,-0.6364096577726625,0.32179705521333435
97036.0,8086.333333333333,7635.5,2719.0629002572846,5288.0,15518.0,9194.0,9146.0,12.0,0.0,12.0,-320.8493322164519,-0.03204159736232257,-48.0,0.9947792038275017,0.5893800747515212,9159.5,7013.166666666667,0.7656713430491849,15518.0,2.0,1.0,81.02356892535863,0.01065688902809175,0.5339347854101469,1.919040356154105,3.0,12.0,12.0,0.5893800747515212,0.4336431839729138,3.0,1.0,2.4340636383003122,0.16856630528874805,0.3362541201517691,-0.49672129712244195,0.08198932148963756
10839.0,903.25,459.5,992.1120673425289,49.0,3209.0,1641.0,49.0,12.0,0.0,12.0,-257.66433544811383,-0.44719727097360795,-1592.0,0.029859841559842417,0.015269554378263417,1672.1666666666667,134.33333333333334,0.08033489484652447,3209.0,3.0,2.0,-206.4749996902875,-0.5258652611223256,0.8589384024072123,3.5527262662213923,1.0,12.0,12.0,0.015269554378263417,0.07436110342275637,0.0,0.0,1.9019550017959252,0.5736307162406082,1.0983803679286412,0.0468839536641423,0.7899624141705662
263037.0,21919.75,23517.0,10213.260735640048,172.0,39148.0,19497.0,11607.0,12.0,0.0,12.0,-1760.868402845298,-0.13018768748937123,-7890.0,0.5953223572854309,0.29649024215788894,28825.833333333332,15013.666666666666,0.52084068110184,39148.0,4.0,3.0,-2594.149654922708,-0.08383713680961873,0.5278430571164484,1.7859692742837916,4.0,12.0,12.0,0.29649024215788894,0.342468930226533,2.0,1.0,2.341831844992786,0.25927689513895613,0.46593874180295797,-0.36431348934795454,0.19753548088474643
5381.0,448.4166666666667,196.5,500.9390279487337,15.0,1640.0,567.0,15.0,12.0,0.0,12.0,-123.10870936903783,-0.4125684346759513,-552.0,0.026455026454559875,0.009146341463358864,816.8333333333334,80.0,0.09793919608123314,1640.0,3.0,2.0,-92.9999998605,-0.49063103351329446,0.8649051490462167,3.6573127670620926,1.0,12.0,12.0,0.009146341463358864,0.08920275041797213,0.0,0.0,1.9166627695419303,0.5748776559496906,1.1171284770954746,0.05532421786629876,0.7571521214575944
127580.0,10631.666666666666,10060.0,2987.4731054112526,6668.0,17786.0,8101.0,15803.0,12.0,0.0,12.0,132.69421476468128,0.01127494271051025,7702.0,1.9507468213776684,0.8885078151350002,10728.833333333334,10534.5,0.9818868159001612,17786.0,4.0,3.0,382.23129178894715,0.02380725467776896,0.4145395254692373,1.6729267910315038,3.0,12.0,12.0,0.8885078151350002,0.49543031823165895,2.0,1.0,2.4486757828973347,0.137636515650303,0.28099762709595005,-0.561283141900195,-0.10225505092803125
10750.0,895.8333333333334,354.5,1242.0637284598386,0.0,4003.0,1103.0,0.0,11.0,1.0,11.0,-283.08709448590275,-0.7214852634162691,-1103.0,0.0,0.0,1727.8333333333333,63.833333333333336,0.03694414970558343,4003.0,3.0,2.0,-142.14374978678438,-0.9141066903530508,0.926222000164228,4.468465116229189,1.0,11.0,0.0,0.0,0.03562790697671104,0.0,0.0,1.662999145041364,0.665240310077384,1.386489743381552,0.16194904858257453,0.6316394462387601
202514.0,16876.166666666668,16529.5,4688.6247065519,11282.0,29635.0,17451.0,20089.0,12.0,0.0,12.0,-251.09218033601928,-0.010261876747006527,2638.0,1.1511661222845961,0.67788088408953,18324.833333333332,15427.5,0.8418903309711729,29635.0,3.0,2.0,616.6312490750531,0.04112201348257378,0.4792643833303596,1.7560267438290154,3.0,12.0,12.0,0.67788088408953,0.45707951055233426,3.0,1.0,2.449384335229423,0.14149639037300643,0.2778252193852744,-0.5651592797343215,-0.22706788604827957
4764.0,397.0,394.0,170.5530220586353,94.0,680.0,322.0,537.0,12.0,0.0,12.0,19.13286711681158,0.023661284813514472,215.0,1.6677018633022453,0.7897058823413279,371.0,423.0,1.1401617250366534,680.0,11.0,10.0,0.0,0.0,0.21029411764396627,1.7128463475639082,4.0,12.0,12.0,0.7897058823413279,0.5327455919384283,0.0,0.0,2.3788523634871637,0.24156870976747058,0.42960458955752956,-0.39898823393804433,-0.36192809346096216
12865.0,1072.0833333333333,918.0,704.7224581745324,107.0,2729.0,786.0,527.0,12.0,0.0,12.0,-125.83979646146948,-0.11516288021970873,-259.0,0.6704834605512661,0.1931110296804943,1540.3333333333333,603.8333333333334,0.39201471542701577,2729.0,3.0,2.0,-115.7999998263,-0.09274197558169084,0.6903627702429814,2.5455110765405786,3.0,12.0,12.0,0.1931110296804943,0.28161678973938464,2.0,1.0,2.274100617543164,0.35478041197036925,0.657339253635096,-0.20675353317313128,0.5371804300651228
32751.0,2729.25,566.5,3834.1165676289324,3.0,12028.0,8296.0,3.0,12.0,0.0,12.0,-957.7304505631251,-0.8273091450032085,-8293.0,0.0003616200578587733,0.00024941802460903774,5362.0,96.5,0.017997016038757932,12028.0,3.0,2.0,-409.44374938583434,-0.9719031059401327,0.938504600376118,4.407071539784164,1.0,12.0,12.0,0.00024941802460903774,0.017678849500773204,0.0,0.0,1.5806495543862382,0.689711764526229,1.4048242438819765,0.16833839101362133,0.6456112158014283
46672.0,3889.3333333333335,3406.5,2001.7171933672903,1893.0,9490.0,2403.0,2402.0,12.0,0.0,12.0,-363.57787636368545,-0.08815348939948249,-1.0,0.9995838535122781,0.2531085353000494,5119.166666666667,2659.5,0.5195181507396656,9490.0,3.0,2.0,-419.549999370675,-0.12871176516722083,0.6533309916864676,2.4400068563529995,3.0,12.0,12.0,0.2531085353000494,0.3418966403838829,2.0,1.0,2.3718042623208104,0.2550637070048898,0.5146684590406608,-0.3204209726953451,0.42750495139232614
24074.0,2006.1666666666667,336.5,3585.468329087414,0.0,13113.0,3657.0,3.0,11.0,1.0,11.0,-740.7043859009983,-0.8418754063607423,-3654.0,0.0008203445447065345,0.00022878059940499595,3936.8333333333335,75.5,0.01917785021797762,13113.0,2.0,1.0,-340.4175080048811,-0.929023608410369,0.944299550064101,6.536346265648237,3.0,9.0,2.0,0.00022878059940499595,0.01881698097531826,2.0,1.0,1.3940931692170389,0.7395945833678856,1.7872235585625365,0.28244004904060094,0.3747088654872091
838.0,69.83333333333333,70.5,12.850637684134156,50.0,94.0,77.0,77.0,12.0,0.0,12.0,-2.1970756497774064,-0.03155343028245455,0.0,0.99999999987013,0.8191489360830693,76.16666666666667,63.5,0.8336980305251163,94.0,4.0,3.0,-0.13605442150955618,-0.004150980319339413,0.32712765953966727,1.3460620523132132,3.0,12.0,12.0,0.8191489360830693,0.45465393794206854,2.0,1.0,2.4679699198464866,0.10381861575060936,0.18401867802807598,-0.6891625419184284,0.36955905957888757
8778.0,731.5,380.5,781.8460526216143,29.0,2548.0,1256.0,29.0,12.0,0.0,12.0,-198.64462793247878,-0.44722812194356676,-1227.0,0.023089171974338463,0.011381475667145285,1348.0,115.0,0.08531157269966387,2548.0,3.0,2.0,-194.9249997076125,-0.5699180534183715,0.8359933717043766,3.4832535884691285,1.0,12.0,12.0,0.011381475667145285,0.07860560492130483,0.0,0.0,1.9276981656462524,0.5650299992403691,1.068825772537151,0.03326803709836598,0.7598839708629169
432.0,36.0,38.5,7.153087911291645,23.0,44.0,38.0,40.0,12.0,0.0,12.0,-0.7933884290862856,-0.025351002958235915,2.0,1.0526315786703602,0.9090909088842976,38.5,33.5,0.8701298699038623,44.0,5.0,4.0,-0.37499999906250003,-0.018454631344055224,0.2402597402051357,1.2222222218827161,3.0,12.0,12.0,0.9090909088842976,0.46527777776700746,2.0,1.0,2.464105250210548,0.110339506170537,0.19869688636957433,-0.6684785140132544,0.010401577354053471
16608.0,1384.0,574.0,1815.6256956395684,12.0,6262.0,1661.0,12.0,12.0,0.0,12.0,-389.0883658527676,-0.6014549610422089,-1649.0,0.00722456351591075,0.0019163206643214368,2638.1666666666665,129.83333333333334,0.049213468949210144,6262.0,3.0,2.0,-390.749999413875,-0.8131342666209885,0.8817914049455381,4.524566473955748,1.0,12.0,12.0,0.0019163206643214368,0.046905105972996804,0.0,0.0,1.7370330414419577,0.6405246467564967,1.3118682771867411,0.13489880901582849,0.6105939494584492
17929.0,1494.0833333333333,304.5,2871.519819954041,3.0,10452.0,10452.0,3.0,12.0,0.0,12.0,-625.4685309436628,-0.7388608510088991,-10449.0,0.0002870264064291169,0.0002870264064291169,2911.3333333333335,76.83333333333333,0.02639111518195652,10452.0,1.0,0.0,-282.40999971759004,-0.7315462716965778,0.9349667745181188,6.99559373078033,1.0,12.0,12.0,0.0002870264064291169,0.02571253276812666,1.0,1.0,1.3049242424981429,0.7641298083179091,1.9219274828053916,0.315520316037045,0.9635606151650431
1989.0,165.75,84.0,188.233066967523,5.0,540.0,342.0,5.0,12.0,0.0,12.0,-50.994278406031505,-0.4860485080244788,-337.0,0.01461988304050819,0.009259259259087792,308.1666666666667,23.333333333333332,0.07571660356704002,540.0,2.0,1.0,-46.87542081860218,-0.5547450850052279,0.7949999999852778,3.257918551839643,1.0,12.0,12.0,0.009259259259087792,0.07038712921030474,0.0,0.0,1.8650280580538592,0.5912937824695514,1.13564444619105,0.06351452672438317,0.8236171147834709
12959.0,1079.9166666666667,184.5,1980.26262813519,2.0,6664.0,6664.0,2.0,12.0,0.0,12.0,-450.03051456195783,-0.7113749652260151,-6662.0,0.00030012004801875734,0.00030012004801875734,2099.8333333333335,60.0,0.02857369632496909,6664.0,1.0,0.0,-254.86999974513,-0.7010040123562156,0.9141247408040414,6.17084651587773,1.0,12.0,12.0,0.00030012004801875734,0.027779921290201574,1.0,1.0,1.3039181318904443,0.7653432620828606,1.8337179981018779,0.2942134674902693,0.954219934008064
3389.0,282.4166666666667,73.0,420.07250531571594,0.0,1292.0,1292.0,0.0,10.0,2.0,10.0,-107.69103614612068,-0.6998225622264059,-1292.0,0.0,0.0,543.8333333333334,21.0,0.03861477168179071,1292.0,1.0,0.0,-80.58999991941,-0.7279471225763949,0.8524486349497772,4.574800826040431,0.0,10.0,0.0,0.0,0.03717910888156631,0.0,0.0,1.5718853418901608,0.6942313366770492,1.4874210869312778,0.1959543920920989,0.9264083002556361
802.0,66.83333333333333,60.5,19.173911674170427,51.0,125.0,77.0,57.0,12.0,0.0,12.0,-1.5104895092219668,-0.023943008607000278,-20.0,0.7402597401636027,0.45599999996352003,65.83333333333333,67.83333333333333,1.0303797466789297,125.0,7.0,6.0,0.8749999956250001,0.015832175807402725,0.548799999956096,1.8703241892463358,3.0,12.0,12.0,0.45599999996352003,0.507481296751777,2.0,1.0,2.4498031712520705,0.1273898586853588,0.28689144645338926,-0.5541326390522509,-0.13254315078640064
1242.0,103.5,104.5,6.551081335677848,92.0,115.0,113.0,105.0,12.0,0.0,12.0,-0.4119516843332637,-0.003412666988574219,-8.0,0.9292035397407785,0.9130434781814746,104.0,103.0,0.9903846152893861,115.0,2.0,1.0,0.9562289550698907,0.00964633889808306,0.1182608695549338,1.1111111110037575,4.0,12.0,12.0,0.9130434781814746,0.4975845410587957,3.0,1.0,2.4828960240982734,0.035024154588621625,0.06329547183618255,-0.8809447165702905,-0.04446500658344702
664.0,55.333333333333336,52.0,12.657891697365017,32.0,79.0,73.0,45.0,12.0,0.0,12.0,-1.876668784184868,-0.03233650816706755,-28.0,0.61643835607994,0.5696202530924532,63.5,47.166666666666664,0.7427821521139976,79.0,6.0,5.0,1.542857137567347,0.03737243275713304,0.40295358644688356,1.427710843115474,3.0,12.0,12.0,0.5696202530924532,0.4262048192706897,1.0,1.0,2.458628210438258,0.12675702811093115,0.22875707882670082,-0.6276610196451609,-0.06517799653890637
609.0,50.75,50.5,9.193521269531786,35.0,66.0,54.0,47.0,12.0,0.0,12.0,-1.4151303230337113,-0.027236917671951518,-7.0,0.8703703702091906,0.712121212013315,56.333333333333336,45.166666666666664,0.801775147786667,66.0,2.0,1.0,-1.0841750828609324,-0.020982573633944703,0.25909090905165294,1.3004926105811836,3.0,12.0,12.0,0.712121212013315,0.4449917898120691,2.0,1.0,2.46831034600259,0.10221674876685083,0.1811531284279853,-0.6932605533245179,0.1873924746389198
1111.0,92.58333333333333,97.0,18.22296323019088,63.0,124.0,83.0,102.0,12.0,0.0,12.0,-2.0559440542187883,-0.02138140575473491,19.0,1.2289156625025404,0.8225806450949532,100.33333333333333,84.83333333333333,0.8455149500818424,124.0,3.0,2.0,-1.631249997553125,-0.015754042680946916,0.28673835123135627,1.3393339332486769,2.0,12.0,12.0,0.8225806450949532,0.45814581457733444,2.0,1.0,2.465220492671049,0.11168616861596536,0.1968276856333675,-0.6710843372858464,0.3340740897406404
732.0,61.0,63.0,8.436033823229176,46.0,74.0,50.0,64.0,12.0,0.0,12.0,-0.6026700567097746,-0.009912220506905567,14.0,1.279999999744,0.8648648647479913,64.83333333333333,57.166666666666664,0.8817480718434323,74.0,4.0,3.0,-2.149659859850988,-0.03514527079200567,0.18581081078570125,1.2131147538994893,2.0,12.0,12.0,0.8648648647479913,0.46857923496627624,1.0,1.0,2.475098984303026,0.07627504553602038,0.1382956364237085,-0.757012796886102,0.24336997925306414
440.0,36.666666666666664,36.0,6.662498697102228,20.0,47.0,34.0,37.0,12.0,0.0,12.0,-1.04513668062328,-0.031489929011628434,3.0,1.0882352937975779,0.7872340423856948,40.166666666666664,33.166666666666664,0.8257261408732631,47.0,5.0,4.0,-1.5416666628125,-0.0527444875920759,0.2857142856534955,1.2818181814685952,3.0,12.0,12.0,0.7872340423856948,0.4522727272624483,1.0,1.0,2.46717742874765,0.09393939393716444,0.1817045098714141,-0.6924704805813938,0.23573517019438886
1234.0,102.83333333333333,33.5,132.89020112692867,2.0,405.0,353.0,2.0,12.0,0.0,12.0,-35.38207244329031,-0.4798691628319175,-351.0,0.005665722379442897,0.004938271604816339,193.66666666666666,12.0,0.06196213424809146,405.0,2.0,1.0,-18.181818159779613,-0.479429450735603,0.8824691357806796,3.93841166898492,1.0,12.0,12.0,0.004938271604816339,0.058346839545718426,0.0,0.0,1.7644210039650623,0.6334413830350372,1.2922872069433304,0.12750898149029413,0.8428051141453213
473.0,39.416666666666664,34.0,10.758394655131198,29.0,59.0,57.0,51.0,12.0,0.0,12.0,-1.4761602021941949,-0.032573080514413946,-6.0,0.8947368419482917,0.8644067795145073,43.333333333333336,35.5,0.8192307690417159,59.0,2.0,1.0,0.38383838337312515,0.00864631951644518,0.3949152541703533,1.496828752262961,3.0,12.0,12.0,0.8644067795145073,0.45031712472620894,2.0,1.0,2.4494898872163895,0.1446441155721847,0.2729402448812295,-0.5711656598090418,0.1904688206438521
33709.0,2809.0833333333335,2999.5,1204.0024542010794,967.0,5053.0,1004.0,4156.0,12.0,0.0,12.0,333.036236211311,0.14282729195133248,3152.0,4.139442231034468,0.8224816940415149,1966.5,3651.6666666666665,1.8569370285522997,5053.0,11.0,10.0,0.0,0.0,0.177518305956506,1.7988074401431113,2.0,12.0,12.0,0.8224816940415149,0.6499747841820731,0.0,0.0,2.3857695065457944,0.2419655482709533,0.42861044380911684,-0.39996176610876666,0.7870637132773729
413.0,34.416666666666664,35.0,5.922532303743804,26.0,46.0,27.0,28.0,12.0,0.0,12.0,-0.46153846115115654,-0.011574369434294351,1.0,1.037037036652949,0.6086956520415879,35.666666666666664,33.166666666666664,0.9299065417953533,46.0,3.0,2.0,-0.843749998734375,-0.023121617899728122,0.26570048303402644,1.3365617429530572,4.0,12.0,12.0,0.6086956520415879,0.4818401936929336,3.0,1.0,2.4701649267334407,0.09745762711626171,0.172083263012774,-0.7063634153162087,-0.03257529915788797
106324.0,8860.333333333334,5177.5,10347.547546265358,169.0,36412.0,6193.0,3770.0,12.0,0.0,12.0,-733.2892555829994,-0.09725119417525092,-2423.0,0.6087518165661089,0.1035372953970934,10545.666666666666,7175.0,0.6803742453449945,36412.0,2.0,1.0,512.7878781663177,-0.0034108333407955856,0.8250054926944895,4.109551935588454,3.0,12.0,12.0,0.1035372953970934,0.40489447349606816,2.0,1.0,1.9818847977050522,0.4947942139121806,1.167850819711863,0.07742729259170215,-0.13378617646185387
1419.0,118.25,49.0,124.90004336802023,3.0,312.0,310.0,3.0,12.0,0.0,12.0,-36.263191323669794,-0.4670059435570515,-307.0,0.009677419354526534,0.00961538461507643,220.33333333333334,16.166666666666668,0.07337367624477881,312.0,2.0,1.0,-32.88215484229772,-0.5293409180606827,0.7445512820274183,2.638477801045372,1.0,12.0,12.0,0.00961538461507643,0.068357998590075,0.0,0.0,1.909770794510881,0.5585506225031467,1.0562371531286079,0.027349546295089705,0.9566556161398894
8803.0,733.5833333333334,788.5,361.29499911967906,149.0,1342.0,443.0,1197.0,12.0,0.0,12.0,45.852511086760764,0.03802333015475288,754.0,2.7020316026478097,0.8919523099784505,678.0,789.1666666666666,1.1639626351844057,1342.0,10.0,9.0,667.9999732800011,0.6536719935957991,0.2324888226510247,1.8293763489470036,4.0,12.0,12.0,0.8919523099784505,0.5378848119952994,0.0,0.0,2.3490400163024185,0.28080389261223804,0.4925070986455808,-0.3400271273760284,0.10974868737138027
2010.0,167.5,60.0,224.07011551446718,0.0,757.0,357.0,0.0,11.0,1.0,11.0,-56.193261237015186,-0.5869665768859811,-357.0,0.0,0.0,317.8333333333333,17.166666666666668,0.054011536442978146,757.0,2.0,1.0,-38.949494902283426,-0.6576779098736729,0.8816380449024882,4.519402984804811,1.0,11.0,0.0,0.0,0.05124378109427242,0.0,0.0,1.7203283631446056,0.6503316749578218,1.3377320328423274,0.14446995128496318,0.7086532127592543
154193.0,12849.416666666666,12073.5,4285.617428452469,8254.0,25301.0,13084.0,8254.0,12.0,0.0,12.0,-226.11188792214386,-0.013300441668570794,-4830.0,0.6308468358295393,0.32623216473644273,13430.0,12268.833333333334,0.9135393397858673,25301.0,4.0,3.0,-275.605441651908,-0.027377440485169692,0.5242233508554902,1.9690388020193115,3.0,12.0,12.0,0.32623216473644273,0.47740818325082995,2.0,1.0,2.43651792092459,0.16043800086038695,0.3335262245457939,-0.49978302877428016,-0.252022193194728
195865.0,16322.083333333334,14572.5,7074.992054864011,9883.0,33211.0,11959.0,10018.0,12.0,0.0,12.0,-987.0095350903671,-0.05277399971635896,-1941.0,0.8376954594858786,0.30164704465378894,20122.666666666668,12521.5,0.6222584813142945,33211.0,3.0,2.0,-2139.5999967906,-0.13346728356485513,0.5288977213036926,2.0347280014283093,1.0,12.0,12.0,0.30164704465378894,0.3835754218466605,0.0,0.0,2.4004651507154815,0.22438967315922853,0.43346133642210766,-0.3952242374331138,0.40644140265972745
46489.0,3874.0833333333335,3484.0,1560.0062744709999,2338.0,8037.0,2873.0,2489.0,12.0,0.0,12.0,-170.10171632261012,-0.03907190404854075,-384.0,0.8663418029903712,0.3096926713944137,4260.0,3488.1666666666665,0.8188184663517555,8037.0,2.0,1.0,-79.5757574793021,-0.03037782182818367,0.5573099415197744,2.0745552711340545,3.0,12.0,12.0,0.3096926713944137,0.4501925186602314,2.0,1.0,2.413439337537282,0.20458423856537244,0.40267752142665314,-0.4258444791809548,-0.15138389066634253
3032.0,252.66666666666666,60.0,343.9259448712114,0.0,1041.0,1041.0,0.0,11.0,1.0,11.0,-92.75778758903988,-0.642940517702359,-1041.0,0.0,0.0,486.5,18.833333333333332,0.03871188763195522,1041.0,1.0,0.0,-74.28999992571,-0.6713040645048245,0.8261287223743888,4.120052770285486,0.0,11.0,0.0,0.0,0.03726912928747603,0.0,0.0,1.6578422861177768,0.6683707124005742,1.3611844783282305,0.15296749647597835,0.9729402541655882
133180.0,11098.333333333334,9491.0,5344.885442073467,5200.0,22584.0,8155.0,9857.0,12.0,0.0,12.0,9.703750786516878,0.0005691007266328752,1702.0,1.2087063151426012,0.43645944031153183,11382.833333333334,10813.833333333334,0.9500124456409944,22584.0,3.0,2.0,468.8062492967906,0.03397173196473379,0.5398659818157959,2.034900135153595,3.0,12.0,12.0,0.43645944031153183,0.48718276017416373,2.0,1.0,2.384891659070709,0.23058016719226293,0.4815935223368659,-0.34989791049070496,-0.18827589863605387
15377.0,1281.4166666666667,817.0,1048.8385209628582,170.0,2884.0,405.0,181.0,12.0,0.0,12.0,128.93706282886401,0.04274486940119111,-224.0,0.4469135802358787,0.06276005547828446,1093.0,1469.8333333333333,1.3447697468617434,2884.0,9.0,8.0,-1937.2499709412505,-2.0405918895508517,0.35402219139960467,2.250634063844048,3.0,12.0,12.0,0.06276005547828446,0.5735188918510935,0.0,0.0,2.1289270321390243,0.4522175977107836,0.818499203450353,-0.0998080154214367,0.2289389874188786
237732.0,19811.0,19282.0,6675.031310787987,9503.0,37876.0,19249.0,12559.0,12.0,0.0,12.0,-1337.0425926478727,-0.0689725493349075,-6690.0,0.6524494778946166,0.33158200443543895,23403.666666666668,16218.333333333334,0.692982581076743,37876.0,2.0,1.0,-1071.508416209619,-0.06786964510421731,0.5231624247543238,1.911867144514708,3.0,12.0,12.0,0.33158200443543895,0.40932646846026577,2.0,1.0,2.432251238833356,0.16402363445672297,0.33693560702562303,-0.49595836141206473,0.1375220093221941
351702.0,29308.5,25406.5,13363.91979360846,11970.0,58419.0,27429.0,11970.0,12.0,0.0,12.0,-3460.5619805671063,-0.12437552639547028,-15459.0,0.4363994312587275,0.20489909104910992,39830.0,18787.0,0.47167963846335137,58419.0,2.0,1.0,-4117.589220598208,-0.15811236050468386,0.5449186052481992,1.9932442806687503,2.0,12.0,12.0,0.20489909104910992,0.3205042905641617,1.0,1.0,2.386319559546671,0.25022983472750293,0.4559741983930907,-0.3736507159309491,0.6830079538713322
30598.0,2549.8333333333335,2552.5,1707.0818098601942,176.0,6526.0,4122.0,176.0,12.0,0.0,12.0,-436.69167159794466,-0.2801696270990512,-3946.0,0.04269771955351117,0.026969046889324288,3788.3333333333335,1311.3333333333333,0.3461504619436529,6526.0,3.0,2.0,-501.3749992479375,-0.413735126463294,0.7026594476782914,2.559382966196904,2.0,12.0,12.0,0.026969046889324288,0.2571409896070798,1.0,1.0,2.241285040252459,0.3680632721092487,0.6694876043611344,-0.1979723567707599,0.496010101736366
734.0,61.166666666666664,27.5,70.20901334982251,2.0,204.0,180.0,2.0,12.0,0.0,12.0,-19.81945325736702,-0.4559609584170896,-178.0,0.011111111110493828,0.009803921568146867,113.33333333333333,9.0,0.07941176469887544,204.0,2.0,1.0,-14.006733989756144,-0.4815811124921264,0.8284313725084101,3.335149863214962,3.0,12.0,12.0,0.009803921568146867,0.07356948228782603,2.0,1.0,1.8554437784803022,0.5958219800162587,1.1478312807358726,0.06882816272640907,0.9333546538980925
732.0,61.0,59.0,10.908712114635714,45.0,80.0,60.0,58.0,12.0,0.0,12.0,-1.3655435462158185,-0.02198285733561237,-2.0,0.9666666665055555,0.724999999909375,64.66666666666667,57.333333333333336,0.8865979380072272,80.0,2.0,1.0,-1.0909090895867768,-0.017935699314720888,0.2599999999675,1.3114754096210697,4.0,12.0,12.0,0.724999999909375,0.4699453551848368,3.0,1.0,2.4690114509049086,0.10132058287661128,0.17883134611225246,-0.6965955362758216,-0.34816114721087643
173.0,14.416666666666666,14.5,2.215789300051388,10.0,19.0,19.0,10.0,12.0,0.0,12.0,-0.5454545449968213,-0.03646525921111846,-9.0,0.5263157891966759,0.5263157891966759,15.5,13.333333333333334,0.8602150532084634,19.0,1.0,0.0,-0.43999999956,-0.031530580154821096,0.26315789459833794,1.317919074230345,1.0,12.0,12.0,0.5263157891966759,0.4624277456380099,2.0,1.0,2.4728329375948026,0.08044315991732298,0.1536963675270121,-0.7335583742830248,0.3531736338879853
13456.0,1121.3333333333333,249.0,1970.924754750645,0.0,6832.0,6832.0,2.0,10.0,2.0,10.0,-459.89065441382354,-0.8896726242107856,-6830.0,0.000292740046837979,0.000292740046837979,2175.0,67.66666666666667,0.031111111110968075,6832.0,1.0,0.0,-260.1999997398,-0.9147265340143861,0.9118586331687739,6.0927467300289,1.0,9.0,1.0,0.000292740046837979,0.030172413793081023,1.0,1.0,1.3757840353206694,0.7491825208084477,1.757661790784544,0.274747901764237,0.9697757075043225
39090.0,3257.5,288.0,6253.758170092605,2.0,21882.0,9981.0,2.0,12.0,0.0,12.0,-1314.5759683819197,-0.8900764298762355,-9979.0,0.0002003807233742106,9.139932364496326e-05,6479.0,36.0,0.005556413026693075,21882.0,2.0,1.0,-352.61279418538516,-0.908567387203538,0.9669728544004355,6.717421335359272,1.0,12.0,12.0,9.139932364496326e-05,0.005525709900228825,0.0,0.0,1.2236433683250334,0.7854523748613911,1.9198029685566866,0.31502227323730414,0.46701159730378605
55382.0,4615.166666666667,537.5,7420.986837266921,0.0,23485.0,15595.0,0.0,10.0,2.0,10.0,-1807.8499666965274,-1.0132044238250175,-15595.0,0.0,0.0,9090.5,139.83333333333334,0.015382358872799021,23485.0,2.0,1.0,-832.6733996640994,-1.1315636469790449,0.9305854800932805,5.088656964345624,2.0,10.0,0.0,0.0,0.015149326495970686,1.0,1.0,1.4122474324089027,0.7373966270629173,1.607956412679392,0.23311601747858568,0.7729714935966481
804.0,67.0,66.0,13.92838827718412,47.0,90.0,80.0,79.0,12.0,0.0,12.0,-1.0985378248887032,-0.01724782691403744,-1.0,0.9874999998765626,0.877777777680247,70.5,63.5,0.900709219730396,90.0,4.0,3.0,-0.3673469380758017,-0.006378794015413328,0.2902777777455247,1.3432835818890623,2.0,12.0,12.0,0.877777777680247,0.47388059700903135,2.0,1.0,2.4630937522282115,0.11753731343159113,0.2078863921657501,-0.6557848592571112,-0.027434176410392405
13169.0,1097.4166666666667,73.0,2130.720553331405,0.0,7427.0,7427.0,1.0,11.0,1.0,11.0,-478.67641409290974,-0.9053639647299699,-7426.0,0.00013464386697167814,0.00013464386697167814,2185.3333333333335,9.5,0.004347162904189992,7427.0,1.0,0.0,-247.68999975231,-0.9013441578466589,0.9297159014394376,6.767712050967262,0.0,8.0,3.0,0.00013464386697167814,0.004328346875234012,1.0,1.0,1.1803727506064166,0.7941820436883413,1.941578452406703,0.3200929254990451,0.9987583623886288
1045.0,87.08333333333333,88.0,12.665295978468967,66.0,107.0,79.0,68.0,12.0,0.0,12.0,-2.139860138064453,-0.025898643601010716,-11.0,0.8607594935619293,0.635514018632195,91.33333333333333,82.83333333333333,0.9069343064700437,107.0,2.0,1.0,-3.0101010064524023,-0.03729967786337107,0.1971962616638134,1.2287081338301964,3.0,12.0,12.0,0.635514018632195,0.47559808611985077,2.0,1.0,2.4741183516413003,0.08237639553336074,0.1454388054776794,-0.7460557389192981,0.1608288236231536
993.0,82.75,33.0,113.54597086642924,0.0,402.0,134.0,3.0,10.0,2.0,10.0,-26.841703728270154,-0.5490884999871504,-131.0,0.022388059699821786,0.00746268656697854,156.16666666666666,9.333333333333334,0.05976520810716552,402.0,2.0,1.0,-19.25252522918886,-0.6172239251688555,0.8863184079381513,4.858006041709003,1.0,9.0,1.0,0.00746268656697854,0.056394763342835906,0.0,0.0,1.7197164568238796,0.6487915407840448,1.3721567474647454,0.15688539468706514,0.5812815022542336
494.0,41.166666666666664,40.5,9.308001336962135,29.0,61.0,61.0,40.0,12.0,0.0,12.0,-1.060394150413401,-0.02152764767085413,-21.0,0.6557377048105348,0.6557377048105348,44.333333333333336,38.0,0.8571428569495166,61.0,1.0,0.0,-0.1999999998,-0.0036772523309164,0.35469448578388013,1.4817813761582719,2.0,12.0,12.0,0.6557377048105348,0.46153846152911865,2.0,1.0,2.460007761505174,0.12618083670511226,0.2261052955797834,-0.6311812753498901,0.42317209281828755
1846.0,153.83333333333334,76.0,172.79411319705181,7.0,552.0,166.0,7.0,12.0,0.0,12.0,-41.927526983252164,-0.41251886666960785,-159.0,0.0421686746962549,0.012681159420060123,280.3333333333333,27.333333333333332,0.09750297264812713,552.0,3.0,2.0,-31.031249953453123,-0.5015509784541711,0.8631239935431398,3.588299024685484,2.0,12.0,12.0,0.012681159420060123,0.08884073672757942,1.0,1.0,1.9137868039370787,0.5747562296850586,1.1232553403195185,0.058050173261768756,0.726117526956809
28917.0,2409.75,2380.5,1522.8419224703966,185.0,4717.0,1205.0,4717.0,12.0,0.0,12.0,188.136045614533,0.007598307220007117,3512.0,3.914522821544278,0.99999999999788,1990.3333333333333,2829.1666666666665,1.4214536928416273,4717.0,12.0,11.0,0.0,0.0,0.0,1.957464467260266,1.0,12.0,12.0,0.99999999999788,0.5870249334299592,0.0,0.0,2.2485318564832224,0.3593474426807344,0.6319501701272237,-0.22552761512315914,0.4206477314432367
70259.0,5854.916666666667,5879.0,3874.8649967522165,207.0,12453.0,8015.0,1845.0,12.0,0.0,12.0,-992.7310862616623,-0.2387840811995423,-6170.0,0.23019338739834036,0.14815707058528213,9040.333333333334,2669.5,0.29528778437340586,12453.0,3.0,2.0,-1391.1562479132656,-0.3221248236462939,0.6196186550313109,2.126930357672964,3.0,12.0,12.0,0.14815707058528213,0.22797079377727722,2.0,1.0,2.240508621147481,0.3763562912461813,0.6618138595901902,-0.20350422428869364,0.7805801443165732
228337.0,19028.083333333332,16169.5,7774.010467130563,10747.0,42346.0,14694.0,14488.0,12.0,0.0,12.0,-52.535282854833696,0.0036732880617258226,-206.0,0.9859806723826147,0.34213384971417793,19722.666666666668,18333.5,0.9295649675495556,42346.0,5.0,4.0,-34.7916665796875,-0.0035503091382006256,0.57991647043728,2.225447474564932,4.0,12.0,12.0,0.34213384971417793,0.48174846827275114,2.0,1.0,2.4155913154850537,0.18683386106208077,0.40855457330838946,-0.4198952869123897,-0.4395428813566332
12196.0,1016.3333333333334,206.5,1676.0507317964918,0.0,5917.0,2390.0,3.0,11.0,1.0,11.0,-378.9650346470223,-0.7858298875610346,-2387.0,0.0012552301255177607,0.0005070136893687561,1992.8333333333333,39.833333333333336,0.019988291377335515,5917.0,2.0,1.0,-185.7710435458667,-0.8589319029264172,0.9342741253998069,5.821908822507492,1.0,10.0,1.0,0.0005070136893687561,0.019596589045572647,0.0,0.0,1.463081965372339,0.7270963157318102,1.6491151837782885,0.24503094005234244,0.5587336568906424
18331.0,1527.5833333333333,1164.0,1021.0175854128186,217.0,3311.0,2307.0,776.0,12.0,0.0,12.0,-277.67450707785736,-0.2306823145979757,-1531.0,0.33636757693829056,0.23437028088120093,2387.8333333333335,667.3333333333334,0.2794723249796351,3311.0,3.0,2.0,-310.8937495336594,-0.28230595514450735,0.6550890969475835,2.167475860549883,2.0,12.0,12.0,0.23437028088120093,0.2184277999016865,1.0,1.0,2.246880786119516,0.3769525212299083,0.6683874870369111,-0.19876228725827536,0.8436779604520023
975.0,81.25,81.0,12.616952880945542,57.0,110.0,81.0,85.0,12.0,0.0,12.0,-1.6592498396756454,-0.02059450762552856,4.0,1.0493827159198295,0.7727272726570248,88.5,74.0,0.8361581919959143,110.0,3.0,2.0,-1.218749998171875,-0.01652563217107126,0.29191919189265386,1.3538461536795268,3.0,12.0,12.0,0.7727272726570248,0.4553846153799448,3.0,1.0,2.4728595083937748,0.08076923076823572,0.1552855739002177,-0.7311736985730453,0.14363647811759828
8951.0,745.9166666666666,299.5,953.118780489726,4.0,2925.0,1204.0,4.0,12.0,0.0,12.0,-206.13985996687563,-0.604534279287527,-1200.0,0.0033222591361850313,0.0013675213675166922,1418.5,73.33333333333333,0.0516978028430147,2925.0,3.0,2.0,-246.84374962973436,-0.8432845245463343,0.8436087369391863,3.9213495698278895,3.0,12.0,12.0,0.0013675213675166922,0.0491565188246574,2.0,1.0,1.7483523740362155,0.6371448255314378,1.2777818529464169,0.12195279043096227,0.6021690828866908
563.0,46.916666666666664,46.0,6.588605483880653,36.0,61.0,52.0,39.0,12.0,0.0,12.0,-1.0870947225461125,-0.022898213058188115,-13.0,0.7499999998557693,0.6393442621902714,50.666666666666664,43.166666666666664,0.8519736840423736,61.0,5.0,4.0,-1.083333330625,-0.022950889325891812,0.28571428566744733,1.3001776196163033,4.0,12.0,12.0,0.6393442621902714,0.46003552397051445,2.0,1.0,2.475139794145213,0.0780047365287726,0.14043208843644048,-0.7537212606222818,-0.004620448695655222
7933.0,661.0833333333334,61.5,1228.235825505654,2.0,4347.0,4347.0,2.0,12.0,0.0,12.0,-279.39860116414104,-0.7447744151491418,-4345.0,0.00046008741660809733,0.00046008741660809733,1307.1666666666667,15.0,0.011475200815926494,4347.0,1.0,0.0,-145.08999985491,-0.7365152475787883,0.9250057510905797,6.575570402018269,0.0,12.0,12.0,0.00046008741660809733,0.011345014496393111,0.0,0.0,1.2969950945672106,0.7694545989325339,1.8579137660210383,0.30018882173292616,0.9967207023843703
23810.0,1984.1666666666667,653.5,2521.5902004268833,14.0,8261.0,5060.0,14.0,12.0,0.0,12.0,-645.741893927286,-0.6520782442343964,-5046.0,0.0027667984189668642,0.0016947100835229454,3829.0,139.33333333333334,0.036388961434570245,8261.0,3.0,2.0,-347.3624994789563,-0.7738561788589535,0.9152106955025303,4.163460730764401,1.0,12.0,12.0,0.0016947100835229454,0.03511129777402977,0.0,0.0,1.7292761866549258,0.6434481310373188,1.2708560438878662,0.11927486316093443,0.6598333694160167
23539.0,1961.5833333333333,88.5,4330.6057208804195,1.0,15588.0,15588.0,1.0,12.0,0.0,12.0,-886.4933241130507,-0.9097163745828792,-15587.0,6.41519117269283e-05,6.41519117269283e-05,3906.5,16.666666666666668,0.004266393617464228,15588.0,1.0,0.0,-344.45999965554,-0.8921506615442248,0.9536298318047396,7.9466417434490175,0.0,12.0,12.0,6.41519117269283e-05,0.004248268830449786,0.0,0.0,1.0165201129660586,0.822779925513619,2.207709276107741,0.3765020992108994,0.9988499053723905
4958.0,413.1666666666667,281.5,460.3425958517803,13.0,1599.0,481.0,13.0,12.0,0.0,12.0,-113.04259367500558,-0.4104389582440679,-468.0,0.027027027026465134,0.008130081300762164,725.0,101.33333333333333,0.13977011494060088,1599.0,2.0,1.0,-105.79124566301397,-0.488684071054939,0.8200125078122577,3.8701089147913645,3.0,12.0,12.0,0.008130081300762164,0.12263009277909917,2.0,1.0,1.9368213827536058,0.5635336829363913,1.1141813533859743,0.05400735997756779,0.6199507178684874
45812.0,3817.6666666666665,756.5,5155.256950164775,7.0,16318.0,11425.0,7.0,12.0,0.0,12.0,-1284.358549462585,-0.7823917365145415,-11418.0,0.0006126914660826146,0.0004289741389873581,7473.0,162.33333333333334,0.02172264596990715,16318.0,3.0,2.0,-731.3812489029281,-0.9587408160375547,0.9183927768920302,4.274338601228654,2.0,12.0,12.0,0.0004289741389873581,0.02126080502924534,1.0,1.0,1.6397201195105853,0.6718181553595537,1.350368536667582,0.14906961661721504,0.593671252254834
16240.0,1353.3333333333333,1701.0,863.1671654758165,144.0,2389.0,289.0,2369.0,12.0,0.0,12.0,188.15511745177068,0.1697425805327661,2080.0,8.197231833626393,0.9916282963541582,945.3333333333334,1761.3333333333333,1.8631875881326176,2389.0,6.0,5.0,186.92571364482615,0.14812419508951347,0.26273196595397214,1.7652709359475476,2.0,12.0,12.0,0.9916282963541582,0.6507389162557569,2.0,1.0,2.2423048917684762,0.35415640394081294,0.6378082503468758,-0.22114417213921447,0.4962112358173396
8624.0,718.6666666666666,211.0,1171.333096186658,2.0,4183.0,1234.0,2.0,12.0,0.0,12.0,-248.3000633644272,-0.6128090595639137,-1232.0,0.001620745542936623,0.0004781257470703368,1360.1666666666667,77.16666666666667,0.05673324347464723,4183.0,2.0,1.0,-136.626262460655,-0.6527649324995733,0.9233325364548809,5.820500927562795,2.0,12.0,12.0,0.0004781257470703368,0.053687384044464645,1.0,1.0,1.5288834635290873,0.7081594001235128,1.6298697998659917,0.23950607741569643,0.49878731513336927
10104.0,842.0,339.5,1103.571248266282,17.0,3875.0,1362.0,17.0,12.0,0.0,12.0,-269.43928775863964,-0.5262552050838956,-1345.0,0.012481644640143308,0.004387096774182227,1596.3333333333333,87.66666666666667,0.05491751931475308,3875.0,2.0,1.0,-205.4882152391388,-0.5931327959999685,0.8743999999977435,4.602137767166245,1.0,12.0,12.0,0.004387096774182227,0.052058590657113955,0.0,0.0,1.7578115845078235,0.6340393243598479,1.310654689136788,0.1344444458140643,0.605164342717245
1684.0,140.33333333333334,135.5,18.842917915109528,116.0,181.0,128.0,153.0,12.0,0.0,12.0,-2.3725365523637962,-0.01647568846317282,25.0,1.195312499906616,0.845303867356613,149.66666666666666,131.0,0.8752783963780437,181.0,4.0,3.0,-1.2380952357369615,-0.009632048302822717,0.26312154694678885,1.289786223186001,4.0,12.0,12.0,0.845303867356613,0.4667458432276322,3.0,1.0,2.476115327378859,0.07442596991233286,0.13427257420736435,-0.7632446075198033,0.20245833981251063
1311.0,109.25,96.0,38.349543673947416,78.0,219.0,138.0,105.0,12.0,0.0,12.0,-5.999999994965035,-0.04583716613549824,-33.0,0.7608695651622558,0.47945205477262776,127.66666666666667,90.83333333333333,0.7114882505970114,219.0,3.0,2.0,-1.3874999979187497,-0.00838915955414456,0.5682394723231143,2.0045766588554166,1.0,12.0,12.0,0.47945205477262776,0.41571319603039125,2.0,1.0,2.4320887573587266,0.1654589371972739,0.3510255713541159,-0.48035688022092143,0.3031416445787039
726.0,60.5,57.5,15.22333734763833,45.0,95.0,59.0,45.0,12.0,0.0,12.0,-0.3966942145431428,-0.00811121209934096,-14.0,0.7627118642775065,0.4736842104764543,55.833333333333336,65.16666666666667,1.1671641788954332,95.0,7.0,6.0,-8.874999955625,-0.15413498186862068,0.3768421052234903,1.5702479336247523,4.0,12.0,12.0,0.4736842104764543,0.5385674931055293,1.0,1.0,2.454728129309448,0.1365932047736227,0.2516254106631748,-0.5979221760726391,-0.002405416883999957
152750.0,12729.166666666666,8686.5,10299.945613394708,6308.0,41140.0,9502.0,6308.0,12.0,0.0,12.0,-31.98728541498844,-0.010587246280070014,-3194.0,0.6638602399487856,0.15333009236748826,11305.5,14152.833333333334,1.2518538174623692,41140.0,8.0,7.0,-2255.7333152874667,-0.26962069434938163,0.7926470588233367,3.231947626838705,2.0,12.0,12.0,0.15333009236748826,0.5559214402618293,0.0,0.0,2.2417899795944187,0.34231533006000325,0.8091610301842186,-0.10548478915421004,-0.13504681128538823
4535.0,377.9166666666667,230.0,413.4852795310722,37.0,1451.0,882.0,38.0,12.0,0.0,12.0,-104.08264454075709,-0.3647419651644253,-844.0,0.04308390022626889,0.026188835285829163,675.8333333333334,80.0,0.11837237977630027,1451.0,3.0,2.0,-61.48124990777812,-0.3811706009238826,0.8790872195360199,3.8394707826988452,3.0,12.0,12.0,0.026188835285829163,0.10584343991156374,2.0,1.0,1.9607459417244442,0.5540058801908054,1.0941176084325406,0.04494380262121434,0.5573942537536052
46945.0,3912.0833333333335,2866.0,2833.108200614457,55.0,10880.0,2559.0,2500.0,12.0,0.0,12.0,-154.98156376060035,-0.029068377938838492,-59.0,0.9769441187925872,0.22977941176449468,4109.0,3715.1666666666665,0.9041534842194269,10880.0,2.0,1.0,124.08080793040706,0.05455791914323224,0.6920404411758344,2.7811268505627065,4.0,12.0,12.0,0.22977941176449468,0.47483225050581007,3.0,1.0,2.2361207692084517,0.36048034934495266,0.7241942359630755,-0.15996211927962553,-0.24224990545359185
39508.0,3292.3333333333335,398.0,5417.88098696242,3.0,18531.0,6738.0,3.0,12.0,0.0,12.0,-1232.3458349480634,-0.8802543024786544,-6735.0,0.0004452359750661246,0.00016189088554305656,6503.166666666667,81.5,0.012532356031657603,18531.0,2.0,1.0,-745.1919182886562,-0.9744810286100117,0.9231611893578742,5.628530930427371,1.0,12.0,12.0,0.00016189088554305656,0.012377240052644433,0.0,0.0,1.4078376569353281,0.7406980864634627,1.6456052405424615,0.24402931724353638,0.6120346952922987
744.0,62.0,58.5,9.626352718795768,50.0,83.0,58.0,62.0,12.0,0.0,12.0,-1.2129688483146097,-0.017669835445077397,4.0,1.0689655170570749,0.7469879517172304,65.33333333333333,58.666666666666664,0.8979591835360268,83.0,4.0,3.0,0.8571428555102041,0.015166806815252686,0.3087349397218392,1.338709677203434,3.0,12.0,12.0,0.7469879517172304,0.47311827956353336,2.0,1.0,2.4733152417296846,0.08355734766894396,0.15526375350392146,-0.7312063966109024,-0.03444405722658769
2129.0,177.41666666666666,100.5,184.41595119608164,6.0,622.0,349.0,6.0,12.0,0.0,12.0,-49.31595672911821,-0.43464021598383207,-343.0,0.01719197707687129,0.009646302250648773,319.8333333333333,35.0,0.10943199582774053,622.0,3.0,2.0,-35.456249946815625,-0.5224471953465585,0.8590568059883325,3.505871300882713,1.0,12.0,12.0,0.009646302250648773,0.0986378581489026,0.0,0.0,1.962730730030016,0.5488100829804163,1.0394511104876683,0.01934398443834197,0.7521125928332728
20235.0,1686.25,317.5,2713.914796163161,5.0,9673.0,3651.0,5.0,12.0,0.0,12.0,-614.4984101645658,-0.6924744821845279,-3646.0,0.0013694878115547262,0.000516902718907767,3300.5,72.0,0.02181487653379241,9673.0,2.0,1.0,-321.2457908564024,-0.7396807792837732,0.9285537061915345,5.736397331322542,2.0,12.0,12.0,0.000516902718907767,0.02134914751666847,1.0,1.0,1.503577352210763,0.7146816571945558,1.6094379814067112,0.2335514335865159,0.5320087050206743
22126.0,1843.8333333333333,295.5,2776.6089879963693,4.0,9005.0,5309.0,4.0,12.0,0.0,12.0,-692.460266424636,-0.7675682329572056,-5305.0,0.0007534375588608901,0.0004441976679617499,3626.8333333333335,60.833333333333336,0.016773126234961334,9005.0,2.0,1.0,-388.6868682157331,-0.8287609146131615,0.9132481954459596,4.883847057733615,1.0,12.0,12.0,0.0004441976679617499,0.016496429539900343,0.0,0.0,1.5131280069541981,0.7115761246195353,1.5058893544145227,0.2018801642334054,0.7634080323968924
4315.0,359.5833333333333,123.5,428.4087725396025,12.0,1168.0,1168.0,12.0,12.0,0.0,12.0,-118.50858222731638,-0.43985626914830855,-1156.0,0.010273972602651765,0.010273972602651765,667.8333333333334,51.333333333333336,0.07686548539939807,1168.0,1.0,0.0,-106.83999989316003,-0.4519270364685263,0.7550591531691271,3.248203939654743,1.0,12.0,12.0,0.010273972602651765,0.07137891077619611,1.0,1.0,1.8282838465352775,0.6018733101580369,1.1914033071453678,0.08734280291951799,0.9573892614026515
1682.0,140.16666666666666,91.0,146.83087398621436,0.0,499.0,187.0,0.0,11.0,1.0,11.0,-37.24348375768507,-0.47486832162714077,-187.0,0.0,0.0,253.5,26.833333333333332,0.10585141353954564,499.0,3.0,2.0,-29.268749956096872,-0.6260348313734834,0.8539300823698833,3.560047562171697,1.0,11.0,0.0,0.0,0.09571938168789704,0.0,0.0,1.9627284492214274,0.5491478398723582,1.0475448797317877,0.023220433541539468,0.7343825030358775
1520.0,126.66666666666667,120.5,23.861871026574782,95.0,182.0,106.0,132.0,12.0,0.0,12.0,-2.60902733411067,-0.01879828341251284,26.0,1.2452830187504451,0.725274725234875,137.5,115.83333333333333,0.8424242423629751,182.0,3.0,2.0,-4.23749999364375,-0.0325184627801992,0.3235653235475452,1.436842105149723,2.0,12.0,12.0,0.725274725234875,0.45723684210225507,2.0,1.0,2.467910044349968,0.10230263157829733,0.1883831923001917,-0.6829588409525759,0.369709876979561
97205.0,8100.416666666667,5224.0,7451.387638759344,3570.0,27419.0,5174.0,3647.0,12.0,0.0,12.0,-456.59885530660495,-0.05651318532866042,-1527.0,0.7048705063766817,0.13300995659938983,7827.833333333333,8373.0,1.0696446441104568,27419.0,7.0,6.0,-485.37499757312503,-0.1109651757652664,0.8335533753963188,3.384887608657927,3.0,12.0,12.0,0.13300995659938983,0.5168252661899576,1.0,1.0,2.175670447106179,0.37654870291307496,0.9198770810658067,-0.041733358725486294,-0.19622304646937264
33569.0,2797.4166666666665,266.5,4935.817163995126,2.0,16741.0,8898.0,2.0,12.0,0.0,12.0,-1117.1557524000982,-0.8696475947004759,-8896.0,0.0002247696111483201,0.00011946717639321458,5546.0,48.833333333333336,0.008805144849124646,16741.0,2.0,1.0,-405.3468008554718,-0.9014664642135886,0.952631264559493,5.984449938910361,1.0,12.0,12.0,0.00011946717639321458,0.008728290982749345,0.0,0.0,1.311452203916722,0.7660018668016659,1.7644197315299768,0.27652086360651207,0.6127832205358704
18100.0,1508.3333333333333,113.0,2861.9745320708603,1.0,10444.0,2750.0,1.0,12.0,0.0,12.0,-575.5270179531495,-0.865224110428454,-2749.0,0.0003636363636350413,9.574875526608985e-05,2994.1666666666665,22.5,0.007514611745034741,10444.0,2.0,1.0,-245.45454515702477,-0.9293963070962487,0.9530256606654988,6.924198894981719,1.0,12.0,12.0,9.574875526608985e-05,0.007458563535907481,0.0,0.0,1.2847107267311344,0.7655248618783679,1.897441678708433,0.30973589056505435,0.36310527301579537
24299.0,2024.9166666666667,524.0,2604.1452359118184,11.0,8748.0,4006.0,11.0,12.0,0.0,12.0,-633.4024152345257,-0.6701299965297812,-3995.0,0.0027458811782257965,0.0012574302697745112,3913.3333333333335,136.5,0.03488074957401649,8748.0,3.0,2.0,-458.2312493126531,-0.8315503276886492,0.9025936086968293,4.320177785072702,1.0,12.0,12.0,0.0012574302697745112,0.03370509074446121,0.0,0.0,1.712803560753607,0.6407019493257018,1.286050571249331,0.12512871537130618,0.6788535769560641
26101.0,2175.0833333333335,2024.0,1411.6787558514231,108.0,5434.0,2815.0,1272.0,12.0,0.0,12.0,-171.56643342246173,-0.09614230910597224,-1543.0,0.45186500887938946,0.23408170776548753,2769.8333333333335,1580.3333333333333,0.5705517780832641,5434.0,2.0,1.0,-5.468013461385568,-0.013954193420603814,0.6714758925272885,2.498295084468036,5.0,12.0,12.0,0.23408170776548753,0.36328110034084393,4.0,1.0,2.2502664172729707,0.3496513543541935,0.6490228370613844,-0.21283947987007357,0.0011933081467066947
471.0,39.25,41.0,8.917445448856602,22.0,51.0,50.0,27.0,12.0,0.0,12.0,-1.148124601706596,-0.030762960372053998,-23.0,0.539999999892,0.5294117646020761,42.0,36.5,0.8690476188407029,51.0,9.0,8.0,-11.999999820000003,-0.33898883772246036,0.2679738561566064,1.2993630569937928,4.0,12.0,12.0,0.5294117646020761,0.4649681528563701,0.0,0.0,2.4577550328167246,0.1282731776340913,0.22719606233336667,-0.6297314350426303,0.06168128182913464
846.0,70.5,59.5,29.20759033767307,52.0,165.0,60.0,59.0,12.0,0.0,12.0,1.8308963748145053,0.011627578652159368,-1.0,0.9833333331694444,0.3575757575540863,65.33333333333333,75.66666666666667,1.158163265128853,165.0,10.0,9.0,1.9999999200000032,0.033614235288192004,0.645454545415427,2.3404255315829188,4.0,12.0,12.0,0.3575757575540863,0.5366430259983849,0.0,0.0,2.4190241047104744,0.15464933018002558,0.41429206146851283,-0.41413506753441065,-0.23728784545872075
598.0,49.833333333333336,50.5,7.391812287178896,41.0,68.0,41.0,42.0,12.0,0.0,12.0,-0.5797838520245934,-0.009515022318372892,1.0,1.0243902436525878,0.617647058732699,51.333333333333336,48.333333333333336,0.9415584413750211,68.0,2.0,1.0,-0.45117845063156814,-0.009253191970129755,0.2808823528998703,1.364548494709455,4.0,12.0,12.0,0.617647058732699,0.4849498327678102,3.0,1.0,2.4742431559118025,0.07887402452457892,0.14833068131830612,-0.7416585939368022,-0.11874107926266737
6407.0,533.9166666666666,472.0,232.55338395492953,144.0,878.0,447.0,818.0,12.0,0.0,12.0,44.99046404361894,0.0693891613577489,371.0,1.8299776285944076,0.9316628701488421,459.8333333333333,608.0,1.3222181949694334,878.0,11.0,10.0,0.0,0.0,0.06833712983976836,1.6444513812709016,3.0,12.0,12.0,0.9316628701488421,0.5693772436388803,0.0,0.0,2.383490185456485,0.24680037459011905,0.43556119984499564,-0.3931833767847863,0.5571423372911563
594.0,49.5,47.0,11.4418821295566,32.0,72.0,50.0,37.0,12.0,0.0,12.0,-1.0375079457282197,-0.022107136166550835,-13.0,0.7399999998519999,0.5138888888175155,51.5,47.5,0.9223300969082854,72.0,7.0,6.0,2.874999985625,0.06762735346637574,0.4083333332766204,1.454545454251607,3.0,12.0,12.0,0.5138888888175155,0.4797979797899024,1.0,1.0,2.458609511856924,0.13019079685576118,0.23114913388373956,-0.6244985637839425,-0.2731812906250426
2688.0,224.0,74.5,277.8707733221806,3.0,816.0,626.0,3.0,12.0,0.0,12.0,-75.69993636368473,-0.5442205277307227,-623.0,0.004792332268294052,0.0036764705881902394,425.6666666666667,22.333333333333332,0.0524667188711245,816.0,2.0,1.0,-54.59932653314558,-0.591454386565223,0.8473039215582437,3.642857142694515,1.0,12.0,12.0,0.0036764705881902394,0.04985119047600502,0.0,0.0,1.7662435406414663,0.6270461309518507,1.2404945237043554,0.1073399292899735,0.885194057807443
496.0,41.333333333333336,42.0,9.195409482755814,24.0,59.0,51.0,30.0,12.0,0.0,12.0,-1.6859504118083568,-0.042386631006782055,-21.0,0.5882352940023068,0.5084745761850044,46.0,36.666666666666664,0.7971014491020794,59.0,4.0,3.0,-2.0952380912471655,-0.05669271567202828,0.35593220332950304,1.4274193544933662,3.0,12.0,12.0,0.5084745761850044,0.4435483870878317,2.0,1.0,2.4595652190525827,0.12533602150334566,0.222469584206398,-0.6360325243236404,0.04833249527982515
1045.0,87.08333333333333,84.5,13.130488270518434,70.0,116.0,73.0,78.0,12.0,0.0,12.0,-1.5905912256201016,-0.016022189234311025,5.0,1.0684931505385626,0.6724137930454817,91.33333333333333,82.83333333333333,0.9069343064700437,116.0,2.0,1.0,-1.8989898966880927,-0.02082748410156564,0.2620689654946493,1.3320574161149792,5.0,12.0,12.0,0.6724137930454817,0.47559808611985077,4.0,1.0,2.473955327122053,0.08094098883479717,0.15078072653409333,-0.7379505528466245,-0.32362311842413094
74752.0,6229.333333333333,1160.0,9367.051655789148,5.0,33142.0,8298.0,5.0,12.0,0.0,12.0,-1989.0095342495279,-0.8200061417906132,-8293.0,0.0006025548324890303,0.0001508659706716098,12262.5,196.16666666666666,0.015997281685342032,33142.0,3.0,2.0,-1124.8874983126686,-1.029792927848435,0.9380846056360697,5.320312499991459,1.0,12.0,12.0,0.0001508659706716098,0.01574539811643625,0.0,0.0,1.5601844174195016,0.6945053867008935,1.5037005012479845,0.201182410195835,0.5295285404935621
1408.0,117.33333333333333,112.5,15.960019493165483,96.0,144.0,117.0,103.0,12.0,0.0,12.0,-2.4717101059995823,-0.021791930299923573,-14.0,0.8803418802666375,0.7152777777281056,125.5,109.16666666666667,0.8698539175933716,144.0,7.0,6.0,-0.8749999956250001,-0.008153019434048076,0.29027777775761954,1.2272727271681303,4.0,12.0,12.0,0.7152777777281056,0.4651988636330597,1.0,1.0,2.4757144720585518,0.07658617424173775,0.13602289339606752,-0.7605279009262753,0.5214950071294729
23664.0,1972.0,2198.5,1095.1719043145692,114.0,3424.0,1010.0,2554.0,12.0,0.0,12.0,165.42148746449055,0.05404868788409072,1544.0,2.528712871262092,0.7459112149510926,1823.1666666666667,2120.8333333333335,1.1632690373827776,3424.0,9.0,8.0,-456.7499931487501,-0.16033861728222584,0.12344236760088555,1.7363083164212156,4.0,12.0,12.0,0.7459112149510926,0.5377366463824638,1.0,1.0,2.2874048044915396,0.3147044737434712,0.5553610062418943,-0.2858751067878341,0.32844295641845367
422.0,35.166666666666664,35.5,6.580695674133212,22.0,45.0,35.0,30.0,12.0,0.0,12.0,-0.9154481874072526,-0.026804064051335313,-5.0,0.8571428568979592,0.6666666665185185,37.5,32.833333333333336,0.8755555553220741,45.0,4.0,3.0,-1.6598639424165855,-0.047907355906499326,0.24999999994444444,1.2796208527166955,4.0,12.0,12.0,0.6666666665185185,0.4668246445387008,2.0,1.0,2.4668399824608453,0.10584518167221746,0.18712878688896467,-0.6847371757843702,0.0608603744001639
307.0,25.583333333333332,24.0,5.235429516498357,18.0,39.0,23.0,27.0,12.0,0.0,12.0,-0.33947870283018955,-0.011195547736404096,4.0,1.173913042967864,0.6923076921301775,26.833333333333332,24.333333333333332,0.906832297798696,39.0,3.0,2.0,-0.5437499991843749,-0.023119596813599083,0.35897435888231427,1.5244299668308416,3.0,12.0,12.0,0.6923076921301775,0.475570032557799,2.0,1.0,2.4650087483754044,0.10722041259177395,0.2046421960046359,-0.6602440178854766,-0.12058700392110315
6518.0,543.1666666666666,240.0,598.0573876216971,10.0,1714.0,1151.0,10.0,12.0,0.0,12.0,-163.9720278344291,-0.5109257138037727,-1141.0,0.008688097306614352,0.0058343057175855645,1011.6666666666666,74.66666666666667,0.07380560131722763,1714.0,3.0,2.0,-119.09999982135,-0.6079054585302991,0.8527810190537567,3.1555691929458933,1.0,12.0,12.0,0.0058343057175855645,0.06873274010422104,0.0,0.0,1.8721438462980549,0.5790119668607878,1.101056865806726,0.048098110750721824,0.8735582932108431
59813.0,4984.416666666667,998.5,7156.276201795797,12.0,20688.0,5653.0,12.0,12.0,0.0,12.0,-1638.3966928399975,-0.7575717403048932,-5641.0,0.002122766672559486,0.0005800464037120166,9762.5,206.33333333333334,0.021135296628232724,20688.0,3.0,2.0,-917.8312486232533,-0.9211420018720929,0.9209525650936513,4.150535836682693,1.0,12.0,12.0,0.0005800464037120166,0.0206978416063363,0.0,0.0,1.5716337817474784,0.6932536962421523,1.435729931977618,0.1788909050462119,0.7106689593808321
18842.0,1570.1666666666667,231.5,2734.572783005703,2.0,9509.0,9509.0,2.0,12.0,0.0,12.0,-645.5740617595945,-0.7562061691628578,-9507.0,0.0002103270585758646,0.0002103270585758646,3071.3333333333335,69.0,0.022465812893349906,9509.0,1.0,0.0,-369.90999963009,-0.7585568106297683,0.9107735255585598,6.056045005799452,1.0,12.0,12.0,0.0002103270585758646,0.021972189788758107,1.0,1.0,1.3726312046020113,0.7518663977637796,1.7415812225803762,0.2704939822606345,0.9930518448402915
736.0,61.333333333333336,27.0,81.95764488780505,0.0,233.0,231.0,0.0,10.0,2.0,10.0,-21.23839794784826,-0.5475192482012632,-231.0,0.0,0.0,111.0,11.666666666666666,0.10510510509563618,233.0,2.0,1.0,-9.925925913894499,-0.5571198034569973,0.8832618025371991,3.7989130428588727,3.0,9.0,0.0,0.0,0.09510869565088167,2.0,1.0,1.7032017748574837,0.6474184782589099,1.3362659490398214,0.1439330780560605,0.8862468822486284
47496.0,3958.0,2696.5,4247.0612192432545,88.0,16849.0,2642.0,3237.0,12.0,0.0,12.0,-389.9580416308044,-0.07165546143503741,595.0,1.2252081756198896,0.1921182266008712,4889.0,3027.0,0.6191450194301101,16849.0,2.0,1.0,151.23905705573713,0.024246128682789497,0.8337883553915165,4.256947953501119,3.0,12.0,12.0,0.1921182266008712,0.3823900960080044,2.0,1.0,2.0730059720316882,0.4428653641008098,1.0730321423023053,0.03522962370652026,-0.14500954528533724
18417.0,1534.75,266.0,2274.9805539461945,5.0,7304.0,5097.0,5.0,12.0,0.0,12.0,-576.6980287595414,-0.7379594172807895,-5092.0,0.0009809691975652718,0.0006845564074470365,3008.6666666666665,60.833333333333336,0.020219366275137762,7304.0,2.0,1.0,-278.9225585844709,-0.7860199915084727,0.9176341730546034,4.759081283565669,1.0,12.0,12.0,0.0006845564074470365,0.019818645816354553,0.0,0.0,1.5487063565995256,0.7040822790536918,1.4823134412323646,0.19429997567085316,0.7603694926926913
1255.0,104.58333333333333,103.0,17.806638899267003,76.0,145.0,103.0,123.0,12.0,0.0,12.0,-2.6738715807186835,-0.02529952946566415,20.0,1.1941747571656143,0.8482758620104637,113.83333333333333,95.33333333333333,0.8374816983158875,145.0,2.0,1.0,-1.8653198630588712,-0.019746050695986197,0.30551724135824015,1.386454183134363,2.0,12.0,12.0,0.8482758620104637,0.45577689242664726,2.0,1.0,2.470708232576163,0.09382470119443753,0.17026268268587452,-0.7090180089432354,0.4548369063602327
284797.0,23733.083333333332,21844.5,7853.17264399484,13135.0,37408.0,13534.0,13135.0,12.0,0.0,12.0,-934.2949769654994,-0.03843100109683492,-399.0,0.9705186936596937,0.35112810094088137,28060.833333333332,19405.333333333332,0.6915451548716093,37408.0,4.0,3.0,-3159.2244837783473,-0.1409134397921899,0.39169094846011776,1.5761963784724238,3.0,12.0,12.0,0.35112810094088137,0.4088245311572661,2.0,1.0,2.4300508897503574,0.1883285872627367,0.3308955913436531,-0.5027474829790421,0.6306604408669408
